candidate,party,constituency,votes,result,sex,province,district
Balendra Shah,Rastriya Swatantra Party,Jhapa-5,"68,348",Winner 🏆,♂ Male,Koshi Province,Jhapa
Indira Rana Magar,Rastriya Swatantra Party,Jhapa-2,"60,110",Winner 🏆,♀ Female,Koshi Province,Jhapa
Sobita Gautam,Rastriya Swatantra Party,Chitwan-3,"59,277",Winner 🏆,♀ Female,Bagmati Province,Chitwan
Mohan Thapa,Rastriya Swatantra Party,Rupandehi-3,"58,814",Winner 🏆,♂ Male,Lumbini Province,Rupandehi
Hari Dhakal,Rastriya Swatantra Party,Chitwan-1,"58,208",Winner 🏆,♂ Male,Bagmati Province,Chitwan
Lal Bikram Thapa,Rastriya Swatantra Party,Sunsari-2,"57,348",Winner 🏆,♂ Male,Koshi Province,Sunsari
Sulabh Kharel,Rastriya Swatantra Party,Rupandehi-2,"56,550",Winner 🏆,♂ Male,Lumbini Province,Rupandehi
Rubina Acharya,Rastriya Swatantra Party,Morang-6,"55,513",Winner 🏆,♀ Female,Koshi Province,Morang
Sunil Lamsal,Rastriya Swatantra Party,Rupandehi-1,"54,845",Winner 🏆,♂ Male,Lumbini Province,Rupandehi
Rabi Lamichhane,Rastriya Swatantra Party,Chitwan-2,"54,402",Winner 🏆,♂ Male,Bagmati Province,Chitwan
Badana Kumara Bhandari,Rastriya Swatantra Party,Kavrepalanchok-2,"53,344",Winner 🏆,♂ Male,Bagmati Province,Kavrepalanchok
Rajana Gautam,Rastriya Swatantra Party,Nawalpur-1,"50,945",Winner 🏆,♂ Male,Gandaki Province,Nawalpur
Thakur Singh Tharu,Rastriya Swatantra Party,Bardiya-1,"49,631",Winner 🏆,♂ Male,Lumbini Province,Bardiya
Raja Kishora Mahato,Rastriya Swatantra Party,Dhanusha-4,"48,270",Winner 🏆,♂ Male,Madhesh Province,Dhanusha
Ashok Kumar Chaudhary,Rastriya Swatantra Party,Sunsari-3,"47,421",Winner 🏆,♂ Male,Koshi Province,Sunsari
Narendra Saha Kalavar,Rastriya Swatantra Party,Sarlahi-3,"46,890",Winner 🏆,♂ Male,Madhesh Province,Sarlahi
Nisha Dangi,Rastriya Swatantra Party,Jhapa-1,"45,680",Winner 🏆,♀ Female,Koshi Province,Jhapa
Vikrama Khanal,Rastriya Swatantra Party,Parasi-1,"45,241",Winner 🏆,♂ Male,Lumbini Province,Parasi
Kamal Subedi,Rastriya Swatantra Party,Dang-3,"44,248",Winner 🏆,♂ Male,Lumbini Province,Dang
Nitima Bhandari (Karki),Rastriya Swatantra Party,Sarlahi-1,"44,181",Winner 🏆,♀ Female,Madhesh Province,Sarlahi
Narendra Kumara Gup‍ta,Rastriya Swatantra Party,Parasi-2,"44,138",Winner 🏆,♂ Male,Lumbini Province,Parasi
Manisha Jha,Rastriya Swatantra Party,Dhanusha-3,"43,988",Winner 🏆,♂ Male,Madhesh Province,Dhanusha
Shambhu Prasad Dhakal,Rastriya Swatantra Party,Jhapa-4,"43,631",Winner 🏆,♂ Male,Koshi Province,Jhapa
Bipin Kumar Acharya,Rastriya Swatantra Party,Dang-2,"43,559",Winner 🏆,♂ Male,Lumbini Province,Dang
Tosima Karki,Rastriya Swatantra Party,Lalitpur-3,"43,096",Winner 🏆,♀ Female,Bagmati Province,Lalitpur
Dipaka Kumara Sah,Rastriya Swatantra Party,Sunsari-4,"42,771",Winner 🏆,♂ Male,Koshi Province,Sunsari
Devaraj Pathak,Rastriya Swatantra Party,Dang-1,"42,602",Winner 🏆,♂ Male,Lumbini Province,Dang
Rabin Mahato,Rastriya Swatantra Party,Sarlahi-2,"42,512",Winner 🏆,♂ Male,Madhesh Province,Sarlahi
Rajiv Khatri,Rastriya Swatantra Party,Bhaktapur-2,"42,334",Winner 🏆,♂ Male,Bagmati Province,Bhaktapur
Rama Vinoda Yadav,Rastriya Swatantra Party,Dhanusha-2,"41,637",Winner 🏆,♂ Male,Madhesh Province,Dhanusha
Manisha Khanal,Rastriya Swatantra Party,Nawalpur-2,"41,347",Winner 🏆,♂ Male,Gandaki Province,Nawalpur
Bablu Gupta,Rastriya Swatantra Party,Siraha-1,"41,322",Winner 🏆,♂ Male,Madhesh Province,Siraha
Rahavara Ansari,Rastriya Swatantra Party,Bara-4,"41,200",Winner 🏆,♂ Male,Madhesh Province,Bara
Krishna Kumar Karki,Rastriya Swatantra Party,Morang-2,"40,924",Winner 🏆,♂ Male,Koshi Province,Morang
Santosh Rajbanshi,Rastriya Swatantra Party,Morang-4,"40,833",Winner 🏆,♂ Male,Koshi Province,Morang
Arabinda Sah,Rastriya Swatantra Party,Bara-3,"40,697",Winner 🏆,♂ Male,Madhesh Province,Bara
Ganesha Dhimal,Rastriya Swatantra Party,Bara-1,"39,998",Winner 🏆,♂ Male,Madhesh Province,Bara
Khadak Raj Paudel,Rastriya Swatantra Party,Kaski-1,"39,883",Winner 🏆,♂ Male,Gandaki Province,Kaski
Shiva Shankar Yadav,Rastriya Swatantra Party,Siraha-2,"39,561",Winner 🏆,♂ Male,Madhesh Province,Siraha
Jagadish Kharel,Rastriya Swatantra Party,Lalitpur-2,"39,491",Winner 🏆,♂ Male,Bagmati Province,Lalitpur
Aashika Tamang,Rastriya Swatantra Party,Dhading-1,"39,128",Winner 🏆,♀ Female,Bagmati Province,Dhading
Tauphika Ahamada Khan,Rastriya Swatantra Party,Rupandehi-5,"38,806",Winner 🏆,♂ Male,Lumbini Province,Rupandehi
Prakash Pathak,Rastriya Swatantra Party,Jhapa-3,"38,674",Winner 🏆,♂ Male,Koshi Province,Jhapa
Pushpa Kumari Chaudhary,Rastriya Swatantra Party,Saptari-1,"38,195",Winner 🏆,♀ Female,Madhesh Province,Saptari
Svarnima Vagle,Rastriya Swatantra Party,Tanahun-1,"38,040",Winner 🏆,♂ Male,Gandaki Province,Tanahun
Bina Gurung,Rastriya Swatantra Party,Kaski-3,"37,750",Winner 🏆,♀ Female,Gandaki Province,Kaski
Pradip Bista,Rastriya Swatantra Party,Kathmandu-10,"37,469",Winner 🏆,♂ Male,Bagmati Province,Kathmandu
Ganesh Karki,Rastriya Swatantra Party,Morang-3,"36,924",Winner 🏆,♂ Male,Koshi Province,Morang
Ganesha Paudel,Rastriya Swatantra Party,Rautahat-4,"36,876",Winner 🏆,♂ Male,Madhesh Province,Rautahat
Sitaram Sah,Rastriya Swatantra Party,Saptari-4,"36,412",Winner 🏆,♂ Male,Madhesh Province,Saptari
Tapeshvara Yadav,Rastriya Swatantra Party,Siraha-4,"36,210",Winner 🏆,♂ Male,Madhesh Province,Siraha
Prakash Gautam,Rastriya Swatantra Party,Makwanpur-1,"36,033",Winner 🏆,♂ Male,Bagmati Province,Makwanpur
Harka Raj Rai,Shram Sanskriti Party,Sunsari-1,"35,741",Winner 🏆,♂ Male,Koshi Province,Sunsari
Amaresh Kumar Singh,Rastriya Swatantra Party,Sarlahi-4,"35,688",Winner 🏆,♂ Male,Madhesh Province,Sarlahi
Chandana Kumara Sinh,Rastriya Swatantra Party,Bara-2,"35,590",Winner 🏆,♂ Male,Madhesh Province,Bara
Dol Prasad Aryal,Rastriya Swatantra Party,Kathmandu-9,"35,093",Winner 🏆,♂ Male,Bagmati Province,Kathmandu
Hari Prasad Bhusal,Rastriya Swatantra Party,Arghakhanchi-1,"35,023",Winner 🏆,♂ Male,Lumbini Province,Arghakhanchi
Pramod Kumar Mahato,Rastriya Swatantra Party,Mahottari-1,"34,636",Winner 🏆,♂ Male,Madhesh Province,Mahottari
Sunila Ke.si.,Rastriya Swatantra Party,Kathmandu-2,"34,238",Winner 🏆,♂ Male,Bagmati Province,Kathmandu
Mohan Lal Acharya,Rastriya Swatantra Party,Kapilvastu-1,"34,148",Winner 🏆,♂ Male,Lumbini Province,Kapilvastu
Deepak Raj Bohara,Rastriya Swatantra Party,Kanchanpur-2,"33,952",Winner 🏆,♂ Male,Sudurpashchim Province,Kanchanpur
Dharma Raja Ke.si,Rastriya Swatantra Party,Lamjung-1,"33,898",Winner 🏆,♂ Male,Gandaki Province,Lamjung
Rukesh Ranjit,Rastriya Swatantra Party,Bhaktapur-1,"33,436",Winner 🏆,♂ Male,Bagmati Province,Bhaktapur
Amar Kant Chaudhary,Rastriya Swatantra Party,Saptari-3,"32,875",Winner 🏆,♂ Male,Madhesh Province,Saptari
Suresh Kumar Chaudhary,Rastriya Swatantra Party,Banke-1,"32,792",Winner 🏆,♂ Male,Lumbini Province,Banke
Dipaka Kumara Sah,Rastriya Swatantra Party,Mahottari-2,"32,722",Winner 🏆,♂ Male,Madhesh Province,Mahottari
Shrirama Nyaupane,Rastriya Swatantra Party,Tanahun-2,"32,687",Winner 🏆,♂ Male,Gandaki Province,Tanahun
Ujjawal Kumar Jha,Rastriya Swatantra Party,Mahottari-3,"32,451",Winner 🏆,♂ Male,Madhesh Province,Mahottari
Jagadisha Kharel,Rastriya Swatantra Party,Dolakha-1,"32,376",Winner 🏆,♂ Male,Bagmati Province,Dolakha
Shambhu Kumar Yadav,Rastriya Swatantra Party,Siraha-3,"32,249",Winner 🏆,♂ Male,Madhesh Province,Siraha
Achuttam Lamichhane,Rastriya Swatantra Party,Nuwakot-2,"32,054",Winner 🏆,♂ Male,Bagmati Province,Nuwakot
Ananda Bahadur Chanda,Rastriya Swatantra Party,Kailali-5,"31,953",Winner 🏆,♂ Male,Sudurpashchim Province,Kailali
Uttam Prasad Paudel,Rastriya Swatantra Party,Kaski-2,"31,911",Winner 🏆,♂ Male,Gandaki Province,Kaski
Ramesh Kumar Sapkota,Rastriya Swatantra Party,Surkhet-2,"30,826",Winner 🏆,♂ Male,Karnali Province,Surkhet
Shushil Kumar Kanu,Rastriya Swatantra Party,Parsa-2,"30,740",Winner 🏆,♂ Male,Madhesh Province,Parsa
Sasmit Pokharel,Rastriya Swatantra Party,Kathmandu-5,"30,737",Winner 🏆,♂ Male,Bagmati Province,Kathmandu
Paras Mani Gelal,Rastriya Swatantra Party,Udayapur-1,"30,590",Winner 🏆,♂ Male,Koshi Province,Udayapur
Aasha Jha,Rastriya Swatantra Party,Morang-5,"30,434",Winner 🏆,♀ Female,Koshi Province,Morang
Gauri Kumari,Rastriya Swatantra Party,Mahottari-4,"30,132",Winner 🏆,♀ Female,Madhesh Province,Mahottari
Prashant Upreti,Rastriya Swatantra Party,Makwanpur-2,"30,050",Winner 🏆,♂ Male,Bagmati Province,Makwanpur
Sudhan Gurung,Rastriya Swatantra Party,Gorkha-1,"29,896",Winner 🏆,♂ Male,Gandaki Province,Gorkha
Kishori Saha Kamal,Rastriya Swatantra Party,Dhanusha-1,"29,863",Winner 🏆,♂ Male,Madhesh Province,Dhanusha
Raakanta Prasad Chaurasiya,Rastriya Swatantra Party,Parsa-3,"29,679",Winner 🏆,♂ Male,Madhesh Province,Parsa
Shridhara Pokhrel,Rastriya Swatantra Party,Bardiya-2,"29,678",Winner 🏆,♂ Male,Lumbini Province,Bardiya
Sagar Dhakal,Rastriya Swatantra Party,Gulmi-1,"29,642",Winner 🏆,♂ Male,Lumbini Province,Gulmi
Madhu Kumara Chaulagaee,Rastriya Swatantra Party,Kavrepalanchok-1,"29,618",Winner 🏆,♂ Male,Bagmati Province,Kavrepalanchok
Khagendra Sunar,Rastriya Swatantra Party,Banke-3,"29,551",Winner 🏆,♂ Male,Lumbini Province,Banke
Mo. Phiradosha Aalam,Nepali Congress,Rautahat-2,"29,528",Winner 🏆,♂ Male,Madhesh Province,Rautahat
Pukar Bam,Rastriya Swatantra Party,Kathmandu-4,"29,142",Winner 🏆,♂ Male,Bagmati Province,Kathmandu
Dhananjaya Regmi,Rastriya Swatantra Party,Syangja-1,"29,071",Winner 🏆,♂ Male,Gandaki Province,Syangja
Rajesha Kumara Chaudhari,Rastriya Swatantra Party,Rautahat-1,"28,946",Winner 🏆,♂ Male,Madhesh Province,Rautahat
Khem Raj Koirala,Rastriya Swatantra Party,Kailali-4,"28,556",Winner 🏆,♂ Male,Sudurpashchim Province,Kailali
Ramji Yadav,Rastriya Swatantra Party,Saptari-2,"28,404",Winner 🏆,♂ Male,Madhesh Province,Saptari
Prem Suwal,Nepal Workers and Peasants Party,Bhaktapur-1,"28,147",Declared,♂ Male,Bagmati Province,Bhaktapur
Kanhaiya Baniya,Rastriya Swatantra Party,Rupandehi-4,"28,066",Winner 🏆,♂ Male,Lumbini Province,Rupandehi
Tek Bhadur Shakya,Rastriya Swatantra Party,Parsa-4,"28,006",Winner 🏆,♂ Male,Madhesh Province,Parsa
Shishir Khanal,Rastriya Swatantra Party,Kathmandu-6,"27,916",Winner 🏆,♂ Male,Bagmati Province,Kathmandu
Ganesh Parajuli,Rastriya Swatantra Party,Kathmandu-7,"27,805",Winner 🏆,♂ Male,Bagmati Province,Kathmandu
Bikram Thapa,Rastriya Swatantra Party,Kapilvastu-2,"27,635",Winner 🏆,♂ Male,Lumbini Province,Kapilvastu
Sushant Vaidik,Rastriya Swatantra Party,Pyuthan-1,"27,469",Winner 🏆,♂ Male,Lumbini Province,Pyuthan
Barshman Pun,Nepali Communist Party,Rolpa-1,"27,460",Winner 🏆,♂ Male,Lumbini Province,Rolpa
Yajnyamani Nyaaipane,Rastriya Swatantra Party,Morang-1,"27,367",Winner 🏆,♂ Male,Koshi Province,Morang
Ravin‍dra Patel,Rastriya Swatantra Party,Rautahat-3,"27,318",Winner 🏆,♂ Male,Madhesh Province,Rautahat
Buddhi Prasad Panta,Rastriya Swatantra Party,Parsa-1,"27,274",Winner 🏆,♂ Male,Madhesh Province,Parsa
Goma Tamang,Rastriya Swatantra Party,Sunsari-1,"27,249",Declared,♀ Female,Koshi Province,Sunsari
Jnyanendra Sinha Mahata,Rastriya Swatantra Party,Kanchanpur-3,"27,118",Winner 🏆,♂ Male,Sudurpashchim Province,Kanchanpur
Bishnu Bahadur Khadka,Nepali Congress,Surkhet-1,"26,897",Winner 🏆,♂ Male,Karnali Province,Surkhet
Madhav Bahadur Thapa,Rastriya Swatantra Party,Palpa-2,"26,736",Winner 🏆,♂ Male,Lumbini Province,Palpa
Kabindra Burlakoti,Rastriya Swatantra Party,Gorkha-2,"26,660",Winner 🏆,♂ Male,Gandaki Province,Gorkha
Sagar Bhusal,Rastriya Swatantra Party,Parbat-1,"26,561",Winner 🏆,♂ Male,Gandaki Province,Parbat
Bodh Narayan Shrestha,Rastriya Swatantra Party,Dhading-2,"26,145",Winner 🏆,♂ Male,Bagmati Province,Dhading
Jhabi Lal Dumre,Rastriya Swatantra Party,Syangja-2,"25,354",Winner 🏆,♂ Male,Gandaki Province,Syangja
Krishna Hari Budhathoki,Rastriya Swatantra Party,Ramechhap-1,"24,808",Winner 🏆,♂ Male,Bagmati Province,Ramechhap
Mohammad Ishtiyak Rai,CPN (Unified Marxist-Leninist),Banke-2,"24,628",Winner 🏆,♂ Male,Lumbini Province,Banke
Biraj Bhakta Shrestha,Rastriya Swatantra Party,Kathmandu-8,"24,592",Winner 🏆,♂ Male,Bagmati Province,Kathmandu
Bharata Prasada Parajuli,Rastriya Swatantra Party,Sindhupalchok-1,"24,412",Winner 🏆,♂ Male,Bagmati Province,Sindhupalchok
Shunil Kumar Sharma,Nepali Congress,Morang-3,"24,354",Declared,♂ Male,Koshi Province,Morang
Janak Singh Dhami,Rastriya Swatantra Party,Kanchanpur-1,"24,332",Winner 🏆,♂ Male,Sudurpashchim Province,Kanchanpur
Abhishek Pratap Shah,Nepali Congress,Kapilvastu-3,"23,535",Winner 🏆,♂ Male,Lumbini Province,Kapilvastu
Budda Ratna Maharjan,Rastriya Swatantra Party,Lalitpur-1,"23,373",Winner 🏆,♂ Male,Bagmati Province,Lalitpur
Ramesh Kumar Malla,Nepali Communist Party,Salyan-1,"23,189",Winner 🏆,♂ Male,Karnali Province,Salyan
Mahavira Pun,Independent,Myagdi-1,"22,850",Winner 🏆,♂ Male,Gandaki Province,Myagdi
Gagan Kumar Thapa,Nepali Congress,Sarlahi-4,"22,831",Declared,♂ Male,Madhesh Province,Sarlahi
Pitambar Bhusal,CPN (Unified Marxist-Leninist),Arghakhanchi-1,"22,649",Declared,♂ Male,Lumbini Province,Arghakhanchi
Bikram Timilsina,Rastriya Swatantra Party,Nuwakot-1,"22,609",Winner 🏆,♂ Male,Bagmati Province,Nuwakot
Suhanga Nembang,CPN (Unified Marxist-Leninist),Ilam-2,"22,426",Winner 🏆,♂ Male,Koshi Province,Ilam
Hari Mohan Bhandari,Rastriya Swatantra Party,Baitadi-1,"22,134",Winner 🏆,♂ Male,Sudurpashchim Province,Baitadi
Yuvaraja Dulal,Nepali Communist Party,Sindhupalchok-2,"21,699",Winner 🏆,♂ Male,Bagmati Province,Sindhupalchok
Gopala Sharma,Nepali Communist Party,Rukum West-1,"21,609",Winner 🏆,♂ Male,Karnali Province,Rukum West
Surendra Raj Acharya,Nepali Congress,Kapilvastu-2,"21,527",Declared,♂ Male,Lumbini Province,Kapilvastu
Sushil Khadka,Rastriya Swatantra Party,Baglung-1,"20,927",Winner 🏆,♂ Male,Gandaki Province,Baglung
Lalit Kumar Chanda,Rastriya Swatantra Party,Salyan-1,"20,904",Declared,♂ Male,Karnali Province,Salyan
Bhagwat Prakash Malla,Nepali Congress,Syangja-2,"20,830",Declared,♂ Male,Gandaki Province,Syangja
Renu Dahal,Nepali Communist Party,Chitwan-3,"20,615",Declared,♀ Female,Bagmati Province,Chitwan
Vijaya Kumara Gach‍chhadar,Nepali Congress,Sunsari-3,"20,501",Declared,♂ Male,Koshi Province,Sunsari
Brijesh Kumar Gupta,Nepali Communist Party,Kapilvastu-2,"20,482",Declared,♂ Male,Lumbini Province,Kapilvastu
Kishor Singh Rathore,Nepali Congress,Bardiya-2,"20,402",Declared,♂ Male,Lumbini Province,Bardiya
Jagat Prasad Joshi,Rastriya Swatantra Party,Kailali-3,"20,359",Winner 🏆,♂ Male,Sudurpashchim Province,Kailali
Ramesh Prasad Dhamala,Nepali Congress,Dhading-2,"20,279",Declared,♂ Male,Bagmati Province,Dhading
Pramod Kumar Yadav,CPN (Unified Marxist-Leninist),Rupandehi-4,"20,262",Declared,♂ Male,Lumbini Province,Rupandehi
Khadak Bahadur Budha,Nepali Congress,Jajarkot-1,"20,142",Winner 🏆,♂ Male,Karnali Province,Jajarkot
Suman Malla,CPN (Unified Marxist-Leninist),Banke-3,"19,615",Declared,♂ Male,Lumbini Province,Banke
Suresh Pantha,Nepali Communist Party,Bardiya-2,"19,180",Declared,♂ Male,Lumbini Province,Bardiya
Gunaraja Muktan,Nepali Congress,Kavrepalanchok-1,"19,166",Declared,♂ Male,Bagmati Province,Kavrepalanchok
Vanshalala Tamang,Nepali Congress,Sindhupalchok-2,"19,146",Declared,♂ Male,Bagmati Province,Sindhupalchok
Tara Prasad Joshi,Rastriya Swatantra Party,Dadeldhura-1,"19,131",Winner 🏆,♂ Male,Sudurpashchim Province,Dadeldhura
Ke Pi Khanal,Rastriya Swatantra Party,Kailali-2,"19,057",Winner 🏆,♂ Male,Sudurpashchim Province,Kailali
Bishnu Prasad Khanal,Nepali Congress,Arghakhanchi-1,"18,983",Declared,♂ Male,Lumbini Province,Arghakhanchi
Ganesh Singh Thagunna,CPN (Unified Marxist-Leninist),Darchula-1,"18,891",Winner 🏆,♂ Male,Sudurpashchim Province,Darchula
Prakash Rajouriya,Rastriya Swatantra Party,Kapilvastu-3,"18,890",Declared,♂ Male,Lumbini Province,Kapilvastu
Dhruva Kumar Shahi,CPN (Unified Marxist-Leninist),Surkhet-1,"18,890",Declared,♂ Male,Karnali Province,Surkhet
Bharat Raj Dhakal,Nepali Congress,Syangja-1,"18,857",Declared,♂ Male,Gandaki Province,Syangja
Mahesh Kumar Bartaula,CPN (Unified Marxist-Leninist),Makwanpur-2,"18,846",Declared,♂ Male,Bagmati Province,Makwanpur
Raju Nath Pandey,Rastriya Swatantra Party,Kathmandu-3,"18,757",Winner 🏆,♂ Male,Bagmati Province,Kathmandu
KP Sharma Oli,CPN (Unified Marxist-Leninist),Jhapa-5,"18,734",Declared,♂ Male,Koshi Province,Jhapa
Bivek Kumar Shrestha,Rastriya Swatantra Party,Banke-2,"18,682",Declared,♂ Male,Lumbini Province,Banke
Prakash Sharan Mahat,Nepali Congress,Nuwakot-1,"18,597",Declared,♂ Male,Bagmati Province,Nuwakot
Ain Bahadur Mahar,CPN (Unified Marxist-Leninist),Bajhang-1,"18,543",Winner 🏆,♂ Male,Sudurpashchim Province,Bajhang
Kirana Kumara Sah,Nepali Communist Party,Rautahat-2,"18,442",Declared,♂ Male,Madhesh Province,Rautahat
Dr. Govind Raj Pokharel,Nepali Congress,Pyuthan-1,"18,338",Declared,♂ Male,Lumbini Province,Pyuthan
Sandip Rana,Nepali Congress,Palpa-1,"18,336",Winner 🏆,♂ Male,Lumbini Province,Palpa
Chatur Bahadur Chanda,Nepali Congress,Baitadi-1,"18,194",Declared,♂ Male,Sudurpashchim Province,Baitadi
Rajendra Kumar Rai,CPN (Unified Marxist-Leninist),Dhankuta-1,"18,132",Winner 🏆,♂ Male,Koshi Province,Dhankuta
Aashish Gajurel,Rastriya Swatantra Party,Sindhuli-2,"17,940",Winner 🏆,♂ Male,Bagmati Province,Sindhuli
Madhu Prasada Aachary,Nepali Congress,Kavrepalanchok-2,"17,868",Declared,♂ Male,Bagmati Province,Kavrepalanchok
Komala Jnyavali,Rastriya Swatantra Party,Kailali-1,"17,826",Winner 🏆,♀ Female,Sudurpashchim Province,Kailali
Madhav Prasad Dhungel,CPN (Unified Marxist-Leninist),Ramechhap-1,"17,609",Declared,♂ Male,Bagmati Province,Ramechhap
Sudhansu Koirala,Nepali Congress,Banke-2,"17,596",Declared,♂ Male,Lumbini Province,Banke
Kesh Bahadur Bista,Nepali Congress,Salyan-1,"17,558",Declared,♂ Male,Karnali Province,Salyan
Shanti Pakhrin Lama,Shram Sanskriti Party,Morang-1,"17,522",Declared,♀ Female,Koshi Province,Morang
Parvata Gurung,CPN (Unified Marxist-Leninist),Dolakha-1,"17,449",Declared,♂ Male,Bagmati Province,Dolakha
Shakti Bahadur Basnet,Nepali Communist Party,Jajarkot-1,"17,407",Declared,♂ Male,Karnali Province,Jajarkot
Madhava Sapakota,Nepali Communist Party,Sindhupalchok-1,"17,327",Declared,♂ Male,Bagmati Province,Sindhupalchok
Rajendra Prasad Lingden,Rastriya Prajatantra Party,Jhapa-3,"17,294",Declared,♂ Male,Koshi Province,Jhapa
Narendra Kumar Kerung,Nepali Congress,Panchthar-1,"17,233",Winner 🏆,♂ Male,Koshi Province,Panchthar
Janak Raj Giri,Nepali Congress,Bajura-1,"17,173",Winner 🏆,♂ Male,Sudurpashchim Province,Bajura
Damodar Bhandari,CPN (Unified Marxist-Leninist),Baitadi-1,"17,091",Declared,♂ Male,Sudurpashchim Province,Baitadi
Govinda Panthi,Rastriya Swatantra Party,Gulmi-2,"16,967",Winner 🏆,♂ Male,Lumbini Province,Gulmi
Dambar Bahadur Singh,CPN (Unified Marxist-Leninist),Jajarkot-1,"16,883",Declared,♂ Male,Karnali Province,Jajarkot
Prithvi Subba Gurung,CPN (Unified Marxist-Leninist),Lamjung-1,"16,876",Declared,♂ Male,Gandaki Province,Lamjung
Narayan Parasad Acharya,CPN (Unified Marxist-Leninist),Palpa-1,"16,819",Declared,♂ Male,Lumbini Province,Palpa
Min Prasad Gurung,CPN (Unified Marxist-Leninist),Syangja-1,"16,804",Declared,♂ Male,Gandaki Province,Syangja
Surya Bahadur Thapa Chhetri,CPN (Unified Marxist-Leninist),Pyuthan-1,"16,710",Declared,♂ Male,Lumbini Province,Pyuthan
Dhruvaraja Raee,Shram Sanskriti Party,Bhojpur-1,"16,663",Winner 🏆,♂ Male,Koshi Province,Bhojpur
Raju Ke.si.,Nepali Congress,Rukum West-1,"16,661",Declared,♂ Male,Karnali Province,Rukum West
Dhanendra Karki,Rastriya Swatantra Party,Sindhuli-1,"16,659",Winner 🏆,♂ Male,Bagmati Province,Sindhuli
Vimalendra Nidhi,Nepali Congress,Dhanusha-3,"16,652",Declared,♂ Male,Madhesh Province,Dhanusha
Lal Bahadur Thapa,CPN (Unified Marxist-Leninist),Bajura-1,"16,633",Declared,♂ Male,Sudurpashchim Province,Bajura
Aren Rai,Shram Sanskriti Party,Khotang-1,"16,612",Winner 🏆,♂ Male,Koshi Province,Khotang
Gyanendra Bahadur Karki,Nepali Congress,Sunsari-4,"16,587",Declared,♂ Male,Koshi Province,Sunsari
Gam Prasad Gurung,Nepali Congress,Lamjung-1,"16,569",Declared,♂ Male,Gandaki Province,Lamjung
Amir Magar,Shram Sanskriti Party,Morang-3,"16,509",Declared,♂ Male,Koshi Province,Morang
Dipaka Giri,Nepali Congress,Dang-3,"16,453",Declared,♂ Male,Lumbini Province,Dang
Gokarnaraj Bista,CPN (Unified Marxist-Leninist),Gulmi-2,"16,406",Declared,♂ Male,Lumbini Province,Gulmi
Narayan Kumar Koirala,Nepali Congress,Surkhet-2,"16,392",Declared,♂ Male,Karnali Province,Surkhet
Surendra Prasad Chaudhary,Nepali Congress,Parsa-3,"16,366",Declared,♂ Male,Madhesh Province,Parsa
Ram Chandra Khadka,Nepali Congress,Ramechhap-1,"16,307",Declared,♂ Male,Bagmati Province,Ramechhap
Prakash Rasaili Snehi,Nepali Congress,Bajhang-1,"16,304",Declared,♂ Male,Sudurpashchim Province,Bajhang
Bala Krishna Ghimire,Nepali Congress,Nawalpur-1,"16,293",Declared,♂ Male,Gandaki Province,Nawalpur
Govind Bhattarai,Nepali Congress,Tanahun-1,"16,231",Declared,♂ Male,Gandaki Province,Tanahun
Rajib Koirala,Nepali Congress,Sunsari-2,"16,071",Declared,♂ Male,Koshi Province,Sunsari
Arjun Prasad Joshi,Nepali Congress,Parbat-1,"15,954",Declared,♂ Male,Gandaki Province,Parbat
Bhima Bahadura Thapa Kshetri,Nepali Congress,Parasi-2,"15,945",Declared,♂ Male,Lumbini Province,Parasi
Shera Bahadura Tamangag,CPN (Unified Marxist-Leninist),Sindhupalchok-2,"15,926",Declared,♂ Male,Bagmati Province,Sindhupalchok
Pradipa Kumara Katuvala Kshetri (ke Si),CPN (Unified Marxist-Leninist),Sindhuli-1,"15,875",Declared,♂ Male,Bagmati Province,Sindhuli
Deva Prasada Timalasena,Nepali Congress,Rautahat-4,"15,865",Declared,♂ Male,Madhesh Province,Rautahat
Ashish Sharma,Independent,Kapilvastu-1,"15,860",Declared,♂ Male,Lumbini Province,Kapilvastu
Dharmanand Joshi,Nepali Congress,Darchula-1,"15,836",Declared,♂ Male,Sudurpashchim Province,Darchula
Mahendra Yadav,Nepali Congress,Dhanusha-4,"15,809",Declared,♂ Male,Madhesh Province,Dhanusha
Tila Bahadura Mahata Kshetri,CPN (Unified Marxist-Leninist),Nawalpur-2,"15,755",Declared,♂ Male,Gandaki Province,Nawalpur
Arjun Kumar Karki,CPN (Unified Marxist-Leninist),Sankhuwasabha-1,"15,636",Winner 🏆,♂ Male,Koshi Province,Sankhuwasabha
Dilip Kumar Agrawal,CPN (Unified Marxist-Leninist),Morang-2,"15,624",Declared,♂ Male,Koshi Province,Morang
Ashutosh Mishra,Nepali Congress,Rupandehi-4,"15,613",Declared,♂ Male,Lumbini Province,Rupandehi
Ujjvala Prasada Varal,Nepali Congress,Sindhuli-1,"15,570",Declared,♂ Male,Bagmati Province,Sindhuli
Jagadish‍vara Narasinha Ke.si.,Nepali Congress,Nuwakot-2,"15,503",Declared,♂ Male,Bagmati Province,Nuwakot
Ranju Neupane,Rastriya Swatantra Party,Kathmandu-1,"15,455",Winner 🏆,♀ Female,Bagmati Province,Kathmandu
Prem Kumar Khatri,Nepali Congress,Gorkha-1,"15,398",Declared,♂ Male,Gandaki Province,Gorkha
Gulav Jung Shah,CPN (Unified Marxist-Leninist),Salyan-1,"15,373",Declared,♂ Male,Karnali Province,Salyan
Narayan Prasad Goudel,Nepali Congress,Banke-1,"15,301",Declared,♂ Male,Lumbini Province,Banke
Shankar Pokhrael,CPN (Unified Marxist-Leninist),Dang-2,"15,287",Declared,♂ Male,Lumbini Province,Dang
Yogendra Chaudhary,Nepali Congress,Dang-1,"15,280",Declared,♂ Male,Lumbini Province,Dang
Upendra Yadav,Janata Samajwadi Party Nepal,Saptari-3,"15,239",Declared,♂ Male,Madhesh Province,Saptari
Pradipa Kumara Jnyavali,CPN (Unified Marxist-Leninist),Gulmi-1,"15,181",Declared,♂ Male,Lumbini Province,Gulmi
Bhagwati Chaudhary,CPN (Unified Marxist-Leninist),Sunsari-3,"15,083",Declared,♀ Female,Koshi Province,Sunsari
Padam Giri,CPN (Unified Marxist-Leninist),Parbat-1,"15,075",Declared,♂ Male,Gandaki Province,Parbat
Buddha Lama,Nepali Congress,Makwanpur-2,"15,056",Declared,♂ Male,Bagmati Province,Makwanpur
Bhumi Prasad Tripathi,CPN (Unified Marxist-Leninist),Dhading-1,"15,032",Declared,♂ Male,Bagmati Province,Dhading
Mingma Sherpa,Rastriya Swatantra Party,Sankhuwasabha-1,"15,000",Declared,♂ Male,Koshi Province,Sankhuwasabha
Bharat Bahadur Khadka,Nepali Congress,Doti-1,"14,897",Winner 🏆,♂ Male,Sudurpashchim Province,Doti
Gyan Bahadur Shahi,Rastriya Prajatantra Party,Jumla-1,"14,816",Winner 🏆,♂ Male,Karnali Province,Jumla
Surya Bahadur Tamang,Rastriya Swatantra Party,Udayapur-2,"14,802",Winner 🏆,♂ Male,Koshi Province,Udayapur
Lekh Nath Dahal,Nepali Communist Party,Sindhuli-2,"14,780",Declared,♂ Male,Bagmati Province,Sindhuli
Birendra Kumar Kanodiya,CPN (Unified Marxist-Leninist),Kapilvastu-3,"14,763",Declared,♂ Male,Lumbini Province,Kapilvastu
Sherdhan Rai,CPN (Unified Marxist-Leninist),Bhojpur-1,"14,750",Declared,♂ Male,Koshi Province,Bhojpur
Hasta Raj Sherma,Shram Sanskriti Party,Panchthar-1,"14,734",Declared,♂ Male,Koshi Province,Panchthar
Tek Bahadur Singh Thakuri,Rastriya Swatantra Party,Surkhet-1,"14,729",Declared,♂ Male,Karnali Province,Surkhet
Oma Bahadura Gharti,Nepali Congress,Nawalpur-2,"14,713",Declared,♂ Male,Gandaki Province,Nawalpur
Rajendra Prasad Pandey,Nepali Communist Party,Dhading-1,"14,709",Declared,♂ Male,Bagmati Province,Dhading
Bhesharaja Aachary,Nepali Congress,Ilam-2,"14,650",Declared,♂ Male,Koshi Province,Ilam
Salik Ram Adhikari,CPN (Unified Marxist-Leninist),Bardiya-1,"14,643",Declared,♂ Male,Lumbini Province,Bardiya
Atahar Kamal Musalman,Nepali Congress,Kapilvastu-1,"14,582",Declared,♂ Male,Lumbini Province,Kapilvastu
Meena Kumari Kharel,Nepali Congress,Chitwan-2,"14,564",Declared,♀ Female,Bagmati Province,Chitwan
Nishkala Raee,Nepali Congress,Ilam-1,"14,543",Winner 🏆,♂ Male,Koshi Province,Ilam
Aindra Sundar Nembang,CPN (Unified Marxist-Leninist),Panchthar-1,"14,534",Declared,♂ Male,Koshi Province,Panchthar
Bhuwan Prasad Shrestha,Nepali Congress,Gulmi-2,"14,434",Declared,♂ Male,Lumbini Province,Gulmi
Sudipa Raee,Shram Sanskriti Party,Ilam-2,"14,400",Declared,♂ Male,Koshi Province,Ilam
Janardana Sharma,Progressive Democratic Party,Rukum West-1,"14,346",Declared,♂ Male,Karnali Province,Rukum West
Vimala Pant,Rastriya Swatantra Party,Palpa-1,"14,333",Declared,♂ Male,Lumbini Province,Palpa
Umesh Kumar Yadav,Janata Samajwadi Party Nepal,Saptari-2,"14,263",Declared,♂ Male,Madhesh Province,Saptari
Dinesh Rai,Nepali Congress,Dhankuta-1,"14,257",Declared,♂ Male,Koshi Province,Dhankuta
Shambhu Bahadura Budhathoki,Nepali Congress,Bara-1,"14,223",Declared,♂ Male,Madhesh Province,Bara
Ramakishora Prasada Yadav,Janata Samajwadi Party Nepal,Bara-2,"14,196",Declared,♂ Male,Madhesh Province,Bara
Dina Natha Gautam,Nepali Communist Party,Kavrepalanchok-1,"14,184",Declared,♂ Male,Bagmati Province,Kavrepalanchok
Shankar Bhandari,Nepali Congress,Tanahun-2,"14,135",Declared,♂ Male,Gandaki Province,Tanahun
Deepak Bahadur Dhami,CPN (Unified Marxist-Leninist),Doti-1,"14,110",Declared,♂ Male,Sudurpashchim Province,Doti
Khim Bahadur Thapa,CPN (Unified Marxist-Leninist),Syangja-2,"14,108",Declared,♂ Male,Gandaki Province,Syangja
Mahalaxmi Upadhyay (Dina),Nepali Congress,Makwanpur-1,"14,038",Declared,♀ Female,Bagmati Province,Makwanpur
Jhalaka Kumara Shresh‍th,Rastriya Swatantra Party,Sindhupalchok-2,"14,019",Declared,♂ Male,Bagmati Province,Sindhupalchok
Khitiz Thebe,CPN (Unified Marxist-Leninist),Taplejung-1,"13,962",Winner 🏆,♂ Male,Koshi Province,Taplejung
Brish Raj Pokharel,Rastriya Swatantra Party,Okhaldhunga-1,"13,953",Winner 🏆,♂ Male,Koshi Province,Okhaldhunga
Kumar Luitel,Nepali Congress,Okhaldhunga-1,"13,948",Declared,♂ Male,Koshi Province,Okhaldhunga
Ashoka Kumara Byanyju Shreshth,CPN (Unified Marxist-Leninist),Kavrepalanchok-2,"13,940",Declared,♂ Male,Bagmati Province,Kavrepalanchok
Laxmi Prasad Pokharel,CPN (Unified Marxist-Leninist),Dailekh-2,"13,889",Winner 🏆,♂ Male,Karnali Province,Dailekh
Ami Tamang,CPN (Unified Marxist-Leninist),Kavrepalanchok-1,"13,814",Declared,♂ Male,Bagmati Province,Kavrepalanchok
Vinoda Nembangga Limbu,Shram Sanskriti Party,Ilam-1,"13,632",Declared,♂ Male,Koshi Province,Ilam
Udaya Shanshera Ja.ba.rana,Nepali Congress,Lalitpur-1,"13,520",Declared,♂ Male,Bagmati Province,Lalitpur
Chandrakant Bhandari,Nepali Congress,Gulmi-1,"13,505",Declared,♂ Male,Lumbini Province,Gulmi
Hit Bahadur Tamang,Nepali Communist Party,Nuwakot-1,"13,377",Declared,♂ Male,Bagmati Province,Nuwakot
Shyam Kumar Shrestha,Nepali Communist Party,Ramechhap-1,"13,354",Declared,♂ Male,Bagmati Province,Ramechhap
Naryan Kaji Shrestha,Nepali Communist Party,Sarlahi-3,"13,338",Declared,♂ Male,Madhesh Province,Sarlahi
Dipen Kumar Shrestha,Nepali Congress,Sankhuwasabha-1,"13,271",Declared,♂ Male,Koshi Province,Sankhuwasabha
Narendra Bahadur Khadka,Rastriya Swatantra Party,Doti-1,"13,270",Declared,♂ Male,Sudurpashchim Province,Doti
Amar Singh Pun,Nepali Congress,Banke-3,"13,215",Declared,♂ Male,Lumbini Province,Banke
Prakash Singh Karki,Nepali Congress,Solukhumbu-1,"13,166",Winner 🏆,♂ Male,Koshi Province,Solukhumbu
Kulmani Devkota,CPN (Unified Marxist-Leninist),Surkhet-2,"13,155",Declared,♂ Male,Karnali Province,Surkhet
Teju Lal Chaudhary,Nepali Congress,Saptari-4,"13,103",Declared,♂ Male,Madhesh Province,Saptari
Khim Lal Bhattarai,CPN (Unified Marxist-Leninist),Rupandehi-5,"13,100",Declared,♂ Male,Lumbini Province,Rupandehi
Vishala Khadka,Nepali Communist Party,Dolakha-1,"13,065",Declared,♂ Male,Bagmati Province,Dolakha
Rajendra Prasad Burlakoti,Nepali Congress,Chitwan-1,"13,033",Declared,♂ Male,Bagmati Province,Chitwan
Pradip Yadav,CPN (Unified Marxist-Leninist),Parsa-1,"13,030",Declared,♂ Male,Madhesh Province,Parsa
Himal Datta Shrestha,Nepali Congress,Palpa-2,"12,992",Declared,♂ Male,Lumbini Province,Palpa
Jankaraj Chaudhary,Nepali Congress,Kailali-1,"12,867",Declared,♂ Male,Sudurpashchim Province,Kailali
Bishnu Prasad Paudel,CPN (Unified Marxist-Leninist),Rupandehi-2,"12,861",Declared,♂ Male,Lumbini Province,Rupandehi
Dr. Shekhar Koirala,Nepali Congress,Morang-6,"12,850",Declared,♂ Male,Koshi Province,Morang
Guru Raj Ghimire,Nepali Congress,Morang-4,"12,818",Declared,♂ Male,Koshi Province,Morang
Ram Chandra Yadav,Nepali Congress,Siraha-2,"12,814",Declared,♂ Male,Madhesh Province,Siraha
Rameshwar Rana Magar,CPN (Unified Marxist-Leninist),Makwanpur-1,"12,783",Declared,♂ Male,Bagmati Province,Makwanpur
Manoj Gurung,Nepali Congress,Kaski-3,"12,780",Declared,♂ Male,Gandaki Province,Kaski
Minendra Prasad Rijal,Nepali Congress,Morang-2,"12,764",Declared,♂ Male,Koshi Province,Morang
Sanjay Kumar Gautam,Nepali Congress,Bardiya-1,"12,722",Declared,♂ Male,Lumbini Province,Bardiya
Dev Bikram Rai,CPN (Unified Marxist-Leninist),Khotang-1,"12,714",Declared,♂ Male,Koshi Province,Khotang
Som Sharma,Rastriya Swatantra Party,Baglung-2,"12,647",Winner 🏆,♂ Male,Gandaki Province,Baglung
Giriraj Mani Pokharel,Nepali Communist Party,Mahottari-1,"12,624",Declared,♂ Male,Madhesh Province,Mahottari
Bharat Kumar Shah,Nepali Congress,Rupandehi-5,"12,624",Declared,♂ Male,Lumbini Province,Rupandehi
Ramesh Rijal,Nepali Congress,Parsa-4,"12,534",Declared,♂ Male,Madhesh Province,Parsa
Lava Shera Visht,Nepali Communist Party,Makwanpur-2,"12,492",Declared,♂ Male,Bagmati Province,Makwanpur
Basana Thapa,Nepali Congress,Dailekh-1,"12,372",Winner 🏆,♀ Female,Karnali Province,Dailekh
Ajaya Babu Shivakoti,Nepali Congress,Dolakha-1,"12,298",Declared,♂ Male,Bagmati Province,Dolakha
Ghanshyam Pandey,CPN (Unified Marxist-Leninist),Dang-3,"12,195",Declared,♂ Male,Lumbini Province,Dang
Jalim Miya Mansuri,CPN (Unified Marxist-Leninist),Parsa-4,"12,145",Declared,♂ Male,Madhesh Province,Parsa
Nain Singh Mahar,Nepali Congress,Dadeldhura-1,"12,121",Declared,♂ Male,Sudurpashchim Province,Dadeldhura
Sudan Kumar Oli,Nepali Congress,Rolpa-1,"12,008",Declared,♂ Male,Lumbini Province,Rolpa
Lal Prasad Sawa Limbu,CPN (Unified Marxist-Leninist),Jhapa-4,"11,986",Declared,♂ Male,Koshi Province,Jhapa
Khadga Bahadur Phago,Nepali Congress,Morang-1,"11,986",Declared,♂ Male,Koshi Province,Morang
Viramana Chaudhari,Nepali Communist Party,Kailali-3,"11,983",Declared,♂ Male,Sudurpashchim Province,Kailali
Hira Bahadur Khatri,Nepali Congress,Rupandehi-1,"11,982",Declared,♂ Male,Lumbini Province,Rupandehi
Kaji Mana Kagate,CPN (Unified Marxist-Leninist),Ilam-1,"11,966",Declared,♂ Male,Koshi Province,Ilam
Saresha Nepal,CPN (Unified Marxist-Leninist),Sindhupalchok-1,"11,961",Declared,♂ Male,Bagmati Province,Sindhupalchok
Nar Narayan Shah,Nepali Congress,Kailali-5,"11,958",Declared,♂ Male,Sudurpashchim Province,Kailali
Bir Kaji Rai,Nepali Congress,Khotang-1,"11,957",Declared,♂ Male,Koshi Province,Khotang
Govinda Chaudhari,Janata Samajwadi Party Nepal,Rautahat-3,"11,954",Declared,♂ Male,Madhesh Province,Rautahat
Pati Ram Chaudhary,जनता समाजवादी पार्टी(एकल चुनाव चिन्ह),Kailali-2,"11,949",Declared,♂ Male,Sudurpashchim Province,Kailali
Bhim Bahadur Shrees Rana,Nepali Congress,Baglung-1,"11,944",Declared,♂ Male,Gandaki Province,Baglung
San Bahadur Rai,Shram Sanskriti Party,Dhankuta-1,"11,932",Declared,♂ Male,Koshi Province,Dhankuta
Rupesh Kumar Pandey,CPN (Unified Marxist-Leninist),Parsa-3,"11,914",Declared,♂ Male,Madhesh Province,Parsa
Ajay Kumar Chaurasiya,Nepali Congress,Parsa-2,"11,890",Declared,♂ Male,Madhesh Province,Parsa
Anil Kumar Rungata,Nepali Congress,Parsa-1,"11,885",Declared,♂ Male,Madhesh Province,Parsa
Tek Raj Paudel,Nepali Congress,Baglung-2,"11,868",Declared,♂ Male,Gandaki Province,Baglung
Bhaiyarama Prasada Yadav,Nepali Congress,Bara-2,"11,837",Declared,♂ Male,Madhesh Province,Bara
Ravindra Raj Sharma,CPN (Unified Marxist-Leninist),Dailekh-1,"11,796",Declared,♂ Male,Karnali Province,Dailekh
Mahendra Bahadur Shahi,Nepali Communist Party,Kalikot-1,"11,734",Winner 🏆,♂ Male,Karnali Province,Kalikot
Gajendra Prasad Tumyang Limbu,Nepali Congress,Taplejung-1,"11,711",Declared,♂ Male,Koshi Province,Taplejung
Prakash Chandra Dawadi,Nepali Congress,Gorkha-2,"11,700",Declared,♂ Male,Gandaki Province,Gorkha
Kedar Sigdel,CPN (Unified Marxist-Leninist),Tanahun-2,"11,668",Declared,♂ Male,Gandaki Province,Tanahun
Achyuta Prasada Mainali,CPN (Unified Marxist-Leninist),Bara-1,"11,645",Declared,♂ Male,Madhesh Province,Bara
Krishna Kumara Shreshth,CPN (Unified Marxist-Leninist),Bara-4,"11,639",Declared,♂ Male,Madhesh Province,Bara
Naresh Bhandari,Nepali Communist Party,Jumla-1,"11,635",Declared,♂ Male,Karnali Province,Jumla
Rajesh Kumar Rai,Shram Sanskriti Party,Udayapur-1,"11,606",Declared,♂ Male,Koshi Province,Udayapur
Manoj Jung Thapa,CPN (Unified Marxist-Leninist),Sindhuli-2,"11,606",Declared,♂ Male,Bagmati Province,Sindhuli
Rima Kumari Yadav,CPN (Unified Marxist-Leninist),Parsa-2,"11,605",Declared,♀ Female,Madhesh Province,Parsa
Santosha Subva,Nepali Congress,Tehrathum-1,"11,561",Winner 🏆,♂ Male,Koshi Province,Tehrathum
Kiran Kishor Ghimire,Nepali Congress,Dang-2,"11,558",Declared,♂ Male,Lumbini Province,Dang
Raghubira Mahaseth,CPN (Unified Marxist-Leninist),Dhanusha-4,"11,529",Declared,♂ Male,Madhesh Province,Dhanusha
Hark Bahadur Nembang,Nepali Communist Party,Panchthar-1,"11,443",Declared,♂ Male,Koshi Province,Panchthar
Dev Raj Ghimire,CPN (Unified Marxist-Leninist),Jhapa-2,"11,368",Declared,♂ Male,Koshi Province,Jhapa
Gorakh Bahadur Bista,Nepali Congress,Kailali-4,"11,301",Declared,♂ Male,Sudurpashchim Province,Kailali
Ambir Babu Gurung,Nepali Communist Party,Okhaldhunga-1,"11,296",Declared,♂ Male,Koshi Province,Okhaldhunga
Janga Bahadura Lama,Nepali Congress,Sindhupalchok-1,"11,293",Declared,♂ Male,Bagmati Province,Sindhupalchok
Tilak Bahadur Ranabhat,Nepali Congress,Kaski-1,"11,214",Declared,♂ Male,Gandaki Province,Kaski
Kulman Ghising,Ujyalo Nepal Party,Kathmandu-3,"11,171",Declared,♂ Male,Bagmati Province,Kathmandu
Hari Raj Adhikari,Nepali Communist Party,Gorkha-1,"11,124",Declared,♂ Male,Gandaki Province,Gorkha
Bina Magar,Nepali Communist Party,Kanchanpur-1,"11,110",Declared,♀ Female,Sudurpashchim Province,Kanchanpur
Surya Prasad Dhakal,CPN (Unified Marxist-Leninist),Banke-1,"11,095",Declared,♂ Male,Lumbini Province,Banke
Lekhnath Neupane,Nepali Communist Party,Gorkha-2,"11,073",Declared,♂ Male,Gandaki Province,Gorkha
Mahesh Basnet,CPN (Unified Marxist-Leninist),Bhaktapur-2,"10,996",Declared,♂ Male,Bagmati Province,Bhaktapur
Dawa Dorje Lama,CPN (Unified Marxist-Leninist),Chitwan-1,"10,899",Declared,♂ Male,Bagmati Province,Chitwan
Balram Thapa,Rastriya Swatantra Party,Rolpa-1,"10,894",Declared,♂ Male,Lumbini Province,Rolpa
Narayan Prakash Saud,Nepali Congress,Kanchanpur-2,"10,827",Declared,♂ Male,Sudurpashchim Province,Kanchanpur
Bijay Gautam,Nepali Communist Party,Makwanpur-1,"10,788",Declared,♂ Male,Bagmati Province,Makwanpur
Bimala Vi.ka.,CPN (Unified Marxist-Leninist),Bardiya-2,"10,772",Declared,♀ Female,Lumbini Province,Bardiya
Aman Lal Modi,Nepali Communist Party,Morang-4,"10,762",Declared,♂ Male,Koshi Province,Morang
Bharat Kumar Swar,Nepali Congress,Achham-1,"10,759",Winner 🏆,♂ Male,Sudurpashchim Province,Achham
Asmita Thapa,CPN (Unified Marxist-Leninist),Okhaldhunga-1,"10,720",Declared,♀ Female,Koshi Province,Okhaldhunga
Jnyamanatha Gaire,Nepali Communist Party,Baglung-2,"10,709",Declared,♂ Male,Gandaki Province,Baglung
Ajaya Kumara Gup‍ta,CPN (Unified Marxist-Leninist),Rautahat-1,"10,693",Declared,♂ Male,Madhesh Province,Rautahat
Bhanu Bhakta Dhakal,CPN (Unified Marxist-Leninist),Tehrathum-1,"10,682",Declared,♂ Male,Koshi Province,Tehrathum
Mohan Acharya,Nepali Congress,Rasuwa-1,"10,656",Winner 🏆,♂ Male,Bagmati Province,Rasuwa
Shree Nagindra Shahi,CPN (Unified Marxist-Leninist),Kalikot-1,"10,647",Declared,♂ Male,Karnali Province,Kalikot
Keshav Raj Pandey,Nepali Congress,Jhapa-1,"10,550",Declared,♂ Male,Koshi Province,Jhapa
Thakur Prasad Gaire,CPN (Unified Marxist-Leninist),Palpa-2,"10,503",Declared,♂ Male,Lumbini Province,Palpa
Matrika Prasada Yadav,Nepali Communist Party,Dhanusha-1,"10,430",Winner 🏆,♂ Male,Madhesh Province,Dhanusha
Vaina Bahadura Kshetri(adhikari),CPN (Unified Marxist-Leninist),Kaski-1,"10,429",Declared,♂ Male,Gandaki Province,Kaski
Vanvi Sinh,Janata Samajwadi Party Nepal,Saptari-4,"10,280",Declared,♀ Female,Madhesh Province,Saptari
Pushpa Kamala Dahala Prachand,Nepali Communist Party,Rukum East-1,"10,240",Winner 🏆,♂ Male,Lumbini Province,Rukum East
Bhim Bahadur Rawal,Nepali Communist Party,Achham-1,"10,233",Declared,♂ Male,Sudurpashchim Province,Achham
Surendra Lama,Ujyalo Nepal Party,Makwanpur-1,"10,205",Declared,♂ Male,Bagmati Province,Makwanpur
Dinesha Prasada Yadava Parasaila,Nepali Congress,Dhanusha-2,"10,198",Declared,♂ Male,Madhesh Province,Dhanusha
Sharat Singh Bhandari,Janata Samajwadi Party Nepal,Mahottari-2,"10,198",Declared,♂ Male,Madhesh Province,Mahottari
Lilanath Shrestha,CPN (Unified Marxist-Leninist),Siraha-3,"10,156",Declared,♂ Male,Madhesh Province,Siraha
Umashankara Aragariya,CPN (Unified Marxist-Leninist),Dhanusha-2,"10,153",Declared,♂ Male,Madhesh Province,Dhanusha
Dhan Bahadur Ghale,CPN (Unified Marxist-Leninist),Dhading-2,"10,084",Declared,♂ Male,Bagmati Province,Dhading
Krishna Rijal,Nepali Congress,Dhading-1,"10,080",Declared,♂ Male,Bagmati Province,Dhading
Pharamullaha Mansur,Nepali Congress,Bara-3,"10,052",Declared,♂ Male,Madhesh Province,Bara
Bal Dev Chaudhary,Nepali Communist Party,Udayapur-1,"10,021",Declared,♂ Male,Koshi Province,Udayapur
Kevalram Rai,Shram Sanskriti Party,Jhapa-1,"10,004",Declared,♂ Male,Koshi Province,Jhapa
Dinesh Bhandari,Rastriya Swatantra Party,Dhankuta-1,"9,944",Declared,♂ Male,Koshi Province,Dhankuta
Vish‍vanatha Sah,Nepali Communist Party,Siraha-3,"9,942",Declared,♂ Male,Madhesh Province,Siraha
Gokul Prasad Gharti,CPN (Unified Marxist-Leninist),Rolpa-1,"9,933",Declared,♂ Male,Lumbini Province,Rolpa
Prabhu Sah,आम जनता पार्टी(एकल चुनाव चिन्ह),Rautahat-3,"9,890",Declared,♂ Male,Madhesh Province,Rautahat
Chandra Kant Raut,Janamat Party,Saptari-2,"9,880",Declared,♂ Male,Madhesh Province,Saptari
Subhash Chandra Yadav,Nepali Congress,Siraha-3,"9,879",Declared,♂ Male,Madhesh Province,Siraha
Uma Kumari Rai,Shram Sanskriti Party,Sankhuwasabha-1,"9,857",Declared,♀ Female,Koshi Province,Sankhuwasabha
Ghana Shyam Khatiwada,CPN (Unified Marxist-Leninist),Morang-1,"9,823",Declared,♂ Male,Koshi Province,Morang
Juli Kumari Mahato (mahasetha),CPN (Unified Marxist-Leninist),Dhanusha-3,"9,786",Declared,♀ Female,Madhesh Province,Dhanusha
Ram Sundar Chaudhary,Nepali Congress,Siraha-1,"9,784",Declared,♂ Male,Madhesh Province,Siraha
Rama Kumara Bhattarai,Nepali Communist Party,Rautahat-4,"9,778",Declared,♂ Male,Madhesh Province,Rautahat
Mina Bahadura Kuvanr,Nepali Communist Party,Bajhang-1,"9,757",Declared,♂ Male,Sudurpashchim Province,Bajhang
Kiran Yadav,Nepali Congress,Mahottari-2,"9,745",Declared,♀ Female,Madhesh Province,Mahottari
Bhima Baduval,Nepali Congress,Kailali-3,"9,706",Declared,♂ Male,Sudurpashchim Province,Kailali
Vidura Vasnet,Nepali Congress,Udayapur-1,"9,675",Declared,♂ Male,Koshi Province,Udayapur
Dikpal Kumar Shahi,Nepali Congress,Dailekh-2,"9,552",Declared,♂ Male,Karnali Province,Dailekh
Yagya Bahadur Bogati,CPN (Unified Marxist-Leninist),Achham-2,"9,518",Winner 🏆,♂ Male,Sudurpashchim Province,Achham
Rama Palatana Sah,Nepali Congress,Dhanusha-1,"9,502",Declared,♂ Male,Madhesh Province,Dhanusha
Vinoda Kumara Chaudhari,Nepali Congress,Parasi-1,"9,502",Declared,♂ Male,Lumbini Province,Parasi
Lekh Raj Bhatta,CPN (Unified Marxist-Leninist),Kailali-4,"9,444",Declared,♂ Male,Sudurpashchim Province,Kailali
Hari Roka,Nepali Communist Party,Khotang-1,"9,443",Declared,♂ Male,Koshi Province,Khotang
Hari Prasad Bohara,Nepali Congress,Kanchanpur-3,"9,443",Declared,♂ Male,Sudurpashchim Province,Kanchanpur
Deu Kumar Thewe,Nepali Congress,Jhapa-4,"9,434",Declared,♂ Male,Koshi Province,Jhapa
Phul Kumar Lalwani,Nepali Congress,Morang-5,"9,415",Declared,♂ Male,Koshi Province,Morang
Ashim Rai,Nepali Communist Party,Solukhumbu-1,"9,414",Declared,♂ Male,Koshi Province,Solukhumbu
Chunna Prasad Sharma,Nepali Congress,Rupandehi-2,"9,392",Declared,♂ Male,Lumbini Province,Rupandehi
Amnish Kumar Yadav,CPN (Unified Marxist-Leninist),Sarlahi-4,"9,343",Declared,♂ Male,Madhesh Province,Sarlahi
Dhan Bahadur Maski,Nepali Communist Party,Dang-3,"9,328",Declared,♂ Male,Lumbini Province,Dang
Shekha Sagir,Rastriya Swatantra Party,Rautahat-2,"9,325",Declared,♂ Male,Madhesh Province,Rautahat
Ramachandra Mandal,CPN (Unified Marxist-Leninist),Dhanusha-1,"9,315",Declared,♂ Male,Madhesh Province,Dhanusha
Bishnu Prasad Chaudhary,Nepali Communist Party,Bardiya-1,"9,285",Declared,♂ Male,Lumbini Province,Bardiya
Shailesh Kumar Singh,Rastriya Swatantra Party,Bajhang-1,"9,263",Declared,♂ Male,Sudurpashchim Province,Bajhang
Samir Tamang,Shram Sanskriti Party,Jhapa-5,"9,233",Declared,♂ Male,Koshi Province,Jhapa
Durga Kumar Thapa,CPN (Unified Marxist-Leninist),Udayapur-1,"9,206",Declared,♂ Male,Koshi Province,Udayapur
Vimala Gadal,Rastriya Swatantra Party,Ilam-1,"9,160",Declared,♂ Male,Koshi Province,Ilam
Pradipa Paudel,Nepali Congress,Kathmandu-5,"9,159",Declared,♂ Male,Bagmati Province,Kathmandu
Bhagiratha Sapakota,CPN (Unified Marxist-Leninist),Nawalpur-1,"9,131",Declared,♂ Male,Gandaki Province,Nawalpur
Krishna Dhwoj Khadka,Nepali Communist Party,Pyuthan-1,"9,074",Declared,♂ Male,Lumbini Province,Pyuthan
Pushpa Bahadur Shah,Nepali Congress,Achham-2,"9,046",Declared,♂ Male,Sudurpashchim Province,Achham
Jitendra Kumar Shrestha,Nepali Congress,Lalitpur-3,"9,045",Declared,♂ Male,Bagmati Province,Lalitpur
Ram Bahadur Bhandari,Nepali Communist Party,Dhading-2,"9,036",Declared,♂ Male,Bagmati Province,Dhading
Rajesh Singh Samant (Saud),Rastriya Swatantra Party,Darchula-1,"8,936",Declared,♂ Male,Sudurpashchim Province,Darchula
Badri Mainali,CPN (Unified Marxist-Leninist),Nuwakot-1,"8,932",Declared,♂ Male,Bagmati Province,Nuwakot
Kabir Sharma,Nepali Congress,Kathmandu-2,"8,874",Declared,♂ Male,Bagmati Province,Kathmandu
Sachin Timilsena,Nepali Congress,Kathmandu-4,"8,824",Declared,♂ Male,Bagmati Province,Kathmandu
Jaya Pati Rokaya,Nepali Congress,Humla-1,"8,797",Winner 🏆,♂ Male,Karnali Province,Humla
Raj Kumar Yadav,Janata Samajwadi Party Nepal,Morang-5,"8,747",Declared,♂ Male,Koshi Province,Morang
Surendra Kumar Yadav,Janata Samajwadi Party Nepal,Mahottari-4,"8,742",Declared,♂ Male,Madhesh Province,Mahottari
Balkrishna Thapa,Nepali Congress,Bhojpur-1,"8,670",Declared,♂ Male,Koshi Province,Bhojpur
Hira Bahadur Khatri,CPN (Unified Marxist-Leninist),Baglung-1,"8,640",Declared,♂ Male,Gandaki Province,Baglung
Jagdish Prasad Kusiyaith,CPN (Unified Marxist-Leninist),Sunsari-4,"8,631",Declared,♂ Male,Koshi Province,Sunsari
Shiva Kumar Mandal (Kewat),Nepali Communist Party,Morang-5,"8,614",Declared,♂ Male,Koshi Province,Morang
Anila Kumara Jha,Nepali Congress,Rautahat-1,"8,574",Declared,♂ Male,Madhesh Province,Rautahat
Mahindra Raya Yadav,Nepali Communist Party,Sarlahi-2,"8,523",Declared,♂ Male,Madhesh Province,Sarlahi
Gopi Prasad Upadhyaya,Nepali Congress,Kanchanpur-1,"8,467",Declared,♂ Male,Sudurpashchim Province,Kanchanpur
Sushil Gurung,Nepali Congress,Rupandehi-3,"8,435",Declared,♂ Male,Lumbini Province,Rupandehi
Dinesh Kumar Yadav,Nepali Congress,Saptari-3,"8,428",Declared,♂ Male,Madhesh Province,Saptari
Rama Chandra Jha,Nepali Communist Party,Dhanusha-2,"8,403",Declared,♂ Male,Madhesh Province,Dhanusha
Kavir Rana,Nepali Congress,Bhaktapur-2,"8,401",Declared,♂ Male,Bagmati Province,Bhaktapur
Ramlal Dagaura Tharu,Nepali Communist Party,Kailali-1,"8,392",Declared,♂ Male,Sudurpashchim Province,Kailali
Tek Prasad Gurung,Nepali Congress,Chitwan-3,"8,344",Declared,♂ Male,Bagmati Province,Chitwan
Binod Prasad Dhakal,CPN (Unified Marxist-Leninist),Morang-6,"8,317",Declared,♂ Male,Koshi Province,Morang
Sujan Lama,CPN (Unified Marxist-Leninist),Sunsari-2,"8,303",Declared,♂ Male,Koshi Province,Sunsari
Prajjavala Bohara,Rastriya Prajatantra Party,Rupandehi-1,"8,301",Declared,♂ Male,Lumbini Province,Rupandehi
Keshav Raj Pandey,CPN (Unified Marxist-Leninist),Nuwakot-2,"8,285",Declared,♂ Male,Bagmati Province,Nuwakot
Basu Dev Ghimire,CPN (Unified Marxist-Leninist),Rupandehi-3,"8,275",Declared,♂ Male,Lumbini Province,Rupandehi
Kalpana Rai,CPN (Unified Marxist-Leninist),Solukhumbu-1,"8,228",Declared,♀ Female,Koshi Province,Solukhumbu
Rajendra Kumar Ghimire,Nepali Congress,Jhapa-3,"8,199",Declared,♂ Male,Koshi Province,Jhapa
Nanda Kishor Basnet,Rastriya Swatantra Party,Dailekh-1,"8,151",Declared,♂ Male,Karnali Province,Dailekh
Basundhara Humagaee,Nepali Communist Party,Kavrepalanchok-2,"8,107",Declared,♂ Male,Bagmati Province,Kavrepalanchok
Himal Karki,Nepali Congress,Kathmandu-10,"8,100",Declared,♂ Male,Bagmati Province,Kathmandu
Tara Lama Tamang,CPN (Unified Marxist-Leninist),Kanchanpur-1,"8,088",Declared,♂ Male,Sudurpashchim Province,Kanchanpur
Bishram Prasad Chaudhary,CPN (Unified Marxist-Leninist),Kapilvastu-1,"7,981",Declared,♂ Male,Lumbini Province,Kapilvastu
Ajay Shankar Nayak,Nepali Communist Party,Siraha-4,"7,972",Declared,♂ Male,Madhesh Province,Siraha
Rama Prasada Pandey,CPN (Unified Marxist-Leninist),Parasi-1,"7,956",Declared,♂ Male,Lumbini Province,Parasi
Harikrishna Shrestha,CPN (Unified Marxist-Leninist),Myagdi-1,"7,919",Declared,♂ Male,Gandaki Province,Myagdi
Khadga Shahi,Nepali Congress,Mugu-1,"7,914",Winner 🏆,♂ Male,Karnali Province,Mugu
Damodar Paudel Bairagi,CPN (Unified Marxist-Leninist),Kaski-3,"7,906",Declared,♂ Male,Gandaki Province,Kaski
Ram Shankar Yadav,CPN (Unified Marxist-Leninist),Siraha-1,"7,886",Declared,♂ Male,Madhesh Province,Siraha
Surya Bahadur Thapa,CPN (Unified Marxist-Leninist),Kailali-2,"7,886",Declared,♂ Male,Sudurpashchim Province,Kailali
Prem Bahadur Ale,Nepali Communist Party,Kailali-5,"7,876",Declared,♂ Male,Sudurpashchim Province,Kailali
Shambhu Lal Shrestha,Nepali Congress,Sarlahi-1,"7,871",Declared,♂ Male,Madhesh Province,Sarlahi
Manju Sharma,CPN (Unified Marxist-Leninist),Baglung-2,"7,864",Declared,♀ Female,Gandaki Province,Baglung
Sumit Kumar,Swabhiman Party,Saptari-1,"7,847",Declared,♂ Male,Madhesh Province,Saptari
Hridayesha Tripathi,Janata Samajwadi Party Nepal,Parasi-1,"7,832",Declared,♂ Male,Lumbini Province,Parasi
Gokula Bahadura Raee,Rastriya Swatantra Party,Ilam-2,"7,814",Declared,♂ Male,Koshi Province,Ilam
Gaurab Bohara,Rastriya Prajatantra Party,Rupandehi-3,"7,789",Declared,♂ Male,Lumbini Province,Rupandehi
Iran Kumar Rai,CPN (Unified Marxist-Leninist),Morang-3,"7,752",Declared,♂ Male,Koshi Province,Morang
Surendra Karki,Rastriya Swatantra Party,Tehrathum-1,"7,737",Declared,♂ Male,Koshi Province,Tehrathum
Madhava Kumara Nepal,Nepali Communist Party,Rautahat-1,"7,669",Declared,♂ Male,Madhesh Province,Rautahat
Rana Bahadura Raee,Nepali Communist Party,Ilam-1,"7,665",Declared,♂ Male,Koshi Province,Ilam
Ramchandra Upreti,CPN (Unified Marxist-Leninist),Jhapa-1,"7,659",Declared,♂ Male,Koshi Province,Jhapa
Tilaka Bahadura Ji.si,Rastriya Janamorcha,Pyuthan-1,"7,654",Declared,♂ Male,Lumbini Province,Pyuthan
Suman Raj Pyakurel,CPN (Unified Marxist-Leninist),Saptari-1,"7,652",Declared,♂ Male,Madhesh Province,Saptari
Ambar Bahadur Raimajhi,CPN (Unified Marxist-Leninist),Udayapur-2,"7,648",Declared,♂ Male,Koshi Province,Udayapur
Sanju Saha Kanu,Janata Samajwadi Party Nepal,Bara-4,"7,593",Declared,♂ Male,Madhesh Province,Bara
Deepak Prakash Bhatta,CPN (Unified Marxist-Leninist),Kanchanpur-3,"7,575",Declared,♂ Male,Sudurpashchim Province,Kanchanpur
Rashmi Acharya,CPN (Unified Marxist-Leninist),Kaski-2,"7,493",Declared,♂ Male,Gandaki Province,Kaski
Hari Bahadur Rajbanshi,CPN (Unified Marxist-Leninist),Jhapa-3,"7,492",Declared,♂ Male,Koshi Province,Jhapa
Dadhiram Neupane,CPN (Unified Marxist-Leninist),Rupandehi-1,"7,488",Declared,♂ Male,Lumbini Province,Rupandehi
Chtean Rai,Shram Sanskriti Party,Sunsari-2,"7,484",Declared,♂ Male,Koshi Province,Sunsari
Harsh Bahadur Bam,Nepali Congress,Kalikot-1,"7,450",Declared,♂ Male,Karnali Province,Kalikot
Prem Krishna Maharjan,Nepali Congress,Lalitpur-2,"7,420",Declared,♂ Male,Bagmati Province,Lalitpur
Yogendra Lama,Ujyalo Nepal Party,Kavrepalanchok-1,"7,403",Declared,♂ Male,Bagmati Province,Kavrepalanchok
Dipak Bahadur Saund,CPN (Unified Marxist-Leninist),Achham-1,"7,389",Declared,♂ Male,Sudurpashchim Province,Achham
Drigha Narayan Pandey,CPN (Unified Marxist-Leninist),Kapilvastu-2,"7,357",Declared,♂ Male,Lumbini Province,Kapilvastu
Dipak Timsina,Shram Sanskriti Party,Jhapa-3,"7,339",Declared,♂ Male,Koshi Province,Jhapa
Keshav Kumar Bhandari,Shram Sanskriti Party,Jhapa-2,"7,291",Declared,♂ Male,Koshi Province,Jhapa
Ram Kumar Rai,Nepali Congress,Udayapur-2,"7,290",Declared,♂ Male,Koshi Province,Udayapur
Dipendra Rokaya,Nepali Communist Party,Humla-1,"7,243",Declared,♂ Male,Karnali Province,Humla
Balabira Prasada Chaudhari,CPN (Unified Marxist-Leninist),Bara-2,"7,213",Declared,♂ Male,Madhesh Province,Bara
Vijay Bahadur Swar,Nepali Congress,Kailali-2,"7,213",Declared,♂ Male,Sudurpashchim Province,Kailali
Deben‍dra Yadav,Janata Samajwadi Party Nepal,Parasi-2,"7,212",Declared,♂ Male,Lumbini Province,Parasi
Dip Bahadur Yonjan,Ujyalo Nepal Party,Ramechhap-1,"7,201",Declared,♂ Male,Bagmati Province,Ramechhap
Amrita Devi Rai,Shram Sanskriti Party,Jhapa-4,"7,161",Declared,♀ Female,Koshi Province,Jhapa
Dip Bahadur Shahi,Nepali Congress,Jumla-1,"7,143",Declared,♂ Male,Karnali Province,Jumla
Sh‍yamababu Gupta,Nepali Congress,Bara-4,"7,113",Declared,♂ Male,Madhesh Province,Bara
Nirmal Acharya,Nepali Communist Party,Dang-2,"7,083",Declared,♂ Male,Lumbini Province,Dang
Da.saroja Kumar,Nepali Congress,Sarlahi-2,"7,039",Declared,♂ Male,Madhesh Province,Sarlahi
Ramdev Sah (Teli),Nepali Congress,Saptari-1,"6,994",Declared,♂ Male,Madhesh Province,Saptari
As‍mina Ghimire,CPN (Unified Marxist-Leninist),Chitwan-2,"6,992",Declared,♂ Male,Bagmati Province,Chitwan
Pramanand Bhatta,Nepali Communist Party,Baitadi-1,"6,965",Declared,♂ Male,Sudurpashchim Province,Baitadi
Manoj Kumar Agrawal,CPN (Unified Marxist-Leninist),Morang-5,"6,945",Declared,♂ Male,Koshi Province,Morang
Mahendra Kumar Raya,Nepali Congress,Mahottari-4,"6,944",Declared,♂ Male,Madhesh Province,Mahottari
Jivan Ghimire,CPN (Unified Marxist-Leninist),Morang-4,"6,933",Declared,♂ Male,Koshi Province,Morang
Ramavavu Kumara Yadav,Janata Samajwadi Party Nepal,Bara-3,"6,884",Declared,♂ Male,Madhesh Province,Bara
Yogendra Raya Yadav,Janata Samajwadi Party Nepal,Rautahat-1,"6,846",Declared,♂ Male,Madhesh Province,Rautahat
Mana Siha Mal,Nepali Communist Party,Dadeldhura-1,"6,834",Declared,♂ Male,Sudurpashchim Province,Dadeldhura
Rewatiraman Sharma Ghimire,CPN (Unified Marxist-Leninist),Dang-1,"6,825",Declared,♂ Male,Lumbini Province,Dang
Dhan Bahadur Budha,Nepali Communist Party,Dolpa-1,"6,802",Winner 🏆,♂ Male,Karnali Province,Dolpa
Bakhat Bahadur Shahi,Rastriya Swatantra Party,Dailekh-2,"6,797",Declared,♂ Male,Karnali Province,Dailekh
Khel Prasad Buda Chhetri,Nepali Communist Party,Taplejung-1,"6,775",Declared,♂ Male,Koshi Province,Taplejung
Sushila Thing,Nepali Congress,Sindhuli-2,"6,760",Declared,♀ Female,Bagmati Province,Sindhuli
Vikrama Chaudhari,जनता समाजवादी पार्टी(एकल चुनाव चिन्ह),Kailali-3,"6,747",Declared,♂ Male,Sudurpashchim Province,Kailali
Hiranath Khatiwada,Nepali Communist Party,Nuwakot-2,"6,720",Declared,♂ Male,Bagmati Province,Nuwakot
Purna Bahadur Rokaya,CPN (Unified Marxist-Leninist),Mugu-1,"6,718",Declared,♂ Male,Karnali Province,Mugu
Tarakant Chaudhary,CPN (Unified Marxist-Leninist),Saptari-3,"6,715",Declared,♂ Male,Madhesh Province,Saptari
Nabin Kumar Yadav,CPN (Unified Marxist-Leninist),Siraha-2,"6,713",Declared,♂ Male,Madhesh Province,Siraha
Karna Bahadur Bhandari,Nepali Congress,Myagdi-1,"6,676",Declared,♂ Male,Gandaki Province,Myagdi
Krish‍na Vaniyan Kshetri,Nepali Congress,Kathmandu-6,"6,667",Declared,♂ Male,Bagmati Province,Kathmandu
Binod Kumar Khanal,Nepali Congress,Sarlahi-3,"6,624",Declared,♂ Male,Madhesh Province,Sarlahi
Kundana Prasada Kushavaha,CPN (Unified Marxist-Leninist),Rautahat-3,"6,605",Declared,♂ Male,Madhesh Province,Rautahat
Lakshmi Mahatae Kaeiri,CPN (Unified Marxist-Leninist),Mahottari-1,"6,591",Declared,♂ Male,Madhesh Province,Mahottari
Chet Nath Sanjel,CPN (Unified Marxist-Leninist),Lalitpur-1,"6,546",Declared,♂ Male,Bagmati Province,Lalitpur
Madhav Prasad Bastola,Nepali Congress,Kaski-2,"6,500",Declared,♂ Male,Gandaki Province,Kaski
Bal Bahadur Kunwar,Nepali Communist Party,Achham-2,"6,493",Declared,♂ Male,Sudurpashchim Province,Achham
Tika Ram Limbu,CPN (Unified Marxist-Leninist),Sunsari-1,"6,463",Declared,♂ Male,Koshi Province,Sunsari
Ramakripala Prasada Yadav,Nepali Congress,Rautahat-3,"6,420",Declared,♂ Male,Madhesh Province,Rautahat
Bachan Bahadur Singh,CPN (Unified Marxist-Leninist),Kanchanpur-2,"6,418",Declared,♂ Male,Sudurpashchim Province,Kanchanpur
Prabal Thapa Chhetri,Nepali Congress,Kathmandu-1,"6,364",Declared,♂ Male,Bagmati Province,Kathmandu
Madhav Prasad Panta,Nepali Communist Party,Kanchanpur-2,"6,337",Declared,♂ Male,Sudurpashchim Province,Kanchanpur
Prabin Kumar Syangtan,Ujyalo Nepal Party,Makwanpur-2,"6,237",Declared,♂ Male,Bagmati Province,Makwanpur
Mukesh Raj Kafle,Nepali Congress,Mahottari-1,"6,213",Declared,♂ Male,Madhesh Province,Mahottari
Neelam Adhikari,CPN (Unified Marxist-Leninist),Mahottari-4,"6,192",Declared,♀ Female,Madhesh Province,Mahottari
Suryaa Bahadur Bhattarai,Nepali Communist Party,Sunsari-1,"6,185",Declared,♂ Male,Koshi Province,Sunsari
Muhammad Wakil Musalman,Nepali Communist Party,Rupandehi-5,"6,176",Declared,♂ Male,Lumbini Province,Rupandehi
Ramesh Prashad Ojha,Rastriya Swatantra Party,Bhojpur-1,"6,102",Declared,♂ Male,Koshi Province,Bhojpur
Manoj Kumar Devkota,CPN (Unified Marxist-Leninist),Sarlahi-1,"6,101",Declared,♂ Male,Madhesh Province,Sarlahi
Hemraj Thapa,Rastriya Swatantra Party,Bajura-1,"6,035",Declared,♂ Male,Sudurpashchim Province,Bajura
Narendra Prasad Pandey,Nepali Communist Party,Banke-1,"6,033",Declared,♂ Male,Lumbini Province,Banke
Raj Kaji Maharjan,Nepali Communist Party,Lalitpur-3,"6,022",Declared,♂ Male,Bagmati Province,Lalitpur
Ramesh Aryal,Nepali Congress,Kathmandu-3,"6,000",Declared,♂ Male,Bagmati Province,Kathmandu
Rajendra Mahato,जनता समाजवादी पार्टी(एकल चुनाव चिन्ह),Sarlahi-2,"5,992",Declared,♂ Male,Madhesh Province,Sarlahi
Muhamada Rijavan,नेपाल संघीय समाजवादी पार्टी(एकल चुनाव चिन्ह),Mahottari-3,"5,969",Declared,♂ Male,Madhesh Province,Mahottari
Yagya Raj Dhungana Upadhyaya,CPN (Unified Marxist-Leninist),Kailali-5,"5,839",Declared,♂ Male,Sudurpashchim Province,Kailali
Bhagavati Nyaupane,CPN (Unified Marxist-Leninist),Tanahun-1,"5,830",Declared,♀ Female,Gandaki Province,Tanahun
Hari Prasad Upreti,CPN (Unified Marxist-Leninist),Sarlahi-3,"5,776",Declared,♂ Male,Madhesh Province,Sarlahi
Rajan Bhattarai,CPN (Unified Marxist-Leninist),Kathmandu-4,"5,733",Declared,♂ Male,Bagmati Province,Kathmandu
Ajambar Rai Kangman,Nepali Communist Party,Bhojpur-1,"5,728",Declared,♂ Male,Koshi Province,Bhojpur
Abdul Khan,जनता समाजवादी पार्टी(एकल चुनाव चिन्ह),Bardiya-1,"5,724",Declared,♂ Male,Lumbini Province,Bardiya
Rudra Giri,Rastriya Swatantra Party,Khotang-1,"5,704",Declared,♂ Male,Koshi Province,Khotang
Aseshvara Yadav,Janata Samajwadi Party Nepal,Siraha-3,"5,671",Declared,♂ Male,Madhesh Province,Siraha
Sarita Prasai,Nepali Congress,Jhapa-2,"5,616",Declared,♀ Female,Koshi Province,Jhapa
Hari Ram Chaudhary,Nepali Communist Party,Kailali-4,"5,609",Declared,♂ Male,Sudurpashchim Province,Kailali
Basant Bhatta,Rastriya Swatantra Party,Rasuwa-1,"5,571",Declared,♂ Male,Bagmati Province,Rasuwa
Chandra Bahadur Shahi,Nepali Communist Party,Mugu-1,"5,558",Declared,♂ Male,Karnali Province,Mugu
Raja Ram Tandukar,Ujyalo Nepal Party,Lalitpur-2,"5,547",Declared,♂ Male,Bagmati Province,Lalitpur
Pramod Sah,Nepali Communist Party,Sarlahi-1,"5,498",Declared,♂ Male,Madhesh Province,Sarlahi
Nanu Maiya Bastola,Nepali Congress,Kathmandu-9,"5,460",Declared,♀ Female,Bagmati Province,Kathmandu
Trilochan Bhatta,Nepali Communist Party,Doti-1,"5,413",Declared,♂ Male,Sudurpashchim Province,Doti
Lank Bahadur Rokaya,CPN (Unified Marxist-Leninist),Dolpa-1,"5,396",Declared,♂ Male,Karnali Province,Dolpa
Bharat Prasad Shah,Nepali Communist Party,Mahottari-4,"5,336",Declared,♂ Male,Madhesh Province,Mahottari
Som Prasad Pandeya,Nepali Communist Party,Palpa-2,"5,288",Declared,♂ Male,Lumbini Province,Palpa
Jvala Kumari Sah,CPN (Unified Marxist-Leninist),Bara-3,"5,271",Declared,♀ Female,Madhesh Province,Bara
Kunti Devi Pokharel (Upadhyay),Rastriya Prajatantra Party,Kathmandu-2,"5,210",Declared,♀ Female,Bagmati Province,Kathmandu
Santosh Rai,Shram Sanskriti Party,Taplejung-1,"5,209",Declared,♂ Male,Koshi Province,Taplejung
Suvindra Kumara Limvu,Shram Sanskriti Party,Tehrathum-1,"5,200",Declared,♂ Male,Koshi Province,Tehrathum
Suresh Kumar Rai,Nepali Communist Party,Udayapur-2,"5,197",Declared,♂ Male,Koshi Province,Udayapur
Birendra Prasad Mahato,Janamat Party,Siraha-4,"5,041",Declared,♂ Male,Madhesh Province,Siraha
Eeshvara Dayala Mishr,जनता समाजवादी पार्टी(एकल चुनाव चिन्ह),Kapilvastu-3,"5,017",Declared,♂ Male,Lumbini Province,Kapilvastu
Shankar Raj Thapaliya,CPN (Unified Marxist-Leninist),Chitwan-3,"5,004",Declared,♂ Male,Bagmati Province,Chitwan
Khadaga Vahadura Vishvakarma,CPN (Maoist),Kalikot-1,"4,993",Declared,♂ Male,Karnali Province,Kalikot
Pratap Gurung,Nepali Communist Party,Chitwan-2,"4,969",Declared,♂ Male,Bagmati Province,Chitwan
Metmani Chaudhary,Nepali Communist Party,Dang-1,"4,965",Declared,♂ Male,Lumbini Province,Dang
Binod Shrestha,CPN (Unified Marxist-Leninist),Kathmandu-10,"4,864",Declared,♂ Male,Bagmati Province,Kathmandu
Jaya Kanta Raut,Janamat Party,Saptari-1,"4,833",Declared,♂ Male,Madhesh Province,Saptari
Ram Aadhar Kapar,Independent,Mahottari-3,"4,790",Declared,♂ Male,Madhesh Province,Mahottari
Maniram Phuyal,CPN (Unified Marxist-Leninist),Kathmandu-2,"4,759",Declared,♂ Male,Bagmati Province,Kathmandu
Kripasindhu Prasad,Janata Samajwadi Party Nepal,Parsa-4,"4,758",Declared,♂ Male,Madhesh Province,Parsa
Gauri Shankar Chaudhary,CPN (Unified Marxist-Leninist),Kailali-3,"4,752",Declared,♂ Male,Sudurpashchim Province,Kailali
Dekendra Prasad Subedi,Nepali Communist Party,Sindhuli-1,"4,708",Declared,♂ Male,Bagmati Province,Sindhuli
Ishwar Pokharel,CPN (Unified Marxist-Leninist),Kathmandu-5,"4,701",Declared,♂ Male,Bagmati Province,Kathmandu
Dhubra Bahadura Pradhan,Rastriya Prajatantra Party,Parasi-2,"4,691",Declared,♂ Male,Lumbini Province,Parasi
Prem Bahadur Tamang,CPN (Unified Marxist-Leninist),Rasuwa-1,"4,688",Declared,♂ Male,Bagmati Province,Rasuwa
Krishna Bahadur Kunwar,Nepali Communist Party,Kapilvastu-1,"4,616",Declared,♂ Male,Lumbini Province,Kapilvastu
Jhak Bahadur Malla,Nepali Communist Party,Surkhet-2,"4,587",Declared,♂ Male,Karnali Province,Surkhet
Ajay Kranti Shakya,CPN (Unified Marxist-Leninist),Kathmandu-9,"4,580",Declared,♂ Male,Bagmati Province,Kathmandu
Dipak Bahadur Singh,Rastriya Prajatantra Party,Makwanpur-1,"4,574",Declared,♂ Male,Bagmati Province,Makwanpur
Bhup Dev Shah,Rastriya Swatantra Party,Achham-2,"4,562",Declared,♂ Male,Sudurpashchim Province,Achham
Manhari Sharma,Nepali Communist Party,Parbat-1,"4,557",Declared,♂ Male,Gandaki Province,Parbat
Prem Bahadur Maharjan,CPN (Unified Marxist-Leninist),Lalitpur-2,"4,536",Declared,♂ Male,Bagmati Province,Lalitpur
Krishna Prasad Sharma Adhikari,Rastriya Janamorcha,Baglung-1,"4,521",Declared,♂ Male,Gandaki Province,Baglung
Aman Kumar Maskey,CPN (Unified Marxist-Leninist),Kathmandu-6,"4,518",Declared,♂ Male,Bagmati Province,Kathmandu
Shanti Lal Mahat,CPN (Unified Marxist-Leninist),Jumla-1,"4,518",Declared,♂ Male,Karnali Province,Jumla
Dharika Prasad Neupane,CPN (Unified Marxist-Leninist),Kailali-1,"4,493",Declared,♂ Male,Sudurpashchim Province,Kailali
Dharm Bahadur Chaudhary,Ujyalo Nepal Party,Bardiya-2,"4,472",Declared,♂ Male,Lumbini Province,Bardiya
Nanda Bahadur Saud,Nepali Communist Party,Kailali-2,"4,369",Declared,♂ Male,Sudurpashchim Province,Kailali
Bajrang Nepali,Nepali Congress,Mahottari-3,"4,342",Declared,♂ Male,Madhesh Province,Mahottari
Dala Phadera,CPN (Unified Marxist-Leninist),Humla-1,"4,331",Declared,♂ Male,Karnali Province,Humla
Lekhanatha Kharel,CPN (Unified Marxist-Leninist),Parasi-2,"4,311",Declared,♂ Male,Lumbini Province,Parasi
Man Bahadur Sunar,Nepali Communist Party,Kanchanpur-3,"4,284",Declared,♂ Male,Sudurpashchim Province,Kanchanpur
Kiran Neupane,Nepali Congress,Bhaktapur-1,"4,282",Declared,♂ Male,Bagmati Province,Bhaktapur
Ammar Bahadur Thapa,Nepali Communist Party,Dailekh-1,"4,256",Declared,♂ Male,Karnali Province,Dailekh
Ehsan Ahmad Khan,Nepali Communist Party,Kapilvastu-3,"4,251",Declared,♂ Male,Lumbini Province,Kapilvastu
Dharmanath Prasad Sah,CPN (Unified Marxist-Leninist),Siraha-4,"4,227",Declared,♂ Male,Madhesh Province,Siraha
Yogendra Mandal,"राष्ट्रिय उर्जाशील पार्टी, नेपाल",Morang-5,"4,199",Declared,♂ Male,Koshi Province,Morang
Mahendra Bikram Thamsuhang,Rastriya Swatantra Party,Panchthar-1,"4,197",Declared,♂ Male,Koshi Province,Panchthar
Birendra Shrestha,Rastriya Swatantra Party,Taplejung-1,"4,155",Declared,♂ Male,Koshi Province,Taplejung
Dipaka Karki,Janata Samajwadi Party Nepal,Dhanusha-1,"4,145",Declared,♂ Male,Madhesh Province,Dhanusha
Arun Rai,Shram Sanskriti Party,Udayapur-2,"4,139",Declared,♂ Male,Koshi Province,Udayapur
Krishna Raj Panta,Nepali Communist Party,Chitwan-1,"4,081",Declared,♂ Male,Bagmati Province,Chitwan
Mana Bahadura Shahi,Rastriya Swatantra Party,Rukum West-1,"4,076",Declared,♂ Male,Karnali Province,Rukum West
Chandra Kala Kumari Yadav,Nepali Congress,Siraha-4,"4,061",Declared,♀ Female,Madhesh Province,Siraha
Deepak Kumar Gauri Magar,Nepali Communist Party,Banke-3,"4,015",Declared,♂ Male,Lumbini Province,Banke
Ram Prakash Chaudhary,Janata Samajwadi Party Nepal,Sarlahi-1,"3,991",Declared,♂ Male,Madhesh Province,Sarlahi
Pramod Hari Guragain,Nepali Congress,Kathmandu-7,"3,982",Declared,♂ Male,Bagmati Province,Kathmandu
Rabindra Mishra,Rastriya Prajatantra Party,Kathmandu-1,"3,972",Declared,♂ Male,Bagmati Province,Kathmandu
Sujendra Tamang,Nepali Congress,Sunsari-1,"3,970",Declared,♂ Male,Koshi Province,Sunsari
Bhadra Prasad Nepal,Rastriya Prajatantra Party,Jhapa-2,"3,966",Declared,♂ Male,Koshi Province,Jhapa
Minakshi Thakur,Janata Samajwadi Party Nepal,Mahottari-3,"3,946",Declared,♀ Female,Madhesh Province,Mahottari
Purna Bahadur Chanda,Rastriya Prajatantra Party,Kanchanpur-3,"3,902",Declared,♂ Male,Sudurpashchim Province,Kanchanpur
Punama Devi,Nepali Communist Party,Rautahat-3,"3,881",Declared,♀ Female,Madhesh Province,Rautahat
Uddav Kumar Rai,Shram Sanskriti Party,Okhaldhunga-1,"3,858",Declared,♂ Male,Koshi Province,Okhaldhunga
Yogendra Bahadur Shahi,Nepali Communist Party,Dailekh-2,"3,851",Declared,♂ Male,Karnali Province,Dailekh
Ram Bahadur Chauhhan,Nepali Communist Party,Arghakhanchi-1,"3,847",Declared,♂ Male,Lumbini Province,Arghakhanchi
Pashupati Yadav,Janata Samajwadi Party Nepal,Dhanusha-2,"3,830",Declared,♂ Male,Madhesh Province,Dhanusha
Pramoda Prasada Gup‍ta,Janamat Party,Bara-3,"3,819",Declared,♂ Male,Madhesh Province,Bara
Rameshwar Phuyal,CPN (Unified Marxist-Leninist),Kathmandu-3,"3,816",Declared,♂ Male,Bagmati Province,Kathmandu
Ramesha Va‌aidy,Nepal Workers and Peasants Party,Bhaktapur-2,"3,753",Declared,♂ Male,Bagmati Province,Bhaktapur
Jyotsana Saiju,Ujyalo Nepal Party,Kavrepalanchok-2,"3,749",Declared,♀ Female,Bagmati Province,Kavrepalanchok
Ram Chandra Lamichhane,CPN (Unified Marxist-Leninist),Gorkha-1,"3,732",Declared,♂ Male,Gandaki Province,Gorkha
Manoja Malla Thakuri,Rastriya Prajatantra Party,Dhanusha-1,"3,729",Declared,♂ Male,Madhesh Province,Dhanusha
Som Prasad Mishra,CPN (Unified Marxist-Leninist),Bhaktapur-1,"3,721",Declared,♂ Male,Bagmati Province,Bhaktapur
Chudamani Oli,CPN (Maoist),Rolpa-1,"3,714",Declared,♂ Male,Lumbini Province,Rolpa
Mukti Narayan Singh,Nepali Communist Party,Siraha-2,"3,680",Declared,♂ Male,Madhesh Province,Siraha
Basanta Prasad Manandhar,Nepali Communist Party,Kathmandu-7,"3,667",Declared,♂ Male,Bagmati Province,Kathmandu
Rishi Dhan Thulung Rai,Rastriya Swatantra Party,Solukhumbu-1,"3,642",Declared,♂ Male,Koshi Province,Solukhumbu
Satish Kumar Singh,Swabhiman Party,Saptari-2,"3,557",Declared,♂ Male,Madhesh Province,Saptari
Prakash Shrestha,CPN (Unified Marxist-Leninist),Kathmandu-7,"3,544",Declared,♂ Male,Bagmati Province,Kathmandu
Hari Narayan Yadav,Independent,Mahottari-3,"3,531",Declared,♂ Male,Madhesh Province,Mahottari
Arjun Bahadur Thapa,Nepali Communist Party,Myagdi-1,"3,529",Declared,♂ Male,Gandaki Province,Myagdi
Kasima Nadaph,CPN (Unified Marxist-Leninist),Mahottari-2,"3,524",Declared,♂ Male,Madhesh Province,Mahottari
Raj Kishor Yadav,Janata Samajwadi Party Nepal,Siraha-4,"3,484",Declared,♂ Male,Madhesh Province,Siraha
Ramaji Saha Sonar,CPN (Unified Marxist-Leninist),Rautahat-4,"3,478",Declared,♂ Male,Madhesh Province,Rautahat
Lilamani Gautam,CPN (Unified Marxist-Leninist),Rukum East-1,"3,462",Declared,♂ Male,Lumbini Province,Rukum East
Mo. Gulab Ansari,Nepali Communist Party,Sunsari-4,"3,432",Declared,♂ Male,Koshi Province,Sunsari
Sarbendra Nath Shukla,Janata Samajwadi Party Nepal,Rupandehi-4,"3,410",Declared,♂ Male,Lumbini Province,Rupandehi
Matrika Paudel,Shram Sanskriti Party,Morang-6,"3,400",Declared,♂ Male,Koshi Province,Morang
Fagu Ram Tharu,Independent,Kailali-1,"3,388",Declared,♂ Male,Sudurpashchim Province,Kailali
Hari Jung Tamang,Nepali Communist Party,Lamjung-1,"3,371",Declared,♂ Male,Gandaki Province,Lamjung
Viyas Rai,Shram Sanskriti Party,Solukhumbu-1,"3,363",Declared,♂ Male,Koshi Province,Solukhumbu
Yogesh Gauchan Thakali,Nepali Congress,Mustang-1,"3,307",Winner 🏆,♂ Male,Gandaki Province,Mustang
Prakash Bahadur Shah,Nepali Communist Party,Bajura-1,"3,301",Declared,♂ Male,Sudurpashchim Province,Bajura
Sandan Thapa Magar,CPN (Unified Marxist-Leninist),Lalitpur-3,"3,297",Declared,♂ Male,Bagmati Province,Lalitpur
Pradipa Kumara Shah,Rastriya Prajatantra Party,Banke-1,"3,234",Declared,♂ Male,Lumbini Province,Banke
Suman Shayami,Nepali Communist Party,Kathmandu-8,"3,217",Declared,♂ Male,Bagmati Province,Kathmandu
Sudarsan Baral,Nepali Communist Party,Gulmi-1,"3,167",Declared,♂ Male,Lumbini Province,Gulmi
Jayprakash Tharu,Nepali Communist Party,Parsa-4,"3,113",Declared,♂ Male,Madhesh Province,Parsa
Om Prakash Yadav,Janamat Party,Rupandehi-5,"3,109",Declared,♂ Male,Lumbini Province,Rupandehi
Prakash Neupane,Rastriya Swatantra Party,Kalikot-1,"3,101",Declared,♂ Male,Karnali Province,Kalikot
Sanjiv Kumar Yadav,Janata Samajwadi Party Nepal,Siraha-2,"3,087",Declared,♂ Male,Madhesh Province,Siraha
Milan Gurung,CPN (Unified Marxist-Leninist),Gorkha-2,"3,087",Declared,♂ Male,Gandaki Province,Gorkha
Shrirama Mahat,Nepali Communist Party,Gulmi-2,"3,081",Declared,♂ Male,Lumbini Province,Gulmi
Kusuma Devi Thapa,Nepali Congress,Rukum East-1,"3,081",Declared,♀ Female,Lumbini Province,Rukum East
Lakshman Datt Joshi,Nepali Communist Party,Darchula-1,"3,065",Declared,♂ Male,Sudurpashchim Province,Darchula
Ramaashisha Raya Yadav,Janata Samajwadi Party Nepal,Rautahat-2,"2,960",Declared,♂ Male,Madhesh Province,Rautahat
Karna Bahadur Budha,Nepali Congress,Dolpa-1,"2,947",Declared,♂ Male,Karnali Province,Dolpa
Lokendra Kunwar,Rastriya Prajatantra Party,Kailali-1,"2,937",Declared,♂ Male,Sudurpashchim Province,Kailali
Chakra Prasad Snehi,CPN (Unified Marxist-Leninist),Dadeldhura-1,"2,926",Declared,♂ Male,Sudurpashchim Province,Dadeldhura
Santosha Dangal,Nepali Communist Party,Bara-1,"2,878",Declared,♂ Male,Madhesh Province,Bara
Surendra Prasad Sharma,Janamat Party,Saptari-3,"2,869",Declared,♂ Male,Madhesh Province,Saptari
Ramchandra Yadav,Nepali Communist Party,Siraha-1,"2,853",Declared,♂ Male,Madhesh Province,Siraha
Sapana Rajbhandari,Nepali Congress,Kathmandu-8,"2,835",Declared,♀ Female,Bagmati Province,Kathmandu
Jit Bahadur Rana,Nepali Communist Party,Surkhet-1,"2,828",Declared,♂ Male,Karnali Province,Surkhet
Tek Bahadur Subba,Rastriya Parivartan Party,Panchthar-1,"2,825",Declared,♂ Male,Koshi Province,Panchthar
Sarita Thapa,Nepali Communist Party,Sankhuwasabha-1,"2,812",Declared,♀ Female,Koshi Province,Sankhuwasabha
Bishnu Rana,Shram Sanskriti Party,Sunsari-4,"2,763",Declared,♂ Male,Koshi Province,Sunsari
Gyanendra Ghale,Ujyalo Nepal Party,Nuwakot-2,"2,750",Declared,♂ Male,Bagmati Province,Nuwakot
Padam Kumar Lama,Ujyalo Nepal Party,Lalitpur-1,"2,686",Declared,♂ Male,Bagmati Province,Lalitpur
Bhupen Bahadur Chanda,Rastriya Prajatantra Party,Baitadi-1,"2,681",Declared,♂ Male,Sudurpashchim Province,Baitadi
Rupa Maharjan (Shrestha),Nepali Communist Party,Kathmandu-10,"2,648",Declared,♀ Female,Bagmati Province,Kathmandu
Ashok Kumar Agrawal,Janata Samajwadi Party Nepal,Parsa-2,"2,642",Declared,♂ Male,Madhesh Province,Parsa
Tribhuwan Kumar Singh,Ujyalo Nepal Party,Sarlahi-3,"2,622",Declared,♂ Male,Madhesh Province,Sarlahi
Nim Bahadur Moktan,Shram Sanskriti Party,Sindhuli-1,"2,596",Declared,♂ Male,Bagmati Province,Sindhuli
Phaija Ahamada Khan,Nepali Communist Party,Rupandehi-3,"2,594",Declared,♂ Male,Lumbini Province,Rupandehi
Shyam Sundar Sardar,Janata Samajwadi Party Nepal,Saptari-1,"2,558",Declared,♂ Male,Madhesh Province,Saptari
Ramavavu Prasada Yadav,Janata Samajwadi Party Nepal,Bara-1,"2,530",Declared,♂ Male,Madhesh Province,Bara
Ram Kumar Yadav,Nepali Congress,Saptari-2,"2,498",Declared,♂ Male,Madhesh Province,Saptari
Rajkaji Gurung,Nepali Communist Party,Kaski-1,"2,479",Declared,♂ Male,Gandaki Province,Kaski
Bharat Bahadur Khadka,Rastriya Prajatantra Party,Bhaktapur-1,"2,472",Declared,♂ Male,Bagmati Province,Bhaktapur
Raghab Karki,Rastriya Swatantra Party,Jajarkot-1,"2,471",Declared,♂ Male,Karnali Province,Jajarkot
Pratapa Lama,Ujyalo Nepal Party,Sindhupalchok-1,"2,421",Declared,♂ Male,Bagmati Province,Sindhupalchok
Tek Bahadur Gurung,Nepali Congress,Manang-1,"2,415",Winner 🏆,♂ Male,Gandaki Province,Manang
Brahamadeva Mahato,Janamat Party,Dhanusha-1,"2,404",Declared,♂ Male,Madhesh Province,Dhanusha
Bidya Nath Dhakal,Nepali Communist Party,Tanahun-1,"2,393",Declared,♂ Male,Gandaki Province,Tanahun
Mahammada Atiullah,CPN (Unified Marxist-Leninist),Rautahat-2,"2,382",Declared,♂ Male,Madhesh Province,Rautahat
Binod Kumar Yadav,Janamat Party,Siraha-2,"2,360",Declared,♂ Male,Madhesh Province,Siraha
Pradeep Kumar Chaudhary,Ujyalo Nepal Party,Kailali-1,"2,357",Declared,♂ Male,Sudurpashchim Province,Kailali
Birendra Bahadur Bam,Rastriya Prajatantra Party,Kailali-3,"2,347",Declared,♂ Male,Sudurpashchim Province,Kailali
Balram Sharma Khanal,Rastriya Prajatantra Party,Chitwan-1,"2,302",Declared,♂ Male,Bagmati Province,Chitwan
Satya Narayan Yadav,Janata Samajwadi Party Nepal,Siraha-1,"2,285",Declared,♂ Male,Madhesh Province,Siraha
Raji Ahamad,नेपाल संघीय समाजवादी पार्टी(एकल चुनाव चिन्ह),Sarlahi-2,"2,283",Declared,♂ Male,Madhesh Province,Sarlahi
Bal Ram Thapa,Rastriya Prajatantra Party,Kathmandu-10,"2,239",Declared,♂ Male,Bagmati Province,Kathmandu
Krishna Yadav,Nepali Party for Nepal,Sarlahi-2,"2,227",Declared,♂ Male,Madhesh Province,Sarlahi
Kul Prasad Samba,Nepali Communist Party,Morang-1,"2,224",Declared,♂ Male,Koshi Province,Morang
Ghana Shyam Yadav Ahir,Nepali Communist Party,Rupandehi-1,"2,198",Declared,♂ Male,Lumbini Province,Rupandehi
Chotelal Prasad Yadav,Nepali Communist Party,Parsa-3,"2,137",Declared,♂ Male,Madhesh Province,Parsa
Shatrughan Bilas Singh Kurmi,Rastriya Prajatantra Party,Kapilvastu-1,"2,127",Declared,♂ Male,Lumbini Province,Kapilvastu
Savin Niraula,Rastriya Prajatantra Party,Morang-6,"2,092",Declared,♂ Male,Koshi Province,Morang
Bhakti Prasad Sitaula,Rastriya Prajatantra Party,Jhapa-4,"2,080",Declared,♂ Male,Koshi Province,Jhapa
Bhopendra Prasad Yadav,Janamat Party,Rupandehi-4,"2,077",Declared,♂ Male,Lumbini Province,Rupandehi
Ajaya Kushavaha,Nepali Communist Party,Bara-4,"2,067",Declared,♂ Male,Madhesh Province,Bara
Amit Tamang,Ujyalo Nepal Party,Nuwakot-1,"2,063",Declared,♂ Male,Bagmati Province,Nuwakot
Sabin Kumar Khadka,Rastriya Prajatantra Party,Lalitpur-3,"2,037",Declared,♂ Male,Bagmati Province,Lalitpur
Govin‍da Prasada Chaudhari,जनता समाजवादी पार्टी(एकल चुनाव चिन्ह),Parasi-2,"2,029",Declared,♂ Male,Lumbini Province,Parasi
Surendra Raj Bhandari,Rastriya Prajatantra Party,Kathmandu-4,"2,025",Declared,♂ Male,Bagmati Province,Kathmandu
Vina Jaisaval,Rastriya Prajatantra Party,Parsa-2,"1,999",Declared,♀ Female,Madhesh Province,Parsa
Tirtha Raj Chhauthat,Rastriya Prajatantra Party,Kanchanpur-2,"1,993",Declared,♂ Male,Sudurpashchim Province,Kanchanpur
Sunil Maharjan,Nepali Communist Party,Lalitpur-1,"1,964",Declared,♂ Male,Bagmati Province,Lalitpur
Som Bahadur Thapa,Nepali Communist Party,Tanahun-2,"1,953",Declared,♂ Male,Gandaki Province,Tanahun
Kamal Thapa,Rastriya Prajatantra Party,Kathmandu-5,"1,922",Declared,♂ Male,Bagmati Province,Kathmandu
Chhatra Bahadur Dumjan,Ujyalo Nepal Party,Sarlahi-1,"1,913",Declared,♂ Male,Madhesh Province,Sarlahi
Nitesh Paudel,Nepali Communist Party,Kathmandu-2,"1,912",Declared,♂ Male,Bagmati Province,Kathmandu
Tarak Singh Tharu,Rastriya Prajatantra Party,Banke-3,"1,912",Declared,♂ Male,Lumbini Province,Banke
Rajesh Shakya,CPN (Unified Marxist-Leninist),Kathmandu-8,"1,909",Declared,♂ Male,Bagmati Province,Kathmandu
Nabin Shahi,Rastriya Prajatantra Party,Kathmandu-8,"1,909",Declared,♂ Male,Bagmati Province,Kathmandu
Narendra Prasad Chaudhary,Janamat Party,Kapilvastu-1,"1,889",Declared,♂ Male,Lumbini Province,Kapilvastu
Nandarama Devakota,CPN (Unified Marxist-Leninist),Rukum West-1,"1,869",Declared,♂ Male,Karnali Province,Rukum West
Devendra Paudel,Nepali Communist Party,Parasi-2,"1,838",Declared,♂ Male,Lumbini Province,Parasi
Shribhagavana Rauta Kurmi,आम जनता पार्टी(एकल चुनाव चिन्ह),Rautahat-2,"1,825",Declared,♂ Male,Madhesh Province,Rautahat
Chhabilal Gurung,Shram Sanskriti Party,Rupandehi-1,"1,824",Declared,♂ Male,Lumbini Province,Rupandehi
Abuho Rairah,Shram Sanskriti Party,Morang-2,"1,822",Declared,♂ Male,Koshi Province,Morang
Mandhara Chimariya,Nepali Congress,Jhapa-5,"1,821",Declared,♀ Female,Koshi Province,Jhapa
Ram Kumari Chaudhary,Nepali Communist Party,Sunsari-2,"1,816",Declared,♀ Female,Koshi Province,Sunsari
Pashupati Nath Dhakal,Rastriya Janamorcha,Arghakhanchi-1,"1,809",Declared,♂ Male,Lumbini Province,Arghakhanchi
Indra Dhara Dadu Bista,CPN (Unified Marxist-Leninist),Mustang-1,"1,806",Declared,♂ Male,Gandaki Province,Mustang
Ram Prasha Sada,Shram Sanskriti Party,Sunsari-3,"1,780",Declared,♂ Male,Koshi Province,Sunsari
Raghubar Raj Thapa,Rastriya Prajatantra Party,Lalitpur-2,"1,760",Declared,♂ Male,Bagmati Province,Lalitpur
Pyare Lal Rana,Independent,Kailali-5,"1,755",Declared,♂ Male,Sudurpashchim Province,Kailali
Bharata Prasada Sah,Nepali Communist Party,Bara-3,"1,751",Declared,♂ Male,Madhesh Province,Bara
Omaprakasha Raval,Rastriya Swatantra Party,Achham-1,"1,739",Declared,♂ Male,Sudurpashchim Province,Achham
Tiertha Bahadura Gurung,Ujyalo Nepal Party,Bara-3,"1,726",Declared,♂ Male,Madhesh Province,Bara
Rishi Raj Devkota,Rastriya Prajatantra Party,Banke-2,"1,723",Declared,♂ Male,Lumbini Province,Banke
Opendra Kumar Raya,Nepali Communist Party,Morang-6,"1,716",Declared,♂ Male,Koshi Province,Morang
Rubi Kumari Karn,Nepali Communist Party,Saptari-4,"1,709",Declared,♀ Female,Madhesh Province,Saptari
Bhima Chan‍dra Gurungg,Shram Sanskriti Party,Nawalpur-1,"1,702",Declared,♂ Male,Gandaki Province,Nawalpur
Gopi Krishna Chaulagaee,Rastriya Prajatantra Party,Sindhupalchok-2,"1,681",Declared,♂ Male,Bagmati Province,Sindhupalchok
Dharma Raj Paudel,Nepali Communist Party,Dhankuta-1,"1,665",Declared,♂ Male,Koshi Province,Dhankuta
Nima Dorje Lama,Ujyalo Nepal Party,Dolakha-1,"1,663",Declared,♂ Male,Bagmati Province,Dolakha
Min Prasad Ghimire,Rastriya Prajatantra Party,Rupandehi-5,"1,654",Declared,♂ Male,Lumbini Province,Rupandehi
Rajendra Ramjali,Shram Sanskriti Party,Surkhet-2,"1,646",Declared,♂ Male,Karnali Province,Surkhet
Hem Jung Gurung,Rastriya Prajatantra Party,Kaski-2,"1,643",Declared,♂ Male,Gandaki Province,Kaski
Arun Kumar Sah,Nepali Communist Party,Saptari-3,"1,635",Declared,♂ Male,Madhesh Province,Saptari
Rabindra Chaudhary,Nepali Communist Party,Saptari-1,"1,626",Declared,♂ Male,Madhesh Province,Saptari
Mohan Raj Regmi,CPN (Unified Marxist-Leninist),Kathmandu-1,"1,618",Declared,♂ Male,Bagmati Province,Kathmandu
Hemraj Karki,Rastriya Prajatantra Party,Jhapa-1,"1,612",Declared,♂ Male,Koshi Province,Jhapa
Navanita Kumara Mishr,Rastriya Prajatantra Party,Parasi-1,"1,593",Declared,♂ Male,Lumbini Province,Parasi
Roshan Shahi,Rastriya Prajatantra Party,Kailali-5,"1,592",Declared,♂ Male,Sudurpashchim Province,Kailali
Rama Svarupa Chaudhari,Janamat Party,Siraha-1,"1,589",Declared,♂ Male,Madhesh Province,Siraha
Rakesh Kumar Mishra,Janamat Party,Sarlahi-4,"1,572",Declared,♂ Male,Madhesh Province,Sarlahi
Dilli Bahadur Shahi,Rastriya Prajatantra Party,Kanchanpur-1,"1,560",Declared,♂ Male,Sudurpashchim Province,Kanchanpur
Sailendra Ghimire,Nepali Communist Party,Syangja-1,"1,552",Declared,♂ Male,Gandaki Province,Syangja
Durgesh Kumar Chaudhary,Nepali Communist Party,Sunsari-3,"1,551",Declared,♂ Male,Koshi Province,Sunsari
Ganesha Mana Mahato,Nepali Communist Party,Nawalpur-2,"1,538",Declared,♂ Male,Gandaki Province,Nawalpur
Laxmi Prasad Sangroula,Rastriya Prajatantra Party,Jhapa-5,"1,536",Declared,♂ Male,Koshi Province,Jhapa
Yuvraj Roka,Rastriya Swatantra Party,Myagdi-1,"1,530",Declared,♂ Male,Gandaki Province,Myagdi
Manoj Kumar Singh,CPN (Unified Marxist-Leninist),Mahottari-3,"1,516",Declared,♂ Male,Madhesh Province,Mahottari
Bakhat Bahadur Thapa,Nepal Workers and Peasants Party,Dailekh-2,"1,512",Declared,♂ Male,Karnali Province,Dailekh
Suresh Rijal,Rastriya Prajatantra Party,Dhading-2,"1,504",Declared,♂ Male,Bagmati Province,Dhading
Babbu Singh Yadav,Janata Samajwadi Party Nepal,Kapilvastu-1,"1,485",Declared,♂ Male,Lumbini Province,Kapilvastu
Ritubartan Rai,Shram Sanskriti Party,Lalitpur-3,"1,472",Declared,♂ Male,Bagmati Province,Lalitpur
Prakash Shahi,CPN (Maoist),Dang-1,"1,472",Declared,♂ Male,Lumbini Province,Dang
Nagesh‍vara Sah,CPN (Unified Marxist-Leninist),Sarlahi-2,"1,463",Declared,♂ Male,Madhesh Province,Sarlahi
Ranjit Tamang,Nepali Communist Party,Jhapa-5,"1,461",Declared,♂ Male,Koshi Province,Jhapa
Dil Kumar Karki,Rastriya Prajatantra Party,Kathmandu-9,"1,457",Declared,♂ Male,Bagmati Province,Kathmandu
Gopal Giri,Nepali Communist Party,Kaski-3,"1,456",Declared,♂ Male,Gandaki Province,Kaski
Dipendra Bista,Nepali Communist Party,Banke-2,"1,456",Declared,♂ Male,Lumbini Province,Banke
Man Bahadur Tamang,Ujyalo Nepal Party,Rasuwa-1,"1,453",Declared,♂ Male,Bagmati Province,Rasuwa
Dilliram Ghimire,Nepali Communist Party,Jhapa-3,"1,450",Declared,♂ Male,Koshi Province,Jhapa
Ramesh‍vara Shreshth,Ujyalo Nepal Party,Kathmandu-9,"1,426",Declared,♂ Male,Bagmati Province,Kathmandu
Uddav Shrestha,Rastriya Prajatantra Party,Sunsari-1,"1,419",Declared,♂ Male,Koshi Province,Sunsari
Shubhash Pandey,Nepali Communist Party,Rupandehi-2,"1,409",Declared,♂ Male,Lumbini Province,Rupandehi
Arjun Prasad Khanal,Rastriya Prajatantra Party,Kaski-3,"1,406",Declared,♂ Male,Gandaki Province,Kaski
Rajnish Raya,Nepali Communist Party,Sarlahi-4,"1,401",Declared,♂ Male,Madhesh Province,Sarlahi
Shivachandra Prasada Kushavaha,Progressive Democratic Party,Bara-2,"1,396",Declared,♂ Male,Madhesh Province,Bara
Kula Prasada Ke.si,Independent,Dang-1,"1,384",Declared,♂ Male,Lumbini Province,Dang
Bimala Lama,Ujyalo Nepal Party,Kathmandu-7,"1,383",Declared,♀ Female,Bagmati Province,Kathmandu
Lal Kumar Lama,Rastriya Prajatantra Party,Kathmandu-7,"1,381",Declared,♂ Male,Bagmati Province,Kathmandu
Shivlal Bishwakarma,Shram Sanskriti Party,Rupandehi-5,"1,369",Declared,♂ Male,Lumbini Province,Rupandehi
Chandra Bir Rai,Nepali Communist Party,Morang-2,"1,366",Declared,♂ Male,Koshi Province,Morang
Purushottam Chudal,Nepali Communist Party,Jhapa-4,"1,362",Declared,♂ Male,Koshi Province,Jhapa
Kamala Rajavar,Rastriya Prajatantra Party,Kailali-4,"1,358",Declared,♂ Male,Sudurpashchim Province,Kailali
Ghanshyam Waling Rai,Rastriya Parivartan Party,Sankhuwasabha-1,"1,352",Declared,♂ Male,Koshi Province,Sankhuwasabha
Bir Bahadur Kami,Rastriya Prajatantra Party,Bardiya-1,"1,344",Declared,♂ Male,Lumbini Province,Bardiya
Dhal Bahadur Khapangi Magar,Shram Sanskriti Party,Ramechhap-1,"1,336",Declared,♂ Male,Bagmati Province,Ramechhap
Sanjaya Kumara Mahato,Nepali Communist Party,Dhanusha-4,"1,336",Declared,♂ Male,Madhesh Province,Dhanusha
Bhim Bahadur Gautam,Shram Sanskriti Party,Rupandehi-2,"1,336",Declared,♂ Male,Lumbini Province,Rupandehi
Radha Krishna Maharjan,Nepali Communist Party,Kathmandu-9,"1,328",Declared,♂ Male,Bagmati Province,Kathmandu
Ram Prasad Sapkota,Nepali Communist Party,Bhaktapur-2,"1,323",Declared,♂ Male,Bagmati Province,Bhaktapur
Uddav Raj Bhetuwal,Rastriya Prajatantra Party,Kathmandu-6,"1,321",Declared,♂ Male,Bagmati Province,Kathmandu
Vijaya Pant,Ujyalo Nepal Party,Lalitpur-3,"1,320",Declared,♂ Male,Bagmati Province,Lalitpur
Kabi Ram Puri,Rastriya Prajatantra Party,Surkhet-2,"1,315",Declared,♂ Male,Karnali Province,Surkhet
Vinaya Vi.si.,Rastriya Prajatantra Party,Dang-1,"1,292",Declared,♂ Male,Lumbini Province,Dang
Dinesh Kumar Basnet,Rastriya Prajatantra Party,Sunsari-2,"1,287",Declared,♂ Male,Koshi Province,Sunsari
Hem Bahadur Thapa Parajuli,Nepali Communist Party,Kaski-2,"1,276",Declared,♂ Male,Gandaki Province,Kaski
Nanda Kishor Prasad Shribastav,Rastriya Prajatantra Party,Parsa-1,"1,272",Declared,♂ Male,Madhesh Province,Parsa
Hem Lal Sharma,Nepali Communist Party,Kathmandu-6,"1,260",Declared,♂ Male,Bagmati Province,Kathmandu
Da. Deumana Samvahangaphe,Nepali Communist Party,Morang-3,"1,259",Declared,♂ Male,Koshi Province,Morang
Khushiram Tharu,जनता समाजवादी पार्टी(एकल चुनाव चिन्ह),Bardiya-2,"1,255",Declared,♂ Male,Lumbini Province,Bardiya
Loka Prasada Bhurtel,Nepali Communist Party,Nawalpur-1,"1,245",Declared,♂ Male,Gandaki Province,Nawalpur
Mohammad Aslam Kha,Janata Samajwadi Party Nepal,Rupandehi-1,"1,242",Declared,♂ Male,Lumbini Province,Rupandehi
Krishna Ke.si.,Progressive Democratic Party,Banke-1,"1,240",Declared,♀ Female,Lumbini Province,Banke
Rama Sin Tamang,Ujyalo Nepal Party,Sindhupalchok-2,"1,238",Declared,♂ Male,Bagmati Province,Sindhupalchok
Shreeram Gurung,Ujyalo Nepal Party,Kathmandu-5,"1,228",Declared,♂ Male,Bagmati Province,Kathmandu
Dipak Thapa (Magar),Rastriya Prajatantra Party,Chitwan-3,"1,226",Declared,♂ Male,Bagmati Province,Chitwan
Bikram Thapa,Rastriya Prajatantra Party,Bhaktapur-2,"1,224",Declared,♂ Male,Bagmati Province,Bhaktapur
Dipaka Chandra Bastakoti,Rastriya Prajatantra Party,Nawalpur-1,"1,221",Declared,♂ Male,Gandaki Province,Nawalpur
Rajendra Amatya,Nepali Communist Party,Lalitpur-2,"1,217",Declared,♂ Male,Bagmati Province,Lalitpur
Ramnaresh Prasad Yadav,Janata Samajwadi Party Nepal,Parsa-1,"1,201",Declared,♂ Male,Madhesh Province,Parsa
Kushal Gurung,Ujyalo Nepal Party,Kaski-2,"1,201",Declared,♂ Male,Gandaki Province,Kaski
Lakpa Tamang,Independent,Dhankuta-1,"1,181",Declared,♂ Male,Koshi Province,Dhankuta
Bishnu Prasad Bhandari,Rastriya Prajatantra Party,Kapilvastu-2,"1,181",Declared,♂ Male,Lumbini Province,Kapilvastu
Ganga Prasad Chaudhary,CPN (Unified Marxist-Leninist),Saptari-4,"1,177",Declared,♂ Male,Madhesh Province,Saptari
Surendra Prasada Yadav,Janamat Party,Dhanusha-2,"1,177",Declared,♂ Male,Madhesh Province,Dhanusha
Hari Ram Lawaju,Nepali Communist Party,Bhaktapur-1,"1,177",Declared,♂ Male,Bagmati Province,Bhaktapur
Oma Bahadura Gurungg,Nepali Communist Party,Ilam-2,"1,172",Declared,♂ Male,Koshi Province,Ilam
Anil Tamang,Shram Sanskriti Party,Chitwan-1,"1,165",Declared,♂ Male,Bagmati Province,Chitwan
Kamala Chapagaee,Shram Sanskriti Party,Nawalpur-2,"1,164",Declared,♂ Male,Gandaki Province,Nawalpur
Madhav Prasad Acharya,Rastriya Prajatantra Party,Morang-4,"1,163",Declared,♂ Male,Koshi Province,Morang
Bil Bahadur Tamang Lama,Shram Sanskriti Party,Kaski-1,"1,141",Declared,♂ Male,Gandaki Province,Kaski
Sushil Chaudhary,Rastriya Prajatantra Party,Bardiya-2,"1,127",Declared,♂ Male,Lumbini Province,Bardiya
Ranjiva Shreshth,Rastriya Prajatantra Party,Kavrepalanchok-2,"1,125",Declared,♂ Male,Bagmati Province,Kavrepalanchok
Apharoja Aalam,राष्ट्र निर्माण दल नेपाल,Saptari-2,"1,120",Declared,♂ Male,Madhesh Province,Saptari
Yam Bahadur Thakuri,Rastriya Prajatantra Party,Tanahun-2,"1,117",Declared,♂ Male,Gandaki Province,Tanahun
Dharmashila Chapagai,Nepali Communist Party,Jhapa-2,"1,115",Declared,♀ Female,Koshi Province,Jhapa
Jaya Natha Adhikari,Independent,Dhanusha-2,"1,081",Declared,♂ Male,Madhesh Province,Dhanusha
Ganesh Prasad Acharya,Rastriya Janamorcha,Dang-1,"1,077",Declared,♂ Male,Lumbini Province,Dang
Suraj Limbu,Mongol National Organisation,Morang-1,"1,068",Declared,♂ Male,Koshi Province,Morang
Tasi Lhanjom,Rastriya Swatantra Party,Humla-1,"1,064",Declared,♀ Female,Karnali Province,Humla
Jivana Mallah,Janamat Party,Parasi-2,"1,064",Declared,♂ Male,Lumbini Province,Parasi
Ra‌jakumara Dasa Tatma,Janata Samajwadi Party Nepal,Rautahat-4,"1,062",Declared,♂ Male,Madhesh Province,Rautahat
Damodar Bhandari,Rastriya Prajatantra Party,Dang-3,"1,057",Declared,♂ Male,Lumbini Province,Dang
Sin‍dhu Jalesa Budhathoki,Nepali Communist Party,Parasi-1,"1,056",Declared,♀ Female,Lumbini Province,Parasi
Rabi Hamal Thakuri,Rastriya Prajatantra Party,Surkhet-1,"1,049",Declared,♂ Male,Karnali Province,Surkhet
Jhanak Bahadur Adhikari,Ujyalo Nepal Party,Kathmandu-4,"1,034",Declared,♂ Male,Bagmati Province,Kathmandu
Rajan Khadgi,Ujyalo Nepal Party,Kathmandu-8,"1,033",Declared,♂ Male,Bagmati Province,Kathmandu
Vinaya Yadav,Rastriya Ekta Dal,Bara-4,"1,026",Declared,♂ Male,Madhesh Province,Bara
Bidya Shrestha Maharjan,Shram Sanskriti Party,Makwanpur-1,"1,024",Declared,♀ Female,Bagmati Province,Makwanpur
Pravina Kumara Thokara/tamangg,Rastriya Prajatantra Party,Dolakha-1,"1,010",Declared,♂ Male,Bagmati Province,Dolakha
Malikram Yadav,Independent,Dang-1,"1,008",Declared,♂ Male,Lumbini Province,Dang
Krishna Kumar Atal,Shram Sanskriti Party,Morang-4,"1,001",Declared,♂ Male,Koshi Province,Morang
Kebindra Jung Gurung,Rastriya Prajatantra Party,Lamjung-1,"1,000",Declared,♂ Male,Gandaki Province,Lamjung
Jitendra Kumar Sah,Janamat Party,Saptari-4,995,Declared,♂ Male,Madhesh Province,Saptari
Babu Ram Thapa,Rastriya Prajatantra Party,Kaski-1,978,Declared,♂ Male,Gandaki Province,Kaski
Santosh Tamang,Mongol National Organisation,Jhapa-1,971,Declared,♂ Male,Koshi Province,Jhapa
Kashiram Gurung,Shram Sanskriti Party,Tanahun-1,967,Declared,♂ Male,Gandaki Province,Tanahun
Krishna Bahadur Chaudhary,जनता समाजवादी पार्टी(एकल चुनाव चिन्ह),Kanchanpur-1,967,Declared,♂ Male,Sudurpashchim Province,Kanchanpur
Kishori Karki,Ujyalo Nepal Party,Okhaldhunga-1,965,Declared,♀ Female,Koshi Province,Okhaldhunga
Runa Kumari Mahato,Rastriya Prajatantra Party,Nawalpur-2,963,Declared,♀ Female,Gandaki Province,Nawalpur
Madhav Prasad Lamichhane,Nepali Communist Party,Rasuwa-1,953,Declared,♂ Male,Bagmati Province,Rasuwa
Hum Bahadur Sunari Magar,Nepali Communist Party,Palpa-1,951,Declared,♂ Male,Lumbini Province,Palpa
Miresh Rai,Rastriya Parivartan Party,Khotang-1,947,Declared,♂ Male,Koshi Province,Khotang
Chandra Bahadur Khadka,CPN (Maoist),Salyan-1,943,Declared,♂ Male,Karnali Province,Salyan
Subhash Chandra Khadka,Rastriya Prajatantra Party,Udayapur-1,941,Declared,♂ Male,Koshi Province,Udayapur
Jaya Kishora Pandey,Independent,Bara-1,941,Declared,♂ Male,Madhesh Province,Bara
Yunesh Lama Sintan,Shram Sanskriti Party,Makwanpur-2,932,Declared,♂ Male,Bagmati Province,Makwanpur
Rakesh Neupane,Ujyalo Nepal Party,Kathmandu-10,927,Declared,♂ Male,Bagmati Province,Kathmandu
Ahmaddin Musalman,Rastriya Prajatantra Party,Rupandehi-4,926,Declared,♂ Male,Lumbini Province,Rupandehi
Tej Kumar Kurumbang,Rastriya Prajatantra Party,Panchthar-1,925,Declared,♂ Male,Koshi Province,Panchthar
Ashesh Ghimire,Nepali Communist Party,Jhapa-1,922,Declared,♂ Male,Koshi Province,Jhapa
Ranadhvaja Limvu,Nepali Communist Party,Tehrathum-1,919,Declared,♂ Male,Koshi Province,Tehrathum
Manoj Kumar Chaudhary,Nepali Communist Party,Parsa-2,913,Declared,♂ Male,Madhesh Province,Parsa
Ramesha Prasada Yadav,Nepali Communist Party,Bara-2,910,Declared,♂ Male,Madhesh Province,Bara
Kamaruddin Rai,Janata Samajwadi Party Nepal,Banke-2,908,Declared,♂ Male,Lumbini Province,Banke
Bimal Kumar Dagaura,Shram Sanskriti Party,Kailali-1,908,Declared,♂ Male,Sudurpashchim Province,Kailali
Dhan Bahadur Gurung,Ujyalo Nepal Party,Chitwan-1,903,Declared,♂ Male,Bagmati Province,Chitwan
Anisha Nepali,Rastriya Prajatantra Party,Salyan-1,902,Declared,♀ Female,Karnali Province,Salyan
Purna Bahadur Waiba Tamang,Rastriya Prajatantra Party,Morang-1,900,Declared,♂ Male,Koshi Province,Morang
Pawan Pokharel,Ujyalo Nepal Party,Kathmandu-2,895,Declared,♂ Male,Bagmati Province,Kathmandu
Amir Tamang,Ujyalo Nepal Party,Dhading-2,886,Declared,♂ Male,Bagmati Province,Dhading
Ghanashyama Gurungg,Rastriya Prajatantra Party,Sunsari-3,885,Declared,♂ Male,Koshi Province,Sunsari
Mohammad Jiaul Rahman,CPN (Unified Marxist-Leninist),Saptari-2,883,Declared,♂ Male,Madhesh Province,Saptari
Govinda Khadayat,Rastriya Prajatantra Party,Dadeldhura-1,882,Declared,♂ Male,Sudurpashchim Province,Dadeldhura
Devendra Mishr,Janamat Party,Rautahat-1,881,Declared,♂ Male,Madhesh Province,Rautahat
Lila Diyali,Shram Sanskriti Party,Mahottari-1,867,Declared,♀ Female,Madhesh Province,Mahottari
Surendra Prasada Jayasaval,Progressive Democratic Party,Rautahat-2,859,Declared,♂ Male,Madhesh Province,Rautahat
Varisa Dharel,Ujyalo Nepal Party,Kathmandu-6,857,Declared,♂ Male,Bagmati Province,Kathmandu
Pavitra Limbu Tumvangaphe,Rastriya Janamukti Party,Ilam-2,851,Declared,♀ Female,Koshi Province,Ilam
Shrinjay Mahato,Janamat Party,Sarlahi-1,848,Declared,♂ Male,Madhesh Province,Sarlahi
Padama Bahadura Vi.ka.,Nepali Communist Party,Syangja-2,848,Declared,♂ Male,Gandaki Province,Syangja
Ammar Bahadur Thapa Chhetri,Rastriya Prajatantra Party,Rolpa-1,846,Declared,♂ Male,Lumbini Province,Rolpa
Sundar Ram Bohara,Rastriya Prajatantra Party,Kathmandu-3,841,Declared,♂ Male,Bagmati Province,Kathmandu
Umesha Kumara Kush‍vaha,आम जनता पार्टी(एकल चुनाव चिन्ह),Bara-4,833,Declared,♂ Male,Madhesh Province,Bara
Keshav Bahadur Thapa Magar,Rastriya Janamukti Party,Rupandehi-2,831,Declared,♂ Male,Lumbini Province,Rupandehi
Ramdatta Joshi,Rastriya Prajatantra Party,Tanahun-1,826,Declared,♂ Male,Gandaki Province,Tanahun
Prem Prasad Bhattarai,Rastriya Prajatantra Party,Sunsari-4,821,Declared,♂ Male,Koshi Province,Sunsari
Rohit Mahto,Janamat Party,Siraha-3,820,Declared,♂ Male,Madhesh Province,Siraha
Lakhana Kumara Thapa,Rastriya Swatantra Party,Rukum East-1,819,Declared,♂ Male,Lumbini Province,Rukum East
Jitendra Rai,Rastriya Parivartan Party,Bhojpur-1,812,Declared,♂ Male,Koshi Province,Bhojpur
Dharma Bahadur K.C.,Independent,Rupandehi-1,810,Declared,♂ Male,Lumbini Province,Rupandehi
Dilipa Kumara Sharma Nepal,Rastriya Prajatantra Party,Bara-4,809,Declared,♂ Male,Madhesh Province,Bara
Manoj Kumar Sah,Janamat Party,Mahottari-4,806,Declared,♂ Male,Madhesh Province,Mahottari
Buddha Lala Meche,Mongol National Organisation,Ilam-1,801,Declared,♂ Male,Koshi Province,Ilam
Ram Bahadur Thokar,Rastriya Prajatantra Party,Makwanpur-2,785,Declared,♂ Male,Bagmati Province,Makwanpur
Sanjay Rijal,Independent,Chitwan-1,784,Declared,♂ Male,Bagmati Province,Chitwan
Jhanak Pyakurel,Rastriya Prajatantra Party,Nuwakot-2,775,Declared,♂ Male,Bagmati Province,Nuwakot
Iraphana Ahamada Shekh,Rastriya Janmat Party,Banke-2,775,Declared,♂ Male,Lumbini Province,Banke
Amit Thapa,Shram Sanskriti Party,Kathmandu-5,769,Declared,♂ Male,Bagmati Province,Kathmandu
Kans Raj Rajbanshi,Rastriya Prajatantra Party,Morang-2,766,Declared,♂ Male,Koshi Province,Morang
Jay Prakash Raya,Janata Samajwadi Party Nepal,Sarlahi-3,766,Declared,♂ Male,Madhesh Province,Sarlahi
Rishi Kesh Pokhrel,Rastriya Prajatantra Party,Dang-2,760,Declared,♂ Male,Lumbini Province,Dang
Adhitya Chandra Thakali,Rastriya Swatantra Party,Mustang-1,759,Declared,♂ Male,Gandaki Province,Mustang
Maikala Tamang,Ujyalo Nepal Party,Kanchanpur-1,759,Declared,♂ Male,Sudurpashchim Province,Kanchanpur
Vipina Kapar,Janamat Party,Sarlahi-2,756,Declared,♂ Male,Madhesh Province,Sarlahi
Bimal Thapa,Rastriya Prajatantra Party,Nuwakot-1,756,Declared,♂ Male,Bagmati Province,Nuwakot
Barun Amatya,Shram Sanskriti Party,Kathmandu-4,756,Declared,♂ Male,Bagmati Province,Kathmandu
Moto Lal Tamang,Ujyalo Nepal Party,Sindhuli-1,755,Declared,♂ Male,Bagmati Province,Sindhuli
Rama Bahadura Kevat,Independent,Parasi-2,752,Declared,♂ Male,Lumbini Province,Parasi
Divasa Raee,Rastriya Parivartan Party,Ilam-2,751,Declared,♂ Male,Koshi Province,Ilam
Tribhuvana Sah,आम जनता पार्टी(एकल चुनाव चिन्ह),Rautahat-1,751,Declared,♂ Male,Madhesh Province,Rautahat
Milan Thapa Magar,Shram Sanskriti Party,Chitwan-2,751,Declared,♂ Male,Bagmati Province,Chitwan
Raju Prasada Harijan,CPN (Maoist),Parasi-1,751,Declared,♂ Male,Lumbini Province,Parasi
Nanda Kumari Thapa,जनता समाजवादी पार्टी(एकल चुनाव चिन्ह),Rupandehi-3,750,Declared,♀ Female,Lumbini Province,Rupandehi
Lakshmi Prasada Sa Kalavar,Rastriya Prajatantra Party,Bara-1,749,Declared,♂ Male,Madhesh Province,Bara
Bharata Sihan Vi.si.(budhakshetri),Rastriya Prajatantra Party,Kailali-2,744,Declared,♂ Male,Sudurpashchim Province,Kailali
Lakxman Kuar Yadav,Nepali Communist Party,Mahottari-2,737,Declared,♂ Male,Madhesh Province,Mahottari
Samid Khan,राष्ट्र निर्माण दल नेपाल,Sunsari-4,735,Declared,♂ Male,Koshi Province,Sunsari
Gopal Tamang,Ujyalo Nepal Party,Sunsari-2,734,Declared,♂ Male,Koshi Province,Sunsari
Prem Prasad Subedi,Rastriya Prajatantra Party,Morang-3,733,Declared,♂ Male,Koshi Province,Morang
Bhimasena Sutapraee Magar,Independent,Parasi-1,733,Declared,♂ Male,Lumbini Province,Parasi
Yamanath Ghimire,Janamat Party,Bardiya-1,712,Declared,♂ Male,Lumbini Province,Bardiya
Ramalalita Mandal,Nepali Communist Party,Dhanusha-3,709,Declared,♂ Male,Madhesh Province,Dhanusha
Jagadishwar Adhikari,Rastriya Prajatantra Party,Chitwan-2,707,Declared,♂ Male,Bagmati Province,Chitwan
Shyama Bahadura Limvu,Mongol National Organisation,Ilam-2,704,Declared,♂ Male,Koshi Province,Ilam
Bibhatsu Thapa,Rastriya Prajatantra Party,Dhankuta-1,703,Declared,♂ Male,Koshi Province,Dhankuta
Navaraja Satyal,Rastriya Prajatantra Party,Kavrepalanchok-1,699,Declared,♂ Male,Bagmati Province,Kavrepalanchok
Hukum Bahadur Rana,Rastriya Prajatantra Party,Syangja-1,698,Declared,♂ Male,Gandaki Province,Syangja
Dev Prasad Shrestha,National Republic Nepal,Palpa-2,693,Declared,♂ Male,Lumbini Province,Palpa
Anavara Ansari,Ujyalo Nepal Party,Bara-1,677,Declared,♂ Male,Madhesh Province,Bara
Dhan Bahadur Sunar,जनता समाजवादी पार्टी(एकल चुनाव चिन्ह),Kailali-4,675,Declared,♂ Male,Sudurpashchim Province,Kailali
Sher Bahadur Thapa,Rastriya Janamorcha,Gulmi-1,671,Declared,♂ Male,Lumbini Province,Gulmi
Thaman Singh Resmi Magar,National Republic Nepal,Palpa-1,671,Declared,♂ Male,Lumbini Province,Palpa
Manisha Ddha,Ujyalo Nepal Party,Kaski-1,670,Declared,♀ Female,Gandaki Province,Kaski
Rajesha Sah,Janamat Party,Bara-2,668,Declared,♂ Male,Madhesh Province,Bara
Rajesh Chand,Rastriya Prajatantra Party,Darchula-1,666,Declared,♂ Male,Sudurpashchim Province,Darchula
Arjun Bashu,Shram Sanskriti Party,Bhaktapur-2,665,Declared,♂ Male,Bagmati Province,Bhaktapur
Umashankar Prasad Chaudhary,जनता समाजवादी पार्टी(एकल चुनाव चिन्ह),Rupandehi-1,662,Declared,♂ Male,Lumbini Province,Rupandehi
Indra Kumar Bhusal,Nepali Communist Party,Kathmandu-4,657,Declared,♂ Male,Bagmati Province,Kathmandu
Rishiraja Dhamala,आम जनता पार्टी(एकल चुनाव चिन्ह),Rautahat-4,655,Declared,♂ Male,Madhesh Province,Rautahat
Sajina Karki,Rastriya Prajatantra Party,Lalitpur-1,652,Declared,♀ Female,Bagmati Province,Lalitpur
Tojman Gurung,Shram Sanskriti Party,Chitwan-3,650,Declared,♂ Male,Bagmati Province,Chitwan
Bikendra Rai,Mongol National Organisation,Morang-3,647,Declared,♂ Male,Koshi Province,Morang
Kamarullaha Ansari,Janamat Party,Bara-1,645,Declared,♂ Male,Madhesh Province,Bara
Mitrasen Yonjan,Ujyalo Nepal Party,Morang-3,643,Declared,♂ Male,Koshi Province,Morang
Bir Bahadur Rana,Shram Sanskriti Party,Surkhet-1,641,Declared,♂ Male,Karnali Province,Surkhet
Balram Tamang,Ujyalo Nepal Party,Gorkha-2,639,Declared,♂ Male,Gandaki Province,Gorkha
Raja Rama Pasavan,नेपाल संघीय समाजवादी पार्टी(एकल चुनाव चिन्ह),Sarlahi-1,624,Declared,♂ Male,Madhesh Province,Sarlahi
Jita Rama Lama,Ujyalo Nepal Party,Bhaktapur-2,619,Declared,♂ Male,Bagmati Province,Bhaktapur
Saroj Rai,Shram Sanskriti Party,Lalitpur-2,608,Declared,♂ Male,Bagmati Province,Lalitpur
Rupa Devi Bista,Independent,Kanchanpur-1,608,Declared,♀ Female,Sudurpashchim Province,Kanchanpur
Arun Rai,Rastriya Parivartan Party,Udayapur-2,607,Declared,♂ Male,Koshi Province,Udayapur
Surya Bahadur Shahi,Rastriya Prajatantra Party,Kalikot-1,603,Declared,♂ Male,Karnali Province,Kalikot
Krishna Kumar Chaudhary,Sarbabhauma Nagarik Party,Sunsari-3,602,Declared,♂ Male,Koshi Province,Sunsari
Surya Narayan Raya Yadav,Rastriya Prajatantra Party,Sarlahi-1,601,Declared,♂ Male,Madhesh Province,Sarlahi
Jit Bahadur Gupta,Independent,Rupandehi-3,601,Declared,♂ Male,Lumbini Province,Rupandehi
Rana Bahadur Singh,Rastriya Prajatantra Party,Dailekh-1,598,Declared,♂ Male,Karnali Province,Dailekh
Ganesh Kumar Rai,जनता समाजवादी पार्टी(एकल चुनाव चिन्ह),Udayapur-1,597,Declared,♂ Male,Koshi Province,Udayapur
Nanda Bahadur Shahi,Nepal Workers and Peasants Party,Kalikot-1,597,Declared,♂ Male,Karnali Province,Kalikot
Govind Giri,Shram Sanskriti Party,Pyuthan-1,594,Declared,♂ Male,Lumbini Province,Pyuthan
Khadak Bahadur Agrawal,Rastriya Prajatantra Party,Doti-1,594,Declared,♂ Male,Sudurpashchim Province,Doti
Damvara Lavati,Ujyalo Nepal Party,Sunsari-1,590,Declared,♂ Male,Koshi Province,Sunsari
Indra Bahadur Syangtan,Independent,Chitwan-2,590,Declared,♂ Male,Bagmati Province,Chitwan
Mukunda Karki,Shram Sanskriti Party,Kathmandu-2,588,Declared,♂ Male,Bagmati Province,Kathmandu
Mahesh‍vara Dahal,Independent,Sindhuli-2,586,Declared,♂ Male,Bagmati Province,Sindhuli
Hit Kaji Gurung,Shram Sanskriti Party,Kaski-3,586,Declared,♂ Male,Gandaki Province,Kaski
Ramachandra Chaudhari Tharu,Shram Sanskriti Party,Parasi-1,586,Declared,♂ Male,Lumbini Province,Parasi
Malati Kuari Kushwaha,Janamat Party,Parsa-3,583,Declared,♀ Female,Madhesh Province,Parsa
Sumar Hari Adhikari,Shram Sanskriti Party,Sarlahi-1,580,Declared,♂ Male,Madhesh Province,Sarlahi
Laksh‍mi Mukhiya,Independent,Dhanusha-2,579,Declared,♂ Male,Madhesh Province,Dhanusha
Jvala Nepala,Rastriya Prajatantra Party,Ilam-1,577,Declared,♀ Female,Koshi Province,Ilam
Kalpana Sharma,Nepali Communist Party,Kathmandu-5,574,Declared,♀ Female,Bagmati Province,Kathmandu
Prava Shrestha,Nepal Workers and Peasants Party,Kathmandu-5,574,Declared,♂ Male,Bagmati Province,Kathmandu
Vinoda Lueetel,CPN (Maoist),Kapilvastu-3,572,Declared,♂ Male,Lumbini Province,Kapilvastu
Shravana Pasavan,Ujyalo Nepal Party,Siraha-3,570,Declared,♂ Male,Madhesh Province,Siraha
Indrajita Kumara Yadab,Janamat Party,Dhanusha-4,568,Declared,♂ Male,Madhesh Province,Dhanusha
Ravina Pathak,Rastriya Prajatantra Party,Syangja-2,566,Declared,♂ Male,Gandaki Province,Syangja
Koshalal Gurung,Shram Sanskriti Party,Lamjung-1,565,Declared,♂ Male,Gandaki Province,Lamjung
Arjun Tamang,Ujyalo Nepal Party,Udayapur-1,564,Declared,♂ Male,Koshi Province,Udayapur
Hark Bahadur Pun,Shram Sanskriti Party,Baglung-2,564,Declared,♂ Male,Gandaki Province,Baglung
Chuda Karn Begha,Ujyalo Nepal Party,Jhapa-2,560,Declared,♂ Male,Koshi Province,Jhapa
Birendra Mahato,Janamat Party,Mahottari-1,560,Declared,♂ Male,Madhesh Province,Mahottari
Premwati Rana,जनता समाजवादी पार्टी(एकल चुनाव चिन्ह),Kanchanpur-2,560,Declared,♀ Female,Sudurpashchim Province,Kanchanpur
Kapaleshvara Yadav,Janamat Party,Sunsari-4,558,Declared,♂ Male,Koshi Province,Sunsari
Ramesh Balla,Ujyalo Nepal Party,Bhaktapur-1,558,Declared,♂ Male,Bagmati Province,Bhaktapur
Shera Bahadura Vi K,CPN (Maoist),Achham-2,558,Declared,♂ Male,Sudurpashchim Province,Achham
Ammar Bahadur Budha,Mongol National Organisation,Dang-2,557,Declared,♂ Male,Lumbini Province,Dang
Umdeshowr Prasad Sahu,Rastriya Prajatantra Party,Saptari-3,556,Declared,♂ Male,Madhesh Province,Saptari
Rama Kant Chaudhary,जनता समाजवादी पार्टी(एकल चुनाव चिन्ह),Saptari-4,550,Declared,♂ Male,Madhesh Province,Saptari
Kumod Raya,Rastriya Prajatantra Party,Morang-5,549,Declared,♂ Male,Koshi Province,Morang
Jham Bahadur Gurung,Rastriya Janamukti Party,Rupandehi-1,545,Declared,♂ Male,Lumbini Province,Rupandehi
Binod Kumar Mandal,Independent,Saptari-4,544,Declared,♂ Male,Madhesh Province,Saptari
Gore Tamang,Rastriya Prajatantra Party,Ramechhap-1,543,Declared,♂ Male,Bagmati Province,Ramechhap
Ajay Chaurasiya,Nepali Communist Party,Parsa-1,537,Declared,♂ Male,Madhesh Province,Parsa
Aditya Acharya,राष्ट्र निर्माण दल नेपाल,Sunsari-2,536,Declared,♂ Male,Koshi Province,Sunsari
Prem Shankar Shukla,Rastriya Prajatantra Party,Kapilvastu-3,536,Declared,♂ Male,Lumbini Province,Kapilvastu
Sunil Chaudhary Tharu,Progressive Democratic Party,Rupandehi-5,535,Declared,♂ Male,Lumbini Province,Rupandehi
Tika Prasad Chaulagain,Independent,Makwanpur-1,534,Declared,♂ Male,Bagmati Province,Makwanpur
Ni. Kumar Pakhrin,Ujyalo Nepal Party,Chitwan-2,533,Declared,♂ Male,Bagmati Province,Chitwan
Abhay Rajwanshi,Independent,Jhapa-3,531,Declared,♂ Male,Koshi Province,Jhapa
Bhuwan Tamata,Rastriya Swatantra Party,Mugu-1,530,Declared,♂ Male,Karnali Province,Mugu
Dhan Bahadur Shrestha,Shram Sanskriti Party,Kathmandu-10,528,Declared,♂ Male,Bagmati Province,Kathmandu
Durga Bahadur Malla,Rastriya Prajatantra Party,Parbat-1,525,Declared,♂ Male,Gandaki Province,Parbat
Mohammad Reza Hussain,Independent,Morang-5,523,Declared,♂ Male,Koshi Province,Morang
Kalyan Acharya,Rastriya Prajatantra Party,Baglung-1,523,Declared,♂ Male,Gandaki Province,Baglung
Bharat Malla,CPN (Maoist),Bajhang-1,520,Declared,♂ Male,Sudurpashchim Province,Bajhang
Bharat Chaudhary,Janata Samajwadi Party Nepal,Sarlahi-2,518,Declared,♂ Male,Madhesh Province,Sarlahi
Niraj Lama,Nepali Communist Party,Kathmandu-3,518,Declared,♂ Male,Bagmati Province,Kathmandu
Krishna Chandra Prasada Sah,Janata Samajwadi Party Nepal,Dhanusha-4,516,Declared,♂ Male,Madhesh Province,Dhanusha
Bharat Sah,Independent,Siraha-4,511,Declared,♂ Male,Madhesh Province,Siraha
Ram Narayan Adhikari,Rastriya Prajatantra Party,Sindhuli-1,510,Declared,♂ Male,Bagmati Province,Sindhuli
Shambhu Kapar,Independent,Mahottari-3,510,Declared,♂ Male,Madhesh Province,Mahottari
Manjil Rana,Ujyalo Nepal Party,Tanahun-1,508,Declared,♂ Male,Gandaki Province,Tanahun
Dipak Adhikari,Independent,Dhading-2,502,Declared,♂ Male,Bagmati Province,Dhading
Sita Vi.ka.,CPN (Maoist),Pyuthan-1,501,Declared,♀ Female,Lumbini Province,Pyuthan
Paramesh‍vara Saha Sudi,Janata Samajwadi Party Nepal,Dhanusha-3,500,Declared,♂ Male,Madhesh Province,Dhanusha
Ganesha Bahadura Chaudhari,Janamat Party,Parasi-1,500,Declared,♂ Male,Lumbini Province,Parasi
Susma Ale,Mongol National Organisation,Tanahun-2,495,Declared,♀ Female,Gandaki Province,Tanahun
Rama Mani Nyaupane,Rastriya Prajatantra Party,Sindhupalchok-1,490,Declared,♂ Male,Bagmati Province,Sindhupalchok
Ramkaji Rana Magar,Ujyalo Nepal Party,Gorkha-1,489,Declared,♂ Male,Gandaki Province,Gorkha
Piran Gurung,Shram Sanskriti Party,Syangja-1,489,Declared,♂ Male,Gandaki Province,Syangja
Sabita Yadav,Janata Samajwadi Party Nepal,Sunsari-4,486,Declared,♀ Female,Koshi Province,Sunsari
Naresh Kumar Lawati,Ujyalo Nepal Party,Jhapa-1,485,Declared,♂ Male,Koshi Province,Jhapa
Binod Budhathoki,Independent,Kathmandu-10,482,Declared,♂ Male,Bagmati Province,Kathmandu
Hari Bahadura Gurung,Ujyalo Nepal Party,Ilam-1,481,Declared,♂ Male,Koshi Province,Ilam
Samima Miya Ansari,राष्ट्र निर्माण दल नेपाल,Bara-4,481,Declared,♂ Male,Madhesh Province,Bara
Bishwa Nath Sharma,Independent,Rupandehi-4,479,Declared,♂ Male,Lumbini Province,Rupandehi
Dholram Barkoti,Rastriya Prajatantra Party,Sarlahi-3,478,Declared,♂ Male,Madhesh Province,Sarlahi
Dipaka Tamangg,Rastriya Prajatantra Party,Khotang-1,477,Declared,♂ Male,Koshi Province,Khotang
Hom Prasad Pokharel,Rastriya Prajatantra Party,Mahottari-1,475,Declared,♂ Male,Madhesh Province,Mahottari
Datta Tharu,आम जनता पार्टी(एकल चुनाव चिन्ह),Bardiya-1,475,Declared,♂ Male,Lumbini Province,Bardiya
Binod Thing,Mongol National Organisation,Rasuwa-1,474,Declared,♂ Male,Bagmati Province,Rasuwa
Dhruva Raj Tharu,जनता समाजवादी पार्टी(एकल चुनाव चिन्ह),Banke-3,474,Declared,♂ Male,Lumbini Province,Banke
Indra Bahadur B.K,Shram Sanskriti Party,Sindhuli-2,471,Declared,♂ Male,Bagmati Province,Sindhuli
Binod Kumar Mandal,Independent,Mahottari-4,469,Declared,♂ Male,Madhesh Province,Mahottari
Phiroja Khan,Janamat Party,Banke-3,469,Declared,♂ Male,Lumbini Province,Banke
Suman Tamang,Mongol National Organisation,Dhading-1,468,Declared,♂ Male,Bagmati Province,Dhading
Mang Lal Shrestha,Ujyalo Nepal Party,Kathmandu-1,466,Declared,♂ Male,Bagmati Province,Kathmandu
Sarvendra Khanal,Rastriya Parivartan Party,Bara-4,464,Declared,♂ Male,Madhesh Province,Bara
Jay Kumar Pandeya,Janamat Party,Mahottari-2,463,Declared,♂ Male,Madhesh Province,Mahottari
Bharat Nidhi Tiwari,Shram Sanskriti Party,Banke-1,463,Declared,♂ Male,Lumbini Province,Banke
Santosh Kumar Tamang,Mongol National Organisation,Dhading-2,462,Declared,♂ Male,Bagmati Province,Dhading
Tark Bahadur Gurung,Ujyalo Nepal Party,Kaski-3,462,Declared,♂ Male,Gandaki Province,Kaski
Khim Bahadur Gharti Magar,CPN (Maoist),Arghakhanchi-1,459,Declared,♂ Male,Lumbini Province,Arghakhanchi
Khadga Bahadur Waiba,Independent,Sindhuli-2,458,Declared,♂ Male,Bagmati Province,Sindhuli
Mohan Kuwar Thapa Magar,Independent,Palpa-2,458,Declared,♂ Male,Lumbini Province,Palpa
Pitamvara Sinha Kushavaha,Ujyalo Nepal Party,Sarlahi-4,455,Declared,♂ Male,Madhesh Province,Sarlahi
Yashoda Gurung (Subedi),Nepali Communist Party,Manang-1,454,Declared,♀ Female,Gandaki Province,Manang
Gorakh Bahadur Air,Independent,Dadeldhura-1,453,Declared,♂ Male,Sudurpashchim Province,Dadeldhura
Harinandan Kumar Ranjan,नेपाल संघीय समाजवादी पार्टी(एकल चुनाव चिन्ह),Sarlahi-4,452,Declared,♂ Male,Madhesh Province,Sarlahi
Labali Thapa,Shram Sanskriti Party,Kathmandu-6,448,Declared,♀ Female,Bagmati Province,Kathmandu
Maniram Bahadur Pradhan,Shram Sanskriti Party,Kathmandu-7,446,Declared,♂ Male,Bagmati Province,Kathmandu
Shanta Maharjan,Nepal Workers and Peasants Party,Kathmandu-9,443,Declared,♂ Male,Bagmati Province,Kathmandu
Dul Bahadur Kunwar,Rastriya Prajatantra Party,Palpa-2,440,Declared,♂ Male,Lumbini Province,Palpa
Babu Lal Yadav,Nepali Communist Party,Rupandehi-4,440,Declared,♂ Male,Lumbini Province,Rupandehi
Daroga Prasad Kurmi,Shram Sanskriti Party,Kapilvastu-1,439,Declared,♂ Male,Lumbini Province,Kapilvastu
Hasanajana Miya,Janamat Party,Bara-4,437,Declared,♂ Male,Madhesh Province,Bara
Santosh Tamang,Ujyalo Nepal Party,Jhapa-4,432,Declared,♂ Male,Koshi Province,Jhapa
Ait Raj Limbu,Janata Samajwadi Party Nepal,Dhankuta-1,432,Declared,♂ Male,Koshi Province,Dhankuta
Shanta Bir Lama,Mongol National Organisation,Sindhuli-2,432,Declared,♂ Male,Bagmati Province,Sindhuli
Bal Bahadur Darlami,Rastriya Janamorcha,Palpa-2,429,Declared,♂ Male,Lumbini Province,Palpa
Bishal Gupta,Janamat Party,Rupandehi-3,429,Declared,♂ Male,Lumbini Province,Rupandehi
Karbire Kadara,Nepal Humanist Party,Kailali-2,429,Declared,♂ Male,Sudurpashchim Province,Kailali
Muna Tamang,Nepal Workers and Peasants Party,Kavrepalanchok-2,428,Declared,♀ Female,Bagmati Province,Kavrepalanchok
Suryanath Prasad Yadav,Nepali Communist Party,Saptari-2,426,Declared,♂ Male,Madhesh Province,Saptari
Renchen Tamang,Mongol National Organisation,Nuwakot-2,426,Declared,♂ Male,Bagmati Province,Nuwakot
Samir Lama Tamang,Shram Sanskriti Party,Kathmandu-1,426,Declared,♂ Male,Bagmati Province,Kathmandu
Geeta Prasad Acharya,Rastriya Prajatantra Party,Dhading-1,425,Declared,♂ Male,Bagmati Province,Dhading
Bal Bahadur Oli,CPN (Maoist),Dang-3,425,Declared,♂ Male,Lumbini Province,Dang
Rajesha Mayala Vi.ka.,Independent,Kailali-2,423,Declared,♂ Male,Sudurpashchim Province,Kailali
Satya Jit Kumar Jha,Rastriya Prajatantra Party,Saptari-1,422,Declared,♂ Male,Madhesh Province,Saptari
Arbind Thakur,Janamat Party,Mahottari-3,421,Declared,♂ Male,Madhesh Province,Mahottari
Binita Kathayat,Rastriya Swatantra Party,Jumla-1,421,Declared,♀ Female,Karnali Province,Jumla
Sudha Ram Majhi,Janamat Party,Morang-6,420,Declared,♂ Male,Koshi Province,Morang
Mojib Ali Musalman,Rastriya Janamukti Party,Rupandehi-3,417,Declared,♂ Male,Lumbini Province,Rupandehi
Maniraj Bhatt,Rastriya Janamorcha,Doti-1,417,Declared,♂ Male,Sudurpashchim Province,Doti
Roshana Yadav,Independent,Dhanusha-3,416,Declared,♂ Male,Madhesh Province,Dhanusha
Nilu Kumari Chaudhary,Janamat Party,Rupandehi-1,416,Declared,♀ Female,Lumbini Province,Rupandehi
Ramkishor Singh,Ujyalo Nepal Party,Parsa-1,415,Declared,♂ Male,Madhesh Province,Parsa
Daneshwar Pandit,Rastriya Prajatantra Party,Pyuthan-1,415,Declared,♂ Male,Lumbini Province,Pyuthan
Dambar Bahadur Tamang,Ujyalo Nepal Party,Chitwan-3,414,Declared,♂ Male,Bagmati Province,Chitwan
Tulasi Raja Giri,Ujyalo Nepal Party,Rautahat-4,411,Declared,♂ Male,Madhesh Province,Rautahat
Sachitra Sahani,Independent,Sarlahi-4,410,Declared,♂ Male,Madhesh Province,Sarlahi
Sanjaya Kumara Harijan,United Citizens Party,Parasi-2,407,Declared,♂ Male,Lumbini Province,Parasi
Jagannath Chaudhary,जनता समाजवादी पार्टी(एकल चुनाव चिन्ह),Kailali-5,406,Declared,♂ Male,Sudurpashchim Province,Kailali
Bishwa Prakash Jethara,Rastriya Prajatantra Party,Bajhang-1,405,Declared,♂ Male,Sudurpashchim Province,Bajhang
Shiva Bahadur Gurung,Mongol National Organisation,Rupandehi-1,402,Declared,♂ Male,Lumbini Province,Rupandehi
Tanka Bahadura Lama,Shram Sanskriti Party,Kavrepalanchok-2,400,Declared,♂ Male,Bagmati Province,Kavrepalanchok
Birsa Bahadur Rawat,Nepal Workers and Peasants Party,Jumla-1,400,Declared,♂ Male,Karnali Province,Jumla
Divakara Kumara Sah,Independent,Dhanusha-3,398,Declared,♂ Male,Madhesh Province,Dhanusha
Indra Maya Paudel,Independent,Chitwan-3,398,Declared,♀ Female,Bagmati Province,Chitwan
Raja Ram Dagaura Chaudhary,Rastriya Janamorcha,Kanchanpur-1,397,Declared,♂ Male,Sudurpashchim Province,Kanchanpur
Binod Kumar Tamang,Shram Sanskriti Party,Nuwakot-2,396,Declared,♂ Male,Bagmati Province,Nuwakot
Manoj Yadav,Janata Samajwadi Party Nepal,Bardiya-1,394,Declared,♂ Male,Lumbini Province,Bardiya
Prakash Kathayat,CPN (Maoist),Doti-1,392,Declared,♂ Male,Sudurpashchim Province,Doti
Man Bahadur Baigar,Shram Sanskriti Party,Bardiya-2,390,Declared,♂ Male,Lumbini Province,Bardiya
Ram Narayan Tharu,Janamat Party,Sunsari-3,389,Declared,♂ Male,Koshi Province,Sunsari
Shyam Krishna Pathak,Ujyalo Nepal Party,Jhapa-3,388,Declared,♂ Male,Koshi Province,Jhapa
Karna Bahadura Phuyal,Independent,Dolakha-1,388,Declared,♂ Male,Bagmati Province,Dolakha
Mo. Jakir Ali,राष्ट्र निर्माण दल नेपाल,Saptari-4,385,Declared,♂ Male,Madhesh Province,Saptari
Bhaskar Rai,Mongol National Organisation,Udayapur-2,383,Declared,♂ Male,Koshi Province,Udayapur
Rup Kumar Neupane,Rastriya Prajatantra Party,Saptari-4,382,Declared,♂ Male,Madhesh Province,Saptari
Hepa Bahadura Thami,Shram Sanskriti Party,Dolakha-1,381,Declared,♂ Male,Bagmati Province,Dolakha
Gopala Prasada Sah,Janamat Party,Dhanusha-3,381,Declared,♂ Male,Madhesh Province,Dhanusha
Vishala Kumar,Independent,Parsa-1,381,Declared,♂ Male,Madhesh Province,Parsa
Murali Kurmi,Janamat Party,Kapilvastu-2,381,Declared,♂ Male,Lumbini Province,Kapilvastu
Ramesh Kumar Rajbanshi,Janamat Party,Jhapa-2,380,Declared,♂ Male,Koshi Province,Jhapa
Yam Kumar Shrestha,Mongol National Organisation,Jhapa-3,380,Declared,♂ Male,Koshi Province,Jhapa
Ram Chandra Mehata,Janata Samajwadi Party Nepal,Sunsari-2,380,Declared,♂ Male,Koshi Province,Sunsari
Bhim Bahadur Thapa Magar,Shram Sanskriti Party,Kailali-4,379,Declared,♂ Male,Sudurpashchim Province,Kailali
Ajay Kumar Das,Rastriya Prajatantra Party,Saptari-2,374,Declared,♂ Male,Madhesh Province,Saptari
Mahesha Kumara Yadav,Ujyalo Nepal Party,Dhanusha-1,367,Declared,♂ Male,Madhesh Province,Dhanusha
Babita Kumari Shahi,Rastriya Prajatantra Party,Dailekh-2,366,Declared,♀ Female,Karnali Province,Dailekh
Chandra Vahadura Vudha,CPN (Maoist),Rukum West-1,366,Declared,♂ Male,Karnali Province,Rukum West
Parmeshwar Murmu,Janamat Party,Morang-5,364,Declared,♂ Male,Koshi Province,Morang
Amar Kumar Yadav,Independent,Morang-5,363,Declared,♂ Male,Koshi Province,Morang
Ghana Shyam Gautam,Independent,Gulmi-1,362,Declared,♂ Male,Lumbini Province,Gulmi
Ram Ghalan,CPN (Maoist),Makwanpur-2,361,Declared,♂ Male,Bagmati Province,Makwanpur
Rewar Kumar Adhikari,Independent,Sarlahi-1,359,Declared,♂ Male,Madhesh Province,Sarlahi
Yuvaraj Lama,Mongol National Organisation,Makwanpur-1,359,Declared,♂ Male,Bagmati Province,Makwanpur
Shanjesh Kumar Thapa,Independent,Rupandehi-2,359,Declared,♂ Male,Lumbini Province,Rupandehi
Krishna Bikram Shah,Rastriya Prajatantra Party,Jajarkot-1,359,Declared,♂ Male,Karnali Province,Jajarkot
Hari Parajuli,Independent,Sunsari-4,356,Declared,♂ Male,Koshi Province,Sunsari
Shudarshana Karki,Rastriya Parivartan Party,Dolakha-1,356,Declared,♂ Male,Bagmati Province,Dolakha
Harsalal Rajbanshi,Janamat Party,Jhapa-3,354,Declared,♂ Male,Koshi Province,Jhapa
Bhagirath Thapa,Rastriya Janamorcha,Gulmi-2,354,Declared,♂ Male,Lumbini Province,Gulmi
Keshav Bhattarai,Ujyalo Nepal Party,Rupandehi-5,354,Declared,♂ Male,Lumbini Province,Rupandehi
Dhana Singh Sarki,Janata Samajwadi Party Nepal,Surkhet-1,354,Declared,♂ Male,Karnali Province,Surkhet
Ganesha Prasada Dulal,Rastriya Prajatantra Party,Ilam-2,352,Declared,♂ Male,Koshi Province,Ilam
Keshar Bahadur Shahi,Rastriya Prajatantra Party,Bajura-1,352,Declared,♂ Male,Sudurpashchim Province,Bajura
Vikasa Gurungg,Mongol National Organisation,Lamjung-1,351,Declared,♂ Male,Gandaki Province,Lamjung
Kapaleshavara Yadav,Independent,Siraha-2,349,Declared,♂ Male,Madhesh Province,Siraha
Jivan Kumar Gupta,Janamat Party,Morang-4,348,Declared,♂ Male,Koshi Province,Morang
Subash Ghising,Shram Sanskriti Party,Kathmandu-3,347,Declared,♂ Male,Bagmati Province,Kathmandu
Sanjiv Kumar Singh,आम जनता पार्टी(एकल चुनाव चिन्ह),Siraha-1,346,Declared,♂ Male,Madhesh Province,Siraha
Bijaya Kandel,Ujyalo Nepal Party,Parasi-1,346,Declared,♂ Male,Lumbini Province,Parasi
Menuka Bhandari,Nepali Communist Party,Kathmandu-1,345,Declared,♀ Female,Bagmati Province,Kathmandu
Ram Chandra Kori,Sarbabhauma Nagarik Party,Kapilvastu-2,344,Declared,♂ Male,Lumbini Province,Kapilvastu
Sunila Prasada Kusavah,Sarbabhauma Nagarik Party,Rautahat-1,343,Declared,♂ Male,Madhesh Province,Rautahat
Sanjaya Kumara Yadav,Jana Adhikar Party,Rautahat-1,341,Declared,♂ Male,Madhesh Province,Rautahat
Oma Prakasha Sharraph,Janamat Party,Parsa-1,341,Declared,♂ Male,Madhesh Province,Parsa
Dava Lama,Mongol National Organisation,Sindhupalchok-1,340,Declared,♂ Male,Bagmati Province,Sindhupalchok
Eesh‍vara Kumara Raut,Janamat Party,Kapilvastu-3,339,Declared,♂ Male,Lumbini Province,Kapilvastu
Omkar Thapa Magar,Shram Sanskriti Party,Banke-3,339,Declared,♂ Male,Lumbini Province,Banke
Rakesh Rai,जनता समाजवादी पार्टी(एकल चुनाव चिन्ह),Khotang-1,337,Declared,♂ Male,Koshi Province,Khotang
Kalam Singh,CPN (Maoist),Dailekh-2,337,Declared,♂ Male,Karnali Province,Dailekh
Dhana Bahadura Vi.k,Shram Sanskriti Party,Bardiya-1,336,Declared,♂ Male,Lumbini Province,Bardiya
Ishwori Prasad Paiyani,Rastriya Janamorcha,Bhaktapur-1,334,Declared,♂ Male,Bagmati Province,Bhaktapur
Bhaggu Prasad Chaudhary Tharu,जनता समाजवादी पार्टी(एकल चुनाव चिन्ह),Kapilvastu-1,332,Declared,♂ Male,Lumbini Province,Kapilvastu
Intajara Khan,Independent,Kapilvastu-3,332,Declared,♂ Male,Lumbini Province,Kapilvastu
Sakindar Mahara,Independent,Mahottari-2,331,Declared,♂ Male,Madhesh Province,Mahottari
Balram Shrestha,Shram Sanskriti Party,Kathmandu-9,331,Declared,♂ Male,Bagmati Province,Kathmandu
Amitabhav Bacchan Das Tatma,Progressive Democratic Party,Parsa-2,330,Declared,♂ Male,Madhesh Province,Parsa
Mahabir Mehata,Janamat Party,Sunsari-2,329,Declared,♂ Male,Koshi Province,Sunsari
Mohan Thapa,Rastriya Janamorcha,Surkhet-1,321,Declared,♂ Male,Karnali Province,Surkhet
Raja Narayana Sah,Independent,Dhanusha-1,320,Declared,♂ Male,Madhesh Province,Dhanusha
Yog Narayan Mahato,Janata Samajwadi Party Nepal,Mahottari-1,319,Declared,♂ Male,Madhesh Province,Mahottari
Rajendra Prasada Jaisavar,Rastriya Prajatantra Party,Bara-3,319,Declared,♂ Male,Madhesh Province,Bara
Mekh Bahadur Bista,Rastriya Janamorcha,Rolpa-1,318,Declared,♂ Male,Lumbini Province,Rolpa
Purna Bahadur Gharti Magar,जनता समाजवादी पार्टी(एकल चुनाव चिन्ह),Baglung-2,315,Declared,♂ Male,Gandaki Province,Baglung
Rama Bahadura Vish‍vakarma,CPN (Maoist),Kailali-1,315,Declared,♂ Male,Sudurpashchim Province,Kailali
Taiyab Mansur,राष्ट्र निर्माण दल नेपाल,Sarlahi-1,312,Declared,♂ Male,Madhesh Province,Sarlahi
Ghana Shyam Chaudhary,Janamat Party,Morang-2,310,Declared,♂ Male,Koshi Province,Morang
Bishnu Hari Nhisutu,Shram Sanskriti Party,Bhaktapur-1,310,Declared,♂ Male,Bagmati Province,Bhaktapur
Kedar Mani Khanal,Rastriya Prajatantra Party,Gorkha-1,310,Declared,♂ Male,Gandaki Province,Gorkha
Prema Vardeva,Independent,Morang-1,308,Declared,♂ Male,Koshi Province,Morang
Bhulavana Kumara Pasavan,Shram Sanskriti Party,Bara-1,306,Declared,♂ Male,Madhesh Province,Bara
Yuvraj Sangroula,Independent,Jhapa-2,305,Declared,♂ Male,Koshi Province,Jhapa
Indra Bahadura Gurungg,Mongol National Organisation,Parasi-2,305,Declared,♂ Male,Lumbini Province,Parasi
Nisar Ahmad Musalman,राष्ट्र निर्माण दल नेपाल,Kapilvastu-1,304,Declared,♂ Male,Lumbini Province,Kapilvastu
Jagat Bahadur Oli,Nepal Workers and Peasants Party,Dailekh-1,302,Declared,♂ Male,Karnali Province,Dailekh
Rama Vavu Saha Haluvai,Rastriya Prajatantra Party,Dhanusha-4,299,Declared,♂ Male,Madhesh Province,Dhanusha
Jitendra Prasad Sah Rauniyar,Nepal Janata Sanrakshan Party,Sarlahi-1,299,Declared,♂ Male,Madhesh Province,Sarlahi
Ramcharitra Sahani,Progressive Democratic Party,Sarlahi-4,299,Declared,♂ Male,Madhesh Province,Sarlahi
Ram Bahadur Kunwar,CPN (Maoist),Baitadi-1,299,Declared,♂ Male,Sudurpashchim Province,Baitadi
Nawa Raj Bhatt,CPN (Maoist),Darchula-1,298,Declared,♂ Male,Sudurpashchim Province,Darchula
Lila Bahadura Sunuvar,जनता समाजवादी पार्टी(एकल चुनाव चिन्ह),Ilam-1,296,Declared,♂ Male,Koshi Province,Ilam
Amritlal Mahto,Janamat Party,Jhapa-5,296,Declared,♂ Male,Koshi Province,Jhapa
Bishnu Prasad Bhattarai,CPN (Maoist),Rupandehi-5,296,Declared,♂ Male,Lumbini Province,Rupandehi
Rama Kalyana Raut,Janamat Party,Rautahat-4,295,Declared,♂ Male,Madhesh Province,Rautahat
Sangh Prasad Tharu,CPN (Maoist),Kapilvastu-1,294,Declared,♂ Male,Lumbini Province,Kapilvastu
Sh‍yama Sundara Pajiyar,CPN (Maoist),Dhanusha-2,293,Declared,♂ Male,Madhesh Province,Dhanusha
Vindra Maharjan,Nepal Workers and Peasants Party,Kathmandu-10,293,Declared,♀ Female,Bagmati Province,Kathmandu
Kul Bahadur Basnet,Rastriya Prajatantra Party,Gorkha-2,292,Declared,♂ Male,Gandaki Province,Gorkha
Durga Kumari Tamang,Rastriya Parivartan Party,Morang-1,291,Declared,♀ Female,Koshi Province,Morang
Som Bahadur Gurung,Mongol National Organisation,Gorkha-2,290,Declared,♂ Male,Gandaki Province,Gorkha
Harkha Narayan Chaudhary,Ujyalo Nepal Party,Saptari-1,289,Declared,♂ Male,Madhesh Province,Saptari
Dava Phen‍ju Lama / Tamang,Shram Sanskriti Party,Nuwakot-1,288,Declared,♂ Male,Bagmati Province,Nuwakot
Dip Kumar Lama,Shram Sanskriti Party,Siraha-3,287,Declared,♂ Male,Madhesh Province,Siraha
Dhiraja Lama,Shram Sanskriti Party,Kavrepalanchok-1,287,Declared,♂ Male,Bagmati Province,Kavrepalanchok
Jagesh‍vara Yadav,Ujyalo Nepal Party,Sunsari-3,286,Declared,♂ Male,Koshi Province,Sunsari
Mohamda Eestakhar,आम जनता पार्टी(एकल चुनाव चिन्ह),Parsa-3,285,Declared,♂ Male,Madhesh Province,Parsa
Usha Laksh‍mi Tumvahangaphe,Rastriya Parivartan Party,Tehrathum-1,283,Declared,♀ Female,Koshi Province,Tehrathum
Suvendra Kumar Sah,Rastriya Prajatantra Party,Siraha-4,283,Declared,♂ Male,Madhesh Province,Siraha
Phurva Tamang,Shram Sanskriti Party,Sindhupalchok-1,282,Declared,♂ Male,Bagmati Province,Sindhupalchok
Sima Devi Kalwar,Janamat Party,Parsa-4,282,Declared,♀ Female,Madhesh Province,Parsa
Shiva Sundar Karmacharya,Shram Sanskriti Party,Kathmandu-8,281,Declared,♂ Male,Bagmati Province,Kathmandu
Savanama Khatuna Saphi,राष्ट्र निर्माण दल नेपाल,Dhanusha-3,280,Declared,♀ Female,Madhesh Province,Dhanusha
Rangavira Pariyar,CPN (Maoist),Mugu-1,280,Declared,♂ Male,Karnali Province,Mugu
Bishvendra Paswan,Bahujan Shakti Party,Siraha-4,279,Declared,♂ Male,Madhesh Province,Siraha
Surendra Prasada Patel,Independent,Rautahat-4,279,Declared,♂ Male,Madhesh Province,Rautahat
Man Bahadur Ghartimagar,National Republic Nepal,Rolpa-1,279,Declared,♂ Male,Lumbini Province,Rolpa
Pemba Chiri Sherpa,Ujyalo Nepal Party,Solukhumbu-1,278,Declared,♂ Male,Koshi Province,Solukhumbu
Dhana Vahadura Sunuvar,Rastriya Parivartan Party,Morang-2,277,Declared,♂ Male,Koshi Province,Morang
Shekha Praveja Aalam,Janamat Party,Rautahat-3,277,Declared,♂ Male,Madhesh Province,Rautahat
Sonu Kushavaha,Janamat Party,Rautahat-2,276,Declared,♂ Male,Madhesh Province,Rautahat
Shyanraja Pandey,Ujyalo Nepal Party,Dhading-1,274,Declared,♂ Male,Bagmati Province,Dhading
Satrudhana Chaudhari,जनता समाजवादी पार्टी(एकल चुनाव चिन्ह),Parasi-1,274,Declared,♂ Male,Lumbini Province,Parasi
Vijaya Kumara Saha Teli,Independent,Rautahat-3,273,Declared,♂ Male,Madhesh Province,Rautahat
Dhan Bahadur Limbu,Mongol National Organisation,Morang-2,270,Declared,♂ Male,Koshi Province,Morang
Bhuvana Prasada Chaudhari,जनता समाजवादी पार्टी(एकल चुनाव चिन्ह),Bara-1,270,Declared,♂ Male,Madhesh Province,Bara
Dil Bahadur Saud,CPN (Maoist),Kailali-2,270,Declared,♂ Male,Sudurpashchim Province,Kailali
Tashi Lama Tamang,Shram Sanskriti Party,Dhading-2,269,Declared,♂ Male,Bagmati Province,Dhading
Bhim Bahadur Kumal,Ujyalo Nepal Party,Kanchanpur-3,268,Declared,♂ Male,Sudurpashchim Province,Kanchanpur
Bir Bahadur Rumba,Mongol National Organisation,Sarlahi-3,267,Declared,♂ Male,Madhesh Province,Sarlahi
Ker Singh Adai,Rastriya Janamorcha,Kapilvastu-3,267,Declared,♂ Male,Lumbini Province,Kapilvastu
Puspa Koirala,CPN (Maoist),Sankhuwasabha-1,265,Declared,♂ Male,Koshi Province,Sankhuwasabha
Keshav Nepal,Independent,Kathmandu-3,265,Declared,♂ Male,Bagmati Province,Kathmandu
Raj Kumar Yadav,Jai Matribhumi Party,Parsa-3,265,Declared,♂ Male,Madhesh Province,Parsa
Ranjit Kumar Sah,Ujyalo Nepal Party,Mahottari-3,261,Declared,♂ Male,Madhesh Province,Mahottari
Lothro Hemram,Janamat Party,Jhapa-4,260,Declared,♂ Male,Koshi Province,Jhapa
Suni Prasad Gupta,Janamat Party,Sarlahi-3,260,Declared,♂ Male,Madhesh Province,Sarlahi
Hira Lal Syangtan,Mongol National Organisation,Makwanpur-2,260,Declared,♂ Male,Bagmati Province,Makwanpur
Mahendra Pun Magar,Shram Sanskriti Party,Dadeldhura-1,260,Declared,♂ Male,Sudurpashchim Province,Dadeldhura
Lok Bahadur Rana Magar,Rastriya Janamorcha,Bardiya-1,259,Declared,♂ Male,Lumbini Province,Bardiya
Ajij Miya Dhuniya,Independent,Parsa-3,257,Declared,♂ Male,Madhesh Province,Parsa
Gopal Kumar Rai,जनता समाजवादी पार्टी(एकल चुनाव चिन्ह),Bhojpur-1,256,Declared,♂ Male,Koshi Province,Bhojpur
Arjun Prasad Kathariya,CPN (Maoist),Kailali-3,256,Declared,♂ Male,Sudurpashchim Province,Kailali
Sadara Sin Lingadena (limbu),Federal Democratic National Forum,Ilam-2,254,Declared,♂ Male,Koshi Province,Ilam
Jogi Puri Gosai,Nepal Janata Party,Kapilvastu-3,254,Declared,♂ Male,Lumbini Province,Kapilvastu
Lal Bahadur Gharti,Shram Sanskriti Party,Baglung-1,254,Declared,♂ Male,Gandaki Province,Baglung
Megh Bahadur Kami,Nepal Humanist Party,Bardiya-1,254,Declared,♂ Male,Lumbini Province,Bardiya
Jabed Ekbal Haider,पिपुल फर्ष्ट पार्टी,Parsa-1,252,Declared,♂ Male,Madhesh Province,Parsa
Dambhar Bahadur Suvedi,Rastriya Prajatantra Party,Myagdi-1,252,Declared,♂ Male,Gandaki Province,Myagdi
Bishnu Lopchan,Shram Sanskriti Party,Parsa-4,251,Declared,♂ Male,Madhesh Province,Parsa
Thammar Bahadur Bista,Ujyalo Nepal Party,Surkhet-1,251,Declared,♂ Male,Karnali Province,Surkhet
Mukunda Prasad Gajurel,Rastriya Prajatantra Party,Sindhuli-2,249,Declared,♂ Male,Bagmati Province,Sindhuli
Badru Doja Fakir,आम जनता पार्टी(एकल चुनाव चिन्ह),Rupandehi-1,248,Declared,♂ Male,Lumbini Province,Rupandehi
Jatil Karki,Progressive Democratic Party,Humla-1,248,Declared,♂ Male,Karnali Province,Humla
Puran Rana Tharu,CPN (Maoist),Kanchanpur-1,248,Declared,♂ Male,Sudurpashchim Province,Kanchanpur
Machindra Prasad Begha,Janata Samajwadi Party Nepal,Panchthar-1,247,Declared,♂ Male,Koshi Province,Panchthar
Chandra Prasad Rai,Mongol National Organisation,Bhojpur-1,246,Declared,♂ Male,Koshi Province,Bhojpur
Tuphana Nat,राष्ट्र निर्माण दल नेपाल,Mahottari-2,246,Declared,♂ Male,Madhesh Province,Mahottari
Buddhi Raj Tamang,Progressive Democratic Party,Chitwan-3,246,Declared,♂ Male,Bagmati Province,Chitwan
Dhan Bahadur Khadka,Ujyalo Nepal Party,Banke-1,246,Declared,♂ Male,Lumbini Province,Banke
Dil Kumari Lawati,Federal Democratic National Forum,Morang-1,245,Declared,♀ Female,Koshi Province,Morang
Jhabindra Phullel,Rastriya Prajatantra Party,Arghakhanchi-1,244,Declared,♂ Male,Lumbini Province,Arghakhanchi
Basanta Budhathoki,Ujyalo Nepal Party,Morang-6,243,Declared,♂ Male,Koshi Province,Morang
Raj Kishor Sah Mehattari Sudi,Nepali Communist Party,Mahottari-3,243,Declared,♂ Male,Madhesh Province,Mahottari
Madhav Bhat,Rastriya Janamorcha,Kapilvastu-1,243,Declared,♂ Male,Lumbini Province,Kapilvastu
Anchal Shahi,Rastriya Prajatantra Party,Baglung-2,243,Declared,♂ Male,Gandaki Province,Baglung
Dilip Kumar Mahara,नेपाल संघीय समाजवादी पार्टी(एकल चुनाव चिन्ह),Siraha-4,241,Declared,♂ Male,Madhesh Province,Siraha
Chhatra Bahadur Bhatt Khatri,Independent,Kailali-4,241,Declared,♂ Male,Sudurpashchim Province,Kailali
Ranju Kumari Jha (Thakur),Nepal Janata Party,Saptari-2,240,Declared,♀ Female,Madhesh Province,Saptari
Mohommad Umar Khan,राष्ट्र निर्माण दल नेपाल,Parsa-1,240,Declared,♂ Male,Madhesh Province,Parsa
Dilip Kumar Pasman,Independent,Siraha-3,239,Declared,♂ Male,Madhesh Province,Siraha
Nishan Rai,जनता समाजवादी पार्टी(एकल चुनाव चिन्ह),Dhankuta-1,238,Declared,♂ Male,Koshi Province,Dhankuta
Bihari Raya Amat,CPN (Maoist),Dhanusha-1,237,Declared,♂ Male,Madhesh Province,Dhanusha
Basudev Sah,Rastriya Prajatantra Party,Siraha-1,236,Declared,♂ Male,Madhesh Province,Siraha
Salan Chidi Magar,Mongol National Organisation,Palpa-1,235,Declared,♂ Male,Lumbini Province,Palpa
Bela Bahadura Saru,CPN (Maoist),Nawalpur-1,235,Declared,♂ Male,Gandaki Province,Nawalpur
Ramalala Bishvakarma,CPN (Maoist),Dailekh-1,235,Declared,♂ Male,Karnali Province,Dailekh
Dev Dayal Singh,Rastriya Prajatantra Party,Siraha-3,234,Declared,♂ Male,Madhesh Province,Siraha
Navina Kumara Sinh,Rastriya Prajatantra Party,Parsa-3,233,Declared,♂ Male,Madhesh Province,Parsa
Bhupendra Lwar,CPN (Maoist),Bajura-1,233,Declared,♂ Male,Sudurpashchim Province,Bajura
Kirti Man Maden,Ujyalo Nepal Party,Taplejung-1,232,Declared,♂ Male,Koshi Province,Taplejung
Tikaram Chaudhary,CPN (Maoist),Bardiya-2,231,Declared,♂ Male,Lumbini Province,Bardiya
Indra Kumari Bajracharya,Nepal Workers and Peasants Party,Kathmandu-6,230,Declared,♀ Female,Bagmati Province,Kathmandu
Rama Kishora Thakur,Independent,Rautahat-1,229,Declared,♂ Male,Madhesh Province,Rautahat
Shyam Prasad Gupta,Janamat Party,Parsa-2,228,Declared,♂ Male,Madhesh Province,Parsa
Timothy Chaudhary,CPN (Maoist),Bardiya-1,228,Declared,♂ Male,Lumbini Province,Bardiya
Shashi Kumar Yadav,Janamat Party,Bardiya-2,228,Declared,♂ Male,Lumbini Province,Bardiya
Gopala Khadaka,Rastriya Prajatantra Party,Rukum West-1,228,Declared,♂ Male,Karnali Province,Rukum West
Top Bahadur Mahtara,Shram Sanskriti Party,Dang-3,227,Declared,♂ Male,Lumbini Province,Dang
Anup Bohara,Rastriya Parivartan Party,Kathmandu-2,226,Declared,♂ Male,Bagmati Province,Kathmandu
Maniram Khanal,Rastriya Janamorcha,Dang-2,226,Declared,♂ Male,Lumbini Province,Dang
Kishora Kumara Vish‍vas,समावेशी समाजवादी पार्टी नेपाल,Sunsari-3,225,Declared,♂ Male,Koshi Province,Sunsari
Dipaka Chaudhari,Ujyalo Nepal Party,Saptari-2,224,Declared,♂ Male,Madhesh Province,Saptari
Bishnu Prasad Tiwari,CPN (Maoist),Rupandehi-4,224,Declared,♂ Male,Lumbini Province,Rupandehi
Ganga Datt Joshi,Shram Sanskriti Party,Kanchanpur-3,224,Declared,♂ Male,Sudurpashchim Province,Kanchanpur
Bajendra Rai,Mongol National Organisation,Okhaldhunga-1,223,Declared,♂ Male,Koshi Province,Okhaldhunga
Santosh Kumar Sunuwar,Rastriya Parivartan Party,Sindhuli-1,223,Declared,♂ Male,Bagmati Province,Sindhuli
Rajeshwar Ray,Rastriya Prajatantra Party,Mahottari-3,223,Declared,♂ Male,Madhesh Province,Mahottari
Sante Nepali,CPN (Maoist),Gulmi-2,223,Declared,♂ Male,Lumbini Province,Gulmi
Rakesh Mandal,Ujyalo Nepal Party,Mahottari-2,222,Declared,♂ Male,Madhesh Province,Mahottari
Dilli Bahadur Gharti,National Republic Nepal,Salyan-1,222,Declared,♂ Male,Karnali Province,Salyan
"Muksam Labung, Limbu",Federal Democratic National Forum,Taplejung-1,221,Declared,♂ Male,Koshi Province,Taplejung
Shalik Ram Rai,Rastriya Parivartan Party,Dhankuta-1,221,Declared,♂ Male,Koshi Province,Dhankuta
Gautam Thapa,Shram Sanskriti Party,Lalitpur-1,221,Declared,♂ Male,Bagmati Province,Lalitpur
Binod Prasad Yadav,Ujyalo Nepal Party,Parsa-4,221,Declared,♂ Male,Madhesh Province,Parsa
Abdula Gaphphara Ansari,Independent,Kapilvastu-2,221,Declared,♂ Male,Lumbini Province,Kapilvastu
Bishnu Bahadur Khadka,Rastriya Prajatantra Party,Udayapur-2,220,Declared,♂ Male,Koshi Province,Udayapur
Santosha Kumara Gupta,Ujyalo Nepal Party,Bara-4,220,Declared,♂ Male,Madhesh Province,Bara
Thamman Bahadur Budha Magar,National Republic Nepal,Rupandehi-2,219,Declared,♂ Male,Lumbini Province,Rupandehi
Khem Raj Jaishi,Nepal Janata Sanrakshan Party,Saptari-1,218,Declared,♂ Male,Madhesh Province,Saptari
Yam Bahadur Gurung,Mongol National Organisation,Syangja-1,216,Declared,♂ Male,Gandaki Province,Syangja
Vishnumana Vik,National Republic Nepal,Nawalpur-1,216,Declared,♂ Male,Gandaki Province,Nawalpur
Janak Raj Shah,Progressive Democratic Party,Kailali-1,216,Declared,♂ Male,Sudurpashchim Province,Kailali
Lumadi Prasad Dhimal,Progressive Democratic Party,Sarlahi-1,215,Declared,♂ Male,Madhesh Province,Sarlahi
Tara Kumari Chaudhary,Ujyalo Nepal Party,Siraha-1,214,Declared,♀ Female,Madhesh Province,Siraha
Bijaya Yadav,आम जनता पार्टी(एकल चुनाव चिन्ह),Bara-1,213,Declared,♂ Male,Madhesh Province,Bara
Paramesh‍vara Lala Sah,Ujyalo Nepal Party,Saptari-3,212,Declared,♂ Male,Madhesh Province,Saptari
Bal Bahadur Malla,CPN (Maoist),Jajarkot-1,212,Declared,♂ Male,Karnali Province,Jajarkot
Babarjang Bahadur Singh,CPN (Maoist),Kailali-5,212,Declared,♂ Male,Sudurpashchim Province,Kailali
Chiranjivi Kharal,Independent,Parasi-1,212,Declared,♂ Male,Lumbini Province,Parasi
Ram Kumar Yadav,Nepali Party for Nepal,Siraha-2,211,Declared,♂ Male,Madhesh Province,Siraha
Sadama Husain,Shram Sanskriti Party,Dhanusha-3,211,Declared,♂ Male,Madhesh Province,Dhanusha
Raj Nandan Raya Yadav,Independent,Mahottari-3,211,Declared,♂ Male,Madhesh Province,Mahottari
Hajari Lal Mali,नेपाल कम्युनिष्ट पार्टी मार्क्सवादी (पुष्पलाल),Rupandehi-1,211,Declared,♂ Male,Lumbini Province,Rupandehi
Anish Ansari,जनता समाजवादी पार्टी(एकल चुनाव चिन्ह),Saptari-2,210,Declared,♂ Male,Madhesh Province,Saptari
Mo. Aajada Saee,Janamat Party,Banke-2,210,Declared,♂ Male,Lumbini Province,Banke
Vinaya Pravin,Ujyalo Nepal Party,Siraha-4,207,Declared,♂ Male,Madhesh Province,Siraha
Chiri Maiya Maharjan (Lakhaju),Nepal Workers and Peasants Party,Lalitpur-2,207,Declared,♀ Female,Bagmati Province,Lalitpur
Jung Bahadur Yadav,Nepal Janata Party,Rupandehi-4,207,Declared,♂ Male,Lumbini Province,Rupandehi
Lalababu Prasada Saha Teli,Rastriya Prajatantra Party,Bara-2,206,Declared,♂ Male,Madhesh Province,Bara
Saroj Singh Chaudhary,Ujyalo Nepal Party,Rupandehi-3,206,Declared,♂ Male,Lumbini Province,Rupandehi
Sushant Sampang Rai,Rastriya Parivartan Party,Jhapa-5,204,Declared,♂ Male,Koshi Province,Jhapa
Sitamaya Bal,Independent,Makwanpur-2,204,Declared,♀ Female,Bagmati Province,Makwanpur
Dewan Raj Rai,CPN (Maoist),Bhojpur-1,203,Declared,♂ Male,Koshi Province,Bhojpur
Lakpa Sherpa,Janata Samajwadi Party Nepal,Solukhumbu-1,203,Declared,♂ Male,Koshi Province,Solukhumbu
Dipendra Prasad Yadav,Nepal Janata Party,Saptari-1,203,Declared,♂ Male,Madhesh Province,Saptari
Maheshvara Mandal,Rastriya Prajatantra Party,Dhanusha-2,203,Declared,♂ Male,Madhesh Province,Dhanusha
Chhatra Kumar Pakhrin,Rastriya Mukti Andolan Nepal,Kathmandu-8,203,Declared,♂ Male,Bagmati Province,Kathmandu
Ranju Kumari Sah,आम जनता पार्टी(एकल चुनाव चिन्ह),Parsa-2,203,Declared,♀ Female,Madhesh Province,Parsa
Jayavant Bikram Sah,Rastriya Mukti Andolan Nepal,Kapilvastu-1,203,Declared,♂ Male,Lumbini Province,Kapilvastu
Sandipa Pun,Progressive Democratic Party,Rukum East-1,203,Declared,♂ Male,Lumbini Province,Rukum East
Bal Bahadur Malla,Rastriya Prajatantra Party,Mugu-1,203,Declared,♂ Male,Karnali Province,Mugu
Nagendra Bahadur Limbu,जनता समाजवादी पार्टी(एकल चुनाव चिन्ह),Sunsari-1,202,Declared,♂ Male,Koshi Province,Sunsari
Janak Sen,Rastriya Prajatantra Party,Gulmi-2,202,Declared,♂ Male,Lumbini Province,Gulmi
Brihaspati Aryal,Rastriya Prajatantra Party,Palpa-1,202,Declared,♂ Male,Lumbini Province,Palpa
Samira Shreshth,CPN (Maoist),Sindhupalchok-1,201,Declared,♂ Male,Bagmati Province,Sindhupalchok
Priti Jha,Sarbabhauma Nagarik Party,Morang-6,200,Declared,♀ Female,Koshi Province,Morang
Tej Bahadur Thapa,National Republic Nepal,Syangja-2,200,Declared,♂ Male,Gandaki Province,Syangja
Padam Bahadur Tamang,Rastriya Prajatantra Party,Sankhuwasabha-1,199,Declared,♂ Male,Koshi Province,Sankhuwasabha
Husaina Kavari,Rastriya Prajatantra Party,Dhanusha-3,199,Declared,♂ Male,Madhesh Province,Dhanusha
Mo. Tajmul Miyan,Independent,Sunsari-4,198,Declared,♂ Male,Koshi Province,Sunsari
Janak Nepal,Rastriya Prajatantra Party,Bhojpur-1,197,Declared,♂ Male,Koshi Province,Bhojpur
Nar Bahadur Budha,National Republic Nepal,Baglung-2,197,Declared,♂ Male,Gandaki Province,Baglung
Badre Alam Musalman,Rastriya Janamorcha,Rupandehi-3,195,Declared,♂ Male,Lumbini Province,Rupandehi
Dharmanand Joshi,Progressive Democratic Party,Kanchanpur-2,195,Declared,♂ Male,Sudurpashchim Province,Kanchanpur
Arun Kumar Kushwaha,Nepal Janata Party,Parsa-4,194,Declared,♂ Male,Madhesh Province,Parsa
Raj Mangal Tharu,CPN (Maoist),Kapilvastu-2,194,Declared,♂ Male,Lumbini Province,Kapilvastu
Min Bahadur Thedi Magar,National Republic Nepal,Dang-1,193,Declared,♂ Male,Lumbini Province,Dang
Parvata Paudyal,Rastriya Janamorcha,Parasi-2,193,Declared,♀ Female,Lumbini Province,Parasi
Dhan Bahadur Chaudhary,Janamat Party,Kailali-5,192,Declared,♂ Male,Sudurpashchim Province,Kailali
Bhipi Rai,Rastriya Sajha Party,Sunsari-1,191,Declared,♂ Male,Koshi Province,Sunsari
Ramila Maharjan,Nepal Workers and Peasants Party,Lalitpur-3,191,Declared,♀ Female,Bagmati Province,Lalitpur
Risha Gole,Mongol National Organisation,Chitwan-2,191,Declared,♀ Female,Bagmati Province,Chitwan
Parvati Gurungaseni,Ujyalo Nepal Party,Nawalpur-1,191,Declared,♀ Female,Gandaki Province,Nawalpur
Juddha Bahadura Budha Magar,CPN (Maoist),Rukum East-1,191,Declared,♂ Male,Lumbini Province,Rukum East
Sunaina Devi Koir,Independent,Mahottari-1,190,Declared,♀ Female,Madhesh Province,Mahottari
Manoj Kumar Raya,Independent,Sarlahi-2,190,Declared,♂ Male,Madhesh Province,Sarlahi
Dhanik Lal Chaudhary,आम जनता पार्टी(एकल चुनाव चिन्ह),Saptari-3,188,Declared,♂ Male,Madhesh Province,Saptari
Navaraja Aryal,Shram Sanskriti Party,Rautahat-4,188,Declared,♂ Male,Madhesh Province,Rautahat
Suraj Pandey,Ujyalo Nepal Party,Rupandehi-2,187,Declared,♂ Male,Lumbini Province,Rupandehi
Dipaka Vudhathoki,CPN (Maoist),Banke-1,186,Declared,♂ Male,Lumbini Province,Banke
Indra Prasad Thapa,Rastriya Prajatantra Party,Taplejung-1,185,Declared,♂ Male,Koshi Province,Taplejung
Shiva Narayan Mahato,Independent,Mahottari-1,185,Declared,♂ Male,Madhesh Province,Mahottari
Kshetra Bahadur Ghimire,CPN (Maoist),Myagdi-1,185,Declared,♂ Male,Gandaki Province,Myagdi
Rameshowr Raya Yadav,Janata Samajwadi Party Nepal,Sarlahi-4,184,Declared,♂ Male,Madhesh Province,Sarlahi
Megharaja Pasavan,Ujyalo Nepal Party,Bara-2,184,Declared,♂ Male,Madhesh Province,Bara
Khema Bahadura Rana,Rastriya Janamukti Party,Nawalpur-2,184,Declared,♂ Male,Gandaki Province,Nawalpur
Gambhir Singh Bhul,Ujyalo Nepal Party,Surkhet-2,184,Declared,♂ Male,Karnali Province,Surkhet
Maila Lama,CPN (Maoist),Kathmandu-9,183,Declared,♂ Male,Bagmati Province,Kathmandu
Chandra Bahadur Budhathoki,CPN (Maoist),Khotang-1,182,Declared,♂ Male,Koshi Province,Khotang
Bisho Kumar Yadav,Ujyalo Nepal Party,Saptari-4,182,Declared,♂ Male,Madhesh Province,Saptari
Ram Chandra Bhattarai,CPN (Unified),Rupandehi-1,182,Declared,♂ Male,Lumbini Province,Rupandehi
Pritam Chaudhary,National Republic Nepal,Dang-3,181,Declared,♂ Male,Lumbini Province,Dang
Dev Singh Aidi,Rastriya Swatantra Party,Dolpa-1,181,Declared,♂ Male,Karnali Province,Dolpa
Bhanu Bhakta Phiak,Federal Democratic National Forum,Panchthar-1,180,Declared,♂ Male,Koshi Province,Panchthar
Kamala Ji Si,Rastriya Janamorcha,Dang-3,180,Declared,♀ Female,Lumbini Province,Dang
Sunita Maharjan,Independent,Kathmandu-8,179,Declared,♀ Female,Bagmati Province,Kathmandu
Dika Prasad Bastola,Rastriya Prajatantra Party,Okhaldhunga-1,178,Declared,♂ Male,Koshi Province,Okhaldhunga
Santosh Kumar Patel,Nepal Janata Party,Parsa-2,178,Declared,♂ Male,Madhesh Province,Parsa
Badri Prashad Yadav,Janata Samajwadi Party Nepal,Sunsari-3,177,Declared,♂ Male,Koshi Province,Sunsari
Ruk Bahadur Parajuli,Rastriya Janamorcha,Rupandehi-2,177,Declared,♂ Male,Lumbini Province,Rupandehi
Hark Bahadur Air,Independent,Kanchanpur-3,177,Declared,♂ Male,Sudurpashchim Province,Kanchanpur
Kalpana Devi Yadav,राष्ट्र निर्माण दल नेपाल,Morang-4,176,Declared,♀ Female,Koshi Province,Morang
Tajina Visht,Progressive Democratic Party,Sunsari-2,176,Declared,♀ Female,Koshi Province,Sunsari
Manoj Kumar Gupta,Ujyalo Nepal Party,Mahottari-1,176,Declared,♂ Male,Madhesh Province,Mahottari
Niranjan Sanjel,Independent,Dhading-1,176,Declared,♂ Male,Bagmati Province,Dhading
Rabindra Malla,Ujyalo Nepal Party,Syangja-1,176,Declared,♂ Male,Gandaki Province,Syangja
Ashok Kumar Chaudhary,Ujyalo Nepal Party,Rupandehi-1,176,Declared,♂ Male,Lumbini Province,Rupandehi
Koshal Kishor Das,Nepal Janata Party,Saptari-4,175,Declared,♂ Male,Madhesh Province,Saptari
Ananda Karki,Independent,Bhaktapur-2,175,Declared,♂ Male,Bagmati Province,Bhaktapur
Aj Bahadur Giri,Rastriya Janamorcha,Kalikot-1,175,Declared,♂ Male,Karnali Province,Kalikot
Raj Narayan Jha,Progressive Democratic Party,Mahottari-2,174,Declared,♂ Male,Madhesh Province,Mahottari
Chandradatta Sapakota,Rastriya Janamorcha,Nawalpur-1,174,Declared,♂ Male,Gandaki Province,Nawalpur
Lalit Kumar Singh,Ujyalo Nepal Party,Siraha-2,173,Declared,♂ Male,Madhesh Province,Siraha
Bhimsen Ghimire,CPN (Maoist),Lalitpur-1,173,Declared,♂ Male,Bagmati Province,Lalitpur
Jiten‍dra Das,Rastriya Ekta Dal,Dhanusha-4,172,Declared,♂ Male,Madhesh Province,Dhanusha
Amit Kumar Singh,Ujyalo Nepal Party,Mahottari-4,172,Declared,♂ Male,Madhesh Province,Mahottari
Purna Bahadur Rana,Nepal Janmukti Party,Tanahun-2,172,Declared,♂ Male,Gandaki Province,Tanahun
Bhakt Bahadur Shahi,CPN (Maoist),Kailali-4,172,Declared,♂ Male,Sudurpashchim Province,Kailali
Dev Kumar Shrestha,Independent,Kathmandu-10,171,Declared,♂ Male,Bagmati Province,Kathmandu
Jayashvara Regmi,Rastriya Janamorcha,Rupandehi-5,171,Declared,♂ Male,Lumbini Province,Rupandehi
Prem Bahadur Thapa,Mongol National Organisation,Tanahun-1,170,Declared,♂ Male,Gandaki Province,Tanahun
Sat‍yanarayana Shreshth,Rastriya Janamorcha,Rukum West-1,170,Declared,♂ Male,Karnali Province,Rukum West
Santosh Kumar Mehata,जनता समाजवादी पार्टी(एकल चुनाव चिन्ह),Sunsari-2,169,Declared,♂ Male,Koshi Province,Sunsari
Rajesha Kumara Shreshth,Independent,Kavrepalanchok-1,169,Declared,♂ Male,Bagmati Province,Kavrepalanchok
Ram Bahadur Aslami,Sarbabhauma Nagarik Party,Palpa-2,169,Declared,♂ Male,Lumbini Province,Palpa
Ayuv Ansari,समावेशी समाजवादी पार्टी नेपाल,Sunsari-4,168,Declared,♂ Male,Koshi Province,Sunsari
Santosh Kumar Chaman,Nepal Janata Party,Saptari-3,168,Declared,♂ Male,Madhesh Province,Saptari
Shyam Kishor Sah Haluwai,Rastriya Prajatantra Party,Siraha-2,168,Declared,♂ Male,Madhesh Province,Siraha
Nagendra Prasad Yadav,Janata Samajwadi Party Nepal,Parsa-3,168,Declared,♂ Male,Madhesh Province,Parsa
Yadav Singh,Independent,Kanchanpur-1,168,Declared,♂ Male,Sudurpashchim Province,Kanchanpur
Sushil Hamal,CPN (Maoist),Sindhuli-1,167,Declared,♂ Male,Bagmati Province,Sindhuli
Min Bahadur Shahi,Rastriya Prajatantra Party,Achham-2,167,Declared,♂ Male,Sudurpashchim Province,Achham
Shobhamani Joshi,Rastriya Janamorcha,Kailali-5,167,Declared,♀ Female,Sudurpashchim Province,Kailali
San Bahadur Meche,Mongol National Organisation,Jhapa-5,166,Declared,♂ Male,Koshi Province,Jhapa
Hari Bahadura Ke.si.,Rastriya Janamorcha,Rupandehi-1,166,Declared,♂ Male,Lumbini Province,Rupandehi
Naradamani Sangapangg,CPN (Maoist),Ilam-1,165,Declared,♂ Male,Koshi Province,Ilam
Bala Bahadura Aangadembe,जनता समाजवादी पार्टी(एकल चुनाव चिन्ह),Ilam-2,165,Declared,♂ Male,Koshi Province,Ilam
Raja Kumara Lamichhane,CPN (Maoist),Dolakha-1,165,Declared,♂ Male,Bagmati Province,Dolakha
Jit Bahadur Ghale,United Citizens Party,Gorkha-1,165,Declared,♂ Male,Gandaki Province,Gorkha
Batrya Bahadur Rai,CPN (Maoist),Sindhuli-2,163,Declared,♂ Male,Bagmati Province,Sindhuli
Tek Bahadur Shrestha,Rastriya Mukti Andolan Nepal,Sarlahi-1,163,Declared,♂ Male,Madhesh Province,Sarlahi
Rupalala Raya Yadav,Rastriya Prajatantra Party,Rautahat-4,163,Declared,♂ Male,Madhesh Province,Rautahat
Ram Kumar Tumrok,Mongol National Organisation,Panchthar-1,162,Declared,♂ Male,Koshi Province,Panchthar
Ramrup Prasad Sah,Ujyalo Nepal Party,Parsa-3,162,Declared,♂ Male,Madhesh Province,Parsa
Arjun Bahadur Thapa Magar,Rastriya Janamorcha,Ramechhap-1,161,Declared,♂ Male,Bagmati Province,Ramechhap
Som Bahadur Ghalan,Mongol National Organisation,Sindhuli-1,161,Declared,♂ Male,Bagmati Province,Sindhuli
Kamala Lalchan,Rastriya Prajatantra Party,Mustang-1,161,Declared,♀ Female,Gandaki Province,Mustang
Pankaj Kumar Thakur,Shram Sanskriti Party,Siraha-4,160,Declared,♂ Male,Madhesh Province,Siraha
Vinoda Ghimire,Independent,Dolakha-1,160,Declared,♂ Male,Bagmati Province,Dolakha
Kumar Rana Magar,Mongol National Organisation,Nuwakot-1,159,Declared,♂ Male,Bagmati Province,Nuwakot
Karnavira Syanvu Lama,Mongol National Organisation,Sindhupalchok-2,159,Declared,♂ Male,Bagmati Province,Sindhupalchok
Shanta Kumar Joshi,Rastriya Prajatantra Party,Parsa-4,158,Declared,♂ Male,Madhesh Province,Parsa
Tulchhi Khadaka,Nepal Workers and Peasants Party,Surkhet-2,158,Declared,♀ Female,Karnali Province,Surkhet
Rajendra Basnet,Rastriya Prajatantra Party,Solukhumbu-1,157,Declared,♂ Male,Koshi Province,Solukhumbu
Dr. Jivcha Thakur,Shram Sanskriti Party,Siraha-1,157,Declared,♂ Male,Madhesh Province,Siraha
Ramlakhan Sah Kanu,Rastriya Prajatantra Party,Mahottari-2,157,Declared,♂ Male,Madhesh Province,Mahottari
Aat‍marama Prasada Sah,आम जनता पार्टी(एकल चुनाव चिन्ह),Bara-2,157,Declared,♂ Male,Madhesh Province,Bara
Subhasa Kuvar,Ujyalo Nepal Party,Kailali-4,157,Declared,♂ Male,Sudurpashchim Province,Kailali
Yamun Bahadur Basnet,CPN (Maoist),Ramechhap-1,156,Declared,♂ Male,Bagmati Province,Ramechhap
Sharada Devi Ghisingag,Independent,Dhanusha-1,156,Declared,♀ Female,Madhesh Province,Dhanusha
Mahendra Tamang,CPN (Maoist),Nuwakot-1,156,Declared,♂ Male,Bagmati Province,Nuwakot
Kamala Bahadura Lama (tamanga),Mongol National Organisation,Kavrepalanchok-1,156,Declared,♂ Male,Bagmati Province,Kavrepalanchok
Narpati Paudel,CPN (Maoist),Taplejung-1,155,Declared,♂ Male,Koshi Province,Taplejung
Iphatakhara Hasana (ikavala),Independent,Sunsari-2,155,Declared,♂ Male,Koshi Province,Sunsari
Shri Madana Shah,Rastriya Prajatantra Party,Rautahat-1,155,Declared,♂ Male,Madhesh Province,Rautahat
Yam Bahadur Basnet,Independent,Dang-3,155,Declared,♂ Male,Lumbini Province,Dang
Krishna Nandan Raya,Independent,Sarlahi-3,154,Declared,♂ Male,Madhesh Province,Sarlahi
Virendra Vi.k,CPN (Maoist),Rupandehi-2,154,Declared,♂ Male,Lumbini Province,Rupandehi
Homa Prasada Khativada,CPN (Maoist),Ilam-2,153,Declared,♂ Male,Koshi Province,Ilam
Bhesharaj Bajagai,CPN (Maoist),Sunsari-4,153,Declared,♂ Male,Koshi Province,Sunsari
Santahira Rai,Mongol National Organisation,Sunsari-2,152,Declared,♀ Female,Koshi Province,Sunsari
Durga Bahadur  Tamang,CPN (Maoist),Udayapur-2,152,Declared,♂ Male,Koshi Province,Udayapur
Lakshmi Puna Magar,Nepal Workers and Peasants Party,Kailali-2,152,Declared,♀ Female,Sudurpashchim Province,Kailali
Shivadayal Mahara,नेपाल संघीय समाजवादी पार्टी(एकल चुनाव चिन्ह),Sarlahi-3,151,Declared,♂ Male,Madhesh Province,Sarlahi
Ngutuk Gurung,Nepali Communist Party,Mustang-1,151,Declared,♂ Male,Gandaki Province,Mustang
Amarendra Kumara Jha,Nepal Janata Party,Dhanusha-3,150,Declared,♂ Male,Madhesh Province,Dhanusha
Dhan Bahadur Budhamagar,Shram Sanskriti Party,Salyan-1,150,Declared,♂ Male,Karnali Province,Salyan
Dharmaraj Devkota,CPN (Maoist),Surkhet-2,150,Declared,♂ Male,Karnali Province,Surkhet
Kanchha Tamang,CPN (Maoist),Kavrepalanchok-1,149,Declared,♂ Male,Bagmati Province,Kavrepalanchok
Akal Bahadur Tamang,Mongol National Organisation,Jhapa-2,148,Declared,♂ Male,Koshi Province,Jhapa
Raju Mandal Rajbanshi,Janata Samajwadi Party Nepal,Morang-6,148,Declared,♂ Male,Koshi Province,Morang
Krishna Murari Prajapati,Ujyalo Nepal Party,Parsa-2,148,Declared,♂ Male,Madhesh Province,Parsa
Jagdev Sada,Independent,Saptari-1,147,Declared,♂ Male,Madhesh Province,Saptari
Pralada Silaval,Shram Sanskriti Party,Dhading-1,147,Declared,♂ Male,Bagmati Province,Dhading
Rojana Vish‍vakarma,Independent,Sunsari-4,146,Declared,♂ Male,Koshi Province,Sunsari
Kanchha Rama Ghising,CPN (Maoist),Kavrepalanchok-2,146,Declared,♂ Male,Bagmati Province,Kavrepalanchok
Shyam Prasad Tharu,Rastriya Parivartan Party,Bardiya-1,146,Declared,♂ Male,Lumbini Province,Bardiya
Ram Bahadur Karki,Rastriya Janamorcha,Kanchanpur-2,145,Declared,♂ Male,Sudurpashchim Province,Kanchanpur
Sabiul Shesh,Progressive Democratic Party,Sarlahi-3,144,Declared,♂ Male,Madhesh Province,Sarlahi
Ramesha Bahadura Gharti Kshetri,Progressive Democratic Party,Kavrepalanchok-2,144,Declared,♂ Male,Bagmati Province,Kavrepalanchok
Gopala Bahadura Khatri,Shram Sanskriti Party,Bara-4,144,Declared,♂ Male,Madhesh Province,Bara
Rabindra Nakhola,CPN (Maoist),Lamjung-1,144,Declared,♂ Male,Gandaki Province,Lamjung
Ghana Shyam Chaudhary,Mongol National Organisation,Dang-3,144,Declared,♂ Male,Lumbini Province,Dang
Mitra Lingden,जनता समाजवादी पार्टी(एकल चुनाव चिन्ह),Panchthar-1,143,Declared,♂ Male,Koshi Province,Panchthar
Raj Kishor Raya Yadav,Rastriya Prajatantra Party,Sarlahi-2,143,Declared,♂ Male,Madhesh Province,Sarlahi
Vish‍nu Giri,Rastriya Janamorcha,Nawalpur-2,143,Declared,♂ Male,Gandaki Province,Nawalpur
Lokendra Bahadur B.K.,CPN (Maoist),Kanchanpur-2,143,Declared,♂ Male,Sudurpashchim Province,Kanchanpur
Khadga Bahadur Karki,CPN (Maoist),Morang-3,142,Declared,♂ Male,Koshi Province,Morang
Mustak Ahamad Ansari,राष्ट्र निर्माण दल नेपाल,Mahottari-3,142,Declared,♂ Male,Madhesh Province,Mahottari
Bir Bahadur Tamang,Progressive Democratic Party,Dhading-2,142,Declared,♂ Male,Bagmati Province,Dhading
Mumataja Begam,Shram Sanskriti Party,Bara-3,142,Declared,♀ Female,Madhesh Province,Bara
Dev Bahadur Thapa,Mongol National Organisation,Gorkha-1,142,Declared,♂ Male,Gandaki Province,Gorkha
Arun Subba (Lechervo),जनता समाजवादी पार्टी(एकल चुनाव चिन्ह),Taplejung-1,141,Declared,♂ Male,Koshi Province,Taplejung
Kiran Limbu Lingden,Federal Democratic National Forum,Jhapa-4,141,Declared,♂ Male,Koshi Province,Jhapa
Khum Bahadur Gaha Magar,Mongol National Organisation,Dang-1,141,Declared,♂ Male,Lumbini Province,Dang
Yagya Bahadur Tamota,Nepal Humanist Party,Kailali-4,141,Declared,♂ Male,Sudurpashchim Province,Kailali
Aashutosh Dhungel,CPN (Maoist),Sunsari-3,140,Declared,♂ Male,Koshi Province,Sunsari
Bishnu Prasad Tiwari,Independent,Kaski-2,140,Declared,♂ Male,Gandaki Province,Kaski
Narmati Sijali,Rastriya Janamorcha,Palpa-1,140,Declared,♀ Female,Lumbini Province,Palpa
Ganga Prasada Jnyavali,CPN (Maoist),Nawalpur-2,140,Declared,♂ Male,Gandaki Province,Nawalpur
Rajendra Bahadur Shahi,Independent,Kailali-1,140,Declared,♂ Male,Sudurpashchim Province,Kailali
Valakrish‍na Sharma,Rastriya Janamorcha,Bara-3,139,Declared,♂ Male,Madhesh Province,Bara
Top Bahadur Aslami,Rastriya Janamukti Party,Palpa-2,138,Declared,♂ Male,Lumbini Province,Palpa
Chandrabhushana Pathak,Progressive Democratic Party,Parasi-2,137,Declared,♂ Male,Lumbini Province,Parasi
Shankara Mana Limbu,Federal Democratic National Forum,Tehrathum-1,136,Declared,♂ Male,Koshi Province,Tehrathum
Kailesh Mahato,आम जनता पार्टी(एकल चुनाव चिन्ह),Mahottari-3,136,Declared,♂ Male,Madhesh Province,Mahottari
Muhammad Bahid Fakir,Janata Samajwadi Party Nepal,Rupandehi-5,136,Declared,♂ Male,Lumbini Province,Rupandehi
Ram Charan Chaudhary,Shram Sanskriti Party,Banke-2,136,Declared,♂ Male,Lumbini Province,Banke
Bharat Kumar Rai (Yakkha),Janata Samajwadi Party Nepal,Sankhuwasabha-1,135,Declared,♂ Male,Koshi Province,Sankhuwasabha
Sudhira Kumara Sah,Independent,Bara-2,135,Declared,♂ Male,Madhesh Province,Bara
Chandra Saud,Ujyalo Nepal Party,Kailali-5,135,Declared,♂ Male,Sudurpashchim Province,Kailali
Shambhu Prasad Dev,Rastriya Ekta Dal,Saptari-1,134,Declared,♂ Male,Madhesh Province,Saptari
Badri Narayan Chaudhary,Federal Democratic National Forum,Siraha-1,134,Declared,♂ Male,Madhesh Province,Siraha
Bhola Miyan,Independent,Bara-4,134,Declared,♂ Male,Madhesh Province,Bara
Basant Raj Ghimire,Independent,Kaski-2,133,Declared,♂ Male,Gandaki Province,Kaski
Desh Raj Chaudhary,Rastriya Janamorcha,Kailali-3,133,Declared,♂ Male,Sudurpashchim Province,Kailali
Rabin Kumar Rai,CPN (Maoist),Dhankuta-1,132,Declared,♂ Male,Koshi Province,Dhankuta
Kharka Bahadur Thapa,Mongol National Organisation,Syangja-2,132,Declared,♂ Male,Gandaki Province,Syangja
Nir Bahadur Sintan,Rastriya Janamorcha,Makwanpur-2,131,Declared,♂ Male,Bagmati Province,Makwanpur
Keshu Raskoti Magar,National Republic Nepal,Rupandehi-5,131,Declared,♀ Female,Lumbini Province,Rupandehi
Tek Bahadur Pradhan,CPN (Maoist),Gorkha-2,130,Declared,♂ Male,Gandaki Province,Gorkha
Santosh Ghimire,Independent,Lamjung-1,130,Declared,♂ Male,Gandaki Province,Lamjung
Ajit Kumar Shrestha,Rastriya Prajatantra Party,Gulmi-1,130,Declared,♂ Male,Lumbini Province,Gulmi
Purna Bahadur Shahi,Rastriya Janamorcha,Surkhet-2,130,Declared,♂ Male,Karnali Province,Surkhet
Dilli Bahadur Jawegu,Federal Democratic National Forum,Morang-3,129,Declared,♂ Male,Koshi Province,Morang
Bhanu Shreshth,Shram Sanskriti Party,Sindhupalchok-2,129,Declared,♂ Male,Bagmati Province,Sindhupalchok
Dharmendra Tiwari,Nepal Janata Party,Parsa-3,129,Declared,♂ Male,Madhesh Province,Parsa
Indra Bahadur Rawal,CPN (Unified),Bardiya-1,129,Declared,♂ Male,Lumbini Province,Bardiya
Kumbha Budha,CPN (Maoist),Humla-1,128,Declared,♂ Male,Karnali Province,Humla
Khagendra Maharjan,CPN (Maoist),Lalitpur-3,127,Declared,♂ Male,Bagmati Province,Lalitpur
Sam‍‍jhana Gole,Mongol National Organisation,Bara-3,127,Declared,♀ Female,Madhesh Province,Bara
Binod Rana,Shram Sanskriti Party,Myagdi-1,127,Declared,♂ Male,Gandaki Province,Myagdi
Binita Kumari Rajbanshi,जनता समाजवादी पार्टी(एकल चुनाव चिन्ह),Jhapa-3,126,Declared,♀ Female,Koshi Province,Jhapa
Kumar Prashad Khatiwada,CPN (Maoist),Morang-6,126,Declared,♂ Male,Koshi Province,Morang
Tulsiram Sapkota,Rastriya Janamorcha,Banke-1,126,Declared,♂ Male,Lumbini Province,Banke
Tara Bahadur Thapa,CPN (Maoist),Jhapa-4,125,Declared,♂ Male,Koshi Province,Jhapa
Homabhakta Limbu (kurumvanga),Rastriya Prajatantra Party,Tehrathum-1,125,Declared,♂ Male,Koshi Province,Tehrathum
Naresha Vi.ka.,United Citizens Party,Sunsari-1,125,Declared,♂ Male,Koshi Province,Sunsari
Krishna Kumari Dunuwar,CPN (Maoist),Sunsari-2,125,Declared,♀ Female,Koshi Province,Sunsari
Ram Chandra Bhatta,Janamat Party,Kanchanpur-2,125,Declared,♂ Male,Sudurpashchim Province,Kanchanpur
Shyam Sundar Shilpakar,Janata Samajwadi Party Nepal,Bhaktapur-1,124,Declared,♂ Male,Bagmati Province,Bhaktapur
Chhakka Budha,Rastriya Prajatantra Party,Humla-1,124,Declared,♂ Male,Karnali Province,Humla
Nita Sharma,CPN (Unified),Bardiya-2,124,Declared,♀ Female,Lumbini Province,Bardiya
Mo. Gulab Ansari,Independent,Sunsari-4,123,Declared,♂ Male,Koshi Province,Sunsari
Sikindra Raya Yadav,Rastriya Prajatantra Party,Rautahat-3,123,Declared,♂ Male,Madhesh Province,Rautahat
Prem Lal Chaudhary,Mongol National Organisation,Chitwan-1,123,Declared,♂ Male,Bagmati Province,Chitwan
Devi Sharma,Rastriya Janamorcha,Chitwan-2,123,Declared,♀ Female,Bagmati Province,Chitwan
Ol Bahadur Gurung,Mongol National Organisation,Kaski-2,123,Declared,♂ Male,Gandaki Province,Kaski
Karna Bahadur Thapa,Ujyalo Nepal Party,Gulmi-2,123,Declared,♂ Male,Lumbini Province,Gulmi
Santosha Silaval,Independent,Siraha-1,122,Declared,♂ Male,Madhesh Province,Siraha
Ganesh Bahadur Lamgade,CPN (Maoist),Tanahun-2,122,Declared,♂ Male,Gandaki Province,Tanahun
Yam Bahadur Chochangi Pun,Ujyalo Nepal Party,Parbat-1,122,Declared,♂ Male,Gandaki Province,Parbat
Mahendra Prakash Chanda,CPN (Maoist),Banke-2,122,Declared,♂ Male,Lumbini Province,Banke
Purna Bahadura Vishvakarma,Rastriya Janamukti Party,Parasi-1,122,Declared,♂ Male,Lumbini Province,Parasi
Krishna Bahadur Ghatani,CPN (Maoist),Dhading-2,121,Declared,♂ Male,Bagmati Province,Dhading
Somana Lama,CPN (Maoist),Sindhupalchok-2,121,Declared,♂ Male,Bagmati Province,Sindhupalchok
Hem Raj Bhatta,Rastriya Janamorcha,Kailali-4,121,Declared,♂ Male,Sudurpashchim Province,Kailali
Prema Prasada Dhakal,CPN (Maoist),Parasi-2,121,Declared,♂ Male,Lumbini Province,Parasi
Dilip Dhimal,Mongol National Organisation,Jhapa-4,120,Declared,♂ Male,Koshi Province,Jhapa
Badri Bikram Rai,Mongol National Organisation,Udayapur-1,120,Declared,♂ Male,Koshi Province,Udayapur
Dhruva Raj Oli,Independent,Salyan-1,120,Declared,♂ Male,Karnali Province,Salyan
Pramoda Paudyal,Progressive Democratic Party,Sunsari-3,119,Declared,♂ Male,Koshi Province,Sunsari
Ganga Ram Thakur,Shram Sanskriti Party,Siraha-2,119,Declared,♂ Male,Madhesh Province,Siraha
Surya Prasada Lama,Mongol National Organisation,Dhanusha-4,119,Declared,♂ Male,Madhesh Province,Dhanusha
Sunil Kumar Singh,Rastriya Prajatantra Party,Mahottari-4,119,Declared,♂ Male,Madhesh Province,Mahottari
Kamala Dangi,Rastriya Janamorcha,Salyan-1,119,Declared,♀ Female,Karnali Province,Salyan
Mohan Paudel,Independent,Bardiya-1,119,Declared,♂ Male,Lumbini Province,Bardiya
Balarama Khavas,जनता समाजवादी पार्टी(एकल चुनाव चिन्ह),Morang-6,118,Declared,♂ Male,Koshi Province,Morang
Krishna Bahadur BK,CPN (Maoist),Parbat-1,118,Declared,♂ Male,Gandaki Province,Parbat
Kumar Gharti Magar,Mongol National Organisation,Rolpa-1,118,Declared,♂ Male,Lumbini Province,Rolpa
Ganga Prasad Giri,CPN (Maoist),Morang-5,117,Declared,♂ Male,Koshi Province,Morang
Shatrughana Thapa,Rastriya Janamukti Party,Nawalpur-1,117,Declared,♂ Male,Gandaki Province,Nawalpur
Laxmi Datt Bhatta,Jai Matribhumi Party,Dadeldhura-1,117,Declared,♂ Male,Sudurpashchim Province,Dadeldhura
Kumar Bahadur Tamang,CPN (Maoist),Dhading-1,116,Declared,♂ Male,Bagmati Province,Dhading
Devendra Gaire,United Citizens Party,Dhading-2,116,Declared,♂ Male,Bagmati Province,Dhading
Bishnu Prakash Upadhyay,CPN (Maoist),Kanchanpur-3,116,Declared,♂ Male,Sudurpashchim Province,Kanchanpur
Prakash Kafle,Progressive Democratic Party,Panchthar-1,115,Declared,♂ Male,Koshi Province,Panchthar
Birendra Shrestha,Progressive Democratic Party,Ramechhap-1,115,Declared,♂ Male,Bagmati Province,Ramechhap
Satara Mansur,नेपाल संघीय समाजवादी पार्टी(एकल चुनाव चिन्ह),Dhanusha-1,115,Declared,♂ Male,Madhesh Province,Dhanusha
Rat‍na Lama,United Citizens Party,Kavrepalanchok-1,114,Declared,♂ Male,Bagmati Province,Kavrepalanchok
Rama Nevasa Yadav,Janata Samajwadi Party Nepal,Kapilvastu-2,114,Declared,♂ Male,Lumbini Province,Kapilvastu
Man Bahadur Sunar,Rastriya Janamorcha,Banke-3,114,Declared,♂ Male,Lumbini Province,Banke
Aravinda Kumara Yadav,Independent,Siraha-3,113,Declared,♂ Male,Madhesh Province,Siraha
Gyanendra Prasad Kushwaha,Independent,Sarlahi-4,113,Declared,♂ Male,Madhesh Province,Sarlahi
Dipak Raj Joshi,Independent,Tanahun-1,113,Declared,♂ Male,Gandaki Province,Tanahun
Pushpa Raj Neupane,Progressive Democratic Party,Achham-2,113,Declared,♂ Male,Sudurpashchim Province,Achham
Bhagat Ram Dagaura Tharu,Janamat Party,Kailali-1,113,Declared,♂ Male,Sudurpashchim Province,Kailali
Amrit Bahadur Khatri,CPN (Maoist),Udayapur-1,112,Declared,♂ Male,Koshi Province,Udayapur
Om Bikram Panta,CPN (Maoist),Tanahun-1,112,Declared,♂ Male,Gandaki Province,Tanahun
Manrishi Dhital,Progressive Democratic Party,Jumla-1,112,Declared,♂ Male,Karnali Province,Jumla
Ramesha Senchuri,आम जनता पार्टी(एकल चुनाव चिन्ह),Surkhet-1,112,Declared,♂ Male,Karnali Province,Surkhet
Sunil Chamling,Janata Samajwadi Party Nepal,Khotang-1,111,Declared,♂ Male,Koshi Province,Khotang
Anita Kumari Chaudhari,आम जनता पार्टी(एकल चुनाव चिन्ह),Saptari-4,111,Declared,♀ Female,Madhesh Province,Saptari
Prasad Gurung,National Republic Nepal,Gorkha-2,111,Declared,♂ Male,Gandaki Province,Gorkha
Indrajita Saphi,आम जनता पार्टी(एकल चुनाव चिन्ह),Dhanusha-1,110,Declared,♂ Male,Madhesh Province,Dhanusha
Vijaya Kumara Sah,Independent,Mahottari-4,110,Declared,♂ Male,Madhesh Province,Mahottari
Ashik Prasad Mahato,CPN (Maoist),Chitwan-3,110,Declared,♂ Male,Bagmati Province,Chitwan
Olin Rajbanshi,Nepal Sadbhavana Party,Jhapa-1,109,Declared,♂ Male,Koshi Province,Jhapa
Sitarama Mahato,Independent,Dhanusha-3,109,Declared,♂ Male,Madhesh Province,Dhanusha
Shree Man Thapa,Mongol National Organisation,Kaski-1,109,Declared,♂ Male,Gandaki Province,Kaski
Jay Narayan Mandal,Shram Sanskriti Party,Saptari-3,108,Declared,♂ Male,Madhesh Province,Saptari
Prayag Lal Yadav,Independent,Siraha-1,108,Declared,♂ Male,Madhesh Province,Siraha
Rasbihari Mandal,CPN (Unified),Mahottari-4,108,Declared,♂ Male,Madhesh Province,Mahottari
Mahesh Nepali,CPN (Maoist),Makwanpur-1,108,Declared,♂ Male,Bagmati Province,Makwanpur
Hiru Shahi,CPN (Maoist),Surkhet-1,108,Declared,♂ Male,Karnali Province,Surkhet
Hem Kumar Gurung,Rastriya Janamorcha,Sankhuwasabha-1,107,Declared,♂ Male,Koshi Province,Sankhuwasabha
Subasa Vishvakarma,Independent,Sunsari-1,107,Declared,♂ Male,Koshi Province,Sunsari
Nunu Ram Chaudhary,Nepal Loktantrik Party,Sunsari-2,107,Declared,♂ Male,Koshi Province,Sunsari
Santosh Prashad Singh,Independent,Saptari-4,107,Declared,♂ Male,Madhesh Province,Saptari
Kishori Sahani,CPN (Maoist),Rautahat-4,107,Declared,♂ Male,Madhesh Province,Rautahat
Tirth Raj Upreti,Independent,Dadeldhura-1,107,Declared,♂ Male,Sudurpashchim Province,Dadeldhura
Dirshana Kumari Shahi,CPN (Maoist),Chitwan-2,106,Declared,♀ Female,Bagmati Province,Chitwan
Chandra Bir Kami,नेपाल कम्युनिष्ट पार्टी मार्क्सवादी (पुष्पलाल),Banke-3,106,Declared,♂ Male,Lumbini Province,Banke
Chandra Deva Vi‍.ka.,Rastriya Janamorcha,Dadeldhura-1,106,Declared,♂ Male,Sudurpashchim Province,Dadeldhura
Aalam Kawari,Shram Sanskriti Party,Mahottari-2,105,Declared,♂ Male,Madhesh Province,Mahottari
Nam Bahadur Rana,National Republic Nepal,Tanahun-2,105,Declared,♂ Male,Gandaki Province,Tanahun
Nirmal Kumar Syangtan,Progressive Democratic Party,Sindhuli-2,104,Declared,♂ Male,Bagmati Province,Sindhuli
Umesha Kumara Mandal,Nepali Party for Nepal,Dhanusha-2,104,Declared,♂ Male,Madhesh Province,Dhanusha
Ramahridaya Mahato,Independent,Dhanusha-4,104,Declared,♂ Male,Madhesh Province,Dhanusha
Umesh Kumar Singh,Gatishil Loktantrik Party,Sarlahi-2,104,Declared,♂ Male,Madhesh Province,Sarlahi
Nirmala Kumari Thakur,Janamat Party,Chitwan-2,104,Declared,♀ Female,Bagmati Province,Chitwan
Shrinivas Yadav,Janata Samajwadi Party Nepal,Rupandehi-3,104,Declared,♂ Male,Lumbini Province,Rupandehi
Shankar Prasad Gyawali,CPN (Maoist),Rupandehi-3,104,Declared,♂ Male,Lumbini Province,Rupandehi
Keshav Bahadur Magar,जनता समाजवादी पार्टी(एकल चुनाव चिन्ह),Udayapur-2,103,Declared,♂ Male,Koshi Province,Udayapur
Kumara Tamangg,Mongol National Organisation,Dolakha-1,103,Declared,♂ Male,Bagmati Province,Dolakha
Abdul Kudush Mansuri,Independent,Sarlahi-2,103,Declared,♂ Male,Madhesh Province,Sarlahi
Arun Tiwari,Independent,Kapilvastu-2,103,Declared,♂ Male,Lumbini Province,Kapilvastu
Binod Babu Pradhan,Independent,Kathmandu-4,102,Declared,♂ Male,Bagmati Province,Kathmandu
Raja Kumara Yadava,Nepal Janata Party,Rautahat-2,102,Declared,♂ Male,Madhesh Province,Rautahat
Chanachana Chaudhari Tharu,जनता समाजवादी पार्टी(एकल चुनाव चिन्ह),Rautahat-3,102,Declared,♂ Male,Madhesh Province,Rautahat
Shalikram Prasad Kanu,Nepal Loktantrik Party,Parsa-1,102,Declared,♂ Male,Madhesh Province,Parsa
Laxmi Kumari Mandari,Rastriya Janamorcha,Kapilvastu-2,102,Declared,♀ Female,Lumbini Province,Kapilvastu
Lokendra Bahadur Shahi,Rastriya Prajatantra Party,Achham-1,102,Declared,♂ Male,Sudurpashchim Province,Achham
Lakshi Ram Chaudhary,Progressive Democratic Party,Kailali-3,102,Declared,♂ Male,Sudurpashchim Province,Kailali
Suresh Rai,United Citizens Party,Udayapur-1,101,Declared,♂ Male,Koshi Province,Udayapur
Pintu Dasa Tatma,Independent,Rautahat-3,101,Declared,♂ Male,Madhesh Province,Rautahat
Kamal Bahadur Barai Magar,Rastriya Janamorcha,Dailekh-2,101,Declared,♂ Male,Karnali Province,Dailekh
Pinki Raee (begu Rama Raee),Samaveshi Samajwadi Party,Okhaldhunga-1,100,Declared,♂ Male,Koshi Province,Okhaldhunga
Shyama Kishora Sah,Independent,Dhanusha-3,100,Declared,♂ Male,Madhesh Province,Dhanusha
Laxmi Narayan Gupta,Independent,Parsa-2,100,Declared,♂ Male,Madhesh Province,Parsa
Dipak Bhandari,Progressive Democratic Party,Kaski-2,100,Declared,♂ Male,Gandaki Province,Kaski
Narayan Prasad Nagila,Progressive Democratic Party,Rupandehi-2,100,Declared,♂ Male,Lumbini Province,Rupandehi
Man Bahadur Sawa (Limbu),Federal Democratic National Forum,Jhapa-1,99,Declared,♂ Male,Koshi Province,Jhapa
Til Bahadur Rai,जनता समाजवादी पार्टी(एकल चुनाव चिन्ह),Jhapa-2,99,Declared,♂ Male,Koshi Province,Jhapa
Raman Kumar Karn,आम जनता पार्टी(एकल चुनाव चिन्ह),Mahottari-2,99,Declared,♂ Male,Madhesh Province,Mahottari
Umangga Ke.si,Independent,Lalitpur-2,99,Declared,♂ Male,Bagmati Province,Lalitpur
Mingamara Tamang,जनता समाजवादी पार्टी(एकल चुनाव चिन्ह),Sindhupalchok-2,99,Declared,♂ Male,Bagmati Province,Sindhupalchok
Suka Dorje Gole,Mongol National Organisation,Bara-1,99,Declared,♂ Male,Madhesh Province,Bara
Kalidasa Vi.ka.,United Citizens Party,Salyan-1,99,Declared,♂ Male,Karnali Province,Salyan
Arjun Kumar Pandey,CPN (Maoist),Jhapa-2,98,Declared,♂ Male,Koshi Province,Jhapa
Trinarayan Rajwanshi,जनता समाजवादी पार्टी(एकल चुनाव चिन्ह),Jhapa-4,98,Declared,♂ Male,Koshi Province,Jhapa
Arun Karki,Independent,Ramechhap-1,98,Declared,♂ Male,Bagmati Province,Ramechhap
Ramnath Prasad Sah,CPN (Unified),Sarlahi-4,98,Declared,♂ Male,Madhesh Province,Sarlahi
Vira Vahadura Gurungg,National Republic Nepal,Parbat-1,98,Declared,♂ Male,Gandaki Province,Parbat
Badri Pasavan,आम जनता पार्टी(एकल चुनाव चिन्ह),Morang-6,97,Declared,♂ Male,Koshi Province,Morang
Ranjan Kumar Jha,Independent,Mahottari-3,97,Declared,♂ Male,Madhesh Province,Mahottari
Ganesh Maya Dangol,Nepal Workers and Peasants Party,Kathmandu-7,97,Declared,♀ Female,Bagmati Province,Kathmandu
Dipaka Kumara Di.si.,Progressive Democratic Party,Bajura-1,97,Declared,♂ Male,Sudurpashchim Province,Bajura
Maan Bahadur Darlami,Mongol National Organisation,Palpa-2,96,Declared,♂ Male,Lumbini Province,Palpa
Rabi Khaiju,Progressive Democratic Party,Bhaktapur-1,95,Declared,♂ Male,Bagmati Province,Bhaktapur
Lal Bahadur Sarki (Gotame),Rastriya Janamukti Party,Tanahun-2,95,Declared,♂ Male,Gandaki Province,Tanahun
Bidha Sharma,आम जनता पार्टी(एकल चुनाव चिन्ह),Banke-3,95,Declared,♀ Female,Lumbini Province,Banke
Thaneshwar Lekhak,Independent,Kanchanpur-3,95,Declared,♂ Male,Sudurpashchim Province,Kanchanpur
Dil Bahadur Bastola,CPN (Maoist),Sunsari-1,94,Declared,♂ Male,Koshi Province,Sunsari
Ramesh Kumar Singh Dunuwar,Mongol National Organisation,Mahottari-1,94,Declared,♂ Male,Madhesh Province,Mahottari
Silam Devi Yadav,आम जनता पार्टी(एकल चुनाव चिन्ह),Mahottari-4,94,Declared,♀ Female,Madhesh Province,Mahottari
Jivana Lama,Independent,Kavrepalanchok-1,94,Declared,♂ Male,Bagmati Province,Kavrepalanchok
Bishnu Bahadur Gaha,National Republic Nepal,Arghakhanchi-1,94,Declared,♂ Male,Lumbini Province,Arghakhanchi
Tara Singh Thapa Magar,National Republic Nepal,Pyuthan-1,94,Declared,♂ Male,Lumbini Province,Pyuthan
Dalavira Kami,United Citizens Party,Dang-3,94,Declared,♂ Male,Lumbini Province,Dang
Sitaram Yadav,Rastriya Ekta Dal,Banke-2,94,Declared,♂ Male,Lumbini Province,Banke
Aan Singh Bhandari,Janata Samajwadi Party Nepal,Baitadi-1,94,Declared,♂ Male,Sudurpashchim Province,Baitadi
Navaraj Koirala,Nepal Workers and Peasants Party,Baitadi-1,94,Declared,♂ Male,Sudurpashchim Province,Baitadi
Ram Kebal Raya,Independent,Sarlahi-2,93,Declared,♂ Male,Madhesh Province,Sarlahi
Tek Bahadur Tamang,Mongol National Organisation,Chitwan-3,93,Declared,♂ Male,Bagmati Province,Chitwan
Naresha Raval,Independent,Kailali-1,93,Declared,♂ Male,Sudurpashchim Province,Kailali
Yogendra B. Saud,Ujyalo Nepal Party,Kanchanpur-2,93,Declared,♂ Male,Sudurpashchim Province,Kanchanpur
Netra Bahadur Newang,जनता समाजवादी पार्टी(एकल चुनाव चिन्ह),Okhaldhunga-1,92,Declared,♂ Male,Koshi Province,Okhaldhunga
Biltu Yadav,आम जनता पार्टी(एकल चुनाव चिन्ह),Siraha-2,92,Declared,♂ Male,Madhesh Province,Siraha
Chandra Bhusan Sah,आम जनता पार्टी(एकल चुनाव चिन्ह),Sarlahi-2,92,Declared,♂ Male,Madhesh Province,Sarlahi
Ashok Kumar Maharjan,Independent,Lalitpur-3,92,Declared,♂ Male,Bagmati Province,Lalitpur
Dava Gyamchho Lama,Rastriya Janamorcha,Sindhupalchok-1,92,Declared,♂ Male,Bagmati Province,Sindhupalchok
Jitan Pun,National Republic Nepal,Dang-2,92,Declared,♂ Male,Lumbini Province,Dang
Hari Prasad Dangi,Rastriya Prajatantra Party,Dolpa-1,92,Declared,♂ Male,Karnali Province,Dolpa
Jitendra Rai,Independent,Dhankuta-1,91,Declared,♂ Male,Koshi Province,Dhankuta
Bashudev Sahu Teli,जनता समाजवादी पार्टी(एकल चुनाव चिन्ह),Sunsari-3,91,Declared,♂ Male,Koshi Province,Sunsari
Tribhuvan Khang,Shram Sanskriti Party,Saptari-2,91,Declared,♂ Male,Madhesh Province,Saptari
Nisha Adhikari,Gatishil Loktantrik Party,Kathmandu-5,91,Declared,♀ Female,Bagmati Province,Kathmandu
Rajarama Mukhiya,Progressive Democratic Party,Rautahat-1,91,Declared,♂ Male,Madhesh Province,Rautahat
Sita Devi Chhetri,Rastriya Janamorcha,Chitwan-1,91,Declared,♀ Female,Bagmati Province,Chitwan
Kamal Khadka BK,CPN (Maoist),Kaski-3,91,Declared,♂ Male,Gandaki Province,Kaski
Niba Bahadura Aale,Mongol National Organisation,Nawalpur-2,91,Declared,♂ Male,Gandaki Province,Nawalpur
Nar Bahadur Singh,Rastriya Janamorcha,Dailekh-1,91,Declared,♂ Male,Karnali Province,Dailekh
Shailendra Kumar Karna,Ujyalo Nepal Party,Banke-2,91,Declared,♂ Male,Lumbini Province,Banke
Anirudh Arya,Janata Samajwadi Party Nepal,Bardiya-2,91,Declared,♂ Male,Lumbini Province,Bardiya
Vijay Nembang,CPN (Maoist),Panchthar-1,90,Declared,♂ Male,Koshi Province,Panchthar
Mejar Kumar Rai,Independent,Udayapur-2,90,Declared,♂ Male,Koshi Province,Udayapur
Nilam Kumari Yadav,Nepal Workers and Peasants Party,Saptari-2,90,Declared,♀ Female,Madhesh Province,Saptari
Moibarain Ansari,Independent,Siraha-4,90,Declared,♂ Male,Madhesh Province,Siraha
Navaraj Dhungana,CPN (Maoist),Nuwakot-2,90,Declared,♂ Male,Bagmati Province,Nuwakot
Bandana Shrestha,Nepal Workers and Peasants Party,Kathmandu-8,90,Declared,♀ Female,Bagmati Province,Kathmandu
Wasim Shesh,Shram Sanskriti Party,Parsa-1,90,Declared,♂ Male,Madhesh Province,Parsa
Madan Bahadur Tharu,CPN (Maoist),Rupandehi-1,90,Declared,♂ Male,Lumbini Province,Rupandehi
Krishna Bahdur Rai,Nepali Jana Shramdaan Culture Party,Sankhuwasabha-1,89,Declared,♂ Male,Koshi Province,Sankhuwasabha
Pramoda Kumara Sah,Ujyalo Nepal Party,Dhanusha-3,89,Declared,♂ Male,Madhesh Province,Dhanusha
Manoj Kumar Shukla,Nepal Janata Party,Kapilvastu-1,89,Declared,♂ Male,Lumbini Province,Kapilvastu
Kaiser Jaha (also known as Sakina Muslim),Independent,Kapilvastu-1,89,Declared,♀ Female,Lumbini Province,Kapilvastu
Bidur Adhikari,United Citizens Party,Morang-3,88,Declared,♂ Male,Koshi Province,Morang
Pawan Kumar Mahato,CPN (Maoist),Sarlahi-3,88,Declared,♂ Male,Madhesh Province,Sarlahi
Mukesh Prasad Kushwaha,Independent,Sarlahi-4,88,Declared,♂ Male,Madhesh Province,Sarlahi
Rajan Gautam,Progressive Democratic Party,Nuwakot-1,88,Declared,♂ Male,Bagmati Province,Nuwakot
Dhruva Prasada Kahar,आम जनता पार्टी(एकल चुनाव चिन्ह),Parasi-2,88,Declared,♂ Male,Lumbini Province,Parasi
Binod Kumar Singh Gangai,Janata Samajwadi Party Nepal,Morang-2,87,Declared,♂ Male,Koshi Province,Morang
Golchaa Rai,Mongol National Organisation,Morang-4,87,Declared,♂ Male,Koshi Province,Morang
Tavrej Alam Ansari,आम जनता पार्टी(एकल चुनाव चिन्ह),Sunsari-4,87,Declared,♂ Male,Koshi Province,Sunsari
Asra Raj Bajracharya,CPN (Maoist),Lalitpur-2,87,Declared,♂ Male,Bagmati Province,Lalitpur
Ganesh Bahadur Shrestha,CPN (Maoist),Chitwan-1,87,Declared,♂ Male,Bagmati Province,Chitwan
Bhimlal Neupane,Rastriya Janamorcha,Parbat-1,87,Declared,♂ Male,Gandaki Province,Parbat
Ratana Sin Ravat,Rastriya Janamorcha,Bardiya-2,87,Declared,♂ Male,Lumbini Province,Bardiya
Sita Vi.ka.,आम जनता पार्टी(एकल चुनाव चिन्ह),Kanchanpur-1,87,Declared,♀ Female,Sudurpashchim Province,Kanchanpur
Lal Bahadur Kunwar,Rastriya Janamorcha,Kanchanpur-3,87,Declared,♂ Male,Sudurpashchim Province,Kanchanpur
Birkh Raj Panta,Rastriya Janamorcha,Darchula-1,86,Declared,♂ Male,Sudurpashchim Province,Darchula
Karna Bahadur Chanda,CPN (Unified),Kanchanpur-3,86,Declared,♂ Male,Sudurpashchim Province,Kanchanpur
Kusheshvara Chaudhari,Nepali Janata Dal,Udayapur-1,85,Declared,♂ Male,Koshi Province,Udayapur
Bam Bahadur Magar,आम जनता पार्टी(एकल चुनाव चिन्ह),Udayapur-2,85,Declared,♂ Male,Koshi Province,Udayapur
Deva Narayana Shah,CPN (Maoist),Dhanusha-4,85,Declared,♂ Male,Madhesh Province,Dhanusha
Ravindra Sah,Rastriya Prajatantra Party,Rautahat-2,85,Declared,♂ Male,Madhesh Province,Rautahat
Ranjana Paudel,Independent,Chitwan-3,85,Declared,♀ Female,Bagmati Province,Chitwan
Surendra Sherchan,Ujyalo Nepal Party,Mustang-1,85,Declared,♂ Male,Gandaki Province,Mustang
Durga Prasad Sawa Limbu,Independent,Jhapa-1,84,Declared,♂ Male,Koshi Province,Jhapa
Chandana Kumara Jha,Nepali Party for Nepal,Dhanusha-3,84,Declared,♂ Male,Madhesh Province,Dhanusha
Yuvaraja Pakhrin,Independent,Sarlahi-3,84,Declared,♂ Male,Madhesh Province,Sarlahi
Kushal Khatri,Independent,Kathmandu-1,84,Declared,♂ Male,Bagmati Province,Kathmandu
Shekha Sajid,नेपाल संघीय समाजवादी पार्टी(एकल चुनाव चिन्ह),Rautahat-3,84,Declared,♂ Male,Madhesh Province,Rautahat
Krishna Bahadur Raut,Independent,Kaski-1,84,Declared,♂ Male,Gandaki Province,Kaski
Dipak Gurung,Janata Samajwadi Party Nepal,Rupandehi-2,84,Declared,♂ Male,Lumbini Province,Rupandehi
Rajendra Kumar Bishwakarma,Janata Samajwadi Party Nepal,Banke-1,84,Declared,♂ Male,Lumbini Province,Banke
Narendra Ke.si,Ujyalo Nepal Party,Rukum West-1,84,Declared,♂ Male,Karnali Province,Rukum West
Raj Kumar Limbu,Federal Democratic National Forum,Sunsari-1,83,Declared,♂ Male,Koshi Province,Sunsari
Raj Kumar Rai,Nepali Jana Shramdaan Culture Party,Sunsari-1,83,Declared,♂ Male,Koshi Province,Sunsari
Devraj Roka,Independent,Udayapur-1,83,Declared,♂ Male,Koshi Province,Udayapur
Binaya Kumar Mishra,Nepal Janata Party,Mahottari-3,83,Declared,♂ Male,Madhesh Province,Mahottari
Archan Shumsher Rana,Independent,Kathmandu-4,83,Declared,♂ Male,Bagmati Province,Kathmandu
Sanoj Mahat,पिपुल फर्ष्ट पार्टी,Lalitpur-1,83,Declared,♂ Male,Bagmati Province,Lalitpur
Pundeshowr Prasad Yadav,Shram Sanskriti Party,Parsa-2,83,Declared,♂ Male,Madhesh Province,Parsa
Shobha Bhandari,Independent,Jhapa-5,82,Declared,♀ Female,Koshi Province,Jhapa
Sagar Rai,Mongol National Organisation,Dhankuta-1,82,Declared,♂ Male,Koshi Province,Dhankuta
Meghendra Kumar Rokka,CPN (Maoist),Morang-2,82,Declared,♂ Male,Koshi Province,Morang
Rajendra Prasad Mandal Kewat,Progressive Democratic Party,Morang-5,82,Declared,♂ Male,Koshi Province,Morang
Rabi Mohan Dhakal,Rastriya Janamorcha,Kaski-1,82,Declared,♂ Male,Gandaki Province,Kaski
Shesh Narayan Shukla,Nepal Janata Party,Kapilvastu-2,82,Declared,♂ Male,Lumbini Province,Kapilvastu
Roshana Shah,Rastriya Prajatantra Party,Rukum East-1,82,Declared,♂ Male,Lumbini Province,Rukum East
Visan Singh Bohara,आम जनता पार्टी(एकल चुनाव चिन्ह),Baitadi-1,82,Declared,♂ Male,Sudurpashchim Province,Baitadi
Sharad Singh Yadav,Jana Adhikar Party,Saptari-2,81,Declared,♂ Male,Madhesh Province,Saptari
Ramendra Kumara Karn,CPN (Maoist),Dhanusha-3,81,Declared,♂ Male,Madhesh Province,Dhanusha
Kumar Pariyar,CPN (Maoist),Kaski-1,81,Declared,♂ Male,Gandaki Province,Kaski
Harka Bahadur Pun,Mongol National Organisation,Pyuthan-1,81,Declared,♂ Male,Lumbini Province,Pyuthan
Bhartalal Chaudhary,Janata Samajwadi Party Nepal,Dang-1,81,Declared,♂ Male,Lumbini Province,Dang
Mubarak Ali Darji,Rastriya Janmat Party,Banke-3,81,Declared,♂ Male,Lumbini Province,Banke
Birendra Rana,Independent,Kanchanpur-2,81,Declared,♂ Male,Sudurpashchim Province,Kanchanpur
Madhav Prasad Rajbanshi,जनता समाजवादी पार्टी(एकल चुनाव चिन्ह),Morang-2,80,Declared,♂ Male,Koshi Province,Morang
Parashurama Sah,Independent,Dhanusha-1,80,Declared,♂ Male,Madhesh Province,Dhanusha
Chuda Prasad Dhakal,Independent,Gorkha-2,80,Declared,♂ Male,Gandaki Province,Gorkha
Teka Vahadura Ke.si.,CPN (Maoist),Baglung-1,80,Declared,♂ Male,Gandaki Province,Baglung
Uttam Dahal,Independent,Morang-6,79,Declared,♂ Male,Koshi Province,Morang
Nirajana Kumar,Independent,Bara-4,79,Declared,♂ Male,Madhesh Province,Bara
Harka Bahadur Thapa,आम जनता पार्टी(एकल चुनाव चिन्ह),Kaski-1,79,Declared,♂ Male,Gandaki Province,Kaski
Lokendra Ghimire,CPN (Maoist),Baglung-2,79,Declared,♂ Male,Gandaki Province,Baglung
Kamal Raya,CPN (Maoist),Siraha-3,78,Declared,♂ Male,Madhesh Province,Siraha
Dipak Manandhar,CPN (Maoist),Kathmandu-7,78,Declared,♂ Male,Bagmati Province,Kathmandu
Karna Bahadur Gurung,Progressive Democratic Party,Kaski-1,78,Declared,♂ Male,Gandaki Province,Kaski
Mohan Thapa,National Republic Nepal,Rupandehi-3,78,Declared,♂ Male,Lumbini Province,Rupandehi
Jamvanti Bhuj,जनता समाजवादी पार्टी(एकल चुनाव चिन्ह),Kapilvastu-2,78,Declared,♀ Female,Lumbini Province,Kapilvastu
Bimal Prasad Pokharel,Nepali Janata Dal,Pyuthan-1,78,Declared,♂ Male,Lumbini Province,Pyuthan
Gajendra Raj Pandey,Shram Sanskriti Party,Baitadi-1,78,Declared,♂ Male,Sudurpashchim Province,Baitadi
Dharma Dangol,Independent,Kathmandu-5,77,Declared,♂ Male,Bagmati Province,Kathmandu
Santosh Katuwal,CPN (Maoist),Jhapa-3,76,Declared,♂ Male,Koshi Province,Jhapa
Sanjay Rai,CPN (Maoist),Jhapa-5,76,Declared,♂ Male,Koshi Province,Jhapa
Rama Bahadura Lama,Mongol National Organisation,Dhanusha-1,76,Declared,♂ Male,Madhesh Province,Dhanusha
Neka Mahammad,Rastriya Janamorcha,Rautahat-2,76,Declared,♂ Male,Madhesh Province,Rautahat
Manoj Pandit Kumhal,जनता समाजवादी पार्टी(एकल चुनाव चिन्ह),Parsa-3,76,Declared,♂ Male,Madhesh Province,Parsa
Bikash Kami,Progressive Democratic Party,Chitwan-1,76,Declared,♂ Male,Bagmati Province,Chitwan
Jeevan Bahadur Gurung,Mongol National Organisation,Kaski-3,76,Declared,♂ Male,Gandaki Province,Kaski
Yam Bahadur Ale,Nepal Janmukti Party,Tanahun-1,76,Declared,♂ Male,Gandaki Province,Tanahun
Jyoti Thapa,आम जनता पार्टी(एकल चुनाव चिन्ह),Rupandehi-4,76,Declared,♀ Female,Lumbini Province,Rupandehi
Tek Prasad Kami,Nepal Humanist Party,Baglung-2,76,Declared,♂ Male,Gandaki Province,Baglung
Dal Bahadur Bucha Magar,National Republic Nepal,Kailali-2,76,Declared,♂ Male,Sudurpashchim Province,Kailali
Anil Rana,Independent,Kanchanpur-1,76,Declared,♂ Male,Sudurpashchim Province,Kanchanpur
Homa Bahadura Sunar,Independent,Parasi-1,76,Declared,♂ Male,Lumbini Province,Parasi
Tulasa Limbu,Federal Democratic National Forum,Sunsari-2,75,Declared,♀ Female,Koshi Province,Sunsari
Tikalaxmi Narayan Chaudhary,जनता समाजवादी पार्टी(एकल चुनाव चिन्ह),Saptari-1,75,Declared,♀ Female,Madhesh Province,Saptari
Yam Bahadur Moktan,National Republic Nepal,Ramechhap-1,75,Declared,♂ Male,Bagmati Province,Ramechhap
Rajesh Prashad Shah,Independent,Mahottari-2,75,Declared,♂ Male,Madhesh Province,Mahottari
Dhirendra Kumar Sharma,CPN (Unified),Mahottari-3,75,Declared,♂ Male,Madhesh Province,Mahottari
Amin Ratna Tamrakar,Progressive Democratic Party,Kathmandu-7,75,Declared,♂ Male,Bagmati Province,Kathmandu
Keshavraj Aryal,Progressive Democratic Party,Kathmandu-10,75,Declared,♂ Male,Bagmati Province,Kathmandu
Surya Lal Yadav,Janata Samajwadi Party Nepal,Banke-3,75,Declared,♂ Male,Lumbini Province,Banke
Lokendra Bahadur Shahi,CPN (Maoist),Achham-1,75,Declared,♂ Male,Sudurpashchim Province,Achham
Manprakash Sangroula,Independent,Jhapa-3,74,Declared,♂ Male,Koshi Province,Jhapa
Tek Bahadur Adhikari,नेपाल कम्युनिष्ट पार्टी मार्क्सवादी (पुष्पलाल),Jhapa-4,74,Declared,♂ Male,Koshi Province,Jhapa
Manoj Kumar Rajbanshi,"राष्ट्रिय उर्जाशील पार्टी, नेपाल",Morang-2,74,Declared,♂ Male,Koshi Province,Morang
Deuman Limbu,Independent,Sunsari-1,74,Declared,♂ Male,Koshi Province,Sunsari
Mankumar Rai,Mongol National Organisation,Sunsari-4,74,Declared,♂ Male,Koshi Province,Sunsari
Raju Gaudel,CPN (Unified),Rupandehi-3,74,Declared,♂ Male,Lumbini Province,Rupandehi
Pratik Adhikari,Progressive Democratic Party,Dang-2,74,Declared,♂ Male,Lumbini Province,Dang
Ram Kumar Sah,Nepali Party for Nepal,Siraha-1,73,Declared,♂ Male,Madhesh Province,Siraha
Krishna Maharjan,Progressive Democratic Party,Lalitpur-2,73,Declared,♂ Male,Bagmati Province,Lalitpur
Prabha Kumari Sinh,राष्ट्र निर्माण दल नेपाल,Rautahat-1,73,Declared,♀ Female,Madhesh Province,Rautahat
Satya Narayana Bhagata Bin,Progressive Democratic Party,Rautahat-4,73,Declared,♂ Male,Madhesh Province,Rautahat
Suresha Prasad,Nepal Loktantrik Party,Bara-4,73,Declared,♂ Male,Madhesh Province,Bara
Sandesh Ranabhat Laudari,Independent,Tanahun-1,73,Declared,♂ Male,Gandaki Province,Tanahun
Padam Bahadur Javegu,Nepal Janmukti Party,Jhapa-5,72,Declared,♂ Male,Koshi Province,Jhapa
Sushant Sampang Rai,Federal Democratic National Forum,Jhapa-5,72,Declared,♂ Male,Koshi Province,Jhapa
Ashok Sharma,आम जनता पार्टी(एकल चुनाव चिन्ह),Morang-4,72,Declared,♂ Male,Koshi Province,Morang
Rinki Kumari Sah,आम जनता पार्टी(एकल चुनाव चिन्ह),Sarlahi-4,72,Declared,♀ Female,Madhesh Province,Sarlahi
Santosh Bista,Progressive Democratic Party,Makwanpur-2,72,Declared,♂ Male,Bagmati Province,Makwanpur
Lok Bahadur Thapa,National Republic Nepal,Gulmi-1,72,Declared,♂ Male,Lumbini Province,Gulmi
Upendra Shahi,Independent,Bajura-1,72,Declared,♂ Male,Sudurpashchim Province,Bajura
Sitaram Rana,Nepal Workers and Peasants Party,Kanchanpur-2,72,Declared,♂ Male,Sudurpashchim Province,Kanchanpur
Vinoda Regmi,Progressive Democratic Party,Parasi-1,72,Declared,♂ Male,Lumbini Province,Parasi
Mana Kumara Limvu,CPN (Maoist),Tehrathum-1,71,Declared,♂ Male,Koshi Province,Tehrathum
Gajendra Kumar Mandal,जनता समाजवादी पार्टी(एकल चुनाव चिन्ह),Saptari-3,71,Declared,♂ Male,Madhesh Province,Saptari
Gyanendra Prajapati,CPN (Maoist),Kathmandu-5,71,Declared,♂ Male,Bagmati Province,Kathmandu
Dinesh Shahi,Nepal Janata Sanrakshan Party,Kathmandu-8,71,Declared,♂ Male,Bagmati Province,Kathmandu
Mana Bahadura Tamad,Janata Samajwadi Party Nepal,Kavrepalanchok-1,71,Declared,♂ Male,Bagmati Province,Kavrepalanchok
Rajendra Prasad Gaire,Rastriya Janamorcha,Syangja-2,71,Declared,♂ Male,Gandaki Province,Syangja
Shiva Prithi Damai,United Citizens Party,Rupandehi-2,71,Declared,♂ Male,Lumbini Province,Rupandehi
Hari Om Tulsiyan,Independent,Kapilvastu-3,71,Declared,♂ Male,Lumbini Province,Kapilvastu
Birkha Bahadur Shahi,CPN (Maoist),Jumla-1,71,Declared,♂ Male,Karnali Province,Jumla
Lok Raj Bhatta,जनता समाजवादी पार्टी(एकल चुनाव चिन्ह),Kanchanpur-3,71,Declared,♂ Male,Sudurpashchim Province,Kanchanpur
Pradip Kumar Jha,Rastriya Prajatantra Party,Sarlahi-4,70,Declared,♂ Male,Madhesh Province,Sarlahi
Nil Govinda Maharjan,Rastriya Janamorcha,Lalitpur-3,70,Declared,♂ Male,Bagmati Province,Lalitpur
Upendra Mukhiya Vin,Progressive Democratic Party,Rautahat-3,70,Declared,♂ Male,Madhesh Province,Rautahat
Jamasheda Ansari,Shram Sanskriti Party,Rautahat-3,70,Declared,♂ Male,Madhesh Province,Rautahat
Chanda Thapa,Rastriya Janamukti Party,Rupandehi-5,70,Declared,♀ Female,Lumbini Province,Rupandehi
Asmin Kumar Bista,Independent,Kalikot-1,70,Declared,♂ Male,Karnali Province,Kalikot
Surendra Raj Bhatta,Nepal Workers and Peasants Party,Dadeldhura-1,70,Declared,♂ Male,Sudurpashchim Province,Dadeldhura
Sumit Rai,Independent,Sunsari-1,69,Declared,♂ Male,Koshi Province,Sunsari
Pancha Kumari Manandhar,Independent,Kathmandu-9,69,Declared,♀ Female,Bagmati Province,Kathmandu
Abdullah Musalman,Rastriya Janmat Party,Kapilvastu-1,69,Declared,♂ Male,Lumbini Province,Kapilvastu
Sharmila Mali,Nepal Workers and Peasants Party,Kathmandu-2,68,Declared,♀ Female,Bagmati Province,Kathmandu
Chandra Man Koju,CPN (Maoist),Bhaktapur-1,68,Declared,♂ Male,Bagmati Province,Bhaktapur
Baiju Prasada Patel,Independent,Rautahat-4,68,Declared,♂ Male,Madhesh Province,Rautahat
Radheshyam Teli Gupta,आम जनता पार्टी(एकल चुनाव चिन्ह),Rupandehi-3,68,Declared,♂ Male,Lumbini Province,Rupandehi
Prabhu Prasad Sah,Nepal Workers and Peasants Party,Saptari-3,67,Declared,♂ Male,Madhesh Province,Saptari
Khim Bahadur Chhetri,Independent,Syangja-2,67,Declared,♂ Male,Gandaki Province,Syangja
Karna Bahadur Nepali,Ujyalo Nepal Party,Jajarkot-1,67,Declared,♂ Male,Karnali Province,Jajarkot
Raja Ram Bashi,Nepal Workers and Peasants Party,Bhojpur-1,66,Declared,♂ Male,Koshi Province,Bhojpur
Santosh Kumar Rajak,Independent,Saptari-2,66,Declared,♂ Male,Madhesh Province,Saptari
Bishnu Thadrai (Sharki),CPN (Maoist),Palpa-2,66,Declared,♂ Male,Lumbini Province,Palpa
Lal Bahadur Thapa Chhetri,Nepal Workers and Peasants Party,Salyan-1,66,Declared,♂ Male,Karnali Province,Salyan
Abdul Umar Sai,आम जनता पार्टी(एकल चुनाव चिन्ह),Banke-2,66,Declared,♂ Male,Lumbini Province,Banke
Bal Kumar Tamli,Federal Democratic National Forum,Dhankuta-1,65,Declared,♂ Male,Koshi Province,Dhankuta
Ram Kumar Bhomjan,CPN (Maoist),Kathmandu-10,65,Declared,♂ Male,Bagmati Province,Kathmandu
Uttara Bahadura Rana Magar,Mongol National Organisation,Rautahat-3,65,Declared,♂ Male,Madhesh Province,Rautahat
Haridev Thapa,Rastriya Janamukti Party,Syangja-2,65,Declared,♂ Male,Gandaki Province,Syangja
Shree Prasad Sitaula,CPN (Unified),Jhapa-2,64,Declared,♂ Male,Koshi Province,Jhapa
Kaushal Kumar Singh,जनता समाजवादी पार्टी(एकल चुनाव चिन्ह),Siraha-2,64,Declared,♂ Male,Madhesh Province,Siraha
Pujan Kumar Singh,Progressive Democratic Party,Siraha-3,64,Declared,♂ Male,Madhesh Province,Siraha
Gopala Nepali,Janata Samajwadi Party Nepal,Dolakha-1,64,Declared,♂ Male,Bagmati Province,Dolakha
Rajnish Raj Pandey,Nepali Party for Nepal,Mahottari-3,64,Declared,♂ Male,Madhesh Province,Mahottari
Raju Rokka,Progressive Democratic Party,Kathmandu-9,64,Declared,♂ Male,Bagmati Province,Kathmandu
Ramakanta Prasada Patel,Ujyalo Nepal Party,Rautahat-2,64,Declared,♂ Male,Madhesh Province,Rautahat
Khil Bahadur Gaha,National Republic Nepal,Rupandehi-1,64,Declared,♂ Male,Lumbini Province,Rupandehi
Ramesh Lodh,Janamat Party,Rupandehi-2,64,Declared,♂ Male,Lumbini Province,Rupandehi
Devendra Kuar (Rilli) Ghale,Mongol National Organisation,Sankhuwasabha-1,63,Declared,♂ Male,Koshi Province,Sankhuwasabha
Mahesh Shrestha,Nepal Workers and Peasants Party,Sunsari-1,63,Declared,♂ Male,Koshi Province,Sunsari
Ramesh Kumar Sah,Nepal Janata Party,Sunsari-4,63,Declared,♂ Male,Koshi Province,Sunsari
Indrasagar Gupta,Nepali Party for Nepal,Saptari-2,63,Declared,♂ Male,Madhesh Province,Saptari
Sanjiv Gurung,Independent,Nuwakot-1,63,Declared,♂ Male,Bagmati Province,Nuwakot
Shiva Bachan Thakur Lohar,Independent,Parsa-2,63,Declared,♂ Male,Madhesh Province,Parsa
Tek Bahadur Sarki,United Citizens Party,Kaski-3,63,Declared,♂ Male,Gandaki Province,Kaski
Prem Bahadur Tarami,CPN (Unified),Surkhet-2,63,Declared,♂ Male,Karnali Province,Surkhet
Anu Magar,Mongol National Organisation,Morang-6,62,Declared,♀ Female,Koshi Province,Morang
Sher Bahadur Khatri,Rastriya Janamorcha,Okhaldhunga-1,62,Declared,♂ Male,Koshi Province,Okhaldhunga
Roshan Dani,Rastriya Janamorcha,Kathmandu-9,62,Declared,♂ Male,Bagmati Province,Kathmandu
Anup Muni Bajrachrya,Jai Matribhumi Party,Kathmandu-9,62,Declared,♂ Male,Bagmati Province,Kathmandu
Jajula Devan,नेपाल संघीय समाजवादी पार्टी(एकल चुनाव चिन्ह),Rautahat-1,62,Declared,♂ Male,Madhesh Province,Rautahat
Shyama Vavu Prasad,Independent,Rautahat-1,62,Declared,♂ Male,Madhesh Province,Rautahat
Dhiraja Chaudhari,Independent,Rautahat-3,62,Declared,♂ Male,Madhesh Province,Rautahat
Krishna Bahadur K.C.,Rastriya Janamorcha,Chitwan-3,62,Declared,♂ Male,Bagmati Province,Chitwan
Dil Bahadur Kami,आम जनता पार्टी(एकल चुनाव चिन्ह),Rolpa-1,62,Declared,♂ Male,Lumbini Province,Rolpa
Narendra Prasada Kurum‍vang,Nepal Janmukti Party,Panchthar-1,61,Declared,♂ Male,Koshi Province,Panchthar
Man Bahadur Pulami Magar,Nepal Janmukti Party,Jhapa-2,61,Declared,♂ Male,Koshi Province,Jhapa
Hari Bahadur Basnet,CPN (Maoist),Morang-4,61,Declared,♂ Male,Koshi Province,Morang
Santosh Ghimire,Independent,Ramechhap-1,61,Declared,♂ Male,Bagmati Province,Ramechhap
Roshana Kumara Sah,Independent,Dhanusha-1,61,Declared,♂ Male,Madhesh Province,Dhanusha
Avadhakishora Prasada Kushavaha,Progressive Democratic Party,Bara-4,61,Declared,♂ Male,Madhesh Province,Bara
Arjun Kumar Gurung,National Republic Nepal,Syangja-1,61,Declared,♂ Male,Gandaki Province,Syangja
Birendra Kumar Dhobi,जनता समाजवादी पार्टी(एकल चुनाव चिन्ह),Rupandehi-5,61,Declared,♂ Male,Lumbini Province,Rupandehi
Pabitra Shahi,Nepal Workers and Peasants Party,Bardiya-1,61,Declared,♀ Female,Lumbini Province,Bardiya
Yama Vahadura Limbu,Nepal Janmukti Party,Ilam-2,60,Declared,♂ Male,Koshi Province,Ilam
Amrita Lawati,Federal Democratic National Forum,Jhapa-2,60,Declared,♀ Female,Koshi Province,Jhapa
Tavareja Akhatara Aalama,Janata Samajwadi Party Nepal,Morang-4,60,Declared,♂ Male,Koshi Province,Morang
Kamala Khatri,Progressive Democratic Party,Dolakha-1,60,Declared,♂ Male,Bagmati Province,Dolakha
Dambar Bahadur Limbu,United Citizens Party,Dhading-1,60,Declared,♂ Male,Bagmati Province,Dhading
Sagar Joshi,Independent,Kathmandu-1,60,Declared,♂ Male,Bagmati Province,Kathmandu
Mo Tanavira Akhatara Mikarani,जनता समाजवादी पार्टी(एकल चुनाव चिन्ह),Rautahat-1,60,Declared,♂ Male,Madhesh Province,Rautahat
Satyanarayana Mahara,नेपाल संघीय समाजवादी पार्टी(एकल चुनाव चिन्ह),Rautahat-4,60,Declared,♂ Male,Madhesh Province,Rautahat
Arjun Praja,Nepal Workers and Peasants Party,Chitwan-1,60,Declared,♂ Male,Bagmati Province,Chitwan
Chitra Prasad Sapkota,Progressive Democratic Party,Baglung-1,60,Declared,♂ Male,Gandaki Province,Baglung
Jhankar Bahadur Shahi,Nepal Workers and Peasants Party,Achham-2,60,Declared,♂ Male,Sudurpashchim Province,Achham
Rupa Kumari Chaudhary,आम जनता पार्टी(एकल चुनाव चिन्ह),Kailali-1,60,Declared,♀ Female,Sudurpashchim Province,Kailali
Dilli Ram Nepali,CPN (Maoist),Morang-1,59,Declared,♂ Male,Koshi Province,Morang
Suresh Marpa,Mongol National Organisation,Lalitpur-1,59,Declared,♂ Male,Bagmati Province,Lalitpur
Aasa Tamang,Independent,Kavrepalanchok-2,59,Declared,♀ Female,Bagmati Province,Kavrepalanchok
Prabhu Raya Yadav,Independent,Rautahat-3,59,Declared,♂ Male,Madhesh Province,Rautahat
Gopal Bhandari,Independent,Rupandehi-3,59,Declared,♂ Male,Lumbini Province,Rupandehi
Deepak Kumar Mandal,Sarbabhauma Nagarik Party,Saptari-2,58,Declared,♂ Male,Madhesh Province,Saptari
Baijnath Kami,Independent,Siraha-3,58,Declared,♂ Male,Madhesh Province,Siraha
Jalpa Devi Regmi,आम जनता पार्टी(एकल चुनाव चिन्ह),Dhading-1,58,Declared,♀ Female,Bagmati Province,Dhading
Umesha Kumara Shah,Ujyalo Nepal Party,Rautahat-1,58,Declared,♂ Male,Madhesh Province,Rautahat
Vira Bahadura Thokar,Mongol National Organisation,Rautahat-4,58,Declared,♂ Male,Madhesh Province,Rautahat
Prakash Bahadur Pandey,Progressive Democratic Party,Chitwan-2,58,Declared,♂ Male,Bagmati Province,Chitwan
Sajan Majhi,Independent,Jhapa-4,57,Declared,♂ Male,Koshi Province,Jhapa
Ramavavu Rajak,Nepali Janata Dal,Saptari-4,57,Declared,♂ Male,Madhesh Province,Saptari
Jeevan Kumar Mehara,CPN (Maoist),Siraha-4,57,Declared,♂ Male,Madhesh Province,Siraha
Umesha Das,Independent,Dhanusha-2,57,Declared,♂ Male,Madhesh Province,Dhanusha
Mo.savira Nuri,Shram Sanskriti Party,Mahottari-3,57,Declared,♂ Male,Madhesh Province,Mahottari
Bechan Mandal,Independent,Mahottari-3,57,Declared,♂ Male,Madhesh Province,Mahottari
Hari Prasad Ghimire,Rastriya Prajatantra Party,Rasuwa-1,57,Declared,♂ Male,Bagmati Province,Rasuwa
Shubha Raj Praja,United Citizens Party,Makwanpur-2,57,Declared,♂ Male,Bagmati Province,Makwanpur
Bishnu Prasad Rijal,CPN (Maoist),Gorkha-1,57,Declared,♂ Male,Gandaki Province,Gorkha
Som Bahadur Pariyar,CPN (Maoist),Syangja-1,57,Declared,♂ Male,Gandaki Province,Syangja
Punya Prasad Acharya,Independent,Jhapa-2,56,Declared,♂ Male,Koshi Province,Jhapa
Man Kumar Yonjan,Independent,Dhankuta-1,56,Declared,♂ Male,Koshi Province,Dhankuta
Anil Kumar Sah,Independent,Morang-2,56,Declared,♂ Male,Koshi Province,Morang
Keshari Shrestha,Nepal Workers and Peasants Party,Ramechhap-1,56,Declared,♀ Female,Bagmati Province,Ramechhap
Binod Ghising,Mongol National Organisation,Ramechhap-1,56,Declared,♂ Male,Bagmati Province,Ramechhap
Vinoda Kumara Thakur,जनता समाजवादी पार्टी(एकल चुनाव चिन्ह),Dhanusha-2,56,Declared,♂ Male,Madhesh Province,Dhanusha
Aasha Lal Shrestha,Nepal Workers and Peasants Party,Kathmandu-4,56,Declared,♂ Male,Bagmati Province,Kathmandu
Bishnu Raj Khadka,Progressive Democratic Party,Lalitpur-3,56,Declared,♂ Male,Bagmati Province,Lalitpur
Shyama Bahadura Raee,United Citizens Party,Lalitpur-3,56,Declared,♂ Male,Bagmati Province,Lalitpur
Jnyanendra Kumara Shreshth,Progressive Democratic Party,Kavrepalanchok-1,56,Declared,♂ Male,Bagmati Province,Kavrepalanchok
Gita Devi Karmachary,Nepal Workers and Peasants Party,Sindhupalchok-1,56,Declared,♀ Female,Bagmati Province,Sindhupalchok
Ramaekabala Raut,Nepal Workers and Peasants Party,Bara-3,56,Declared,♂ Male,Madhesh Province,Bara
Manasinha Mahato,Progressive Democratic Party,Nawalpur-2,56,Declared,♂ Male,Gandaki Province,Nawalpur
Surja Thapa,Nepal Workers and Peasants Party,Banke-1,56,Declared,♀ Female,Lumbini Province,Banke
Surya Gurung,Janata Samajwadi Party Nepal,Taplejung-1,55,Declared,♂ Male,Koshi Province,Taplejung
Prem Bahadur Thapa,आम जनता पार्टी(एकल चुनाव चिन्ह),Dhankuta-1,55,Declared,♂ Male,Koshi Province,Dhankuta
Numa Limbu,Samaveshi Samajwadi Party,Morang-4,55,Declared,♀ Female,Koshi Province,Morang
Shekhar Nath Acharya,CPN (Maoist),Kathmandu-3,55,Declared,♂ Male,Bagmati Province,Kathmandu
Mangal Krishna Shrestha,Independent,Lalitpur-2,55,Declared,♂ Male,Bagmati Province,Lalitpur
Pasanga Sherpa,Janata Samajwadi Party Nepal,Sindhupalchok-1,55,Declared,♀ Female,Bagmati Province,Sindhupalchok
Kulbir Gharti Magar,Mongol National Organisation,Rupandehi-3,55,Declared,♂ Male,Lumbini Province,Rupandehi
Jyoti Roka Magar,Mongol National Organisation,Rukum East-1,55,Declared,♀ Female,Lumbini Province,Rukum East
Mahesh Chaudhary,जनता समाजवादी पार्टी(एकल चुनाव चिन्ह),Dang-3,55,Declared,♂ Male,Lumbini Province,Dang
Ratna Bahadur Khadka,Rastriya Janamorcha,Jajarkot-1,55,Declared,♂ Male,Karnali Province,Jajarkot
Palatana Tajapuriya,Janata Samajwadi Party Nepal,Jhapa-4,54,Declared,♂ Male,Koshi Province,Jhapa
Maniraj Niraula,CPN (Unified),Mahottari-1,54,Declared,♂ Male,Madhesh Province,Mahottari
Vish‍varaja Patel,आम जनता पार्टी(एकल चुनाव चिन्ह),Parsa-1,54,Declared,♂ Male,Madhesh Province,Parsa
Omendra Bahadur K.C.,Independent,Dolpa-1,54,Declared,♂ Male,Karnali Province,Dolpa
Jagadish Dhakal,Rastriya Janamorcha,Banke-2,54,Declared,♂ Male,Lumbini Province,Banke
Shera Bahadura Ke.si.,CPN (Unified),Rukum West-1,54,Declared,♂ Male,Karnali Province,Rukum West
Prashuram Bishwas Tharu,Nepal Workers and Peasants Party,Morang-3,53,Declared,♂ Male,Koshi Province,Morang
Sanjay Rai,Janata Samajwadi Party Nepal,Sunsari-1,53,Declared,♂ Male,Koshi Province,Sunsari
Bikram Dahal,Independent,Okhaldhunga-1,53,Declared,♂ Male,Koshi Province,Okhaldhunga
Bal Chandra Shrestha,Progressive Democratic Party,Kathmandu-2,53,Declared,♂ Male,Bagmati Province,Kathmandu
Milan Baskota,आम जनता पार्टी(एकल चुनाव चिन्ह),Lamjung-1,53,Declared,♂ Male,Gandaki Province,Lamjung
Keshav Prasad Bashyaal,Independent,Palpa-2,53,Declared,♂ Male,Lumbini Province,Palpa
Shankara Bhatakshetri,Independent,Kapilvastu-1,53,Declared,♂ Male,Lumbini Province,Kapilvastu
Ritamana Kamu Magar,Independent,Parasi-1,53,Declared,♂ Male,Lumbini Province,Parasi
Rama Bahadura Vish‍t,आम जनता पार्टी(एकल चुनाव चिन्ह),Sunsari-1,52,Declared,♂ Male,Koshi Province,Sunsari
Bijay Kumar Yadav,Independent,Siraha-2,52,Declared,♂ Male,Madhesh Province,Siraha
Kiran Timsena,CPN (Unified),Nuwakot-2,52,Declared,♂ Male,Bagmati Province,Nuwakot
Surendra Prasad Dhakal,Independent,Kathmandu-1,52,Declared,♂ Male,Bagmati Province,Kathmandu
Sarita Goshai Deshar,Nepal Workers and Peasants Party,Lalitpur-1,52,Declared,♀ Female,Bagmati Province,Lalitpur
Raju Tamanga,Nepal Workers and Peasants Party,Kavrepalanchok-1,52,Declared,♂ Male,Bagmati Province,Kavrepalanchok
Sanjaya Kumara Sahani,Jana Adhikar Party,Bara-3,52,Declared,♂ Male,Madhesh Province,Bara
Bharata Prasada Vasti,Independent,Nawalpur-2,52,Declared,♂ Male,Gandaki Province,Nawalpur
Bala Singh Gharti,Mongol National Organisation,Salyan-1,52,Declared,♂ Male,Karnali Province,Salyan
Deep Bahadur Nepali,Janata Samajwadi Party Nepal,Surkhet-2,52,Declared,♂ Male,Karnali Province,Surkhet
Rajesha Raval,Ujyalo Nepal Party,Achham-2,52,Declared,♂ Male,Sudurpashchim Province,Achham
Kamal Kumar Rai,आम जनता पार्टी(एकल चुनाव चिन्ह),Morang-3,51,Declared,♂ Male,Koshi Province,Morang
Ranjana Suwal Magaju,Nepal Workers and Peasants Party,Makwanpur-1,51,Declared,♀ Female,Bagmati Province,Makwanpur
Dharma Kumara Budha,National Republic Nepal,Rukum East-1,51,Declared,♂ Male,Lumbini Province,Rukum East
Dhundi Raja Pokhrel,Rastriya Janamorcha,Parasi-1,51,Declared,♂ Male,Lumbini Province,Parasi
Sant Bahadur Limbu,Mongol National Organisation,Taplejung-1,50,Declared,♂ Male,Koshi Province,Taplejung
Hom Prasad Acharya,CPN (Maoist),Rasuwa-1,50,Declared,♂ Male,Bagmati Province,Rasuwa
Rabindra Dangol,Nepal Workers and Peasants Party,Nuwakot-1,50,Declared,♂ Male,Bagmati Province,Nuwakot
Asim Man Singh Basnyat,Independent,Kathmandu-1,50,Declared,♂ Male,Bagmati Province,Kathmandu
Bishnu Shrestha,Progressive Democratic Party,Kathmandu-5,50,Declared,♂ Male,Bagmati Province,Kathmandu
Bharat Paudel,Independent,Kathmandu-7,50,Declared,♂ Male,Bagmati Province,Kathmandu
Binoda Lama,Samaveshi Samajwadi Party,Kavrepalanchok-1,50,Declared,♂ Male,Bagmati Province,Kavrepalanchok
Tej Prasad Upreti,Progressive Democratic Party,Makwanpur-1,50,Declared,♂ Male,Bagmati Province,Makwanpur
Saras‍vati Upadh‍ya,Rastriya Janamorcha,Bara-4,50,Declared,♀ Female,Madhesh Province,Bara
Raju Shrestha,Nepal Janasewa Party,Rupandehi-5,50,Declared,♂ Male,Lumbini Province,Rupandehi
Shyam Lal Gahatraj,Progressive Democratic Party,Pyuthan-1,50,Declared,♂ Male,Lumbini Province,Pyuthan
Som Bahadur Tamang,Mongol National Organisation,Bardiya-2,50,Declared,♂ Male,Lumbini Province,Bardiya
Nawaraj Maskey,Jai Matribhumi Party,Morang-3,49,Declared,♂ Male,Koshi Province,Morang
Ankit Karki,Independent,Sunsari-4,49,Declared,♂ Male,Koshi Province,Sunsari
Manoj Kumar Paudel,आम जनता पार्टी(एकल चुनाव चिन्ह),Udayapur-1,49,Declared,♂ Male,Koshi Province,Udayapur
Ram Naresh Ram,Progressive Democratic Party,Sarlahi-2,49,Declared,♂ Male,Madhesh Province,Sarlahi
Rajan Prasad Regmi,Progressive Democratic Party,Dhading-1,49,Declared,♂ Male,Bagmati Province,Dhading
Raju Thapa,Independent,Nuwakot-1,49,Declared,♂ Male,Bagmati Province,Nuwakot
Ashoka Vikrama Ji Si,Rastriya Janamorcha,Kathmandu-5,49,Declared,♂ Male,Bagmati Province,Kathmandu
Pradeshi Sah,Nepal Janata Party,Bara-2,49,Declared,♂ Male,Madhesh Province,Bara
Chandra Kumari Gurung,Mongol National Organisation,Rupandehi-2,49,Declared,♀ Female,Lumbini Province,Rupandehi
Karna Lal Rajbanshi,Janata Samajwadi Party Nepal,Jhapa-3,48,Declared,♂ Male,Koshi Province,Jhapa
Rajan Niraula,Independent,Morang-2,48,Declared,♂ Male,Koshi Province,Morang
Bishnu Bahadur Khatri,Nepal Workers and Peasants Party,Udayapur-1,48,Declared,♂ Male,Koshi Province,Udayapur
Bikash Kumar Thakur,जनता समाजवादी पार्टी(एकल चुनाव चिन्ह),Sarlahi-1,48,Declared,♂ Male,Madhesh Province,Sarlahi
Tej Narayan Musahar,Independent,Sarlahi-2,48,Declared,♂ Male,Madhesh Province,Sarlahi
Puran Gaihre Sharma,CPN (Maoist),Palpa-1,48,Declared,♂ Male,Lumbini Province,Palpa
Mahendra Yadav,Independent,Rupandehi-3,48,Declared,♂ Male,Lumbini Province,Rupandehi
Sahavir Thapa,National Republic Nepal,Baglung-1,48,Declared,♂ Male,Gandaki Province,Baglung
Sitaram Yadav,आम जनता पार्टी(एकल चुनाव चिन्ह),Dang-1,48,Declared,♂ Male,Lumbini Province,Dang
Tej Prasad Bhandari,Progressive Democratic Party,Banke-3,48,Declared,♂ Male,Lumbini Province,Banke
Ghanshyam Adhikari,Independent,Bardiya-1,48,Declared,♂ Male,Lumbini Province,Bardiya
Gopilal Chaudhary,National Republic Nepal,Kailali-4,48,Declared,♂ Male,Sudurpashchim Province,Kailali
Raj Kumar Rajbanshi,Independent,Morang-5,47,Declared,♂ Male,Koshi Province,Morang
Jnyanu Devi Danuvar,आम जनता पार्टी(एकल चुनाव चिन्ह),Siraha-3,47,Declared,♀ Female,Madhesh Province,Siraha
Prem Bahadur Rana Magar,Independent,Mahottari-1,47,Declared,♂ Male,Madhesh Province,Mahottari
Babu Raj Bajracharya,Independent,Lalitpur-2,47,Declared,♂ Male,Bagmati Province,Lalitpur
Sera Vahadura Tamang,नागरिक सर्वोच्चता पार्टी नेपाल(एकल चुनाव चिन्ह),Sindhupalchok-2,47,Declared,♂ Male,Bagmati Province,Sindhupalchok
Lakshmana Lama,आम जनता पार्टी(एकल चुनाव चिन्ह),Bara-3,47,Declared,♂ Male,Madhesh Province,Bara
Eemadada Gaddi,आम जनता पार्टी(एकल चुनाव चिन्ह),Parsa-4,47,Declared,♂ Male,Madhesh Province,Parsa
Khyamananda Bhusal,Independent,Rupandehi-3,47,Declared,♂ Male,Lumbini Province,Rupandehi
Juthe Damai,Shram Sanskriti Party,Rupandehi-4,47,Declared,♂ Male,Lumbini Province,Rupandehi
Ram Gopal Kurmi,Independent,Kapilvastu-1,47,Declared,♂ Male,Lumbini Province,Kapilvastu
Surendra Kumar Shukla,Independent,Kapilvastu-1,47,Declared,♂ Male,Lumbini Province,Kapilvastu
Mohammad Rafik Miya,आम जनता पार्टी(एकल चुनाव चिन्ह),Kapilvastu-3,47,Declared,♂ Male,Lumbini Province,Kapilvastu
Indra Kumar Limbu,Nepal Janmukti Party,Taplejung-1,46,Declared,♂ Male,Koshi Province,Taplejung
Rajendra Gurung,Mongol National Organisation,Sunsari-1,46,Declared,♂ Male,Koshi Province,Sunsari
Prakash Raj Dhungel,CPN (Maoist),Bhaktapur-2,46,Declared,♂ Male,Bagmati Province,Bhaktapur
Suresh Prasad Sah Kanu,Nepal Janata Party,Parsa-1,46,Declared,♂ Male,Madhesh Province,Parsa
Gobinda Prasad Karakheti,Progressive Democratic Party,Rupandehi-3,46,Declared,♂ Male,Lumbini Province,Rupandehi
Jagilal Thapa,Nepal Workers and Peasants Party,Rupandehi-5,46,Declared,♂ Male,Lumbini Province,Rupandehi
Durga Prasad Upadhyay,Independent,Kapilvastu-3,46,Declared,♂ Male,Lumbini Province,Kapilvastu
Hum Bahadur Gurung,Mongol National Organisation,Kanchanpur-1,46,Declared,♂ Male,Sudurpashchim Province,Kanchanpur
Yu Bahadura Rana,Rastriya Janamukti Party,Parasi-2,46,Declared,♂ Male,Lumbini Province,Parasi
Navraj Paudel,Independent,Sunsari-2,45,Declared,♂ Male,Koshi Province,Sunsari
Siriya Pasman,Nepal Workers and Peasants Party,Siraha-1,45,Declared,♂ Male,Madhesh Province,Siraha
Sanjay Yadav,Independent,Mahottari-4,45,Declared,♂ Male,Madhesh Province,Mahottari
Uday Kant Mishra,जनता समाजवादी पार्टी(एकल चुनाव चिन्ह),Sarlahi-4,45,Declared,♂ Male,Madhesh Province,Sarlahi
Ramila Jyakha (Suwal),Nepal Workers and Peasants Party,Kathmandu-1,45,Declared,♀ Female,Bagmati Province,Kathmandu
Shyam Kaji Sunuwar,United Citizens Party,Kathmandu-5,45,Declared,♂ Male,Bagmati Province,Kathmandu
Prahalada Prasada Saha Kalavar,Nepal Janata Party,Bara-3,45,Declared,♂ Male,Madhesh Province,Bara
Niranjan Koirala,Independent,Kaski-2,45,Declared,♂ Male,Gandaki Province,Kaski
Allahuddin Darji,Bahujan Shakti Party,Kapilvastu-3,45,Declared,♂ Male,Lumbini Province,Kapilvastu
Nabin Kumar Kakshapati,CPN (Unified),Pyuthan-1,45,Declared,♂ Male,Lumbini Province,Pyuthan
Prema Damaee Nepali,आम जनता पार्टी(एकल चुनाव चिन्ह),Rukum West-1,45,Declared,♀ Female,Karnali Province,Rukum West
Tulsi Keshari Prajapati (chhunju),Nepal Workers and Peasants Party,Ilam-1,44,Declared,♀ Female,Koshi Province,Ilam
Ganesh Mishra,Independent,Morang-3,44,Declared,♂ Male,Koshi Province,Morang
Lil Kumari Rai,Rastriya Janamorcha,Udayapur-1,44,Declared,♂ Male,Koshi Province,Udayapur
Prashant Kumar Rai,नागरिक सर्वोच्चता पार्टी नेपाल(एकल चुनाव चिन्ह),Udayapur-1,44,Declared,♂ Male,Koshi Province,Udayapur
Sarita Kumari Yadav,Independent,Saptari-3,44,Declared,♀ Female,Madhesh Province,Saptari
Bechan Prasad Mehatari,Independent,Mahottari-3,44,Declared,♂ Male,Madhesh Province,Mahottari
Shekha Amirula Hak,Nepal Workers and Peasants Party,Rautahat-2,44,Declared,♂ Male,Madhesh Province,Rautahat
Keshava Raee,United Citizens Party,Rautahat-4,44,Declared,♂ Male,Madhesh Province,Rautahat
Durga Bahadur Bhat Chhetri,आम जनता पार्टी(एकल चुनाव चिन्ह),Arghakhanchi-1,44,Declared,♂ Male,Lumbini Province,Arghakhanchi
Chandra Kumari Rajguru,Nepal Janmukti Party,Bardiya-1,44,Declared,♀ Female,Lumbini Province,Bardiya
Harish Bahadur Bhatta,Independent,Kanchanpur-2,44,Declared,♂ Male,Sudurpashchim Province,Kanchanpur
Rama Meche,Janata Samajwadi Party Nepal,Jhapa-1,43,Declared,♀ Female,Koshi Province,Jhapa
Tilak Chandra Rai,Independent,Khotang-1,43,Declared,♂ Male,Koshi Province,Khotang
Suresh Koju,Independent,Bhaktapur-1,43,Declared,♂ Male,Bagmati Province,Bhaktapur
Sanju Chaudhari,Independent,Bara-4,43,Declared,♂ Male,Madhesh Province,Bara
Bishwanath Mahato,United Citizens Party,Parsa-3,43,Declared,♂ Male,Madhesh Province,Parsa
Padama Bahadura Kuvanr,Progressive Democratic Party,Baglung-2,43,Declared,♂ Male,Gandaki Province,Baglung
Rom Bahadur Thapa Magar,आम जनता पार्टी(एकल चुनाव चिन्ह),Pyuthan-1,43,Declared,♂ Male,Lumbini Province,Pyuthan
Ranil Bikram Shahi,Nepal Janata Party,Jumla-1,43,Declared,♂ Male,Karnali Province,Jumla
Him Bahadur Shahi,Independent,Dailekh-2,43,Declared,♂ Male,Karnali Province,Dailekh
Dharm Raj Jaisi Acharya,Nepal Workers and Peasants Party,Bardiya-2,43,Declared,♂ Male,Lumbini Province,Bardiya
Saraswati Kumari Pal (Malla),Miteri Party Nepal,Doti-1,43,Declared,♀ Female,Sudurpashchim Province,Doti
Dhiren Subba,Janata Samajwadi Party Nepal,Jhapa-5,42,Declared,♂ Male,Koshi Province,Jhapa
Rameshvara Sah,Nepal Workers and Peasants Party,Siraha-4,42,Declared,♂ Male,Madhesh Province,Siraha
Bikau Sahu,Independent,Mahottari-4,42,Declared,♂ Male,Madhesh Province,Mahottari
Saroj Tamang,Nepal Workers and Peasants Party,Makwanpur-2,42,Declared,♂ Male,Bagmati Province,Makwanpur
Sham‍bhu Prasada Yadav,United Citizens Party,Rautahat-3,42,Declared,♂ Male,Madhesh Province,Rautahat
Buddhi Bahadur Saru Thapa,National Republic Nepal,Kapilvastu-2,42,Declared,♂ Male,Lumbini Province,Kapilvastu
Bhumi Mahtara,Nepal Workers and Peasants Party,Banke-3,42,Declared,♀ Female,Lumbini Province,Banke
Minu Giri,Nepal Workers and Peasants Party,Kanchanpur-3,42,Declared,♂ Male,Sudurpashchim Province,Kanchanpur
Ganga Vahadura Chongavang Limbu,Mongol National Organisation,Tehrathum-1,41,Declared,♂ Male,Koshi Province,Tehrathum
Gunaraja Epha Bhattaraee,आम जनता पार्टी(एकल चुनाव चिन्ह),Solukhumbu-1,41,Declared,♂ Male,Koshi Province,Solukhumbu
Ajaya Bhandari,Independent,Dhanusha-1,41,Declared,♂ Male,Madhesh Province,Dhanusha
Sajan Dhakal,Independent,Bhaktapur-2,41,Declared,♂ Male,Bagmati Province,Bhaktapur
Om Raj Bajracharya,Independent,Lalitpur-2,41,Declared,♂ Male,Bagmati Province,Lalitpur
Kalpana Kumal,आम जनता पार्टी(एकल चुनाव चिन्ह),Gorkha-2,41,Declared,♀ Female,Gandaki Province,Gorkha
Bharat Gurung,National Republic Nepal,Lamjung-1,41,Declared,♂ Male,Gandaki Province,Lamjung
Nababa Musalaman,Independent,Rupandehi-3,41,Declared,♂ Male,Lumbini Province,Rupandehi
Pin Bahadur Darji,Mongol National Organisation,Kapilvastu-2,41,Declared,♂ Male,Lumbini Province,Kapilvastu
Lal Kumari Thapa Rana,Mongol National Organisation,Parbat-1,41,Declared,♀ Female,Gandaki Province,Parbat
Ravindra Uccha Nepali,Rastriya Janamukti Party,Dang-2,41,Declared,♂ Male,Lumbini Province,Dang
Bhim Bahadur Kunwar,Independent,Achham-1,41,Declared,♂ Male,Sudurpashchim Province,Achham
Dala Vahadura Vohara,Nepal Workers and Peasants Party,Bajhang-1,41,Declared,♂ Male,Sudurpashchim Province,Bajhang
Sunita Bhandara,Nepal Workers and Peasants Party,Kailali-1,41,Declared,♀ Female,Sudurpashchim Province,Kailali
Bidya Dev Joshi,CPN (Unified),Darchula-1,41,Declared,♂ Male,Sudurpashchim Province,Darchula
Eeshora Vagle,Independent,Morang-1,40,Declared,♂ Male,Koshi Province,Morang
Bhakt Mani Dahal,Independent,Morang-4,40,Declared,♂ Male,Koshi Province,Morang
Sabina Prajapati,Nepal Workers and Peasants Party,Okhaldhunga-1,40,Declared,♀ Female,Koshi Province,Okhaldhunga
Purna Bahadur Budathoki,Nepal Workers and Peasants Party,Udayapur-2,40,Declared,♂ Male,Koshi Province,Udayapur
Kaushal Sah,आम जनता पार्टी(एकल चुनाव चिन्ह),Saptari-1,40,Declared,♂ Male,Madhesh Province,Saptari
Mahadev Ram,नेपाल संघीय समाजवादी पार्टी(एकल चुनाव चिन्ह),Saptari-3,40,Declared,♂ Male,Madhesh Province,Saptari
Vimala Shreshtha,Nepal Workers and Peasants Party,Dolakha-1,40,Declared,♀ Female,Bagmati Province,Dolakha
Pujan Gajurel,Independent,Kathmandu-4,40,Declared,♂ Male,Bagmati Province,Kathmandu
Surya Bahadur Gurung,Mongol National Organisation,Arghakhanchi-1,40,Declared,♂ Male,Lumbini Province,Arghakhanchi
Tuk Bahadur Chewali,जनता समाजवादी पार्टी(एकल चुनाव चिन्ह),Arghakhanchi-1,40,Declared,♂ Male,Lumbini Province,Arghakhanchi
Keshar Bahadur Suryavanshi,Mongol National Organisation,Kapilvastu-1,40,Declared,♂ Male,Lumbini Province,Kapilvastu
Guma Kumari Budha Rana Magar,Mongol National Organisation,Baglung-1,40,Declared,♀ Female,Gandaki Province,Baglung
Amrita Bhul,Nepal Workers and Peasants Party,Kailali-4,40,Declared,♀ Female,Sudurpashchim Province,Kailali
Rama Prasada Limbu,Federal Democratic National Forum,Ilam-1,39,Declared,♂ Male,Koshi Province,Ilam
Tulsi Laxmi Dumru (Bati),Nepal Workers and Peasants Party,Jhapa-4,39,Declared,♀ Female,Koshi Province,Jhapa
Yam Prasad Dahal,Independent,Morang-1,39,Declared,♂ Male,Koshi Province,Morang
Kiran Khadka,Independent,Morang-6,39,Declared,♂ Male,Koshi Province,Morang
Satya Narayan Lahutiya,CPN (Unified),Sunsari-4,39,Declared,♂ Male,Koshi Province,Sunsari
Mo. As‍phak,आम जनता पार्टी(एकल चुनाव चिन्ह),Sarlahi-1,39,Declared,♂ Male,Madhesh Province,Sarlahi
Raj Kishor Raya Yadav,Independent,Sarlahi-2,39,Declared,♂ Male,Madhesh Province,Sarlahi
Susan Tamang,Miteri Party Nepal,Dhading-2,39,Declared,♂ Male,Bagmati Province,Dhading
Ganesh Bahadur Bal Tamang,Independent,Lalitpur-1,39,Declared,♂ Male,Bagmati Province,Lalitpur
Radha Krishna Basnet,Independent,Lalitpur-1,39,Declared,♂ Male,Bagmati Province,Lalitpur
Rupesh Shah,Independent,Lalitpur-3,39,Declared,♂ Male,Bagmati Province,Lalitpur
Suvarna Vikrama Thapa,Rastriya Janamorcha,Kavrepalanchok-2,39,Declared,♂ Male,Bagmati Province,Kavrepalanchok
Santa Kumara Tamang,Independent,Sindhupalchok-1,39,Declared,♂ Male,Bagmati Province,Sindhupalchok
Amaradeva Prasada Yadav,जनता समाजवादी पार्टी(एकल चुनाव चिन्ह),Bara-2,39,Declared,♂ Male,Madhesh Province,Bara
Khadak Bahadur Gurung,Mongol National Organisation,Gulmi-1,39,Declared,♂ Male,Lumbini Province,Gulmi
Khikh Bahadur Reshmi Magar,जनता समाजवादी पार्टी(एकल चुनाव चिन्ह),Palpa-2,39,Declared,♂ Male,Lumbini Province,Palpa
Sita Sahi,Independent,Rupandehi-2,39,Declared,♀ Female,Lumbini Province,Rupandehi
Diwakar Sharma,Independent,Banke-1,39,Declared,♂ Male,Lumbini Province,Banke
Saubhagya Jung Shah,Independent,Banke-2,39,Declared,♂ Male,Lumbini Province,Banke
Indra Kumara Gurungg,Mongol National Organisation,Parasi-1,39,Declared,♂ Male,Lumbini Province,Parasi
Jayen Magar,National Republic Nepal,Jhapa-3,38,Declared,♂ Male,Koshi Province,Jhapa
Hari Narayan Chaudhary,जनता समाजवादी पार्टी(एकल चुनाव चिन्ह),Morang-4,38,Declared,♂ Male,Koshi Province,Morang
Savur Lal Ram,नेपाल संघीय समाजवादी पार्टी(एकल चुनाव चिन्ह),Siraha-2,38,Declared,♂ Male,Madhesh Province,Siraha
Rajesh Bhattarai,Independent,Dhading-1,38,Declared,♂ Male,Bagmati Province,Dhading
Devendra Thakur,आम जनता पार्टी(एकल चुनाव चिन्ह),Bhaktapur-1,38,Declared,♂ Male,Bagmati Province,Bhaktapur
Dilipa Prasada Jaisaval,Independent,Rautahat-2,38,Declared,♂ Male,Madhesh Province,Rautahat
Suraji Devi Nuniya,Independent,Parsa-4,38,Declared,♀ Female,Madhesh Province,Parsa
Narendra Bahadur Belbase,Independent,Kapilvastu-1,38,Declared,♂ Male,Lumbini Province,Kapilvastu
Devendra Kami,Progressive Democratic Party,Myagdi-1,38,Declared,♂ Male,Gandaki Province,Myagdi
Megh Bahadur Oli,Progressive Democratic Party,Jajarkot-1,38,Declared,♂ Male,Karnali Province,Jajarkot
Krishna Khatri,Independent,Surkhet-2,38,Declared,♂ Male,Karnali Province,Surkhet
Jivan Kala Rai,Independent,Sunsari-1,37,Declared,♀ Female,Koshi Province,Sunsari
Naim Rain,Independent,Mahottari-3,37,Declared,♂ Male,Madhesh Province,Mahottari
Inarajita Saha Teli,Nepal Janata Party,Sarlahi-1,37,Declared,♂ Male,Madhesh Province,Sarlahi
Prem Bahadur Thapa,CPN (Maoist),Kaski-2,37,Declared,♂ Male,Gandaki Province,Kaski
Bed Bahadur Thapa,Mongol National Organisation,Gulmi-2,37,Declared,♂ Male,Lumbini Province,Gulmi
Khem Prasad Gurung,आम जनता पार्टी(एकल चुनाव चिन्ह),Rupandehi-5,37,Declared,♂ Male,Lumbini Province,Rupandehi
Sarataja Ahamada Mu,Independent,Kapilvastu-2,37,Declared,♂ Male,Lumbini Province,Kapilvastu
Manoj Kumar Tharu,Mongol National Organisation,Banke-3,37,Declared,♂ Male,Lumbini Province,Banke
Damvara Bahadura Raval,Progressive Democratic Party,Kailali-2,37,Declared,♂ Male,Sudurpashchim Province,Kailali
Jaggu Chaudhary,आम जनता पार्टी(एकल चुनाव चिन्ह),Kanchanpur-2,37,Declared,♂ Male,Sudurpashchim Province,Kanchanpur
Padam Bahadur Tamang,आम जनता पार्टी(एकल चुनाव चिन्ह),Ramechhap-1,36,Declared,♂ Male,Bagmati Province,Ramechhap
Mukesh Sah,आम जनता पार्टी(एकल चुनाव चिन्ह),Mahottari-1,36,Declared,♂ Male,Madhesh Province,Mahottari
Jivana Kumara Magar,Independent,Mahottari-1,36,Declared,♂ Male,Madhesh Province,Mahottari
Amrita Lala Vomjan,Mongol National Organisation,Sarlahi-1,36,Declared,♂ Male,Madhesh Province,Sarlahi
Ambar Bahadur Paudel,Rastriya Janamorcha,Kathmandu-10,36,Declared,♂ Male,Bagmati Province,Kathmandu
Durga Lal Sharma,Independent,Rupandehi-3,36,Declared,♂ Male,Lumbini Province,Rupandehi
Karna Bahadur Gurung,Mongol National Organisation,Rupandehi-4,36,Declared,♂ Male,Lumbini Province,Rupandehi
Prakash Sah,Nepal Workers and Peasants Party,Banke-2,36,Declared,♂ Male,Lumbini Province,Banke
Dependra Bahadur Shahi,Progressive Democratic Party,Kanchanpur-1,36,Declared,♂ Male,Sudurpashchim Province,Kanchanpur
Daniyala Vi.क़.,United Citizens Party,Kanchanpur-1,36,Declared,♂ Male,Sudurpashchim Province,Kanchanpur
Amrit Rasaili,जनता समाजवादी पार्टी(एकल चुनाव चिन्ह),Jhapa-5,35,Declared,♂ Male,Koshi Province,Jhapa
Yubaraj Thapa,आम जनता पार्टी(एकल चुनाव चिन्ह),Bhojpur-1,35,Declared,♂ Male,Koshi Province,Bhojpur
Budhu Rishidev,Independent,Morang-2,35,Declared,♂ Male,Koshi Province,Morang
Khada Nanda Rijal,Independent,Morang-6,35,Declared,♂ Male,Koshi Province,Morang
Rakesha Kumara Ray,Progressive Democratic Party,Dhanusha-4,35,Declared,♂ Male,Madhesh Province,Dhanusha
Priya Bhatta,Nepal Workers and Peasants Party,Dhading-2,35,Declared,♀ Female,Bagmati Province,Dhading
Prakash Budhathoki,CPN (Maoist),Kathmandu-2,35,Declared,♂ Male,Bagmati Province,Kathmandu
Ashok Thapa,Independent,Lalitpur-1,35,Declared,♂ Male,Bagmati Province,Lalitpur
Bharata Tamang,National Republic Nepal,Kavrepalanchok-1,35,Declared,♂ Male,Bagmati Province,Kavrepalanchok
Akash Rana Magar,National Republic Nepal,Gorkha-1,35,Declared,♂ Male,Gandaki Province,Gorkha
Yajnya Vahadura Gurungg,National Republic Nepal,Kaski-1,35,Declared,♂ Male,Gandaki Province,Kaski
Bachha Dali Miya,Independent,Palpa-1,35,Declared,♂ Male,Lumbini Province,Palpa
Chhavilala Magar,जनता समाजवादी पार्टी(एकल चुनाव चिन्ह),Nawalpur-1,35,Declared,♂ Male,Gandaki Province,Nawalpur
Junu Mahtara Shahi,Nepal Workers and Peasants Party,Kailali-3,35,Declared,♀ Female,Sudurpashchim Province,Kailali
Dharmraj Guragain,पिपुल फर्ष्ट पार्टी,Jhapa-5,34,Declared,♂ Male,Koshi Province,Jhapa
Mangal Rishidev,Federal Democratic National Forum,Morang-5,34,Declared,♂ Male,Koshi Province,Morang
Tej Narayan Goit,Independent,Sunsari-4,34,Declared,♂ Male,Koshi Province,Sunsari
Man Kumar Gurung,Mongol National Organisation,Solukhumbu-1,34,Declared,♂ Male,Koshi Province,Solukhumbu
Anila Kumara Yadav,Independent,Dhanusha-2,34,Declared,♂ Male,Madhesh Province,Dhanusha
Surendra Mahato,Independent,Mahottari-1,34,Declared,♂ Male,Madhesh Province,Mahottari
Shyam Kishor Singh,Independent,Mahottari-3,34,Declared,♂ Male,Madhesh Province,Mahottari
Ramakant Kapar,Nepal Workers and Peasants Party,Sarlahi-1,34,Declared,♂ Male,Madhesh Province,Sarlahi
Sharmila Phuyal,Independent,Kathmandu-7,34,Declared,♀ Female,Bagmati Province,Kathmandu
Lakshmi Narayana Prasada Sah,Independent,Bara-1,34,Declared,♂ Male,Madhesh Province,Bara
Subva Lala Tamangg,Mongol National Organisation,Bara-4,34,Declared,♂ Male,Madhesh Province,Bara
Mahesh Kumar Paswan,Jana Adhikar Party,Parsa-1,34,Declared,♂ Male,Madhesh Province,Parsa
Kalyan Tandon,Independent,Kapilvastu-1,34,Declared,♂ Male,Lumbini Province,Kapilvastu
Anand Prakash Yadav,Independent,Kapilvastu-3,34,Declared,♂ Male,Lumbini Province,Kapilvastu
Pawan Thapa Magar,Gatishil Loktantrik Party,Surkhet-2,34,Declared,♂ Male,Karnali Province,Surkhet
Prem Singh Badal,आम जनता पार्टी(एकल चुनाव चिन्ह),Darchula-1,34,Declared,♂ Male,Sudurpashchim Province,Darchula
Katak Bahadur Shahi,Nepal Workers and Peasants Party,Kanchanpur-1,34,Declared,♂ Male,Sudurpashchim Province,Kanchanpur
Ganesh Kumar Kharel,Independent,Jhapa-1,33,Declared,♂ Male,Koshi Province,Jhapa
Chandrakala Sawa,Federal Democratic National Forum,Jhapa-3,33,Declared,♀ Female,Koshi Province,Jhapa
Kundan Kausik,Independent,Sunsari-4,33,Declared,♂ Male,Koshi Province,Sunsari
Vishesh‍vara Yadav,Independent,Saptari-2,33,Declared,♂ Male,Madhesh Province,Saptari
Prabin Kumar Chaudhary,जनता समाजवादी पार्टी(एकल चुनाव चिन्ह),Siraha-1,33,Declared,♂ Male,Madhesh Province,Siraha
Madhava Koeerala Khatri,Independent,Dolakha-1,33,Declared,♂ Male,Bagmati Province,Dolakha
Rameshowri Koju,Nepal Workers and Peasants Party,Sindhuli-2,33,Declared,♀ Female,Bagmati Province,Sindhuli
Rama Kishora Pasaman,Independent,Dhanusha-2,33,Declared,♂ Male,Madhesh Province,Dhanusha
Yuvaraja Lueetel,Independent,Sarlahi-3,33,Declared,♂ Male,Madhesh Province,Sarlahi
Basanta Raj Kuwnwar,Jai Matribhumi Party,Kathmandu-5,33,Declared,♂ Male,Bagmati Province,Kathmandu
Rohit Kumar Bastola,Progressive Democratic Party,Lalitpur-1,33,Declared,♂ Male,Bagmati Province,Lalitpur
Sanjay Ghising Tamang,National Republic Nepal,Lalitpur-1,33,Declared,♂ Male,Bagmati Province,Lalitpur
Shyamababu Prasada Chaudhari,Janata Loktantrik Party Nepal,Bara-2,33,Declared,♂ Male,Madhesh Province,Bara
Eenjada Ansari,Independent,Bara-2,33,Declared,♂ Male,Madhesh Province,Bara
Shri Bahadur Kunwar,Progressive Democratic Party,Rupandehi-1,33,Declared,♂ Male,Lumbini Province,Rupandehi
Tirtha Kumari Bashi Magar B.K.,आम जनता पार्टी(एकल चुनाव चिन्ह),Dailekh-2,33,Declared,♀ Female,Karnali Province,Dailekh
Surendra Rawal,Independent,Dadeldhura-1,33,Declared,♂ Male,Sudurpashchim Province,Dadeldhura
Laksuman Tamang,Nepal Workers and Peasants Party,Panchthar-1,32,Declared,♂ Male,Koshi Province,Panchthar
Prayag Rai,Mongol National Organisation,Khotang-1,32,Declared,♂ Male,Koshi Province,Khotang
Kirana Kumari Yadab,Independent,Dhanusha-1,32,Declared,♀ Female,Madhesh Province,Dhanusha
Idris Momin,CPN (Unified),Mahottari-2,32,Declared,♂ Male,Madhesh Province,Mahottari
Gunjesh‍vara Prasada Shah,Independent,Sarlahi-2,32,Declared,♂ Male,Madhesh Province,Sarlahi
Buddhi Prasad Regmi,Independent,Kathmandu-7,32,Declared,♂ Male,Bagmati Province,Kathmandu
Rakama Lama (tamanga),Janata Samajwadi Party Nepal,Kavrepalanchok-2,32,Declared,♂ Male,Bagmati Province,Kavrepalanchok
Rajana Thapa,CPN (Unified),Kavrepalanchok-2,32,Declared,♂ Male,Bagmati Province,Kavrepalanchok
Shobha Basukala,Nepal Workers and Peasants Party,Chitwan-2,32,Declared,♀ Female,Bagmati Province,Chitwan
Chandra Prasada Shahi,Rastriya Janamorcha,Rukum East-1,32,Declared,♂ Male,Lumbini Province,Rukum East
Padam Prasad Pandey,Independent,Dang-2,32,Declared,♂ Male,Lumbini Province,Dang
Lal Bahadur Kathayat,Independent,Dailekh-2,32,Declared,♂ Male,Karnali Province,Dailekh
Khagendra Bahadur Shahi,Nepal Workers and Peasants Party,Doti-1,32,Declared,♂ Male,Sudurpashchim Province,Doti
Khadak Tamrakar,United Citizens Party,Kanchanpur-2,32,Declared,♂ Male,Sudurpashchim Province,Kanchanpur
Milan Bhandari,Independent,Morang-1,31,Declared,♂ Male,Koshi Province,Morang
Bhuvana Kumara Vagle,"राष्ट्रिय उर्जाशील पार्टी, नेपाल",Morang-3,31,Declared,♂ Male,Koshi Province,Morang
Atit Nepal,CPN (Unified),Sunsari-2,31,Declared,♂ Male,Koshi Province,Sunsari
Kamal Bahadur Magar,Nepal Workers and Peasants Party,Solukhumbu-1,31,Declared,♂ Male,Koshi Province,Solukhumbu
Rupesh Kumar Mandal,Independent,Siraha-4,31,Declared,♂ Male,Madhesh Province,Siraha
Dhanjay Kumar Hathi,Independent,Mahottari-2,31,Declared,♂ Male,Madhesh Province,Mahottari
Basanta Kumar Yadav,Independent,Mahottari-2,31,Declared,♂ Male,Madhesh Province,Mahottari
Sabin Sigdel,Progressive Democratic Party,Kathmandu-1,31,Declared,♂ Male,Bagmati Province,Kathmandu
Karisma Kharel,CPN (Maoist),Kathmandu-4,31,Declared,♀ Female,Bagmati Province,Kathmandu
Krishna Devi Maharjan,Janata Samajwadi Party Nepal,Lalitpur-3,31,Declared,♀ Female,Bagmati Province,Lalitpur
Dilliprasada Nyaupane,Independent,Kavrepalanchok-2,31,Declared,♂ Male,Bagmati Province,Kavrepalanchok
Pasangga Tamangg,आम जनता पार्टी(एकल चुनाव चिन्ह),Sindhupalchok-1,31,Declared,♂ Male,Bagmati Province,Sindhupalchok
Sanjaya Sahani,जनता समाजवादी पार्टी(एकल चुनाव चिन्ह),Rautahat-2,31,Declared,♂ Male,Madhesh Province,Rautahat
Dina Nath Khanal,Independent,Rupandehi-1,31,Declared,♂ Male,Lumbini Province,Rupandehi
Dhundiraj Thapa,Janata Samajwadi Party Nepal,Dang-2,31,Declared,♂ Male,Lumbini Province,Dang
Dharmaraj Sharma,Independent,Dang-2,31,Declared,♂ Male,Lumbini Province,Dang
Laxmi Kumari Bista Bhatta,आम जनता पार्टी(एकल चुनाव चिन्ह),Kanchanpur-3,31,Declared,♀ Female,Sudurpashchim Province,Kanchanpur
Phiva Raja Limvu,Nepal Janmukti Party,Morang-1,30,Declared,♂ Male,Koshi Province,Morang
Tej Prasad Bhandari,Independent,Morang-3,30,Declared,♂ Male,Koshi Province,Morang
Gokarna Rai,Nepal Janmukti Party,Udayapur-1,30,Declared,♂ Male,Koshi Province,Udayapur
Raj Kumar Pasman,Nepal Workers and Peasants Party,Siraha-2,30,Declared,♂ Male,Madhesh Province,Siraha
Purna Bahadura Shivakoti,Independent,Dolakha-1,30,Declared,♂ Male,Bagmati Province,Dolakha
Dulari Devi Tharu,Independent,Mahottari-2,30,Declared,♀ Female,Madhesh Province,Mahottari
Ghyanshyam Jha,Independent,Mahottari-3,30,Declared,♂ Male,Madhesh Province,Mahottari
Janmadev Jaisi,Progressive Democratic Party,Bhaktapur-2,30,Declared,♂ Male,Bagmati Province,Bhaktapur
Mathu Pulami Magar,Independent,Makwanpur-1,30,Declared,♂ Male,Bagmati Province,Makwanpur
Dev Shankar Yadav,Jana Adhikar Party,Parsa-2,30,Declared,♂ Male,Madhesh Province,Parsa
Ram Sharan Budhathoki,Nepal Workers and Peasants Party,Gorkha-2,30,Declared,♂ Male,Gandaki Province,Gorkha
Laxman Adhikari,Nepal Workers and Peasants Party,Tanahun-2,30,Declared,♂ Male,Gandaki Province,Tanahun
Rana Bahadura Vish‍vakarma,Progressive Democratic Party,Syangja-1,30,Declared,♂ Male,Gandaki Province,Syangja
Bhagirath Thapa,Independent,Gulmi-2,30,Declared,♂ Male,Lumbini Province,Gulmi
Koshal Aryal,Independent,Palpa-1,30,Declared,♂ Male,Lumbini Province,Palpa
Lakshmi Somai Magar,आम जनता पार्टी(एकल चुनाव चिन्ह),Nawalpur-2,30,Declared,♀ Female,Gandaki Province,Nawalpur
Sira Bahadura Budha,जनता समाजवादी पार्टी(एकल चुनाव चिन्ह),Rukum East-1,30,Declared,♂ Male,Lumbini Province,Rukum East
Majid Ali Shesh,Progressive Democratic Party,Banke-2,30,Declared,♂ Male,Lumbini Province,Banke
Mohan Dev Mishra,CPN (Unified),Kailali-4,30,Declared,♂ Male,Sudurpashchim Province,Kailali
Sanjaya Harijan,Bahujan Shakti Party,Parasi-2,30,Declared,♂ Male,Lumbini Province,Parasi
Daka Prasada Gautam,Independent,Ilam-2,29,Declared,♂ Male,Koshi Province,Ilam
Vasudeba Dahal,Independent,Sankhuwasabha-1,29,Declared,♂ Male,Koshi Province,Sankhuwasabha
Jayram Tharu,Nepal Workers and Peasants Party,Morang-4,29,Declared,♂ Male,Koshi Province,Morang
Rohan Kumar Shah,आम जनता पार्टी(एकल चुनाव चिन्ह),Sunsari-3,29,Declared,♂ Male,Koshi Province,Sunsari
Mo. Sadik Miya,Federal Democratic National Forum,Sunsari-4,29,Declared,♂ Male,Koshi Province,Sunsari
Kumar Bahadur Lama,Miteri Party Nepal,Okhaldhunga-1,29,Declared,♂ Male,Koshi Province,Okhaldhunga
Balram Prasad Yadav,Janata Loktantrik Party Nepal,Saptari-2,29,Declared,♂ Male,Madhesh Province,Saptari
Rajendra Bakhunche,Nepal Workers and Peasants Party,Sindhuli-1,29,Declared,♂ Male,Bagmati Province,Sindhuli
Rameshwar Bhandari,Independent,Nuwakot-1,29,Declared,♂ Male,Bagmati Province,Nuwakot
Anand Sinkhada,Jai Matribhumi Party,Kathmandu-2,29,Declared,♂ Male,Bagmati Province,Kathmandu
Sanjiv Darji,Independent,Kathmandu-4,29,Declared,♂ Male,Bagmati Province,Kathmandu
Kyamuna Mijar,Independent,Kathmandu-5,29,Declared,♀ Female,Bagmati Province,Kathmandu
Binod Kumar Gurung,Rastriya Ekta Dal,Kathmandu-7,29,Declared,♂ Male,Bagmati Province,Kathmandu
Enjisa Raja Prasaee,CPN (Unified),Kathmandu-9,29,Declared,♂ Male,Bagmati Province,Kathmandu
Kabita Pudasaini (Adhikari),Independent,Kathmandu-10,29,Declared,♀ Female,Bagmati Province,Kathmandu
Rihini Kasti,Janata Samajwadi Party Nepal,Lalitpur-2,29,Declared,♀ Female,Bagmati Province,Lalitpur
Asoka Bahadura Shresh‍th,नागरिक सर्वोच्चता पार्टी नेपाल(एकल चुनाव चिन्ह),Sindhupalchok-1,29,Declared,♂ Male,Bagmati Province,Sindhupalchok
Dava Chhiringa Sherpa,Federal Democratic National Forum,Sindhupalchok-2,29,Declared,♂ Male,Bagmati Province,Sindhupalchok
Ra‌njita Kumara Patel,Jai Matribhumi Party,Rautahat-1,29,Declared,♂ Male,Madhesh Province,Rautahat
Phiroja Miyan,जनता समाजवादी पार्टी(एकल चुनाव चिन्ह),Parsa-2,29,Declared,♂ Male,Madhesh Province,Parsa
Jit Bahadur B.K.,CPN (Unified),Chitwan-3,29,Declared,♂ Male,Bagmati Province,Chitwan
Rama Lakshmi Duval,Nepal Workers and Peasants Party,Tanahun-1,29,Declared,♀ Female,Gandaki Province,Tanahun
Chinta Bahadur Darji,Independent,Kapilvastu-3,29,Declared,♂ Male,Lumbini Province,Kapilvastu
Maya Paija Pun Fakami Magar,Rastriya Janamukti Party,Parbat-1,29,Declared,♀ Female,Gandaki Province,Parbat
Logh Bahadur Bogati,Independent,Dailekh-1,29,Declared,♂ Male,Karnali Province,Dailekh
Naresh Kumar Labh,जनता समाजवादी पार्टी(एकल चुनाव चिन्ह),Morang-5,28,Declared,♂ Male,Koshi Province,Morang
Sujit Kumar Sah,Independent,Morang-5,28,Declared,♂ Male,Koshi Province,Morang
Niranjan Thakur,आम जनता पार्टी(एकल चुनाव चिन्ह),Sunsari-2,28,Declared,♂ Male,Koshi Province,Sunsari
Anshwar Kumar Mahto,Independent,Siraha-2,28,Declared,♂ Male,Madhesh Province,Siraha
Kishori Yadav,Independent,Siraha-4,28,Declared,♂ Male,Madhesh Province,Siraha
Rakesh Kumar Sah,Independent,Mahottari-3,28,Declared,♂ Male,Madhesh Province,Mahottari
Subash Bhatta,Nepal Workers and Peasants Party,Nuwakot-2,28,Declared,♂ Male,Bagmati Province,Nuwakot
Umesha Tamang,Mongol National Organisation,Kavrepalanchok-2,28,Declared,♂ Male,Bagmati Province,Kavrepalanchok
Dipak Sintan,जनता समाजवादी पार्टी(एकल चुनाव चिन्ह),Makwanpur-1,28,Declared,♂ Male,Bagmati Province,Makwanpur
Vodharaja Jaisi,Progressive Democratic Party,Palpa-2,28,Declared,♂ Male,Lumbini Province,Palpa
Pushkar Nath Acharya,Progressive Democratic Party,Arghakhanchi-1,28,Declared,♂ Male,Lumbini Province,Arghakhanchi
Kamal Koju,Nepal Workers and Peasants Party,Rupandehi-4,28,Declared,♀ Female,Lumbini Province,Rupandehi
Ramesh Kurmi,Independent,Rupandehi-4,28,Declared,♂ Male,Lumbini Province,Rupandehi
Ram Prasad Pasi,Rastriya Janmat Party,Kapilvastu-2,28,Declared,♂ Male,Lumbini Province,Kapilvastu
Jharendra Bahadur Khatri,जनता समाजवादी पार्टी(एकल चुनाव चिन्ह),Dang-2,28,Declared,♂ Male,Lumbini Province,Dang
Nirmal Adhikari,Independent,Bardiya-1,28,Declared,♂ Male,Lumbini Province,Bardiya
Keshar Singh Rai,Nepal Janmukti Party,Sankhuwasabha-1,27,Declared,♂ Male,Koshi Province,Sankhuwasabha
Yam Bahadur Limbu,Nepal Janmukti Party,Sunsari-1,27,Declared,♂ Male,Koshi Province,Sunsari
Kasani Tharuni,Independent,Sunsari-3,27,Declared,♀ Female,Koshi Province,Sunsari
Raj Kumar Rai,Independent,Khotang-1,27,Declared,♂ Male,Koshi Province,Khotang
Shiva Kumar Kapair,Independent,Saptari-4,27,Declared,♂ Male,Madhesh Province,Saptari
Phuladeva Thakura Hajam,Independent,Siraha-4,27,Declared,♂ Male,Madhesh Province,Siraha
Amrita Bahadura Vish‍vakarma,Independent,Sindhuli-1,27,Declared,♂ Male,Bagmati Province,Sindhuli
Vinoda Kumara Yadav,Independent,Dhanusha-4,27,Declared,♂ Male,Madhesh Province,Dhanusha
Rudra Bahadur Gelang Magar,Independent,Dhading-2,27,Declared,♂ Male,Bagmati Province,Dhading
Prakash Nayaju,Janata Samajwadi Party Nepal,Kathmandu-1,27,Declared,♂ Male,Bagmati Province,Kathmandu
Suresh Kumar Dhungana,Independent,Kathmandu-3,27,Declared,♂ Male,Bagmati Province,Kathmandu
Nimesh Khanal,CPN (Unified),Kathmandu-5,27,Declared,♂ Male,Bagmati Province,Kathmandu
Seti Maya Tamang,National Republic Nepal,Chitwan-3,27,Declared,♀ Female,Bagmati Province,Chitwan
Rabin Karki,Nepal Janasewa Party,Kapilvastu-1,27,Declared,♂ Male,Lumbini Province,Kapilvastu
Suman Giri,Nepal Janasewa Party,Kapilvastu-2,27,Declared,♂ Male,Lumbini Province,Kapilvastu
Tul Prasad Garbuja,National Republic Nepal,Myagdi-1,27,Declared,♂ Male,Gandaki Province,Myagdi
Gopal Prasad Giri,Jai Matribhumi Party,Banke-2,27,Declared,♂ Male,Lumbini Province,Banke
Jyoti Yonjan,Mongol National Organisation,Bardiya-1,27,Declared,♀ Female,Lumbini Province,Bardiya
Tapendra Shah,Independent,Kailali-1,27,Declared,♂ Male,Sudurpashchim Province,Kailali
Khadak Bahadur Thakurathi,आम जनता पार्टी(एकल चुनाव चिन्ह),Dadeldhura-1,27,Declared,♂ Male,Sudurpashchim Province,Dadeldhura
Dhyan Prashad Dhakal,Nepal Workers and Peasants Party,Khotang-1,26,Declared,♂ Male,Koshi Province,Khotang
Keshar Man Chamling,Miteri Party Nepal,Khotang-1,26,Declared,♂ Male,Koshi Province,Khotang
Sunil Raj Das,आम जनता पार्टी(एकल चुनाव चिन्ह),Saptari-2,26,Declared,♂ Male,Madhesh Province,Saptari
Sanjiv Kumar Sah,Independent,Saptari-4,26,Declared,♂ Male,Madhesh Province,Saptari
Navina Kumara Ranjan,Independent,Dhanusha-3,26,Declared,♂ Male,Madhesh Province,Dhanusha
Mohan Chaudhary,Independent,Mahottari-3,26,Declared,♂ Male,Madhesh Province,Mahottari
Madan Shrestha,Nepal Workers and Peasants Party,Kathmandu-3,26,Declared,♂ Male,Bagmati Province,Kathmandu
Damodar Kafle,CPN (Unified),Bhaktapur-1,26,Declared,♂ Male,Bagmati Province,Bhaktapur
Umesa Thapa,Independent,Kavrepalanchok-2,26,Declared,♂ Male,Bagmati Province,Kavrepalanchok
Virendra Kumara Gup‍ta,Nepal Loktantrik Party,Rautahat-3,26,Declared,♂ Male,Madhesh Province,Rautahat
Khyam Bahadur Gurung,Nepal Janmukti Party,Kaski-2,26,Declared,♂ Male,Gandaki Province,Kaski
Sugrim Chai,Nepal Workers and Peasants Party,Rupandehi-3,26,Declared,♂ Male,Lumbini Province,Rupandehi
Gaj Bahadur Khapatadi Magar,Nepal Workers and Peasants Party,Surkhet-1,26,Declared,♂ Male,Karnali Province,Surkhet
Bhanu Bhakta Bohara,Independent,Kanchanpur-2,26,Declared,♂ Male,Sudurpashchim Province,Kanchanpur
Oma Bahadura Chaudhari Tharu,Independent,Parasi-1,26,Declared,♂ Male,Lumbini Province,Parasi
Khemnath Shiwakoti,Independent,Jhapa-5,25,Declared,♂ Male,Koshi Province,Jhapa
Gyanendra Khatri,Independent,Morang-4,25,Declared,♂ Male,Koshi Province,Morang
Kumari Urav,Independent,Sunsari-3,25,Declared,♀ Female,Koshi Province,Sunsari
Upendra Kumar Sah,Independent,Sunsari-4,25,Declared,♂ Male,Koshi Province,Sunsari
Md. Amin,Independent,Saptari-1,25,Declared,♂ Male,Madhesh Province,Saptari
Vinodanand Jha,Independent,Saptari-2,25,Declared,♂ Male,Madhesh Province,Saptari
Kuseshwor Sah Sudi,Independent,Siraha-4,25,Declared,♂ Male,Madhesh Province,Siraha
Madhav Prasad Neupane,Independent,Sindhuli-2,25,Declared,♂ Male,Bagmati Province,Sindhuli
Birendra Kumara Yadav,Independent,Dhanusha-4,25,Declared,♂ Male,Madhesh Province,Dhanusha
Bharat Yadav,Independent,Mahottari-2,25,Declared,♂ Male,Madhesh Province,Mahottari
Chaneshwar Sah,युनाईटेड नेपाल डिमोक्रयाटीक पार्टी,Sarlahi-2,25,Declared,♂ Male,Madhesh Province,Sarlahi
Raju Shrestha,Independent,Bhaktapur-1,25,Declared,♂ Male,Bagmati Province,Bhaktapur
Viju Shreshth,Independent,Sindhupalchok-2,25,Declared,♂ Male,Bagmati Province,Sindhupalchok
Ash Bahadur Damai,Nepal Humanist Party,Kaski-1,25,Declared,♂ Male,Gandaki Province,Kaski
Ashoka Visht,Independent,Syangja-1,25,Declared,♂ Male,Gandaki Province,Syangja
Top  Bahadur Thapa,Independent,Gulmi-1,25,Declared,♂ Male,Lumbini Province,Gulmi
Raju Gurungg,Mongol National Organisation,Nawalpur-1,25,Declared,♂ Male,Gandaki Province,Nawalpur
Kamal Bhusal,Nepal Janasewa Party,Rupandehi-2,25,Declared,♂ Male,Lumbini Province,Rupandehi
Sachin Rana,Independent,Rupandehi-3,25,Declared,♂ Male,Lumbini Province,Rupandehi
Dhani Ram Jaisi,Nepal Workers and Peasants Party,Jajarkot-1,25,Declared,♂ Male,Karnali Province,Jajarkot
Ashoka Teli,Independent,Parasi-2,25,Declared,♂ Male,Lumbini Province,Parasi
Damvara Shahu,Independent,Jhapa-5,24,Declared,♂ Male,Koshi Province,Jhapa
Puskar Khatiwada,Independent,Jhapa-5,24,Declared,♂ Male,Koshi Province,Jhapa
Ran Maya Rai (Chamling),Federal Democratic National Forum,Sankhuwasabha-1,24,Declared,♀ Female,Koshi Province,Sankhuwasabha
Durga Prasad Mahato,Independent,Siraha-1,24,Declared,♂ Male,Madhesh Province,Siraha
Sukra Tamangg,आम जनता पार्टी(एकल चुनाव चिन्ह),Dolakha-1,24,Declared,♂ Male,Bagmati Province,Dolakha
Hom Bahadur Rai,Janata Samajwadi Party Nepal,Nuwakot-1,24,Declared,♂ Male,Bagmati Province,Nuwakot
Sukra Bahadur Lama,CPN (Maoist),Kathmandu-6,24,Declared,♂ Male,Bagmati Province,Kathmandu
Ramesh Acharya,CPN (Unified),Lalitpur-2,24,Declared,♂ Male,Bagmati Province,Lalitpur
Dipaka Dhakal,Independent,Sindhupalchok-2,24,Declared,♂ Male,Bagmati Province,Sindhupalchok
Rupak Lama,Janata Samajwadi Party Nepal,Makwanpur-1,24,Declared,♂ Male,Bagmati Province,Makwanpur
Ish‍vari Guruda‍g,National Republic Nepal,Chitwan-1,24,Declared,♀ Female,Bagmati Province,Chitwan
Radheshyam Baniya,Independent,Rupandehi-4,24,Declared,♂ Male,Lumbini Province,Rupandehi
Numa B.K.,Rastriya Janamukti Party,Kapilvastu-1,24,Declared,♀ Female,Lumbini Province,Kapilvastu
Bhakt Bahadur B.K.,Nepal Humanist Party,Baglung-1,24,Declared,♂ Male,Gandaki Province,Baglung
Shobha Dangi,Janata Samajwadi Party Nepal,Dang-3,24,Declared,♀ Female,Lumbini Province,Dang
Arun Thakulla,Independent,Kailali-1,24,Declared,♂ Male,Sudurpashchim Province,Kailali
Hiranya Prasad Bhattarai,Nepal Workers and Peasants Party,Jhapa-1,23,Declared,♂ Male,Koshi Province,Jhapa
Sagara Natha Regmi,Nepal Janmukti Party,Tehrathum-1,23,Declared,♂ Male,Koshi Province,Tehrathum
Raj Kumar Mandal,नेपाल संघीय समाजवादी पार्टी(एकल चुनाव चिन्ह),Saptari-2,23,Declared,♂ Male,Madhesh Province,Saptari
Rajana Pasavan,Independent,Mahottari-4,23,Declared,♂ Male,Madhesh Province,Mahottari
Mohana Pasavan,Independent,Sarlahi-1,23,Declared,♂ Male,Madhesh Province,Sarlahi
Taun Upreti,Independent,Dhading-1,23,Declared,♂ Male,Bagmati Province,Dhading
Eras Shrestha,आम जनता पार्टी(एकल चुनाव चिन्ह),Kathmandu-9,23,Declared,♂ Male,Bagmati Province,Kathmandu
Rajeshowri Prajapati,Independent,Bhaktapur-1,23,Declared,♀ Female,Bagmati Province,Bhaktapur
Januka Pathak,Nepal Janasewa Party,Bhaktapur-2,23,Declared,♀ Female,Bagmati Province,Bhaktapur
Amik Pariyar,Independent,Makwanpur-1,23,Declared,♂ Male,Bagmati Province,Makwanpur
Pramila Kumari Khatiwada,Independent,Makwanpur-1,23,Declared,♀ Female,Bagmati Province,Makwanpur
Surya Rai,आम जनता पार्टी(एकल चुनाव चिन्ह),Makwanpur-2,23,Declared,♂ Male,Bagmati Province,Makwanpur
Hiramati Devi Koiri,Independent,Rautahat-3,23,Declared,♀ Female,Madhesh Province,Rautahat
Rajabali Prasad,Independent,Bara-2,23,Declared,♂ Male,Madhesh Province,Bara
Shakti Raj Gurung,National Republic Nepal,Chitwan-2,23,Declared,♂ Male,Bagmati Province,Chitwan
Kabita Bhattarai,Independent,Gorkha-1,23,Declared,♀ Female,Gandaki Province,Gorkha
Om Prakash Bishwakarma,Nepal Matrubhumi Party,Kaski-3,23,Declared,♂ Male,Gandaki Province,Kaski
Suman Thapa Magar,National Republic Nepal,Tanahun-1,23,Declared,♂ Male,Gandaki Province,Tanahun
Chetan Bahadur Basent,Independent,Gulmi-1,23,Declared,♂ Male,Lumbini Province,Gulmi
Padam Thapa Magar,National Republic Nepal,Gulmi-2,23,Declared,♂ Male,Lumbini Province,Gulmi
Phadindra Tiwari,CPN (Unified),Rupandehi-4,23,Declared,♂ Male,Lumbini Province,Rupandehi
Ramesh Pariyar,Independent,Surkhet-2,23,Declared,♂ Male,Karnali Province,Surkhet
Sushila Thapa (Magar),Miteri Party Nepal,Kailali-3,23,Declared,♀ Female,Sudurpashchim Province,Kailali
Dambara Sinha Limbu,Nepal Janmukti Party,Ilam-1,22,Declared,♂ Male,Koshi Province,Ilam
Raj Kumar Laghu,Nepal Workers and Peasants Party,Sankhuwasabha-1,22,Declared,♂ Male,Koshi Province,Sankhuwasabha
Uttam Sakakarmi,Nepal Workers and Peasants Party,Dhankuta-1,22,Declared,♂ Male,Koshi Province,Dhankuta
Ganga Kumari Rajbanshi,Nepal Workers and Peasants Party,Morang-5,22,Declared,♀ Female,Koshi Province,Morang
Jitendra Kumar Yadav,Independent,Saptari-2,22,Declared,♂ Male,Madhesh Province,Saptari
Ramcharitra Prasad Sah,Independent,Siraha-3,22,Declared,♂ Male,Madhesh Province,Siraha
Babu Kaji Khadka,Independent,Ramechhap-1,22,Declared,♂ Male,Bagmati Province,Ramechhap
Saroj B.K.,Independent,Sindhuli-2,22,Declared,♂ Male,Bagmati Province,Sindhuli
Pradipa Vikrama Sah,आम जनता पार्टी(एकल चुनाव चिन्ह),Dhanusha-3,22,Declared,♂ Male,Madhesh Province,Dhanusha
Rama Kumara Mahato Koiri,Independent,Dhanusha-4,22,Declared,♂ Male,Madhesh Province,Dhanusha
Sunil Kumar Singh,Independent,Mahottari-1,22,Declared,♂ Male,Madhesh Province,Mahottari
Indresh Sahani Malah,Independent,Mahottari-2,22,Declared,♂ Male,Madhesh Province,Mahottari
Shri Rama Sinha Danuvar,Independent,Mahottari-2,22,Declared,♂ Male,Madhesh Province,Mahottari
Mohammada Phiroja Asari,Independent,Mahottari-3,22,Declared,♂ Male,Madhesh Province,Mahottari
Ajay Ojha,Independent,Sarlahi-4,22,Declared,♂ Male,Madhesh Province,Sarlahi
Kemsh Singh,आम जनता पार्टी(एकल चुनाव चिन्ह),Kathmandu-4,22,Declared,♂ Male,Bagmati Province,Kathmandu
Vikrama Pande Kshetri,Jai Matribhumi Party,Kathmandu-10,22,Declared,♂ Male,Bagmati Province,Kathmandu
Padama Bahadura Tamang,Independent,Sindhupalchok-1,22,Declared,♂ Male,Bagmati Province,Sindhupalchok
Baidyanatha Prasada Chaudhari,Nepal Workers and Peasants Party,Rautahat-1,22,Declared,♂ Male,Madhesh Province,Rautahat
Sanjaya Kumara Yadav,Nepali Janata Dal,Rautahat-1,22,Declared,♂ Male,Madhesh Province,Rautahat
Shiva Chandra Shah,Independent,Rautahat-3,22,Declared,♂ Male,Madhesh Province,Rautahat
Kirana Kumara Kaphale,Independent,Rautahat-4,22,Declared,♂ Male,Madhesh Province,Rautahat
Tika Bahadur Gurung,Independent,Parsa-4,22,Declared,♂ Male,Madhesh Province,Parsa
Kaman Singh Chaudhary,Janata Samajwadi Party Nepal,Chitwan-2,22,Declared,♂ Male,Bagmati Province,Chitwan
Ram Kaji Charmakar,Janata Samajwadi Party Nepal,Kaski-1,22,Declared,♂ Male,Gandaki Province,Kaski
Ravi Shah,Independent,Arghakhanchi-1,22,Declared,♂ Male,Lumbini Province,Arghakhanchi
Roshina Byanju,Nepal Workers and Peasants Party,Rupandehi-2,22,Declared,♀ Female,Lumbini Province,Rupandehi
Jay Narayan Kafle,Independent,Rupandehi-5,22,Declared,♂ Male,Lumbini Province,Rupandehi
Shiva Bahadur Darji,आम जनता पार्टी(एकल चुनाव चिन्ह),Kapilvastu-1,22,Declared,♂ Male,Lumbini Province,Kapilvastu
Chhema Bahadura Vi.k,Rastriya Janamorcha,Myagdi-1,22,Declared,♂ Male,Gandaki Province,Myagdi
Aiten Kumar Malla,Progressive Democratic Party,Mugu-1,22,Declared,♂ Male,Karnali Province,Mugu
Satya Narayan Bhattarai,Independent,Kailali-1,22,Declared,♂ Male,Sudurpashchim Province,Kailali
Koshila Devi Paswan,Independent,Saptari-3,21,Declared,♀ Female,Madhesh Province,Saptari
Pankaj Goshswami,Independent,Siraha-1,21,Declared,♂ Male,Madhesh Province,Siraha
Jaya Krishna Sah,Independent,Dhanusha-1,21,Declared,♂ Male,Madhesh Province,Dhanusha
Arabinda Kumara Pasavan,Independent,Dhanusha-3,21,Declared,♂ Male,Madhesh Province,Dhanusha
Arun Kumar Mahatto Sudi,Independent,Sarlahi-1,21,Declared,♂ Male,Madhesh Province,Sarlahi
Ram Narayan Raya,Independent,Sarlahi-2,21,Declared,♂ Male,Madhesh Province,Sarlahi
Raj Kumar Giri,Independent,Kathmandu-10,21,Declared,♂ Male,Bagmati Province,Kathmandu
Bal Krishna Khaitu,Independent,Bhaktapur-1,21,Declared,♂ Male,Bagmati Province,Bhaktapur
Anju Karanjit (Thapa),Independent,Lalitpur-3,21,Declared,♀ Female,Bagmati Province,Lalitpur
Sita Rama Mainali,Independent,Kavrepalanchok-2,21,Declared,♂ Male,Bagmati Province,Kavrepalanchok
Pratiksha Baniya,Independent,Makwanpur-2,21,Declared,♀ Female,Bagmati Province,Makwanpur
Saroja Kumara Kushavaha,Independent,Rautahat-1,21,Declared,♂ Male,Madhesh Province,Rautahat
Birendra Prasad,Jai Matribhumi Party,Parsa-2,21,Declared,♂ Male,Madhesh Province,Parsa
Min Bahadur Darji,Nepal Janmukti Party,Kaski-1,21,Declared,♂ Male,Gandaki Province,Kaski
Maiya Laxmi Tyat,Nepal Workers and Peasants Party,Gulmi-1,21,Declared,♀ Female,Lumbini Province,Gulmi
Himal Bhusal,Independent,Arghakhanchi-1,21,Declared,♂ Male,Lumbini Province,Arghakhanchi
Prema Bahadura Vi.k,आम जनता पार्टी(एकल चुनाव चिन्ह),Kapilvastu-2,21,Declared,♂ Male,Lumbini Province,Kapilvastu
Vijay Nand Chauve,Independent,Kapilvastu-2,21,Declared,♂ Male,Lumbini Province,Kapilvastu
Jun Bahadur Thapa Magar,Mongol National Organisation,Baglung-2,21,Declared,♂ Male,Gandaki Province,Baglung
Ranjit Chaudhary,Rastriya Parivartan Party,Dang-1,21,Declared,♂ Male,Lumbini Province,Dang
Naveen Kumar Shahi,Nepal Workers and Peasants Party,Dang-2,21,Declared,♂ Male,Lumbini Province,Dang
Bikash Budha,Progressive Democratic Party,Dolpa-1,21,Declared,♂ Male,Karnali Province,Dolpa
Prakash Budha Magar,Miteri Party Nepal,Surkhet-1,21,Declared,♂ Male,Karnali Province,Surkhet
Ishvari Visht,Independent,Kailali-5,21,Declared,♂ Male,Sudurpashchim Province,Kailali
Vira Sinha Kshetri,Independent,Kanchanpur-3,21,Declared,♂ Male,Sudurpashchim Province,Kanchanpur
Chandra Kumari Garu,Nepal Workers and Peasants Party,Jhapa-2,20,Declared,♀ Female,Koshi Province,Jhapa
Devendra  Paudel,Independent,Sunsari-2,20,Declared,♂ Male,Koshi Province,Sunsari
Rijwana Khatun,Independent,Saptari-1,20,Declared,♀ Female,Madhesh Province,Saptari
Parasmani Yadav,Independent,Saptari-2,20,Declared,♂ Male,Madhesh Province,Saptari
Ram Narayan Sah,Nepal Workers and Peasants Party,Saptari-4,20,Declared,♂ Male,Madhesh Province,Saptari
Umesh Kumar Baral,Independent,Siraha-3,20,Declared,♂ Male,Madhesh Province,Siraha
Sandesha Koirala,Independent,Dolakha-1,20,Declared,♂ Male,Bagmati Province,Dolakha
Nar Hari Paudel,Independent,Sindhuli-2,20,Declared,♂ Male,Bagmati Province,Sindhuli
Sam‍pata Mahato Koiri,आम जनता पार्टी(एकल चुनाव चिन्ह),Dhanusha-4,20,Declared,♂ Male,Madhesh Province,Dhanusha
Pramoda Kumara Yadav,Independent,Dhanusha-4,20,Declared,♂ Male,Madhesh Province,Dhanusha
Mukesh Raya,Independent,Mahottari-3,20,Declared,♂ Male,Madhesh Province,Mahottari
Rama Vinoda Yadav,Independent,Mahottari-4,20,Declared,♂ Male,Madhesh Province,Mahottari
Dipesh Kumar Yadav,Independent,Sarlahi-2,20,Declared,♂ Male,Madhesh Province,Sarlahi
Madhav Thapa,Independent,Nuwakot-1,20,Declared,♂ Male,Bagmati Province,Nuwakot
Dhanraj Shahi,CPN (Maoist),Kathmandu-1,20,Declared,♂ Male,Bagmati Province,Kathmandu
Raj Kumar Shrestha,Independent,Kathmandu-2,20,Declared,♂ Male,Bagmati Province,Kathmandu
Kul Bahadur Lama,Mongol National Organisation,Kathmandu-3,20,Declared,♂ Male,Bagmati Province,Kathmandu
Chhabi Bahadur Khanal,Rastriya Janamorcha,Kathmandu-4,20,Declared,♂ Male,Bagmati Province,Kathmandu
Jagat Prashad Regmi,Rastriya Janamorcha,Kathmandu-6,20,Declared,♂ Male,Bagmati Province,Kathmandu
Rajesh Bade,Nepali Party for Nepal,Bhaktapur-2,20,Declared,♂ Male,Bagmati Province,Bhaktapur
Krishna Maharjan,Mongol National Organisation,Lalitpur-2,20,Declared,♂ Male,Bagmati Province,Lalitpur
Dil Kumar Maharjan,Mongol National Organisation,Lalitpur-3,20,Declared,♂ Male,Bagmati Province,Lalitpur
Rajana Sunchuri,Miteri Party Nepal,Sindhupalchok-1,20,Declared,♂ Male,Bagmati Province,Sindhupalchok
Chhavilala Mahato,Independent,Rautahat-3,20,Declared,♂ Male,Madhesh Province,Rautahat
Gautama Kumara Sah,Independent,Rautahat-4,20,Declared,♂ Male,Madhesh Province,Rautahat
Samasuna Khatun,Independent,Rautahat-4,20,Declared,♀ Female,Madhesh Province,Rautahat
Hari Prasad Regmi,Independent,Chitwan-1,20,Declared,♂ Male,Bagmati Province,Chitwan
Min Bahadur Thapa,Nepal Janmukti Party,Kaski-3,20,Declared,♂ Male,Gandaki Province,Kaski
Sikha Reshmi,आम जनता पार्टी(एकल चुनाव चिन्ह),Gulmi-1,20,Declared,♀ Female,Lumbini Province,Gulmi
Lila Singh Rana,Independent,Rupandehi-2,20,Declared,♂ Male,Lumbini Province,Rupandehi
Prakash Bhusal,Independent,Kapilvastu-1,20,Declared,♂ Male,Lumbini Province,Kapilvastu
Trishan Pun Magar,Nepal Workers and Peasants Party,Kailali-5,20,Declared,♀ Female,Sudurpashchim Province,Kailali
Manju Devi Sunar,Independent,Kanchanpur-1,20,Declared,♀ Female,Sudurpashchim Province,Kanchanpur
Ranjana Suwal,Nepal Workers and Peasants Party,Parasi-2,20,Declared,♀ Female,Lumbini Province,Parasi
Bipul Guragain,Independent,Jhapa-5,19,Declared,♂ Male,Koshi Province,Jhapa
Aashish Mahato,Independent,Siraha-1,19,Declared,♂ Male,Madhesh Province,Siraha
Arjun Kumar Yadav,Independent,Siraha-3,19,Declared,♂ Male,Madhesh Province,Siraha
Ashish Kumar Mandal,Independent,Siraha-3,19,Declared,♂ Male,Madhesh Province,Siraha
Jagaranatha Mandal,Independent,Dhanusha-1,19,Declared,♂ Male,Madhesh Province,Dhanusha
Sudipa Kumara Yadav,Independent,Dhanusha-1,19,Declared,♂ Male,Madhesh Province,Dhanusha
Domi Mahara Chamar,Independent,Dhanusha-2,19,Declared,♂ Male,Madhesh Province,Dhanusha
Suraita Mandal,Independent,Dhanusha-3,19,Declared,♂ Male,Madhesh Province,Dhanusha
Janga Bahadura Yadav,Independent,Dhanusha-4,19,Declared,♂ Male,Madhesh Province,Dhanusha
Jay Kishor Sah,Independent,Mahottari-2,19,Declared,♂ Male,Madhesh Province,Mahottari
Raj Kishor Sah Mehattari Sudi,Independent,Mahottari-3,19,Declared,♂ Male,Madhesh Province,Mahottari
Nrendra Prasad Singh,Independent,Sarlahi-4,19,Declared,♂ Male,Madhesh Province,Sarlahi
Giri Raj Aryal,Progressive Democratic Party,Kathmandu-6,19,Declared,♂ Male,Bagmati Province,Kathmandu
Salam Singh Lama,CPN (Maoist),Kathmandu-8,19,Declared,♂ Male,Bagmati Province,Kathmandu
Dipaka Raja Pande,Independent,Kathmandu-10,19,Declared,♂ Male,Bagmati Province,Kathmandu
Rupak Lama,Independent,Makwanpur-1,19,Declared,♂ Male,Bagmati Province,Makwanpur
Geeta Devi Baniya,Independent,Parsa-4,19,Declared,♀ Female,Madhesh Province,Parsa
Manu Kumari Shrestha,Nepal Workers and Peasants Party,Gorkha-1,19,Declared,♀ Female,Gandaki Province,Gorkha
Jnyana Raja Gurungg,National Republic Nepal,Kaski-2,19,Declared,♂ Male,Gandaki Province,Kaski
Ram Chandra Acharya,Independent,Kaski-2,19,Declared,♂ Male,Gandaki Province,Kaski
Kumari Harikala Shrees Magar,Independent,Gulmi-2,19,Declared,♀ Female,Lumbini Province,Gulmi
Mohammad Arif Musalman Khan,Independent,Rupandehi-4,19,Declared,♂ Male,Lumbini Province,Rupandehi
Gagan Thagunna,Federal Democratic National Forum,Darchula-1,19,Declared,♂ Male,Sudurpashchim Province,Darchula
Siddhraj Joshi,Independent,Kanchanpur-2,19,Declared,♂ Male,Sudurpashchim Province,Kanchanpur
Uma Shankara Kharavind,Independent,Parasi-2,19,Declared,♂ Male,Lumbini Province,Parasi
Naresh Kumar Sah,Independent,Morang-2,18,Declared,♂ Male,Koshi Province,Morang
Majebul Rahaman,Janata Samajwadi Party Nepal,Morang-3,18,Declared,♂ Male,Koshi Province,Morang
Anjana Devi Gupta,Independent,Sunsari-2,18,Declared,♀ Female,Koshi Province,Sunsari
Narayan Kaji Tamang,Independent,Okhaldhunga-1,18,Declared,♂ Male,Koshi Province,Okhaldhunga
Hari Narayan Pasman,Independent,Saptari-3,18,Declared,♂ Male,Madhesh Province,Saptari
Anil Sah,Independent,Siraha-4,18,Declared,♂ Male,Madhesh Province,Siraha
Badri Narayana Thakura Sonar,Aitihasik Janata Party,Dhanusha-1,18,Declared,♂ Male,Madhesh Province,Dhanusha
Rajiva Kumara Jha,जनता समाजवादी पार्टी(एकल चुनाव चिन्ह),Dhanusha-3,18,Declared,♂ Male,Madhesh Province,Dhanusha
Niru Kumari,Independent,Mahottari-1,18,Declared,♀ Female,Madhesh Province,Mahottari
Raji Mandal,Nepal Workers and Peasants Party,Mahottari-2,18,Declared,♂ Male,Madhesh Province,Mahottari
Krishna Kumar Shah,Independent,Sarlahi-3,18,Declared,♂ Male,Madhesh Province,Sarlahi
Norman Tamang,Janata Samajwadi Party Nepal,Dhading-2,18,Declared,♂ Male,Bagmati Province,Dhading
Upendra Karki,CPN (Unified),Kathmandu-2,18,Declared,♂ Male,Bagmati Province,Kathmandu
Shyam Kumar Bhattaaarai Khatri,Nepali Party for Nepal,Kathmandu-4,18,Declared,♂ Male,Bagmati Province,Kathmandu
Dipendra Kumar Kafle,Independent,Kathmandu-4,18,Declared,♂ Male,Bagmati Province,Kathmandu
Rom Lal Giri,Jai Matribhumi Party,Kathmandu-6,18,Declared,♂ Male,Bagmati Province,Kathmandu
Ram Rumba,Mongol National Organisation,Kathmandu-10,18,Declared,♂ Male,Bagmati Province,Kathmandu
Bal Krishna Thapa,Independent,Bhaktapur-2,18,Declared,♂ Male,Bagmati Province,Bhaktapur
Mo. Imrana Asalam,Independent,Rautahat-2,18,Declared,♂ Male,Madhesh Province,Rautahat
Bhola Pandey,Independent,Rautahat-3,18,Declared,♂ Male,Madhesh Province,Rautahat
Dinesha Prasada Sah,Nepal Workers and Peasants Party,Rautahat-4,18,Declared,♂ Male,Madhesh Province,Rautahat
Muni Khatun,प्रजातान्त्रिक पार्टी नेपाल,Bara-4,18,Declared,♀ Female,Madhesh Province,Bara
Durga Datt Aryal,CPN (Unified),Chitwan-1,18,Declared,♂ Male,Bagmati Province,Chitwan
Hari Maya Mahato,जनता समाजवादी पार्टी(एकल चुनाव चिन्ह),Chitwan-3,18,Declared,♀ Female,Bagmati Province,Chitwan
Lekhnath Khanal,Independent,Tanahun-1,18,Declared,♂ Male,Gandaki Province,Tanahun
Jagdish Yadav,Independent,Rupandehi-5,18,Declared,♂ Male,Lumbini Province,Rupandehi
Dev Singh Bista,आम जनता पार्टी(एकल चुनाव चिन्ह),Kailali-5,18,Declared,♂ Male,Sudurpashchim Province,Kailali
Ramesh Kumar Rawal,Nepal Workers and Peasants Party,Darchula-1,18,Declared,♂ Male,Sudurpashchim Province,Darchula
Jay Prakash Panta,Independent,Baitadi-1,18,Declared,♂ Male,Sudurpashchim Province,Baitadi
Teja Bahadura Vadaval,Miteri Party Nepal,Kanchanpur-2,18,Declared,♂ Male,Sudurpashchim Province,Kanchanpur
Khandru Karuwa,Nepal Janmukti Party,Jhapa-1,17,Declared,♂ Male,Koshi Province,Jhapa
Tanka Prasada Bhattaraee,नेपाल कम्युनिष्ट पार्टी मार्क्सवादी (पुष्पलाल),Tehrathum-1,17,Declared,♂ Male,Koshi Province,Tehrathum
Pashupati Ghimire,Independent,Morang-1,17,Declared,♂ Male,Koshi Province,Morang
Binod Kumar Karki,Independent,Morang-4,17,Declared,♂ Male,Koshi Province,Morang
Sakuntala Shrestha,Mongol National Organisation,Morang-5,17,Declared,♀ Female,Koshi Province,Morang
Raksha Kumar Rai,Miteri Party Nepal,Sunsari-1,17,Declared,♂ Male,Koshi Province,Sunsari
Shesh Prasad Regmi,Independent,Sunsari-1,17,Declared,♂ Male,Koshi Province,Sunsari
Prakriti Basi,Nepal Workers and Peasants Party,Sunsari-3,17,Declared,♀ Female,Koshi Province,Sunsari
Kaushal Kumari Chaudhary,Independent,Saptari-3,17,Declared,♀ Female,Madhesh Province,Saptari
Ramesh Kumar Sah,Independent,Siraha-4,17,Declared,♂ Male,Madhesh Province,Siraha
Visesh‍vara Yadav,Independent,Siraha-4,17,Declared,♂ Male,Madhesh Province,Siraha
Santosh Mahato,Independent,Siraha-4,17,Declared,♂ Male,Madhesh Province,Siraha
Bhola Yadav,Independent,Dhanusha-2,17,Declared,♂ Male,Madhesh Province,Dhanusha
Ramasagara Yadab,Independent,Dhanusha-2,17,Declared,♂ Male,Madhesh Province,Dhanusha
Anila Kumara Chaudhari,Independent,Dhanusha-4,17,Declared,♂ Male,Madhesh Province,Dhanusha
Raj Narayan Yadav,Independent,Mahottari-4,17,Declared,♂ Male,Madhesh Province,Mahottari
Nagendra Chaudhary,Independent,Sarlahi-2,17,Declared,♂ Male,Madhesh Province,Sarlahi
Birendra Thakur Lohar,Independent,Sarlahi-2,17,Declared,♂ Male,Madhesh Province,Sarlahi
Mukesh Kumar Raya,Independent,Sarlahi-3,17,Declared,♂ Male,Madhesh Province,Sarlahi
Nilesh Kumar Yadav,Independent,Sarlahi-4,17,Declared,♂ Male,Madhesh Province,Sarlahi
Chandra Devi Basukala (Lasiwa),Nepal Workers and Peasants Party,Dhading-1,17,Declared,♀ Female,Bagmati Province,Dhading
Keshab Prasad Rupakheti,Independent,Dhading-1,17,Declared,♂ Male,Bagmati Province,Dhading
Damodar Rijal,Independent,Dhading-2,17,Declared,♂ Male,Bagmati Province,Dhading
Trilok Bahadur Chanda,Independent,Kathmandu-2,17,Declared,♂ Male,Bagmati Province,Kathmandu
Ambika Kumari Karki,Independent,Kathmandu-6,17,Declared,♀ Female,Bagmati Province,Kathmandu
Sumitra Shrestha,Independent,Kathmandu-9,17,Declared,♀ Female,Bagmati Province,Kathmandu
Deepak Kumar Pokharel,Nepali Party for Nepal,Bhaktapur-1,17,Declared,♂ Male,Bagmati Province,Bhaktapur
Archana Bhattarai,Independent,Bhaktapur-2,17,Declared,♀ Female,Bagmati Province,Bhaktapur
Saroj Kumar Bista,Independent,Lalitpur-1,17,Declared,♂ Male,Bagmati Province,Lalitpur
Sanu Tamang,Independent,Sindhupalchok-1,17,Declared,♂ Male,Bagmati Province,Sindhupalchok
Mhendo Tamang,Nepal Workers and Peasants Party,Sindhupalchok-2,17,Declared,♀ Female,Bagmati Province,Sindhupalchok
Sanjiva Kumara Yadav,Independent,Rautahat-1,17,Declared,♂ Male,Madhesh Province,Rautahat
Dava Sin Rumba,Federal Democratic National Forum,Rautahat-4,17,Declared,♂ Male,Madhesh Province,Rautahat
Jahana Khatun,Independent,Rautahat-4,17,Declared,♀ Female,Madhesh Province,Rautahat
Umesh Prasad Sah Teli,Independent,Parsa-2,17,Declared,♂ Male,Madhesh Province,Parsa
Madhu Maya Adhikari,Independent,Chitwan-3,17,Declared,♀ Female,Bagmati Province,Chitwan
Gyan Prasad Bhurtel,Independent,Rupandehi-3,17,Declared,♂ Male,Lumbini Province,Rupandehi
Sudarsan Ahir,Rastriya Janamukti Party,Rupandehi-4,17,Declared,♂ Male,Lumbini Province,Rupandehi
Rup Kumar Chanda,Miteri Party Nepal,Banke-3,17,Declared,♂ Male,Lumbini Province,Banke
Bharata Loniya,Independent,Parasi-1,17,Declared,♂ Male,Lumbini Province,Parasi
Hari Narayana Harijan,Independent,Parasi-2,17,Declared,♂ Male,Lumbini Province,Parasi
Chet Bahadur Rai,Independent,Sunsari-1,16,Declared,♂ Male,Koshi Province,Sunsari
Dev Narayan Mahto,Independent,Sunsari-4,16,Declared,♂ Male,Koshi Province,Sunsari
Sharmanand Khatiwada,Independent,Sunsari-4,16,Declared,♂ Male,Koshi Province,Sunsari
Sanjay Kumar Sharma,Independent,Saptari-1,16,Declared,♂ Male,Madhesh Province,Saptari
Ram Kumar Mahato,Independent,Siraha-1,16,Declared,♂ Male,Madhesh Province,Siraha
Rajesh‍vara Sah,Independent,Siraha-2,16,Declared,♂ Male,Madhesh Province,Siraha
Indila Kumari Yadav,Independent,Siraha-3,16,Declared,♀ Female,Madhesh Province,Siraha
Shobit Kumar Yadav,Independent,Siraha-3,16,Declared,♂ Male,Madhesh Province,Siraha
Nathuniya Sada,Independent,Siraha-4,16,Declared,♂ Male,Madhesh Province,Siraha
Ajaya Kumara Das,Independent,Dhanusha-2,16,Declared,♂ Male,Madhesh Province,Dhanusha
Dipesha Kumara Yadav,Independent,Dhanusha-4,16,Declared,♂ Male,Madhesh Province,Dhanusha
Krishna Shwori Manandhar (Duwal),Nepal Workers and Peasants Party,Mahottari-1,16,Declared,♀ Female,Madhesh Province,Mahottari
Raj Guru Yadav,Independent,Mahottari-2,16,Declared,♂ Male,Madhesh Province,Mahottari
Vike Aajada Das,Independent,Mahottari-2,16,Declared,♂ Male,Madhesh Province,Mahottari
Vavi Kumari,Independent,Mahottari-3,16,Declared,♀ Female,Madhesh Province,Mahottari
Jay Shankar Singh Kushwaha,Independent,Sarlahi-4,16,Declared,♂ Male,Madhesh Province,Sarlahi
Mahesh Mandal Dhanuk,Independent,Sarlahi-4,16,Declared,♂ Male,Madhesh Province,Sarlahi
Datta Budha,Progressive Democratic Party,Kathmandu-4,16,Declared,♂ Male,Bagmati Province,Kathmandu
Sita Tamang,Mongol National Organisation,Kathmandu-4,16,Declared,♀ Female,Bagmati Province,Kathmandu
Yuvaraja Kaphle,नेपाल कम्युनिष्ट पार्टी (माक्र्सवादी)(एकल चुनाव चिन्ह),Kathmandu-5,16,Declared,♂ Male,Bagmati Province,Kathmandu
Mahabir Syangtan Tamang,Janata Samajwadi Party Nepal,Lalitpur-1,16,Declared,♂ Male,Bagmati Province,Lalitpur
Rekha Kumari Patel,Nepal Workers and Peasants Party,Rautahat-3,16,Declared,♀ Female,Madhesh Province,Rautahat
Rajesha Sah,Independent,Rautahat-3,16,Declared,♂ Male,Madhesh Province,Rautahat
Bidura Kharel,Independent,Bara-1,16,Declared,♂ Male,Madhesh Province,Bara
Rabina Devi Chaudhari,Independent,Bara-1,16,Declared,♀ Female,Madhesh Province,Bara
Asarara Aalama Thakuraee,Independent,Bara-4,16,Declared,♂ Male,Madhesh Province,Bara
Rabindra Kumar Chaudhary,Independent,Parsa-2,16,Declared,♂ Male,Madhesh Province,Parsa
Saroj Kumar Sah,Nepal Workers and Peasants Party,Parsa-3,16,Declared,♂ Male,Madhesh Province,Parsa
Indradev Prasad Mahato,Independent,Parsa-4,16,Declared,♂ Male,Madhesh Province,Parsa
Ajay Thakur Hajam,Janata Samajwadi Party Nepal,Chitwan-1,16,Declared,♂ Male,Bagmati Province,Chitwan
Devi Kumari Magar,आम जनता पार्टी(एकल चुनाव चिन्ह),Chitwan-2,16,Declared,♀ Female,Bagmati Province,Chitwan
Dhan Bahadur Thapa,Jai Matribhumi Party,Syangja-2,16,Declared,♂ Male,Gandaki Province,Syangja
Dilli Raj Kafle,Independent,Palpa-1,16,Declared,♂ Male,Lumbini Province,Palpa
Vinay Kumar Chaudhary,Independent,Rupandehi-4,16,Declared,♂ Male,Lumbini Province,Rupandehi
Dharmendra Pasi,Independent,Kapilvastu-1,16,Declared,♂ Male,Lumbini Province,Kapilvastu
Menaka Shrestha,आम जनता पार्टी(एकल चुनाव चिन्ह),Dailekh-1,16,Declared,♀ Female,Karnali Province,Dailekh
Manoj Kumar Chaudhary,Independent,Banke-2,16,Declared,♂ Male,Lumbini Province,Banke
Surya Prasad Regmi,Independent,Banke-3,16,Declared,♂ Male,Lumbini Province,Banke
Dipaka Raval,Independent,Kailali-2,16,Declared,♂ Male,Sudurpashchim Province,Kailali
Aliyasa Miya,Independent,Parasi-1,16,Declared,♂ Male,Lumbini Province,Parasi
Arjun Sapkota,Independent,Jhapa-5,15,Declared,♂ Male,Koshi Province,Jhapa
Krishna Kumar Yadav,Independent,Siraha-3,15,Declared,♂ Male,Madhesh Province,Siraha
Hari Bola Basnet,Independent,Dolakha-1,15,Declared,♂ Male,Bagmati Province,Dolakha
Ajay Kumar Yadav,Independent,Mahottari-4,15,Declared,♂ Male,Madhesh Province,Mahottari
Ganesh Thakur Lohar,Independent,Mahottari-4,15,Declared,♂ Male,Madhesh Province,Mahottari
Kanchan Chaudhary,Independent,Sarlahi-2,15,Declared,♀ Female,Madhesh Province,Sarlahi
Ram Adhin Raya,Independent,Sarlahi-2,15,Declared,♂ Male,Madhesh Province,Sarlahi
Bikau Raya,Independent,Sarlahi-2,15,Declared,♂ Male,Madhesh Province,Sarlahi
Tajavija Bhandari,Independent,Sarlahi-3,15,Declared,♂ Male,Madhesh Province,Sarlahi
Shulpani Jha,Independent,Sarlahi-4,15,Declared,♂ Male,Madhesh Province,Sarlahi
Nanda Prasad Kapri,आम जनता पार्टी(एकल चुनाव चिन्ह),Dhading-2,15,Declared,♂ Male,Bagmati Province,Dhading
Indra Prasad Shrestha,जनता समाजवादी पार्टी(एकल चुनाव चिन्ह),Kathmandu-1,15,Declared,♂ Male,Bagmati Province,Kathmandu
Kumar Shahi,Independent,Kathmandu-1,15,Declared,♂ Male,Bagmati Province,Kathmandu
Shrikrish‍na Varal,Independent,Kathmandu-3,15,Declared,♂ Male,Bagmati Province,Kathmandu
Danindra Joshi,Janata Samajwadi Party Nepal,Kathmandu-5,15,Declared,♂ Male,Bagmati Province,Kathmandu
Pemba Ghale,Mongol National Organisation,Bhaktapur-2,15,Declared,♂ Male,Bagmati Province,Bhaktapur
Yagya Prasad Pant,CPN (Unified),Lalitpur-3,15,Declared,♂ Male,Bagmati Province,Lalitpur
Sukamana Tamad,National Republic Nepal,Kavrepalanchok-2,15,Declared,♂ Male,Bagmati Province,Kavrepalanchok
Chhavilala Vaeeva,जनता समाजवादी पार्टी(एकल चुनाव चिन्ह),Makwanpur-2,15,Declared,♂ Male,Bagmati Province,Makwanpur
Ramakrita Sah,Independent,Rautahat-1,15,Declared,♂ Male,Madhesh Province,Rautahat
Shekha Rahila Ahamad,Independent,Rautahat-2,15,Declared,♂ Male,Madhesh Province,Rautahat
Radha Devi Mahara,Mongol National Organisation,Bara-2,15,Declared,♀ Female,Madhesh Province,Bara
Surendra Prasada Yadav,Independent,Bara-2,15,Declared,♂ Male,Madhesh Province,Bara
Rakesha Kumara Saha Kanu,Independent,Bara-3,15,Declared,♂ Male,Madhesh Province,Bara
Rajadeva Rama Dusad,Independent,Bara-4,15,Declared,♂ Male,Madhesh Province,Bara
Sakiba Aalama Mansuri,Independent,Bara-4,15,Declared,♂ Male,Madhesh Province,Bara
Pramod Prasad Patel,Nepal Workers and Peasants Party,Parsa-1,15,Declared,♂ Male,Madhesh Province,Parsa
Ram Prasad Paudel,Independent,Kapilvastu-2,15,Declared,♂ Male,Lumbini Province,Kapilvastu
Bal Kisun Murau (Maurya),Independent,Kapilvastu-3,15,Declared,♂ Male,Lumbini Province,Kapilvastu
Dhana Bahadura Vi.ka.,Nepal Workers and Peasants Party,Rukum West-1,15,Declared,♂ Male,Karnali Province,Rukum West
Gita Maiya Bajiko,Nepal Workers and Peasants Party,Sunsari-2,14,Declared,♀ Female,Koshi Province,Sunsari
Raj Kumar Khatri,Independent,Sunsari-2,14,Declared,♂ Male,Koshi Province,Sunsari
Mahendra Sunchauri,Independent,Sunsari-4,14,Declared,♂ Male,Koshi Province,Sunsari
Shiva Kumar Kamait,Independent,Siraha-2,14,Declared,♂ Male,Madhesh Province,Siraha
Rajdev Yadav,Independent,Siraha-4,14,Declared,♂ Male,Madhesh Province,Siraha
Suresa Upreti,Independent,Dolakha-1,14,Declared,♂ Male,Bagmati Province,Dolakha
Rajendra Kumara Yadav,Independent,Dhanusha-4,14,Declared,♂ Male,Madhesh Province,Dhanusha
Rajakishora Mahara,Independent,Dhanusha-4,14,Declared,♂ Male,Madhesh Province,Dhanusha
Paramesh‍vara Pasavana Dusadh,Independent,Mahottari-1,14,Declared,♂ Male,Madhesh Province,Mahottari
Kamal Gurung,Mongol National Organisation,Mahottari-2,14,Declared,♂ Male,Madhesh Province,Mahottari
Satish Kumar Sharma,Independent,Mahottari-3,14,Declared,♂ Male,Madhesh Province,Mahottari
In‍dra Jita Das,Independent,Mahottari-4,14,Declared,♂ Male,Madhesh Province,Mahottari
Gambhir Hari Adhikari,Independent,Sarlahi-1,14,Declared,♂ Male,Madhesh Province,Sarlahi
Manoj Kumar Yadav,Independent,Sarlahi-2,14,Declared,♂ Male,Madhesh Province,Sarlahi
Sagar Lama,Independent,Rasuwa-1,14,Declared,♂ Male,Bagmati Province,Rasuwa
Nakalle Magar,National Republic Nepal,Dhading-2,14,Declared,♂ Male,Bagmati Province,Dhading
Chepe Tamang,Independent,Nuwakot-1,14,Declared,♀ Female,Bagmati Province,Nuwakot
Tilak Bahadur Magar,आम जनता पार्टी(एकल चुनाव चिन्ह),Kathmandu-2,14,Declared,♂ Male,Bagmati Province,Kathmandu
Lakjhindra Kumar Sah,आम जनता पार्टी(एकल चुनाव चिन्ह),Lalitpur-2,14,Declared,♂ Male,Bagmati Province,Lalitpur
Surya Tamang Bal,National Republic Nepal,Makwanpur-2,14,Declared,♂ Male,Bagmati Province,Makwanpur
Upendra Pandita Kumhar,Independent,Rautahat-3,14,Declared,♂ Male,Madhesh Province,Rautahat
Harindra Raya Yadav,Independent,Rautahat-3,14,Declared,♂ Male,Madhesh Province,Rautahat
Pavana Kumara Chaudhari,Independent,Rautahat-4,14,Declared,♂ Male,Madhesh Province,Rautahat
Hamida Mansuri,Progressive Democratic Party,Bara-1,14,Declared,♂ Male,Madhesh Province,Bara
Pradip Kumar Sah,Independent,Parsa-3,14,Declared,♂ Male,Madhesh Province,Parsa
Rajkishor Prasad Chauhan,Independent,Parsa-3,14,Declared,♂ Male,Madhesh Province,Parsa
Hari Pokharel,Independent,Gorkha-2,14,Declared,♂ Male,Gandaki Province,Gorkha
Pema Bahadura Sinjali,Independent,Nawalpur-2,14,Declared,♂ Male,Gandaki Province,Nawalpur
Raju Paudel,Nepali Janata Dal,Rupandehi-2,14,Declared,♂ Male,Lumbini Province,Rupandehi
Anjana Chaudhary Thapa,Independent,Rupandehi-3,14,Declared,♀ Female,Lumbini Province,Rupandehi
Indra Bahadur Nepali,Mongol National Organisation,Rupandehi-5,14,Declared,♂ Male,Lumbini Province,Rupandehi
Tomanath Kurmi,Independent,Kapilvastu-2,14,Declared,♂ Male,Lumbini Province,Kapilvastu
Saprik Kandel,Independent,Dang-3,14,Declared,♂ Male,Lumbini Province,Dang
Bhakt Bahadur Rawal,Independent,Jumla-1,14,Declared,♂ Male,Karnali Province,Jumla
Khagendra Bahadur Rawat,आम जनता पार्टी(एकल चुनाव चिन्ह),Kailali-2,14,Declared,♂ Male,Sudurpashchim Province,Kailali
Vish‍nu Prasada Dhakal,Independent,Parasi-2,14,Declared,♂ Male,Lumbini Province,Parasi
Mamata Yadav,Independent,Morang-5,13,Declared,♀ Female,Koshi Province,Morang
Jalal Miyan,Independent,Sunsari-4,13,Declared,♂ Male,Koshi Province,Sunsari
Umda Devi Sada,Independent,Saptari-1,13,Declared,♀ Female,Madhesh Province,Saptari
Ram Bilas Thakur,Independent,Saptari-2,13,Declared,♂ Male,Madhesh Province,Saptari
Bindu Kumari Chaudhary,Independent,Saptari-2,13,Declared,♀ Female,Madhesh Province,Saptari
Shyamsundar Sahu,Independent,Saptari-4,13,Declared,♂ Male,Madhesh Province,Saptari
Jay Prakash Mahato,Independent,Siraha-2,13,Declared,♂ Male,Madhesh Province,Siraha
Rabindra Kumar Yadav,Independent,Siraha-2,13,Declared,♂ Male,Madhesh Province,Siraha
Dinesh Yadav,Independent,Siraha-3,13,Declared,♂ Male,Madhesh Province,Siraha
Umesh Kumar Ram,Independent,Siraha-4,13,Declared,♂ Male,Madhesh Province,Siraha
Sarmila Phuyala Chaulagaee,Independent,Dolakha-1,13,Declared,♀ Female,Bagmati Province,Dolakha
Chandesh‍vara Dasa Tatma,Independent,Dhanusha-1,13,Declared,♂ Male,Madhesh Province,Dhanusha
Rama Dulari Mahato,Independent,Dhanusha-1,13,Declared,♀ Female,Madhesh Province,Dhanusha
Sadhu Sharana Moravaita,Independent,Dhanusha-2,13,Declared,♂ Male,Madhesh Province,Dhanusha
Mahavira Yadav,जनता समाजवादी पार्टी(एकल चुनाव चिन्ह),Dhanusha-4,13,Declared,♂ Male,Madhesh Province,Dhanusha
Somindra Sarki,Independent,Mahottari-1,13,Declared,♂ Male,Madhesh Province,Mahottari
Kamleshowr Kumar Bhandari,Rastriya Janata Party Nepal,Mahottari-4,13,Declared,♂ Male,Madhesh Province,Mahottari
Dipendra Kumar Yadav,Independent,Mahottari-4,13,Declared,♂ Male,Madhesh Province,Mahottari
Ramina Khatun,Independent,Mahottari-4,13,Declared,♀ Female,Madhesh Province,Mahottari
Rama Koirala,Nepal Workers and Peasants Party,Sarlahi-3,13,Declared,♀ Female,Madhesh Province,Sarlahi
Ram Bahadur Mahato Koir,प्रजातान्त्रिक पार्टी नेपाल,Sarlahi-3,13,Declared,♂ Male,Madhesh Province,Sarlahi
Raman Mishra,Independent,Sarlahi-4,13,Declared,♂ Male,Madhesh Province,Sarlahi
Shivraj Sapkota,Independent,Dhading-2,13,Declared,♂ Male,Bagmati Province,Dhading
Babu Kaji Karki,CPN (Unified),Kathmandu-3,13,Declared,♂ Male,Bagmati Province,Kathmandu
Sajjan Acharya,Independent,Kathmandu-3,13,Declared,♂ Male,Bagmati Province,Kathmandu
Gun Bahadur Banjara Chhetri,CPN (Unified),Kathmandu-7,13,Declared,♂ Male,Bagmati Province,Kathmandu
Pradeep Bhattarai,आम जनता पार्टी(एकल चुनाव चिन्ह),Kathmandu-7,13,Declared,♂ Male,Bagmati Province,Kathmandu
Khagesh Ranjitkar,आम जनता पार्टी(एकल चुनाव चिन्ह),Kathmandu-8,13,Declared,♂ Male,Bagmati Province,Kathmandu
Vishnu Kumara Shresh‍th,Independent,Kavrepalanchok-2,13,Declared,♂ Male,Bagmati Province,Kavrepalanchok
Mo. Nasima Akhtar,Independent,Rautahat-2,13,Declared,♂ Male,Madhesh Province,Rautahat
Krishna Rama Chamar,Independent,Rautahat-3,13,Declared,♂ Male,Madhesh Province,Rautahat
Prema Kumari Thapa Khadaka,Independent,Bara-1,13,Declared,♀ Female,Madhesh Province,Bara
Savina Gole,Independent,Bara-3,13,Declared,♀ Female,Madhesh Province,Bara
Subas Mahato,जनता समाजवादी पार्टी(एकल चुनाव चिन्ह),Chitwan-2,13,Declared,♂ Male,Bagmati Province,Chitwan
Tirath Gurung,National Republic Nepal,Kaski-3,13,Declared,♀ Female,Gandaki Province,Kaski
Gita Kumari Lamichhane,Independent,Nawalpur-2,13,Declared,♀ Female,Gandaki Province,Nawalpur
Tola Bahadura Lungeli Magar,Independent,Nawalpur-2,13,Declared,♂ Male,Gandaki Province,Nawalpur
Keshav Aryal,Independent,Rupandehi-1,13,Declared,♂ Male,Lumbini Province,Rupandehi
Mohammad Murtaza Sah,Independent,Rupandehi-3,13,Declared,♂ Male,Lumbini Province,Rupandehi
Chandra Kumar Badhai,Independent,Kapilvastu-1,13,Declared,♂ Male,Lumbini Province,Kapilvastu
Buddhisagar Shukla,Independent,Kapilvastu-3,13,Declared,♂ Male,Lumbini Province,Kapilvastu
Sharves Pandey,Independent,Kapilvastu-3,13,Declared,♂ Male,Lumbini Province,Kapilvastu
Dilli Ram Limbu,Miteri Party Nepal,Morang-1,12,Declared,♂ Male,Koshi Province,Morang
Chet Narayan Chaudhary,Independent,Sunsari-3,12,Declared,♂ Male,Koshi Province,Sunsari
Chanchala Nhisutu,Nepal Workers and Peasants Party,Sunsari-4,12,Declared,♀ Female,Koshi Province,Sunsari
Parvati Mukhia,Independent,Sunsari-4,12,Declared,♀ Female,Koshi Province,Sunsari
Kisundev Ram,Independent,Saptari-2,12,Declared,♂ Male,Madhesh Province,Saptari
Aananda Kumar Yadav,Independent,Siraha-1,12,Declared,♂ Male,Madhesh Province,Siraha
Bijay Kumar Ram,Independent,Siraha-3,12,Declared,♂ Male,Madhesh Province,Siraha
Kameshvara Sinh,Independent,Siraha-4,12,Declared,♂ Male,Madhesh Province,Siraha
Prakasha Dahal,Independent,Dolakha-1,12,Declared,♂ Male,Bagmati Province,Dolakha
Sangita Shresh‍th,Independent,Dolakha-1,12,Declared,♀ Female,Bagmati Province,Dolakha
Rajan Acchami,Miteri Party Nepal,Sindhuli-2,12,Declared,♂ Male,Bagmati Province,Sindhuli
Kirana Kumari Kapar,Independent,Dhanusha-1,12,Declared,♀ Female,Madhesh Province,Dhanusha
Rama Prakasha Yadav,Independent,Dhanusha-2,12,Declared,♂ Male,Madhesh Province,Dhanusha
Rinku Devi Mandal,Independent,Dhanusha-2,12,Declared,♀ Female,Madhesh Province,Dhanusha
Amita Kumara Pathak,Independent,Dhanusha-3,12,Declared,♂ Male,Madhesh Province,Dhanusha
Raja Kumari Sah,Independent,Dhanusha-3,12,Declared,♀ Female,Madhesh Province,Dhanusha
Sita Devi,Independent,Dhanusha-3,12,Declared,♀ Female,Madhesh Province,Dhanusha
Mukesha Kumara Yadav,Independent,Dhanusha-4,12,Declared,♂ Male,Madhesh Province,Dhanusha
Vauvelala Yadav,Independent,Dhanusha-4,12,Declared,♂ Male,Madhesh Province,Dhanusha
Anil Kumar Yadav,Independent,Sarlahi-3,12,Declared,♂ Male,Madhesh Province,Sarlahi
Dhiraj Thakur,Independent,Sarlahi-4,12,Declared,♂ Male,Madhesh Province,Sarlahi
Ram Prabesh Yadav,Independent,Sarlahi-4,12,Declared,♂ Male,Madhesh Province,Sarlahi
Chitra Kumari Devkota,Independent,Rasuwa-1,12,Declared,♀ Female,Bagmati Province,Rasuwa
Purna Chandra Paudel,Samaveshi Samajwadi Party,Kathmandu-10,12,Declared,♂ Male,Bagmati Province,Kathmandu
Sujita Budhathoki,Independent,Bhaktapur-1,12,Declared,♀ Female,Bagmati Province,Bhaktapur
Nabin Shrestha,Janata Samajwadi Party Nepal,Bhaktapur-2,12,Declared,♂ Male,Bagmati Province,Bhaktapur
Amrit Bal,Independent,Makwanpur-2,12,Declared,♂ Male,Bagmati Province,Makwanpur
Amrita Kumari Yadav,Independent,Rautahat-1,12,Declared,♀ Female,Madhesh Province,Rautahat
Abhisheka Mishr,Independent,Rautahat-1,12,Declared,♂ Male,Madhesh Province,Rautahat
Manoja Kumara Baitha,Independent,Rautahat-2,12,Declared,♂ Male,Madhesh Province,Rautahat
Daroga Sah,Independent,Rautahat-3,12,Declared,♂ Male,Madhesh Province,Rautahat
Bijaya Kumara Chaudhari,Independent,Rautahat-3,12,Declared,♂ Male,Madhesh Province,Rautahat
Chandrika Lala Sah,Independent,Rautahat-4,12,Declared,♂ Male,Madhesh Province,Rautahat
Santosha Pandita Kumhar,Independent,Bara-3,12,Declared,♂ Male,Madhesh Province,Bara
Bikash Kumar Sah,Nepal Loktantrik Party,Parsa-2,12,Declared,♂ Male,Madhesh Province,Parsa
Santosh Mahato,Independent,Parsa-2,12,Declared,♂ Male,Madhesh Province,Parsa
Krishna Prasad Chapagain,Independent,Chitwan-2,12,Declared,♂ Male,Bagmati Province,Chitwan
Shanku Prasad Jaisi,Independent,Chitwan-2,12,Declared,♂ Male,Bagmati Province,Chitwan
Bijan Gurung, राष्ट्रिय नागरिक पार्टी,Chitwan-3,12,Declared,♂ Male,Bagmati Province,Chitwan
Gujeshwari Prajapati Magaju,Nepal Workers and Peasants Party,Lamjung-1,12,Declared,♀ Female,Gandaki Province,Lamjung
Kusal Thapa Chhetri,आम जनता पार्टी(एकल चुनाव चिन्ह),Kaski-3,12,Declared,♂ Male,Gandaki Province,Kaski
Krishna Shova Musyakhav,Nepal Workers and Peasants Party,Palpa-2,12,Declared,♀ Female,Lumbini Province,Palpa
Govinda Pangen i,Independent,Rupandehi-1,12,Declared,♂ Male,Lumbini Province,Rupandehi
Devendra Bahadur Khatri,Samaveshi Samajwadi Party,Rupandehi-2,12,Declared,♂ Male,Lumbini Province,Rupandehi
Adalat Chai,Independent,Rupandehi-4,12,Declared,♂ Male,Lumbini Province,Rupandehi
Sugrim Loniya,Independent,Kapilvastu-3,12,Declared,♂ Male,Lumbini Province,Kapilvastu
Juddha Bahadur Singh,Independent,Salyan-1,12,Declared,♂ Male,Karnali Province,Salyan
Pherulala Chaudhari,Mongol National Organisation,Banke-1,12,Declared,♂ Male,Lumbini Province,Banke
Bipendra Lama Tamang,Independent,Banke-2,12,Declared,♂ Male,Lumbini Province,Banke
Bhagavati Shah,Independent,Banke-3,12,Declared,♀ Female,Lumbini Province,Banke
Siyaram Rana,Miteri Party Nepal,Kanchanpur-1,12,Declared,♂ Male,Sudurpashchim Province,Kanchanpur
Harnu Musahar,Federal Democratic National Forum,Morang-4,11,Declared,♂ Male,Koshi Province,Morang
Bikash Shrestha,Independent,Morang-5,11,Declared,♂ Male,Koshi Province,Morang
Yamuna Ke.si.,Independent,Sunsari-4,11,Declared,♀ Female,Koshi Province,Sunsari
Am‍vika Devi Saphi,Independent,Saptari-2,11,Declared,♀ Female,Madhesh Province,Saptari
Dubi Lal Yadav,Independent,Saptari-3,11,Declared,♂ Male,Madhesh Province,Saptari
Rameshowr Mandal Dhanuk,Independent,Saptari-4,11,Declared,♂ Male,Madhesh Province,Saptari
Bhola Pasman,Independent,Siraha-1,11,Declared,♂ Male,Madhesh Province,Siraha
Kedara Vish‍vakarma,Independent,Siraha-4,11,Declared,♂ Male,Madhesh Province,Siraha
Dhanavira Kapaira Kevat,Independent,Siraha-4,11,Declared,♂ Male,Madhesh Province,Siraha
Shushil Kumar Singh,Independent,Siraha-4,11,Declared,♂ Male,Madhesh Province,Siraha
Thakana Pasaman,Independent,Dhanusha-2,11,Declared,♂ Male,Madhesh Province,Dhanusha
Dipaka Yadav,Independent,Dhanusha-4,11,Declared,♂ Male,Madhesh Province,Dhanusha
Bauve Lala Mahato,Independent,Mahottari-1,11,Declared,♂ Male,Madhesh Province,Mahottari
Satish Sah Teli,Independent,Mahottari-2,11,Declared,♂ Male,Madhesh Province,Mahottari
Nagnedra Thakur,Independent,Mahottari-3,11,Declared,♂ Male,Madhesh Province,Mahottari
Ganesh Prasad Singh,Independent,Sarlahi-4,11,Declared,♂ Male,Madhesh Province,Sarlahi
Bharat Dhungana,Independent,Dhading-2,11,Declared,♂ Male,Bagmati Province,Dhading
Mana Sin Gadaeeli,आम जनता पार्टी(एकल चुनाव चिन्ह),Nuwakot-2,11,Declared,♂ Male,Bagmati Province,Nuwakot
Kamal Koirala,Independent,Kathmandu-1,11,Declared,♂ Male,Bagmati Province,Kathmandu
Pranil Dhwaj Karki,Janata Samajwadi Party Nepal,Kathmandu-3,11,Declared,♂ Male,Bagmati Province,Kathmandu
Rajan Puri,Jai Matribhumi Party,Kathmandu-4,11,Declared,♂ Male,Bagmati Province,Kathmandu
Dasrath Thapa,Independent,Bhaktapur-1,11,Declared,♂ Male,Bagmati Province,Bhaktapur
Amrit Nath Bajgai,CPN (Unified),Lalitpur-1,11,Declared,♂ Male,Bagmati Province,Lalitpur
Dharmaraj Bohara,Independent,Lalitpur-1,11,Declared,♂ Male,Bagmati Province,Lalitpur
Ganesha Prasada Adhikari,Independent,Kavrepalanchok-2,11,Declared,♂ Male,Bagmati Province,Kavrepalanchok
Ganesha Bahadura Shreshth,आम जनता पार्टी(एकल चुनाव चिन्ह),Sindhupalchok-2,11,Declared,♂ Male,Bagmati Province,Sindhupalchok
Sun‍dara Adhikari,Independent,Sindhupalchok-2,11,Declared,♂ Male,Bagmati Province,Sindhupalchok
Bhaganarayana Ray,Independent,Rautahat-3,11,Declared,♂ Male,Madhesh Province,Rautahat
Shekha Osi Mahamad,Independent,Rautahat-3,11,Declared,♂ Male,Madhesh Province,Rautahat
Chandana Kumara Yadav,Nepal Workers and Peasants Party,Bara-2,11,Declared,♂ Male,Madhesh Province,Bara
Dinesha Prasada Sih,Progressive Democratic Party,Bara-3,11,Declared,♂ Male,Madhesh Province,Bara
Shankar Kumar Karn,CPN (Unified),Parsa-1,11,Declared,♂ Male,Madhesh Province,Parsa
Gokula Sharma,Independent,Nawalpur-1,11,Declared,♂ Male,Gandaki Province,Nawalpur
Abdulahamida Veg,Independent,Kapilvastu-3,11,Declared,♂ Male,Lumbini Province,Kapilvastu
Maksud Miya,Independent,Kapilvastu-3,11,Declared,♂ Male,Lumbini Province,Kapilvastu
Bishnu Kumari Bhusal,Independent,Dang-2,11,Declared,♀ Female,Lumbini Province,Dang
Bhagiram Chaudhary,Independent,Dang-3,11,Declared,♂ Male,Lumbini Province,Dang
Dil Bahadur Bista,Ujyalo Nepal Party,Dolpa-1,11,Declared,♂ Male,Karnali Province,Dolpa
Bhim Bahadur Sunar,Independent,Banke-3,11,Declared,♂ Male,Lumbini Province,Banke
Dinesh Kumar Malla,Miteri Party Nepal,Kailali-4,11,Declared,♂ Male,Sudurpashchim Province,Kailali
Mina Prasada Dhakal,Independent,Parasi-1,11,Declared,♂ Male,Lumbini Province,Parasi
Manoja Harijan,Independent,Parasi-2,11,Declared,♂ Male,Lumbini Province,Parasi
Dharm Laxmi Duval (Laghu),Nepal Workers and Peasants Party,Jhapa-3,10,Declared,♀ Female,Koshi Province,Jhapa
Ranjana Gautam,Independent,Jhapa-5,10,Declared,♀ Female,Koshi Province,Jhapa
Satya Narayan Pandit,Independent,Sunsari-2,10,Declared,♂ Male,Koshi Province,Sunsari
Dip Bahadur Tamang,Mongol National Organisation,Sunsari-3,10,Declared,♂ Male,Koshi Province,Sunsari
Sulochana Kushmi,Independent,Siraha-1,10,Declared,♀ Female,Madhesh Province,Siraha
Sudipa Khad‍ka,Independent,Dolakha-1,10,Declared,♂ Male,Bagmati Province,Dolakha
Rajesha Kumara Sahani,Independent,Dhanusha-1,10,Declared,♂ Male,Madhesh Province,Dhanusha
Shiva Kumara Gohivara Yadab,Independent,Dhanusha-2,10,Declared,♂ Male,Madhesh Province,Dhanusha
Sagara Yadav,Independent,Dhanusha-2,10,Declared,♂ Male,Madhesh Province,Dhanusha
Ganga Lakshmi Vaidy,Nepal Workers and Peasants Party,Dhanusha-3,10,Declared,♀ Female,Madhesh Province,Dhanusha
Aananda Dasa Tatma,Independent,Dhanusha-3,10,Declared,♂ Male,Madhesh Province,Dhanusha
Satisha Kumara Sah,Independent,Dhanusha-4,10,Declared,♂ Male,Madhesh Province,Dhanusha
Reshma Devi,Independent,Mahottari-2,10,Declared,♀ Female,Madhesh Province,Mahottari
Raman Kumar Thakur,Independent,Mahottari-3,10,Declared,♂ Male,Madhesh Province,Mahottari
Sukesh Kumar Yadav,Independent,Mahottari-4,10,Declared,♂ Male,Madhesh Province,Mahottari
Ram Dular Mahato,Independent,Sarlahi-1,10,Declared,♂ Male,Madhesh Province,Sarlahi
Mahesh Raj Dahal,जनता समाजवादी पार्टी(एकल चुनाव चिन्ह),Sarlahi-3,10,Declared,♂ Male,Madhesh Province,Sarlahi
Jay Lal Sahani,Independent,Sarlahi-3,10,Declared,♂ Male,Madhesh Province,Sarlahi
Chotelal Kumar Yadav,Independent,Sarlahi-4,10,Declared,♂ Male,Madhesh Province,Sarlahi
Dawa Sangwo Tamang,Progressive Democratic Party,Rasuwa-1,10,Declared,♂ Male,Bagmati Province,Rasuwa
Hari Bhandari,Independent,Dhading-1,10,Declared,♂ Male,Bagmati Province,Dhading
Shekhar Aryal,Progressive Democratic Party,Kathmandu-3,10,Declared,♂ Male,Bagmati Province,Kathmandu
Komal Paudel,आम जनता पार्टी(एकल चुनाव चिन्ह),Kathmandu-5,10,Declared,♀ Female,Bagmati Province,Kathmandu
Dekumari Sah,आम जनता पार्टी(एकल चुनाव चिन्ह),Bhaktapur-2,10,Declared,♀ Female,Bagmati Province,Bhaktapur
Khem Prasad Shrestha,National Republic Nepal,Lalitpur-2,10,Declared,♂ Male,Bagmati Province,Lalitpur
Hari Bahadura Thapa,Miteri Party Nepal,Kavrepalanchok-2,10,Declared,♂ Male,Bagmati Province,Kavrepalanchok
Laksh‍mesh‍vara Narayana Sah,Independent,Rautahat-1,10,Declared,♂ Male,Madhesh Province,Rautahat
Jailala Prasada Kushavaha,Independent,Rautahat-2,10,Declared,♂ Male,Madhesh Province,Rautahat
Shekha Mahamada Ipharan,Independent,Rautahat-2,10,Declared,♂ Male,Madhesh Province,Rautahat
Punita Rama Mahara,Independent,Rautahat-3,10,Declared,♂ Male,Madhesh Province,Rautahat
Sima Kumari Timilsena,Independent,Bara-1,10,Declared,♀ Female,Madhesh Province,Bara
Dhirendra Chaudhari,Independent,Bara-4,10,Declared,♂ Male,Madhesh Province,Bara
Soheb Ansari,नेपाल संघीय समाजवादी पार्टी(एकल चुनाव चिन्ह),Parsa-1,10,Declared,♂ Male,Madhesh Province,Parsa
Rakesh Kumar Sahani,Independent,Parsa-2,10,Declared,♂ Male,Madhesh Province,Parsa
Brijesh Prasad Chauhan,Independent,Parsa-3,10,Declared,♂ Male,Madhesh Province,Parsa
Sahab Miya Teli,Nepal Workers and Peasants Party,Parsa-4,10,Declared,♂ Male,Madhesh Province,Parsa
Chija Maya Adhikari,आम जनता पार्टी(एकल चुनाव चिन्ह),Tanahun-1,10,Declared,♀ Female,Gandaki Province,Tanahun
Vindu Ke.si.,Independent,Nawalpur-1,10,Declared,♀ Female,Gandaki Province,Nawalpur
Shushila Pulami,Independent,Rupandehi-2,10,Declared,♀ Female,Lumbini Province,Rupandehi
Basanta Kumar Yadav,Independent,Rupandehi-5,10,Declared,♂ Male,Lumbini Province,Rupandehi
Sakil Ahmad Khan,Independent,Rupandehi-5,10,Declared,♂ Male,Lumbini Province,Rupandehi
Ashok Kumar Yadav,Janata Loktantrik Party Nepal,Kapilvastu-3,10,Declared,♂ Male,Lumbini Province,Kapilvastu
Nurul Kamar Kha,Independent,Kapilvastu-3,10,Declared,♂ Male,Lumbini Province,Kapilvastu
Balji Prasad Yadav,Independent,Kapilvastu-3,10,Declared,♂ Male,Lumbini Province,Kapilvastu
Santosh Singh,Miteri Party Nepal,Dang-3,10,Declared,♂ Male,Lumbini Province,Dang
Indra Bahadur Basnet,Independent,Dang-3,10,Declared,♂ Male,Lumbini Province,Dang
Surendra Shahi,Nepal Workers and Peasants Party,Achham-1,10,Declared,♂ Male,Sudurpashchim Province,Achham
Gopichandra Harijan,Independent,Parasi-1,10,Declared,♂ Male,Lumbini Province,Parasi
Rajendra Prasada Yadav,Independent,Parasi-2,10,Declared,♂ Male,Lumbini Province,Parasi
Suresha Teli,Independent,Parasi-2,10,Declared,♂ Male,Lumbini Province,Parasi
Om Krishna Udas,Independent,Sunsari-1,9,Declared,♂ Male,Koshi Province,Sunsari
Shridhvaja Tamangg,Miteri Party Nepal,Solukhumbu-1,9,Declared,♂ Male,Koshi Province,Solukhumbu
Lekhnath Kumar Thakur,Independent,Saptari-1,9,Declared,♂ Male,Madhesh Province,Saptari
Prem Kumar Yadav,Independent,Saptari-2,9,Declared,♂ Male,Madhesh Province,Saptari
Shushila Kumari Sah,Independent,Saptari-2,9,Declared,♀ Female,Madhesh Province,Saptari
Prem Kumari Mahara,Independent,Saptari-4,9,Declared,♀ Female,Madhesh Province,Saptari
Dinesh Pasman,Independent,Siraha-1,9,Declared,♂ Male,Madhesh Province,Siraha
Ram Chandar Yadav,Independent,Siraha-1,9,Declared,♂ Male,Madhesh Province,Siraha
Usha Kumari Yadav,Independent,Siraha-2,9,Declared,♀ Female,Madhesh Province,Siraha
Yogendra Prasad Mahara,Independent,Siraha-4,9,Declared,♂ Male,Madhesh Province,Siraha
Ramila Sarki,Independent,Dolakha-1,9,Declared,♀ Female,Bagmati Province,Dolakha
Ajaya Kumara Marik,Independent,Dhanusha-2,9,Declared,♂ Male,Madhesh Province,Dhanusha
Lala Babu Mandal,Independent,Dhanusha-2,9,Declared,♂ Male,Madhesh Province,Dhanusha
Santosha Kumara Yadava Marik,Independent,Dhanusha-2,9,Declared,♂ Male,Madhesh Province,Dhanusha
Nabonatha Thakur,Independent,Dhanusha-3,9,Declared,♂ Male,Madhesh Province,Dhanusha
Jagesh‍vara Mahato Koiri,Independent,Dhanusha-4,9,Declared,♂ Male,Madhesh Province,Dhanusha
Sachin Mahato,Independent,Mahottari-1,9,Declared,♂ Male,Madhesh Province,Mahottari
Ranchandra Pasman,Independent,Mahottari-3,9,Declared,♂ Male,Madhesh Province,Mahottari
Sumitra Kumari,Mongol National Organisation,Mahottari-4,9,Declared,♀ Female,Madhesh Province,Mahottari
Baiju Sah,Independent,Sarlahi-3,9,Declared,♂ Male,Madhesh Province,Sarlahi
Ram Prit Mahara,Independent,Sarlahi-3,9,Declared,♂ Male,Madhesh Province,Sarlahi
Kamlesh Mandal,Independent,Sarlahi-4,9,Declared,♂ Male,Madhesh Province,Sarlahi
Prem Kumar Rai,Miteri Party Nepal,Kathmandu-4,9,Declared,♂ Male,Bagmati Province,Kathmandu
Devaraj Paudel,Independent,Kathmandu-4,9,Declared,♂ Male,Bagmati Province,Kathmandu
Madan Dev Acharya,Independent,Kathmandu-4,9,Declared,♂ Male,Bagmati Province,Kathmandu
Babu Ram Lama,Janata Samajwadi Party Nepal,Kathmandu-7,9,Declared,♂ Male,Bagmati Province,Kathmandu
Dirgha Kumar Shrestha,Rastriya Janamorcha,Kathmandu-7,9,Declared,♂ Male,Bagmati Province,Kathmandu
Saroj Raj Baidhya,Janata Samajwadi Party Nepal,Kathmandu-8,9,Declared,♂ Male,Bagmati Province,Kathmandu
Shushila Nepali,Independent,Kathmandu-8,9,Declared,♀ Female,Bagmati Province,Kathmandu
Anuj Pradhan,Independent,Kathmandu-10,9,Declared,♂ Male,Bagmati Province,Kathmandu
Sudip Neupane,Independent,Bhaktapur-1,9,Declared,♂ Male,Bagmati Province,Bhaktapur
Bishal Tamang,Independent,Lalitpur-1,9,Declared,♂ Male,Bagmati Province,Lalitpur
Sarmila Budhathoki,Independent,Lalitpur-1,9,Declared,♀ Female,Bagmati Province,Lalitpur
Dolendra Raj Bhattarai,जनता समाजवादी पार्टी(एकल चुनाव चिन्ह),Lalitpur-2,9,Declared,♂ Male,Bagmati Province,Lalitpur
Krishna Khadka,Independent,Lalitpur-2,9,Declared,♂ Male,Bagmati Province,Lalitpur
Rajarama Bogati,Independent,Makwanpur-1,9,Declared,♂ Male,Bagmati Province,Makwanpur
Dinesha Ray,Independent,Rautahat-1,9,Declared,♂ Male,Madhesh Province,Rautahat
Bharata Raya Yadav,Independent,Rautahat-3,9,Declared,♂ Male,Madhesh Province,Rautahat
Surendra Baitha,Independent,Rautahat-3,9,Declared,♂ Male,Madhesh Province,Rautahat
Anju Chaudhari,Independent,Rautahat-4,9,Declared,♀ Female,Madhesh Province,Rautahat
Chandra Prakasha Suvedi,Independent,Bara-3,9,Declared,♂ Male,Madhesh Province,Bara
Baidhanatha Prasada Sah,Independent,Bara-4,9,Declared,♂ Male,Madhesh Province,Bara
Kishori Prasad Yadav,Independent,Parsa-2,9,Declared,♂ Male,Madhesh Province,Parsa
Paras Raut Barai,Independent,Parsa-4,9,Declared,♂ Male,Madhesh Province,Parsa
Saurav Kadel,Independent,Chitwan-1,9,Declared,♂ Male,Bagmati Province,Chitwan
Ram Bahadur Ghale,Mongol National Organisation,Manang-1,9,Declared,♂ Male,Gandaki Province,Manang
Sagar Thapa Magar,Independent,Syangja-2,9,Declared,♂ Male,Gandaki Province,Syangja
Lok Bahadur Pun,Independent,Gulmi-2,9,Declared,♂ Male,Lumbini Province,Gulmi
Him Lal Pandey,Nepal Workers and Peasants Party,Rupandehi-1,9,Declared,♂ Male,Lumbini Province,Rupandehi
Shankar Khatri,Independent,Rupandehi-1,9,Declared,♂ Male,Lumbini Province,Rupandehi
Sachina Vi.ka.,Independent,Rupandehi-1,9,Declared,♂ Male,Lumbini Province,Rupandehi
Karam Husein Khan,Independent,Rupandehi-3,9,Declared,♂ Male,Lumbini Province,Rupandehi
Thakur Adhikari,Independent,Rupandehi-3,9,Declared,♂ Male,Lumbini Province,Rupandehi
Basanti Chamar,Independent,Rupandehi-5,9,Declared,♀ Female,Lumbini Province,Rupandehi
Laxman Bahadur Nepal,Independent,Rupandehi-5,9,Declared,♂ Male,Lumbini Province,Rupandehi
Rakesh Kurmi,Independent,Kapilvastu-2,9,Declared,♂ Male,Lumbini Province,Kapilvastu
Krishna Kumar Upadhyay,Independent,Kapilvastu-3,9,Declared,♂ Male,Lumbini Province,Kapilvastu
Thark Bahadur Khangaha,Independent,Kapilvastu-3,9,Declared,♂ Male,Lumbini Province,Kapilvastu
Manish Kumar Kanodiya,Independent,Kapilvastu-3,9,Declared,♂ Male,Lumbini Province,Kapilvastu
Ajay B.K.,आम जनता पार्टी(एकल चुनाव चिन्ह),Mustang-1,9,Declared,♂ Male,Gandaki Province,Mustang
Rekh Bahadur Pun Magar,Miteri Party Nepal,Dang-2,9,Declared,♂ Male,Lumbini Province,Dang
Kalpana Lama,Independent,Dang-2,9,Declared,♀ Female,Lumbini Province,Dang
Balaram Paudel,Independent,Dang-2,9,Declared,♂ Male,Lumbini Province,Dang
Kaman Budha Magar,Mongol National Organisation,Jajarkot-1,9,Declared,♂ Male,Karnali Province,Jajarkot
Shyan Kumar Mudiyari,Independent,Sunsari-3,8,Declared,♂ Male,Koshi Province,Sunsari
Suman Kumari Chaudhary,Independent,Sunsari-3,8,Declared,♀ Female,Koshi Province,Sunsari
Ram Kumari Khang,Independent,Saptari-1,8,Declared,♀ Female,Madhesh Province,Saptari
Pabhu Narayan Chaudhary,Independent,Saptari-3,8,Declared,♂ Male,Madhesh Province,Saptari
Durga Prasad Yadav,Independent,Saptari-4,8,Declared,♂ Male,Madhesh Province,Saptari
Ram Ganesh Yadav,Independent,Siraha-2,8,Declared,♂ Male,Madhesh Province,Siraha
Navina Kumara Yadav,Independent,Siraha-3,8,Declared,♂ Male,Madhesh Province,Siraha
Bablu Kumar Yadav,Independent,Siraha-3,8,Declared,♂ Male,Madhesh Province,Siraha
Puskara Kumara Adhikari,Independent,Dolakha-1,8,Declared,♂ Male,Bagmati Province,Dolakha
Mahendra Khadka,Independent,Dolakha-1,8,Declared,♂ Male,Bagmati Province,Dolakha
Jitana Raya Amat,Independent,Dhanusha-1,8,Declared,♂ Male,Madhesh Province,Dhanusha
Mukesha Kumara Yadav,Independent,Dhanusha-2,8,Declared,♂ Male,Madhesh Province,Dhanusha
Krishna Kumara Sultaniya,Independent,Dhanusha-3,8,Declared,♂ Male,Madhesh Province,Dhanusha
Narayana Vastola,Independent,Dhanusha-4,8,Declared,♂ Male,Madhesh Province,Dhanusha
Raja Kumara Mah‍to,Independent,Dhanusha-4,8,Declared,♂ Male,Madhesh Province,Dhanusha
Jivendra Yadav,Independent,Mahottari-2,8,Declared,♂ Male,Madhesh Province,Mahottari
Mahesh Kumar Yadav,Independent,Mahottari-2,8,Declared,♂ Male,Madhesh Province,Mahottari
Ganga Prasad Yadav,Independent,Mahottari-4,8,Declared,♂ Male,Madhesh Province,Mahottari
Rijbana Khatun,Independent,Mahottari-4,8,Declared,♀ Female,Madhesh Province,Mahottari
Satyanarayan Mahara,Independent,Mahottari-4,8,Declared,♂ Male,Madhesh Province,Mahottari
Ramparikshan Yadav,Independent,Sarlahi-1,8,Declared,♂ Male,Madhesh Province,Sarlahi
Manoj Kumar Yadav,Independent,Sarlahi-2,8,Declared,♂ Male,Madhesh Province,Sarlahi
Santosh Kumar Nisad,Independent,Sarlahi-4,8,Declared,♂ Male,Madhesh Province,Sarlahi
Krishna Prasad Koirala,Independent,Dhading-2,8,Declared,♂ Male,Bagmati Province,Dhading
Narvada Kumari Bhattarai,जनता समाजवादी पार्टी(एकल चुनाव चिन्ह),Kathmandu-2,8,Declared,♀ Female,Bagmati Province,Kathmandu
Biswas Basnet,Independent,Kathmandu-2,8,Declared,♂ Male,Bagmati Province,Kathmandu
Birendra Kumar Sah,Independent,Kathmandu-2,8,Declared,♂ Male,Bagmati Province,Kathmandu
Manoj Adhikari,Independent,Kathmandu-4,8,Declared,♂ Male,Bagmati Province,Kathmandu
Safalta Bogati,आम जनता पार्टी(एकल चुनाव चिन्ह),Kathmandu-6,8,Declared,♀ Female,Bagmati Province,Kathmandu
Baikuntha Phuyal,Jai Matribhumi Party,Kathmandu-7,8,Declared,♂ Male,Bagmati Province,Kathmandu
Dipin Panta,जनता समाजवादी पार्टी(एकल चुनाव चिन्ह),Kathmandu-7,8,Declared,♂ Male,Bagmati Province,Kathmandu
Resham Bahadur Sunar,United Citizens Party,Kathmandu-8,8,Declared,♂ Male,Bagmati Province,Kathmandu
Vijaya Dangol,नेपाल संघीय समाजवादी पार्टी(एकल चुनाव चिन्ह),Kathmandu-8,8,Declared,♂ Male,Bagmati Province,Kathmandu
Mukti Nath Sharma,जनता समाजवादी पार्टी(एकल चुनाव चिन्ह),Kathmandu-8,8,Declared,♂ Male,Bagmati Province,Kathmandu
Ranavira Kshetri Sinh,Janata Samajwadi Party Nepal,Kathmandu-9,8,Declared,♂ Male,Bagmati Province,Kathmandu
Bhagarit  Sah,Janata Samajwadi Party Nepal,Kathmandu-10,8,Declared,♂ Male,Bagmati Province,Kathmandu
Manoj Lama,Independent,Bhaktapur-2,8,Declared,♂ Male,Bagmati Province,Bhaktapur
Savina Mahat,Independent,Bhaktapur-2,8,Declared,♂ Male,Bagmati Province,Bhaktapur
Survana Thapa,Independent,Bhaktapur-2,8,Declared,♂ Male,Bagmati Province,Bhaktapur
Radhe Shyam Khadka,Independent,Lalitpur-3,8,Declared,♂ Male,Bagmati Province,Lalitpur
Lenina Vish‍ta,Independent,Kavrepalanchok-2,8,Declared,♂ Male,Bagmati Province,Kavrepalanchok
Amar Dangal,Independent,Makwanpur-1,8,Declared,♂ Male,Bagmati Province,Makwanpur
Sushila Subedi,Independent,Makwanpur-1,8,Declared,♀ Female,Bagmati Province,Makwanpur
Raju Kumara Mukhiya,Independent,Rautahat-1,8,Declared,♂ Male,Madhesh Province,Rautahat
Shekha Mustak,Independent,Rautahat-2,8,Declared,♂ Male,Madhesh Province,Rautahat
Prema Kumari Tripathi,Independent,Rautahat-4,8,Declared,♀ Female,Madhesh Province,Rautahat
Mukti Narayana Chaudhari,Independent,Rautahat-4,8,Declared,♂ Male,Madhesh Province,Rautahat
Roshana Kumara Upreti,Independent,Bara-1,8,Declared,♂ Male,Madhesh Province,Bara
Dinesha Prasada Yadav,Independent,Bara-2,8,Declared,♂ Male,Madhesh Province,Bara
Murali Manohara Prasada Sah,Independent,Bara-2,8,Declared,♂ Male,Madhesh Province,Bara
Dipaka Sinha Chaudhari,Independent,Bara-4,8,Declared,♂ Male,Madhesh Province,Bara
Nasima Khatun,Independent,Bara-4,8,Declared,♀ Female,Madhesh Province,Bara
Sham‍bhu Prasada Yadav,Independent,Bara-4,8,Declared,♂ Male,Madhesh Province,Bara
Shahid Ansari,Independent,Parsa-3,8,Declared,♂ Male,Madhesh Province,Parsa
Uma Devi,Independent,Parsa-4,8,Declared,♀ Female,Madhesh Province,Parsa
Badri Lakshmi Kavan,Nepal Workers and Peasants Party,Chitwan-3,8,Declared,♀ Female,Bagmati Province,Chitwan
Yudha Bahadur Birkatta,Independent,Palpa-1,8,Declared,♂ Male,Lumbini Province,Palpa
Sashila Devakota,Independent,Nawalpur-2,8,Declared,♀ Female,Gandaki Province,Nawalpur
Tejindra Malla,Independent,Rupandehi-3,8,Declared,♂ Male,Lumbini Province,Rupandehi
Dhan Bahadur Basnet,Independent,Rupandehi-3,8,Declared,♂ Male,Lumbini Province,Rupandehi
Shashikala Pandey,Independent,Rupandehi-4,8,Declared,♀ Female,Lumbini Province,Rupandehi
Buddhi Nath Pokharel,Independent,Kapilvastu-1,8,Declared,♂ Male,Lumbini Province,Kapilvastu
Surya Prasad Baral,Independent,Kapilvastu-1,8,Declared,♂ Male,Lumbini Province,Kapilvastu
Mina Paudel (Sharma),Independent,Parbat-1,8,Declared,♀ Female,Gandaki Province,Parbat
Sita Devi Sharma,Independent,Parbat-1,8,Declared,♀ Female,Gandaki Province,Parbat
Pandavi Nepali,आम जनता पार्टी(एकल चुनाव चिन्ह),Dang-3,8,Declared,♀ Female,Lumbini Province,Dang
Mahesh Dangi,Independent,Dang-3,8,Declared,♂ Male,Lumbini Province,Dang
Padam Bahadur Gharti Magar,Independent,Banke-3,8,Declared,♂ Male,Lumbini Province,Banke
Sanam Kumari Chaudhary,Independent,Saptari-4,7,Declared,♀ Female,Madhesh Province,Saptari
Sunil Kumar Yadav,Independent,Saptari-4,7,Declared,♂ Male,Madhesh Province,Saptari
Ashish Lal Das,Independent,Siraha-1,7,Declared,♂ Male,Madhesh Province,Siraha
Gugai Mandal,Independent,Siraha-1,7,Declared,♂ Male,Madhesh Province,Siraha
Uday Kumar Magar,Independent,Siraha-2,7,Declared,♂ Male,Madhesh Province,Siraha
Ankit Kumar Yadav,Independent,Siraha-3,7,Declared,♂ Male,Madhesh Province,Siraha
Dushyant Kumar Karna,Independent,Siraha-3,7,Declared,♂ Male,Madhesh Province,Siraha
Ram Vriksh Mehra,Independent,Siraha-4,7,Declared,♂ Male,Madhesh Province,Siraha
Bharata Kumara Shreshth,Independent,Dolakha-1,7,Declared,♂ Male,Bagmati Province,Dolakha
Ramakaji Lama,Independent,Dolakha-1,7,Declared,♂ Male,Bagmati Province,Dolakha
Auti Kumari Vishvakarma,Independent,Dhanusha-1,7,Declared,♀ Female,Madhesh Province,Dhanusha
Bala Krishna Yadav,Independent,Dhanusha-1,7,Declared,♂ Male,Madhesh Province,Dhanusha
Ramaprita Dasa Tatma,Independent,Dhanusha-1,7,Declared,♂ Male,Madhesh Province,Dhanusha
Vijaya Kumara Yadab,Independent,Dhanusha-1,7,Declared,♂ Male,Madhesh Province,Dhanusha
Sudisha Mandal,Independent,Dhanusha-1,7,Declared,♂ Male,Madhesh Province,Dhanusha
Rama Subhesha Mandala Khatve,Independent,Dhanusha-2,7,Declared,♂ Male,Madhesh Province,Dhanusha
Ajaya Kumara Yadav,Independent,Dhanusha-3,7,Declared,♂ Male,Madhesh Province,Dhanusha
Mukesha Yadav,Independent,Dhanusha-3,7,Declared,♂ Male,Madhesh Province,Dhanusha
Hari Shankara Prasada Yadav,Independent,Dhanusha-4,7,Declared,♂ Male,Madhesh Province,Dhanusha
Dilip Kumar Yadav,Independent,Mahottari-2,7,Declared,♂ Male,Madhesh Province,Mahottari
Prabin Kumar Yadav,Independent,Mahottari-2,7,Declared,♂ Male,Madhesh Province,Mahottari
Mahanth Sada,Independent,Mahottari-2,7,Declared,♂ Male,Madhesh Province,Mahottari
Ajay Kumar Mahato,Independent,Mahottari-3,7,Declared,♂ Male,Madhesh Province,Mahottari
Pawan Kumar Yadav,Independent,Mahottari-3,7,Declared,♂ Male,Madhesh Province,Mahottari
Rajendra Mandal Khatbe,Independent,Mahottari-4,7,Declared,♂ Male,Madhesh Province,Mahottari
Singheshwar Khatbe,Independent,Mahottari-4,7,Declared,♂ Male,Madhesh Province,Mahottari
Madho Paswan Dusad,Independent,Sarlahi-1,7,Declared,♂ Male,Madhesh Province,Sarlahi
Ram Nath Sah,Independent,Sarlahi-2,7,Declared,♂ Male,Madhesh Province,Sarlahi
Sandip Thapa,Independent,Sarlahi-3,7,Declared,♂ Male,Madhesh Province,Sarlahi
Amit Ranjan Singh,Independent,Sarlahi-4,7,Declared,♂ Male,Madhesh Province,Sarlahi
Chun Chun Bhandari,Independent,Sarlahi-4,7,Declared,♂ Male,Madhesh Province,Sarlahi
Madhumala Kumari Yadav,Independent,Sarlahi-4,7,Declared,♀ Female,Madhesh Province,Sarlahi
Shiva Prasad Sah,Independent,Sarlahi-4,7,Declared,♂ Male,Madhesh Province,Sarlahi
Ujwal Shrestha,Independent,Dhading-2,7,Declared,♂ Male,Bagmati Province,Dhading
Shambhu Pokharel,Independent,Kathmandu-1,7,Declared,♂ Male,Bagmati Province,Kathmandu
Rupak Sinkhada,Independent,Kathmandu-2,7,Declared,♂ Male,Bagmati Province,Kathmandu
Ram Krishna Pujari,Independent,Kathmandu-3,7,Declared,♂ Male,Bagmati Province,Kathmandu
Muskan Paudel,युनाईटेड नेपाल डिमोक्रयाटीक पार्टी,Kathmandu-4,7,Declared,♂ Male,Bagmati Province,Kathmandu
Chet Bahadur Ale,Rastriya Janamukti Party,Kathmandu-4,7,Declared,♂ Male,Bagmati Province,Kathmandu
Saroj Thapaliya,Independent,Kathmandu-6,7,Declared,♂ Male,Bagmati Province,Kathmandu
Anjala Bajracharya,Independent,Kathmandu-7,7,Declared,♀ Female,Bagmati Province,Kathmandu
Prakash Kunwar,Independent,Kathmandu-7,7,Declared,♂ Male,Bagmati Province,Kathmandu
Bikash Khadgi,Independent,Kathmandu-8,7,Declared,♂ Male,Bagmati Province,Kathmandu
Krishna Kumari Nepali,Independent,Kathmandu-10,7,Declared,♀ Female,Bagmati Province,Kathmandu
Bishnu Ram Dumaru,Independent,Bhaktapur-1,7,Declared,♂ Male,Bagmati Province,Bhaktapur
Rakesh Shrestha,Trimul Nepal,Bhaktapur-2,7,Declared,♂ Male,Bagmati Province,Bhaktapur
Rabindra Amatya,Independent,Lalitpur-2,7,Declared,♂ Male,Bagmati Province,Lalitpur
Yuvaraja Chaulagaee,Independent,Kavrepalanchok-1,7,Declared,♂ Male,Bagmati Province,Kavrepalanchok
Krishna Ram Shrestha,Independent,Makwanpur-2,7,Declared,♂ Male,Bagmati Province,Makwanpur
Mrinala Kumara Shah,Independent,Rautahat-1,7,Declared,♂ Male,Madhesh Province,Rautahat
Rama Sevaka Ray,Independent,Rautahat-1,7,Declared,♂ Male,Madhesh Province,Rautahat
Umesha Dahal,Independent,Rautahat-4,7,Declared,♂ Male,Madhesh Province,Rautahat
Lakshminiya Chaudhari,Independent,Rautahat-4,7,Declared,♀ Female,Madhesh Province,Rautahat
Sujita Kumari Gautam,Independent,Rautahat-4,7,Declared,♀ Female,Madhesh Province,Rautahat
Lala Mukesha Thakur,Independent,Bara-3,7,Declared,♂ Male,Madhesh Province,Bara
Manoj Sah Kanu,Independent,Parsa-2,7,Declared,♂ Male,Madhesh Province,Parsa
Rambahadur Barai,Independent,Parsa-3,7,Declared,♂ Male,Madhesh Province,Parsa
Vrija Kishora Prasada Chaurasiya,Independent,Parsa-3,7,Declared,♂ Male,Madhesh Province,Parsa
Thaman Singh Sunar,Janata Samajwadi Party Nepal,Chitwan-3,7,Declared,♂ Male,Bagmati Province,Chitwan
Parvati Paudel (Kafle),Independent,Chitwan-3,7,Declared,♀ Female,Bagmati Province,Chitwan
Malata Ghimire,Independent,Gulmi-2,7,Declared,♀ Female,Lumbini Province,Gulmi
Avinasa Sunar,Independent,Nawalpur-1,7,Declared,♂ Male,Gandaki Province,Nawalpur
Maheshwar Bhandari,Independent,Rupandehi-1,7,Declared,♂ Male,Lumbini Province,Rupandehi
Maksud Ali,Independent,Rupandehi-1,7,Declared,♂ Male,Lumbini Province,Rupandehi
Sagar Adhikari,Independent,Rupandehi-1,7,Declared,♂ Male,Lumbini Province,Rupandehi
Bishnu Bahadur Rana,Independent,Rupandehi-3,7,Declared,♂ Male,Lumbini Province,Rupandehi
Tara Prasad Adhikari,Independent,Kapilvastu-2,7,Declared,♂ Male,Lumbini Province,Kapilvastu
Pankaj Kumar Chaudhary,Independent,Kapilvastu-3,7,Declared,♂ Male,Lumbini Province,Kapilvastu
Ram Nivas Nau,Independent,Kapilvastu-3,7,Declared,♂ Male,Lumbini Province,Kapilvastu
Ailina Suwal,Nepal Workers and Peasants Party,Parbat-1,7,Declared,♀ Female,Gandaki Province,Parbat
Krishna Bahadur Sunar,आम जनता पार्टी(एकल चुनाव चिन्ह),Dang-2,7,Declared,♂ Male,Lumbini Province,Dang
Lal Bahadur Khatri,Independent,Dang-2,7,Declared,♂ Male,Lumbini Province,Dang
Prema Vahadura Vali,Independent,Dang-3,7,Declared,♂ Male,Lumbini Province,Dang
Man Bahadur Tiruwa,Independent,Kalikot-1,7,Declared,♂ Male,Karnali Province,Kalikot
Hridayendra Adhikari,Nepal Janasewa Party,Surkhet-2,7,Declared,♂ Male,Karnali Province,Surkhet
Chet Bahadur Oli,Independent,Banke-3,7,Declared,♂ Male,Lumbini Province,Banke
Ganga Devi Tharu Mahato,Independent,Parasi-1,7,Declared,♀ Female,Lumbini Province,Parasi
Shailendra Sinha Sadasankar,Independent,Parasi-1,7,Declared,♂ Male,Lumbini Province,Parasi
Lala Bahadura Kuvar,Independent,Parasi-2,7,Declared,♂ Male,Lumbini Province,Parasi
Ramesh Kumar Karki,Independent,Jhapa-2,6,Declared,♂ Male,Koshi Province,Jhapa
Matrika Bhattarai,Independent,Jhapa-5,6,Declared,♂ Male,Koshi Province,Jhapa
Dambar Bahadur Baraili,Independent,Sunsari-2,6,Declared,♂ Male,Koshi Province,Sunsari
Bhim Bahadur Dahal,Independent,Sunsari-2,6,Declared,♂ Male,Koshi Province,Sunsari
Keshar Prasad Sah,Independent,Saptari-4,6,Declared,♂ Male,Madhesh Province,Saptari
Raj Kumar Chaudhary,Independent,Siraha-2,6,Declared,♂ Male,Madhesh Province,Siraha
Aananda Vishvakarma,Independent,Siraha-3,6,Declared,♂ Male,Madhesh Province,Siraha
Surya Dev Yadav,Independent,Siraha-3,6,Declared,♂ Male,Madhesh Province,Siraha
Se. Jahur,Independent,Siraha-3,6,Declared,♂ Male,Madhesh Province,Siraha
Vindeshvara Mahato,Independent,Siraha-4,6,Declared,♂ Male,Madhesh Province,Siraha
Manamohana Prasada Yadav,Independent,Dhanusha-1,6,Declared,♂ Male,Madhesh Province,Dhanusha
Ramesh‍vara Sahu Sudi,Independent,Dhanusha-1,6,Declared,♂ Male,Madhesh Province,Dhanusha
Bhola Pasavan,Independent,Dhanusha-2,6,Declared,♂ Male,Madhesh Province,Dhanusha
Bikrama Saha,Independent,Dhanusha-3,6,Declared,♂ Male,Madhesh Province,Dhanusha
Bharata Kumara Sah,Independent,Dhanusha-3,6,Declared,♂ Male,Madhesh Province,Dhanusha
Raja Kumara Bhandari,Independent,Dhanusha-3,6,Declared,♂ Male,Madhesh Province,Dhanusha
Sunila Sah,Independent,Dhanusha-3,6,Declared,♂ Male,Madhesh Province,Dhanusha
Hari Narayana Yadav,Independent,Dhanusha-3,6,Declared,♂ Male,Madhesh Province,Dhanusha
Mithilesha Kumara Yadav,Independent,Dhanusha-4,6,Declared,♂ Male,Madhesh Province,Dhanusha
Rajesha Kumara Yadav,Independent,Dhanusha-4,6,Declared,♂ Male,Madhesh Province,Dhanusha
Bijay Kumar Mandal,Independent,Mahottari-3,6,Declared,♂ Male,Madhesh Province,Mahottari
Mahindar Pasman,Independent,Mahottari-4,6,Declared,♂ Male,Madhesh Province,Mahottari
Shanti Devi,Independent,Mahottari-4,6,Declared,♀ Female,Madhesh Province,Mahottari
Hardev Mahara Chamar,Independent,Mahottari-4,6,Declared,♂ Male,Madhesh Province,Mahottari
Bharat Chaudhary,Independent,Sarlahi-1,6,Declared,♂ Male,Madhesh Province,Sarlahi
Pramod Kumar Sah,Independent,Sarlahi-3,6,Declared,♂ Male,Madhesh Province,Sarlahi
Laxmi Kumari Adhikari,Independent,Sarlahi-3,6,Declared,♀ Female,Madhesh Province,Sarlahi
Vibeka Silaval,Miteri Party Nepal,Nuwakot-1,6,Declared,♂ Male,Bagmati Province,Nuwakot
Tirtha Raj Paudel,Independent,Kathmandu-2,6,Declared,♂ Male,Bagmati Province,Kathmandu
Shreeram Gurung,Mongol National Organisation,Kathmandu-5,6,Declared,♀ Female,Bagmati Province,Kathmandu
Ramesh Tamang,Trimul Nepal,Kathmandu-5,6,Declared,♂ Male,Bagmati Province,Kathmandu
Dhak Bahadur Karki,Independent,Kathmandu-5,6,Declared,♂ Male,Bagmati Province,Kathmandu
Uddav Prasad Mishra,प्रजातान्त्रिक पार्टी नेपाल,Kathmandu-6,6,Declared,♂ Male,Bagmati Province,Kathmandu
Bala Bahadura Ke.si,Independent,Kathmandu-6,6,Declared,♂ Male,Bagmati Province,Kathmandu
Dharmaraj Gurung,Mongol National Organisation,Kathmandu-9,6,Declared,♂ Male,Bagmati Province,Kathmandu
Mdan Dangol,जनता समाजवादी पार्टी(एकल चुनाव चिन्ह),Kathmandu-9,6,Declared,♂ Male,Bagmati Province,Kathmandu
Juddha Bahadur Karki,Independent,Kathmandu-9,6,Declared,♂ Male,Bagmati Province,Kathmandu
Hari Prasad Ghimire,Independent,Kathmandu-9,6,Declared,♂ Male,Bagmati Province,Kathmandu
Kumar Khaki Shrestha,Independent,Kathmandu-10,6,Declared,♂ Male,Bagmati Province,Kathmandu
Sulochana Pariyar,Independent,Kathmandu-10,6,Declared,♀ Female,Bagmati Province,Kathmandu
Punya Ram Suwal,Independent,Bhaktapur-1,6,Declared,♂ Male,Bagmati Province,Bhaktapur
Dal Nath Timalsena,Independent,Lalitpur-1,6,Declared,♂ Male,Bagmati Province,Lalitpur
Mo. Phiroja Akhtar,Independent,Rautahat-2,6,Declared,♂ Male,Madhesh Province,Rautahat
Ramakanta Prasada Patel,Independent,Rautahat-2,6,Declared,♂ Male,Madhesh Province,Rautahat
Shyamalala Saha Teli,Independent,Rautahat-2,6,Declared,♂ Male,Madhesh Province,Rautahat
Nejama Mansuri,Independent,Rautahat-3,6,Declared,♂ Male,Madhesh Province,Rautahat
Samira Babu Karki,Independent,Rautahat-4,6,Declared,♂ Male,Madhesh Province,Rautahat
Amaresha Kumara Pande,Jana Adhikar Party,Bara-2,6,Declared,♂ Male,Madhesh Province,Bara
Jalan‍dara Mahato,Independent,Bara-2,6,Declared,♂ Male,Madhesh Province,Bara
Mukesha Prasada Kushavaha,Independent,Bara-2,6,Declared,♂ Male,Madhesh Province,Bara
Usha Budhathoki (prasaee),Independent,Bara-4,6,Declared,♀ Female,Madhesh Province,Bara
Bhekhanarayana Prasada Saha Teli,Independent,Bara-4,6,Declared,♂ Male,Madhesh Province,Bara
Mukesh Kushwaha,Nepal Workers and Peasants Party,Parsa-2,6,Declared,♂ Male,Madhesh Province,Parsa
Jainodin Miya Hawari,Independent,Parsa-3,6,Declared,♂ Male,Madhesh Province,Parsa
Nirdosh Bikram Paudel,Independent,Kaski-2,6,Declared,♂ Male,Gandaki Province,Kaski
Prem Lall Bhandari,Independent,Gulmi-1,6,Declared,♂ Male,Lumbini Province,Gulmi
Laxman Bhandari,Independent,Gulmi-1,6,Declared,♂ Male,Lumbini Province,Gulmi
Shri Khuvirama Aachary,Independent,Gulmi-2,6,Declared,♂ Male,Lumbini Province,Gulmi
Bhima Kumari Bhusal,Independent,Nawalpur-2,6,Declared,♀ Female,Gandaki Province,Nawalpur
Teka Bahadura Vi.k,Independent,Rupandehi-1,6,Declared,♂ Male,Lumbini Province,Rupandehi
Sandip Paudel,Independent,Rupandehi-2,6,Declared,♂ Male,Lumbini Province,Rupandehi
Bharat Pariyar,Independent,Dang-3,6,Declared,♂ Male,Lumbini Province,Dang
Udiram Chunara,Independent,Surkhet-2,6,Declared,♂ Male,Karnali Province,Surkhet
Kiran Thapa,Miteri Party Nepal,Kanchanpur-3,6,Declared,♂ Male,Sudurpashchim Province,Kanchanpur
Damodara Barma Sunar,Independent,Parasi-2,6,Declared,♂ Male,Lumbini Province,Parasi
Vishnu Prasada Paudel,Independent,Parasi-2,6,Declared,♂ Male,Lumbini Province,Parasi
Surya Narayan Thakur,Independent,Morang-5,5,Declared,♂ Male,Koshi Province,Morang
Indra Dev Mahato,Independent,Siraha-1,5,Declared,♂ Male,Madhesh Province,Siraha
Nagendra Kumar Yadav,Independent,Siraha-1,5,Declared,♂ Male,Madhesh Province,Siraha
Shri Nanda Safi Dhobi,Independent,Siraha-1,5,Declared,♂ Male,Madhesh Province,Siraha
Rovina Yadav,Independent,Siraha-2,5,Declared,♂ Male,Madhesh Province,Siraha
Ramesh Kumar Yadav,Independent,Siraha-2,5,Declared,♂ Male,Madhesh Province,Siraha
Shanti Devi Yadav,Independent,Siraha-2,5,Declared,♀ Female,Madhesh Province,Siraha
Ram Pukar Kamati,Independent,Siraha-3,5,Declared,♂ Male,Madhesh Province,Siraha
Rakesh Kumar Yadav,Independent,Siraha-3,5,Declared,♂ Male,Madhesh Province,Siraha
Rima Bahadura Oli,Independent,Dolakha-1,5,Declared,♂ Male,Bagmati Province,Dolakha
Luka Dorje Sherpa,Independent,Dolakha-1,5,Declared,♂ Male,Bagmati Province,Dolakha
Sumana Thapa,Independent,Dolakha-1,5,Declared,♂ Male,Bagmati Province,Dolakha
Parikshana Yadav,Independent,Dhanusha-1,5,Declared,♂ Male,Madhesh Province,Dhanusha
Saroja Kumara Mahara,Independent,Dhanusha-2,5,Declared,♂ Male,Madhesh Province,Dhanusha
Sujita Kumara Das,Independent,Dhanusha-2,5,Declared,♂ Male,Madhesh Province,Dhanusha
Kevala Thakur,Independent,Dhanusha-3,5,Declared,♂ Male,Madhesh Province,Dhanusha
Rakesha Chaudhari,Independent,Dhanusha-4,5,Declared,♂ Male,Madhesh Province,Dhanusha
Vanvi Kumari Mahato,Independent,Dhanusha-4,5,Declared,♀ Female,Madhesh Province,Dhanusha
Hari Prasada Paudel,Independent,Dhanusha-4,5,Declared,♂ Male,Madhesh Province,Dhanusha
Lalita Kumar Musahar,Independent,Mahottari-2,5,Declared,♀ Female,Madhesh Province,Mahottari
Satya Narayan Sah,Independent,Mahottari-2,5,Declared,♂ Male,Madhesh Province,Mahottari
Pankaj Kumar Pandey,Independent,Mahottari-3,5,Declared,♂ Male,Madhesh Province,Mahottari
Suresh Kumar Sah,Independent,Mahottari-3,5,Declared,♂ Male,Madhesh Province,Mahottari
Shiva Shankar Kumar Sharma,Janata Loktantrik Party Nepal,Mahottari-4,5,Declared,♂ Male,Madhesh Province,Mahottari
Manoj Kumar Yadav,Independent,Mahottari-4,5,Declared,♂ Male,Madhesh Province,Mahottari
Ram Chandra Chamar,Independent,Sarlahi-3,5,Declared,♂ Male,Madhesh Province,Sarlahi
Ambuj Prasad Sah,Independent,Sarlahi-4,5,Declared,♂ Male,Madhesh Province,Sarlahi
Vikrama Yadav,Independent,Sarlahi-4,5,Declared,♂ Male,Madhesh Province,Sarlahi
Surendra Pandey,Samaveshi Samajwadi Party,Kathmandu-1,5,Declared,♂ Male,Bagmati Province,Kathmandu
Manju Lama,Independent,Kathmandu-2,5,Declared,♀ Female,Bagmati Province,Kathmandu
Kedar Bahadur Karki,Independent,Kathmandu-4,5,Declared,♂ Male,Bagmati Province,Kathmandu
Ramita Sapkota,Independent,Kathmandu-5,5,Declared,♀ Female,Bagmati Province,Kathmandu
Indira Thapa,जनता समाजवादी पार्टी(एकल चुनाव चिन्ह),Kathmandu-6,5,Declared,♀ Female,Bagmati Province,Kathmandu
Sangam Aryal,Independent,Kathmandu-6,5,Declared,♂ Male,Bagmati Province,Kathmandu
Sujita Shrestha,Independent,Kathmandu-7,5,Declared,♀ Female,Bagmati Province,Kathmandu
Rajendra Prasad Shah,CPN (Unified),Kathmandu-8,5,Declared,♂ Male,Bagmati Province,Kathmandu
Madan Pokharel,Miteri Party Nepal,Kathmandu-9,5,Declared,♂ Male,Bagmati Province,Kathmandu
Savitri Nyaupane,Miteri Party Nepal,Bhaktapur-1,5,Declared,♀ Female,Bagmati Province,Bhaktapur
Lok Krishna Dahal,CPN (Unified),Bhaktapur-2,5,Declared,♂ Male,Bagmati Province,Bhaktapur
Rakesh Kumar Sharma,Independent,Makwanpur-1,5,Declared,♂ Male,Bagmati Province,Makwanpur
Bibeka Chaudhari,Independent,Rautahat-1,5,Declared,♂ Male,Madhesh Province,Rautahat
Ramananda Sharma,Independent,Rautahat-1,5,Declared,♂ Male,Madhesh Province,Rautahat
Radheshyama Saha Teli,Independent,Rautahat-1,5,Declared,♂ Male,Madhesh Province,Rautahat
Jahura Aalam,Independent,Rautahat-3,5,Declared,♂ Male,Madhesh Province,Rautahat
Rajendra Mahara,Independent,Rautahat-3,5,Declared,♂ Male,Madhesh Province,Rautahat
Soma Prasada Timalasina,Independent,Rautahat-4,5,Declared,♂ Male,Madhesh Province,Rautahat
Anita Kumari,Independent,Bara-2,5,Declared,♀ Female,Madhesh Province,Bara
Nagina Debi,Independent,Bara-2,5,Declared,♀ Female,Madhesh Province,Bara
Sunila Pasavan,Independent,Bara-3,5,Declared,♂ Male,Madhesh Province,Bara
Vimala Khativada,Independent,Bara-4,5,Declared,♀ Female,Madhesh Province,Bara
Pukar Thapa,Independent,Parsa-1,5,Declared,♂ Male,Madhesh Province,Parsa
M. Sajib Ali,Independent,Parsa-1,5,Declared,♂ Male,Madhesh Province,Parsa
Krishna Kumar Giri,Independent,Parsa-2,5,Declared,♂ Male,Madhesh Province,Parsa
Mahesh Mahato Dhanuk,Independent,Parsa-2,5,Declared,♂ Male,Madhesh Province,Parsa
Rabi Kumal,Independent,Chitwan-2,5,Declared,♂ Male,Bagmati Province,Chitwan
Rol Bahadur Gurung,Independent,Chitwan-3,5,Declared,♂ Male,Bagmati Province,Chitwan
Meena Nhisutu,Nepal Workers and Peasants Party,Kaski-3,5,Declared,♀ Female,Gandaki Province,Kaski
Maheshswar Ghimire,Independent,Gulmi-2,5,Declared,♂ Male,Lumbini Province,Gulmi
Gita Sapkota,Independent,Rupandehi-1,5,Declared,♀ Female,Lumbini Province,Rupandehi
Dipak Bahadur Darji,Independent,Rupandehi-3,5,Declared,♂ Male,Lumbini Province,Rupandehi
Bikram Prasad Yadav,Independent,Rupandehi-5,5,Declared,♂ Male,Lumbini Province,Rupandehi
Abdul Rahman,Independent,Kapilvastu-1,5,Declared,♂ Male,Lumbini Province,Kapilvastu
Ram Narayan Tharu,Independent,Kapilvastu-1,5,Declared,♂ Male,Lumbini Province,Kapilvastu
Krishna Chandra Pasi,Independent,Kapilvastu-2,5,Declared,♂ Male,Lumbini Province,Kapilvastu
Bhim Bahadur Lama,Mongol National Organisation,Myagdi-1,5,Declared,♂ Male,Gandaki Province,Myagdi
Pavitra Malla,आम जनता पार्टी(एकल चुनाव चिन्ह),Parbat-1,5,Declared,♀ Female,Gandaki Province,Parbat
Ganga Lal Rimal,Independent,Parbat-1,5,Declared,♂ Male,Gandaki Province,Parbat
Phul Kumari Khan,Independent,Sunsari-4,4,Declared,♀ Female,Koshi Province,Sunsari
Budheshwar Yadav,Independent,Sunsari-4,4,Declared,♂ Male,Koshi Province,Sunsari
Sanjay Kumar Chaudhary,Independent,Saptari-2,4,Declared,♂ Male,Madhesh Province,Saptari
Sahana Das,Independent,Saptari-2,4,Declared,♀ Female,Madhesh Province,Saptari
Rajiya Devi Sada,Independent,Saptari-3,4,Declared,♀ Female,Madhesh Province,Saptari
Valeshvara Dasa Tatma,Independent,Siraha-1,4,Declared,♂ Male,Madhesh Province,Siraha
Dipendara Kumar Yadav,Independent,Siraha-3,4,Declared,♂ Male,Madhesh Province,Siraha
Ramesh Chandra Sharma,Independent,Siraha-3,4,Declared,♂ Male,Madhesh Province,Siraha
Bhageshvara Das,Independent,Siraha-4,4,Declared,♂ Male,Madhesh Province,Siraha
Ranjit Kumar Yadav,Independent,Siraha-4,4,Declared,♂ Male,Madhesh Province,Siraha
Kirana Kumari Pasaman,Independent,Dhanusha-1,4,Declared,♀ Female,Madhesh Province,Dhanusha
Pavana Kumara Yadav,Independent,Dhanusha-1,4,Declared,♂ Male,Madhesh Province,Dhanusha
Laleshvara Yadav,Independent,Dhanusha-1,4,Declared,♂ Male,Madhesh Province,Dhanusha
Sumana Vish‍vakarma,Independent,Dhanusha-1,4,Declared,♂ Male,Madhesh Province,Dhanusha
Jnyana Kumara Yadab,Independent,Dhanusha-2,4,Declared,♂ Male,Madhesh Province,Dhanusha
Raju Kumara Sah,Independent,Dhanusha-3,4,Declared,♂ Male,Madhesh Province,Dhanusha
Ramasaroja Sah,Independent,Dhanusha-3,4,Declared,♂ Male,Madhesh Province,Dhanusha
Suvadara Yadav,Independent,Dhanusha-3,4,Declared,♂ Male,Madhesh Province,Dhanusha
Adhanu Pasman,Independent,Mahottari-2,4,Declared,♂ Male,Madhesh Province,Mahottari
Harishchandra Thakur,Independent,Mahottari-4,4,Declared,♂ Male,Madhesh Province,Mahottari
Umesh Kumar Raya,Independent,Sarlahi-3,4,Declared,♂ Male,Madhesh Province,Sarlahi
Lakhendra Mahato,Independent,Sarlahi-4,4,Declared,♂ Male,Madhesh Province,Sarlahi
Sanjiv Kumar Paswan,Independent,Sarlahi-4,4,Declared,♂ Male,Madhesh Province,Sarlahi
Dipaka Tamang,Independent,Dhading-1,4,Declared,♂ Male,Bagmati Province,Dhading
Dhurbaprasad Pandey,Independent,Dhading-1,4,Declared,♂ Male,Bagmati Province,Dhading
Dharmaraj Nepal,Independent,Dhading-1,4,Declared,♂ Male,Bagmati Province,Dhading
Arjun Dhungana,Independent,Kathmandu-2,4,Declared,♂ Male,Bagmati Province,Kathmandu
Rupak Bastakoti,Independent,Kathmandu-2,4,Declared,♂ Male,Bagmati Province,Kathmandu
Aman Shrestha,Independent,Kathmandu-7,4,Declared,♂ Male,Bagmati Province,Kathmandu
Puspa Baniya,Independent,Kathmandu-7,4,Declared,♂ Male,Bagmati Province,Kathmandu
Tulasha Shrestha Maharjan,Independent,Kathmandu-8,4,Declared,♀ Female,Bagmati Province,Kathmandu
Muna Neupane (Pandey),Independent,Kathmandu-8,4,Declared,♀ Female,Bagmati Province,Kathmandu
Pun Maya Maharjan,Independent,Kathmandu-9,4,Declared,♀ Female,Bagmati Province,Kathmandu
Min Badhaur Budhathoki,Independent,Kathmandu-10,4,Declared,♂ Male,Bagmati Province,Kathmandu
Keshavaraja Timalsina,Independent,Kavrepalanchok-2,4,Declared,♂ Male,Bagmati Province,Kavrepalanchok
Mahesha Kunvar,Miteri Party Nepal,Sindhupalchok-2,4,Declared,♂ Male,Bagmati Province,Sindhupalchok
Rama Naresha Raya Yadav,Independent,Rautahat-1,4,Declared,♂ Male,Madhesh Province,Rautahat
Vinda Lala Sah,Independent,Rautahat-4,4,Declared,♂ Male,Madhesh Province,Rautahat
Harihara Mukhiya Bin,Independent,Rautahat-4,4,Declared,♂ Male,Madhesh Province,Rautahat
Prayaga Prasada Chaudhari,Independent,Bara-2,4,Declared,♂ Male,Madhesh Province,Bara
Umaravati Devi Sah,Independent,Bara-3,4,Declared,♀ Female,Madhesh Province,Bara
Mukesha Kumara Rauniyar,Independent,Bara-4,4,Declared,♂ Male,Madhesh Province,Bara
Sandipa Yadav,Independent,Bara-4,4,Declared,♂ Male,Madhesh Province,Bara
Naresh Kumar Yadav,Independent,Parsa-1,4,Declared,♂ Male,Madhesh Province,Parsa
Shiva Prasad Koir,Independent,Parsa-1,4,Declared,♂ Male,Madhesh Province,Parsa
Shivashankar Prasad Rauniyar,Independent,Parsa-3,4,Declared,♂ Male,Madhesh Province,Parsa
Koraisa Khatun,Independent,Parsa-4,4,Declared,♀ Female,Madhesh Province,Parsa
Lukman Miya,Independent,Parsa-4,4,Declared,♂ Male,Madhesh Province,Parsa
Samsulhak Miya Dhuniya,Independent,Parsa-4,4,Declared,♂ Male,Madhesh Province,Parsa
Prabin Sapkota,Independent,Chitwan-2,4,Declared,♂ Male,Bagmati Province,Chitwan
Krishna Prasad Adhikari,Independent,Chitwan-3,4,Declared,♂ Male,Bagmati Province,Chitwan
Mekh Bahadur Gaha,Independent,Gulmi-1,4,Declared,♂ Male,Lumbini Province,Gulmi
Yagya Bahadur Shrestha,Independent,Gulmi-1,4,Declared,♂ Male,Lumbini Province,Gulmi
Ram Prasad Pokharel,Independent,Gulmi-2,4,Declared,♂ Male,Lumbini Province,Gulmi
Sarasswati Lamsal,Independent,Gulmi-2,4,Declared,♀ Female,Lumbini Province,Gulmi
Bel Bahadur Karki,Independent,Rupandehi-2,4,Declared,♂ Male,Lumbini Province,Rupandehi
Lal Bahadur Rana,गान्धीवादी पार्टी नेपाल,Rupandehi-3,4,Declared,♂ Male,Lumbini Province,Rupandehi
Jumrati Dhuniya Musalman,Independent,Rupandehi-3,4,Declared,♂ Male,Lumbini Province,Rupandehi
Madhav Prasad Khanal (Upadhyaya),Independent,Kapilvastu-1,4,Declared,♂ Male,Lumbini Province,Kapilvastu
Mahesh Kurmi,Independent,Kapilvastu-2,4,Declared,♂ Male,Lumbini Province,Kapilvastu
Hariram Teli,Independent,Kapilvastu-3,4,Declared,♂ Male,Lumbini Province,Kapilvastu
Bishnu Bikram Sen Oli,Independent,Dang-2,4,Declared,♂ Male,Lumbini Province,Dang
Samira Vali,Independent,Dang-2,4,Declared,♂ Male,Lumbini Province,Dang
Haddisa Ali Miya,Independent,Parasi-2,4,Declared,♂ Male,Lumbini Province,Parasi
Prakash Nepal,Independent,Jhapa-5,3,Declared,♂ Male,Koshi Province,Jhapa
Jai Narayan Sharma,Independent,Morang-5,3,Declared,♂ Male,Koshi Province,Morang
Rajan Kumar Gautam,Independent,Sunsari-3,3,Declared,♂ Male,Koshi Province,Sunsari
Kapalesh‍vari Devi Sah,Independent,Siraha-2,3,Declared,♀ Female,Madhesh Province,Siraha
Pradeep Kumar Shrestha,Independent,Siraha-3,3,Declared,♂ Male,Madhesh Province,Siraha
Rajesh‍vara Yadav,Independent,Siraha-3,3,Declared,♂ Male,Madhesh Province,Siraha
Sumit Shrestha,Independent,Siraha-3,3,Declared,♂ Male,Madhesh Province,Siraha
Kakulati Kumari Sah,Independent,Dhanusha-1,3,Declared,♀ Female,Madhesh Province,Dhanusha
Sochindara Yadav,Independent,Dhanusha-1,3,Declared,♂ Male,Madhesh Province,Dhanusha
Rama Hridaya Yadab,Independent,Dhanusha-4,3,Declared,♂ Male,Madhesh Province,Dhanusha
Sabita Kumari Devi,Independent,Mahottari-1,3,Declared,♀ Female,Madhesh Province,Mahottari
Ranjay Kumar Mishra,Independent,Mahottari-3,3,Declared,♂ Male,Madhesh Province,Mahottari
Ram Kalash,Independent,Sarlahi-1,3,Declared,♂ Male,Madhesh Province,Sarlahi
Dambar Bahadur Khadka,Independent,Sarlahi-3,3,Declared,♂ Male,Madhesh Province,Sarlahi
Pramod Bhattarai,Independent,Sarlahi-3,3,Declared,♂ Male,Madhesh Province,Sarlahi
Arbind Kumar Thakur,Independent,Sarlahi-4,3,Declared,♂ Male,Madhesh Province,Sarlahi
Dawa Mingmar Tamang,Independent,Rasuwa-1,3,Declared,♂ Male,Bagmati Province,Rasuwa
Raj Kumar Bajgain,Independent,Kathmandu-1,3,Declared,♂ Male,Bagmati Province,Kathmandu
Krishna Bahadur Khatri,Trimul Nepal,Kathmandu-2,3,Declared,♂ Male,Bagmati Province,Kathmandu
Tap Bahadur Thapa,Independent,Kathmandu-2,3,Declared,♂ Male,Bagmati Province,Kathmandu
Prava Shrestha,Independent,Kathmandu-5,3,Declared,♀ Female,Bagmati Province,Kathmandu
Ram Kumar Ghimire,Independent,Kathmandu-6,3,Declared,♂ Male,Bagmati Province,Kathmandu
Suman Putuwar Maharjan,Independent,Kathmandu-7,3,Declared,♂ Male,Bagmati Province,Kathmandu
Sabita Gamal,Independent,Kathmandu-7,3,Declared,♀ Female,Bagmati Province,Kathmandu
Om Krishna Kutu,Independent,Bhaktapur-2,3,Declared,♂ Male,Bagmati Province,Bhaktapur
Renu Shrestha,Independent,Bhaktapur-2,3,Declared,♀ Female,Bagmati Province,Bhaktapur
Kiran Maharjan,आम जनता पार्टी(एकल चुनाव चिन्ह),Lalitpur-1,3,Declared,♂ Male,Bagmati Province,Lalitpur
Bharat Dhulal,Independent,Lalitpur-1,3,Declared,♂ Male,Bagmati Province,Lalitpur
Rabiraj Paudel,Independent,Lalitpur-2,3,Declared,♂ Male,Bagmati Province,Lalitpur
Bimarsha Mishra,Independent,Lalitpur-3,3,Declared,♂ Male,Bagmati Province,Lalitpur
Een‍du Devi Gup‍ta,Independent,Rautahat-1,3,Declared,♀ Female,Madhesh Province,Rautahat
Shambhu Prasad,Independent,Rautahat-1,3,Declared,♂ Male,Madhesh Province,Rautahat
Ramajanma Prasada Yadav,Independent,Rautahat-2,3,Declared,♂ Male,Madhesh Province,Rautahat
Jitendra Prasada Bin,Independent,Rautahat-4,3,Declared,♂ Male,Madhesh Province,Rautahat
Mohana Prasada Chaulagaee,Independent,Bara-4,3,Declared,♂ Male,Madhesh Province,Bara
Anil Prasad Yadav,Independent,Parsa-1,3,Declared,♂ Male,Madhesh Province,Parsa
Abhinash Chaurasiya,Independent,Parsa-1,3,Declared,♂ Male,Madhesh Province,Parsa
Aryashashikala Raut,Independent,Parsa-1,3,Declared,♀ Female,Madhesh Province,Parsa
Dipa Kumara Barma,Independent,Parsa-1,3,Declared,♂ Male,Madhesh Province,Parsa
Bishal Kumar Pandey,Independent,Parsa-1,3,Declared,♂ Male,Madhesh Province,Parsa
Kismati Devi,Independent,Parsa-2,3,Declared,♀ Female,Madhesh Province,Parsa
Saheb Prasad Ram,Independent,Parsa-2,3,Declared,♂ Male,Madhesh Province,Parsa
Sabir Ahamad,Independent,Parsa-4,3,Declared,♂ Male,Madhesh Province,Parsa
Pratap Singh Tamang,Independent,Chitwan-2,3,Declared,♂ Male,Bagmati Province,Chitwan
Binita Awal,Nepal Workers and Peasants Party,Kaski-2,3,Declared,♀ Female,Gandaki Province,Kaski
Narendra Prasad Rijal,Independent,Gulmi-2,3,Declared,♂ Male,Lumbini Province,Gulmi
Pharsurama Kadel,Independent,Gulmi-2,3,Declared,♂ Male,Lumbini Province,Gulmi
Pampha Shrestha,Independent,Arghakhanchi-1,3,Declared,♀ Female,Lumbini Province,Arghakhanchi
Keshav Tandon,Independent,Rupandehi-2,3,Declared,♂ Male,Lumbini Province,Rupandehi
Gokul Prasad Pandey,Independent,Rupandehi-2,3,Declared,♂ Male,Lumbini Province,Rupandehi
Raj Kumar Bhattarai,Independent,Rupandehi-2,3,Declared,♂ Male,Lumbini Province,Rupandehi
Dhirendra Prasad Chaudhary,Independent,Rupandehi-5,3,Declared,♂ Male,Lumbini Province,Rupandehi
Eebrahima Pathan,Independent,Kapilvastu-2,3,Declared,♂ Male,Lumbini Province,Kapilvastu
Yam Bahadur Gurung,Mongol National Organisation,Mustang-1,3,Declared,♂ Male,Gandaki Province,Mustang
Sabitri Sharma,Independent,Parbat-1,3,Declared,♀ Female,Gandaki Province,Parbat
Radhika Kumari Karki,Miteri Party Nepal,Kailali-5,3,Declared,♀ Female,Sudurpashchim Province,Kailali
Roshani Rail,Independent,Sunsari-2,2,Declared,♀ Female,Koshi Province,Sunsari
Abhinash Kumar Singh,Independent,Saptari-2,2,Declared,♂ Male,Madhesh Province,Saptari
Oma Prakasha Vish‍vakarma,Independent,Saptari-3,2,Declared,♂ Male,Madhesh Province,Saptari
Jivachha Kumara Yadav,Independent,Siraha-3,2,Declared,♂ Male,Madhesh Province,Siraha
Jiwacha Mochi,Independent,Siraha-4,2,Declared,♂ Male,Madhesh Province,Siraha
Manoja Kumara Sah,Independent,Dhanusha-3,2,Declared,♂ Male,Madhesh Province,Dhanusha
Vinoda Karn,Independent,Dhanusha-3,2,Declared,♂ Male,Madhesh Province,Dhanusha
Chandan Rajbanshi,Independent,Sarlahi-3,2,Declared,♂ Male,Madhesh Province,Sarlahi
Arjun Prasad Aryal,Independent,Dhading-1,2,Declared,♂ Male,Bagmati Province,Dhading
Raj Kumar Limbu,Miteri Party Nepal,Kathmandu-1,2,Declared,♂ Male,Bagmati Province,Kathmandu
Kamal Subedi,आम जनता पार्टी(एकल चुनाव चिन्ह),Kathmandu-1,2,Declared,♂ Male,Bagmati Province,Kathmandu
Kiran Shah,Independent,Kathmandu-1,2,Declared,♂ Male,Bagmati Province,Kathmandu
Ramesh Prasad Joshi,Independent,Kathmandu-1,2,Declared,♂ Male,Bagmati Province,Kathmandu
Sita Tiwari,Independent,Kathmandu-2,2,Declared,♀ Female,Bagmati Province,Kathmandu
Prem Chhiri Sherpa,National Republic Nepal,Kathmandu-3,2,Declared,♂ Male,Bagmati Province,Kathmandu
Rup Sagar Devi,आम जनता पार्टी(एकल चुनाव चिन्ह),Kathmandu-3,2,Declared,♀ Female,Bagmati Province,Kathmandu
Pradipa Kaphle,Independent,Kathmandu-3,2,Declared,♂ Male,Bagmati Province,Kathmandu
Ashish Shrestha,Independent,Kathmandu-4,2,Declared,♂ Male,Bagmati Province,Kathmandu
Madhu Sudan Sharma,Independent,Kathmandu-9,2,Declared,♂ Male,Bagmati Province,Kathmandu
Nabin Kumar Mahat,Independent,Bhaktapur-2,2,Declared,♂ Male,Bagmati Province,Bhaktapur
Lakshmi Bastola Paudel,Independent,Bhaktapur-2,2,Declared,♀ Female,Bagmati Province,Bhaktapur
Tilak Bahadur Bholan,Independent,Lalitpur-1,2,Declared,♂ Male,Bagmati Province,Lalitpur
Ramesh Acharya,Independent,Makwanpur-2,2,Declared,♂ Male,Bagmati Province,Makwanpur
Lalababu Prasada Kushavaha,Independent,Rautahat-3,2,Declared,♂ Male,Madhesh Province,Rautahat
Chhotelala Sah,Independent,Bara-2,2,Declared,♂ Male,Madhesh Province,Bara
Suresha Prasada Sharma Suvedi,Independent,Bara-3,2,Declared,♂ Male,Madhesh Province,Bara
Ramnaresh Prasad Chaurasiya,Independent,Parsa-2,2,Declared,♂ Male,Madhesh Province,Parsa
Kanti Devi Kurmi,Independent,Parsa-4,2,Declared,♀ Female,Madhesh Province,Parsa
Bhumiraj Sapkota,Independent,Gulmi-2,2,Declared,♂ Male,Lumbini Province,Gulmi
Surendra Pandey,Independent,Gulmi-2,2,Declared,♂ Male,Lumbini Province,Gulmi
Kamala Shah,Independent,Rupandehi-2,2,Declared,♀ Female,Lumbini Province,Rupandehi
Bhanubhakta Bhandari,Independent,Rupandehi-2,2,Declared,♂ Male,Lumbini Province,Rupandehi
Sita Kuvanr,Independent,Rupandehi-2,2,Declared,♀ Female,Lumbini Province,Rupandehi
Ausapha Ahamada Khan,Independent,Kapilvastu-3,2,Declared,♂ Male,Lumbini Province,Kapilvastu
Manoj Kumar Chaturvedi,Independent,Kapilvastu-3,2,Declared,♂ Male,Lumbini Province,Kapilvastu
Junu Bhandari,Miteri Party Nepal,Dolpa-1,2,Declared,♀ Female,Karnali Province,Dolpa
Samjhana Bista Thapa,Miteri Party Nepal,Kailali-2,2,Declared,♀ Female,Sudurpashchim Province,Kailali
Ramdev Thakur,Independent,Siraha-1,1,Declared,♂ Male,Madhesh Province,Siraha
Manchan Mahato,Independent,Siraha-3,1,Declared,♂ Male,Madhesh Province,Siraha
Satish Chandra Singh,Independent,Siraha-3,1,Declared,♂ Male,Madhesh Province,Siraha
Sa‌njita Kumara Sah,Independent,Dhanusha-1,1,Declared,♂ Male,Madhesh Province,Dhanusha
Reshma Devi,Independent,Mahottari-2,1,Declared,♀ Female,Madhesh Province,Mahottari
Satya Narayan Chaudhary Kalwar,Independent,Sarlahi-2,1,Declared,♂ Male,Madhesh Province,Sarlahi
Lok Bhadur Darlami,Independent,Sarlahi-3,1,Declared,♂ Male,Madhesh Province,Sarlahi
Shiv Nidhi Khanal,Independent,Dhading-2,1,Declared,♂ Male,Bagmati Province,Dhading
Raju Bhujel,Independent,Kathmandu-1,1,Declared,♂ Male,Bagmati Province,Kathmandu
Shanti Shrestha,Independent,Kathmandu-1,1,Declared,♀ Female,Bagmati Province,Kathmandu
Sangita Bamm,Independent,Kathmandu-1,1,Declared,♂ Male,Bagmati Province,Kathmandu
Ira Shrestha,Independent,Kathmandu-2,1,Declared,♀ Female,Bagmati Province,Kathmandu
Jit Bahadur Tamang,Miteri Party Nepal,Kathmandu-3,1,Declared,♂ Male,Bagmati Province,Kathmandu
Anita Bhattarai,Independent,Bhaktapur-2,1,Declared,♀ Female,Bagmati Province,Bhaktapur
Pradip Kumar Rupakheti,Independent,Bhaktapur-2,1,Declared,♂ Male,Bagmati Province,Bhaktapur
Madhu Prakash Sahukhal,Independent,Bhaktapur-2,1,Declared,♂ Male,Bagmati Province,Bhaktapur
Shyan Krishna Dhukhwa,Independent,Bhaktapur-2,1,Declared,♂ Male,Bagmati Province,Bhaktapur
Ram Khadka,Independent,Lalitpur-1,1,Declared,♂ Male,Bagmati Province,Lalitpur
Raj Kumar Khadka,Independent,Makwanpur-1,1,Declared,♂ Male,Bagmati Province,Makwanpur
Dinesha Kumara Yadav,Independent,Rautahat-1,1,Declared,♂ Male,Madhesh Province,Rautahat
Munindra Kumara Thakur,Independent,Rautahat-1,1,Declared,♂ Male,Madhesh Province,Rautahat
Ravi Archanam Varma,Independent,Rautahat-1,1,Declared,♂ Male,Madhesh Province,Rautahat
Ratanesha Mahato Koiri,Independent,Rautahat-3,1,Declared,♂ Male,Madhesh Province,Rautahat
Jalamahamada Ansari,Independent,Bara-2,1,Declared,♂ Male,Madhesh Province,Bara
Purna Prasada Panth,Independent,Bara-4,1,Declared,♂ Male,Madhesh Province,Bara
Mangesh‍vara Patel,Independent,Bara-4,1,Declared,♂ Male,Madhesh Province,Bara
Prem Mehata,Independent,Parsa-1,1,Declared,♂ Male,Madhesh Province,Parsa
Saroj Prasad Yadav,Independent,Parsa-1,1,Declared,♂ Male,Madhesh Province,Parsa
Roshan Prasad Ahir,Independent,Parsa-2,1,Declared,♂ Male,Madhesh Province,Parsa
Krishna Bahadur Sunar,Independent,Gulmi-1,1,Declared,♂ Male,Lumbini Province,Gulmi
Surya Bahadura Soni Sunar,Independent,Gulmi-1,1,Declared,♂ Male,Lumbini Province,Gulmi
Usha Bhattarai,Independent,Rupandehi-2,1,Declared,♀ Female,Lumbini Province,Rupandehi
Kamala Bohara,Independent,Rupandehi-2,1,Declared,♀ Female,Lumbini Province,Rupandehi
Madhusudan Panthi,Independent,Rupandehi-2,1,Declared,♂ Male,Lumbini Province,Rupandehi
Parmeshwar Dayal Mishra,Independent,Kapilvastu-3,1,Declared,♂ Male,Lumbini Province,Kapilvastu
Hariram Prasad Yadav,Independent,Kapilvastu-3,1,Declared,♂ Male,Lumbini Province,Kapilvastu
Suresh Nepali,Independent,Dang-3,1,Declared,♂ Male,Lumbini Province,Dang
Krishna Kumara Sah,Independent,Dhanusha-3,—,Declared,♂ Male,Madhesh Province,Dhanusha
Matrika Prasada Das,Independent,Dhanusha-3,—,Declared,♂ Male,Madhesh Province,Dhanusha
Sita Devi Sah,Independent,Dhanusha-3,—,Declared,♀ Female,Madhesh Province,Dhanusha
Krishna Prasad Adhikari,Independent,Dhading-1,—,Declared,♂ Male,Bagmati Province,Dhading
Arjun Bahadur Shahi,Nepal Janasewa Party,Kathmandu-1,—,Declared,♂ Male,Bagmati Province,Kathmandu
Debendra Sihan,Independent,Lalitpur-1,—,Declared,♂ Male,Bagmati Province,Lalitpur
Kusuma Khatun,Independent,Rautahat-4,—,Declared,♀ Female,Madhesh Province,Rautahat
Prem Prasad Shrestha,Independent,Gulmi-1,—,Declared,♂ Male,Lumbini Province,Gulmi
Vimala Jnyavali,Independent,Gulmi-1,—,Declared,♂ Male,Lumbini Province,Gulmi
Tika Bahadur Chhetri,Independent,Rupandehi-2,—,Declared,♂ Male,Lumbini Province,Rupandehi
Dilip Kumar Sunar,Independent,Rupandehi-2,—,Declared,♂ Male,Lumbini Province,Rupandehi
Bal Krishna Gyawali,Independent,Rupandehi-2,—,Declared,♂ Male,Lumbini Province,Rupandehi
Bimala Bhattarai,Independent,Rupandehi-2,—,Declared,♀ Female,Lumbini Province,Rupandehi
Vishnu Prasada Vasyal,Independent,Rupandehi-2,—,Declared,♂ Male,Lumbini Province,Rupandehi
