candidateId,nameNp,name,partyName,partyId,votes,gender,isWinner,fatherName,qualification,institution,address,spouseName,experience,code,CandidateID,AGE_YR
339933,क्षितिज थेबे,Khitiz Thebe,नेपाल कम्युनिष्ट पार्टी (एकीकृत मार्क्सवादी लेनिनवादी),2598,13962,M,True,भुपेन्द्र  थेबे,स्नातक,TU,ताप्लेजुङ सिरीजङ्घा गाउँपालिका मादिबुङ,,,1-ताप्लेजुङ-1,339933,38
341131,गजेन्द्र प्रसाद तुम्याङ लिम्बु,Gajendra Prasad Tumyang Limbu,नेपाली काँग्रेस,2583,11711,M,False,Purna Bahadur Limbu,स्नातक,पाथीभरा वहुमुखी क्याम्पस,Taplejung,Radhika Lingden Tumyang,,1-ताप्लेजुङ-1,341131,46
339610,खेल प्रसाद बुडाक्षेत्री,Khel Prasad Buda Chhetri,नेपाली कम्युनिष्ट पार्टी,2557,6775,M,False,शम्सेर बहादुर बुडाक्षेत्री,I.s.c,TU,ताप्लेजुङ सिरीजङ्घा गाउँपालिका चिचिहाङ्ग,कुमारी  बुडाक्षेत्री,,1-ताप्लेजुङ-1,339610,50
340005,सन्तोष राई,Santosh Rai,श्रम संस्कृति पार्टी,2501,5209,M,False,Bal Bahadur Rai,कक्षा ८,गणेश मा.वि. खेवाङ,Taplejung,Sita Rai,,1-ताप्लेजुङ-1,340005,49
340459,बिरेन्द्र श्रेष्ठ,Birendra Shrestha,राष्ट्रिय स्वतन्त्र पार्टी,2528,4155,M,False,Tek Bahadur Shrestha,ईन्जिनेरिङ ग्राजुएड,युनिभर सिटी आर्मानिय,Taplejung,Manolak Wuphashree Shrestha,,1-ताप्लेजुङ-1,340459,55
340763,किर्ती मान मादेन,Kirti Man Maden,उज्यालो नेपाल पार्टी,2566,232,M,False,Narayan Prasad Maden,SLC,भानु जन मा.वि.,Taplejung,Nita Maden,,1-ताप्लेजुङ-1,340763,65
339429,"मुकसाम लाबुङ, लिम्बु","Muksam Labung, Limbu",संघीय लोकतान्त्रिक राष्ट्रिय मञ्च,2550,221,M,False,बरधोज  लिम्बु,SEE,सरस्वती मा.वि. ,ताप्लेजुङ फक्ताङलुङ गाउँपालिका सेतोबा,,,1-ताप्लेजुङ-1,339429,44
340160,ईन्द्र प्रसाद थापा,Indra Prasad Thapa,राष्ट्रिय प्रजातन्त्र पार्टी,2604,185,M,False,Narjung Thapa,आई.ए.,पाथीभरा वहुमुखी क्याम्पस,Kailali,"Ishwara, Punyawati Devi, Prasai, Adhikari (Thapa)",,1-ताप्लेजुङ-1,340160,63
340649,नरपती पौडेल,Narpati Paudel,नेपाल कम्युनिस्ट पार्टी (माओवादी),2526,155,M,False,Dhurba Paudel,SLC,जनता मावि हाङदेवा,Taplejung,Bimala Khatiwada,,1-ताप्लेजुङ-1,340649,61
340108,अरुन सुब्बा (लेछर्वो),Arun Subba (Lechervo),जनता समाजवादी पार्टी(एकल चुनाव चिन्ह),2531,141,M,False,हिमाल प्रसाद लिम्बु,एस.एल.सी,सिवा माद्यमिक विद्यालय,ताप्लेजुङ फुङलिङ नगरपालिका ,धनिका  चङवाङ,,1-ताप्लेजुङ-1,340108,48
340363,सूर्य गुरुङ,Surya Gurung,"जनता समाजवादी पार्टी, नेपाल",2542,55,M,False,San Man Gurung,एम.ए.,BHM,Taplejung,,,1-ताप्लेजुङ-1,340363,66
339312,सन्त बहादुर लिम्बु,Sant Bahadur Limbu,मंगोल नेशनल अर्गनाइजेसन,2511,50,M,False,फौद मान लिम्बु,कक्षा १०,,ताप्लेजुङ फुङलिङ नगरपालिका ,लक्ष्मी  लिम्बु,,1-ताप्लेजुङ-1,339312,57
339488,इन्द्र कुमार लिम्बू,Indra Kumar Limbu,नेपाल जनमुक्ति पार्टी,2529,46,M,False,Suk Raj Limbu,साक्षर,,Taplejung,Man Maya Limbu,,1-ताप्लेजुङ-1,339488,48
340563,नरेन्द्र कुमार केरुङ,Narendra Kumar Kerung,नेपाली काँग्रेस,2583,17233,M,True,Dev Man Kerung,स्नात्तकोतर व्यवस्थापन,त्रि.वी क्रितिपुर,Panchthar,Mina Kumari Rijal (Kerung),नेपाली काग्रेस केन्द्रिय सदस्य २०८२ नेपाली कांग्रेस पाँचथर सभापति २०६७-७८ प्रदेश सभा सदस्य उमेद्वार पाँचथर २०७४ संविधान सभा सदस्य उमेद्वार २०७० प्रजान्त्र वादी प्रध्यापक संघको केन्द्रीय सदस्य।,1-पाँचथर-1,340563,53
339925,हस्त राज शेर्मा,Hasta Raj Sherma,श्रम संस्कृति पार्टी,2501,14734,M,False,Nar Bahadur Sherma,SLC,श्री सिद्ध सरस्वती मा.वि,Panchthar,Chanda Numa Sherma,गायन तथा बाध्यवादन,1-पाँचथर-1,339925,40
340277,अइन्द्र सुन्दर नेम्वाङ,Aindra Sundar Nembang,नेपाल कम्युनिष्ट पार्टी (एकीकृत मार्क्सवादी लेनिनवादी),2598,14534,M,False,Khamananda Si Nembang,I.A,त्रि.वि,Panchthar,,राजनिति कृयाशिल २५ वर्ष बाट,1-पाँचथर-1,340277,48
340425,हर्क बहादुर नेम्बाङ,Hark Bahadur Nembang,नेपाली कम्युनिष्ट पार्टी,2557,11443,M,False,गंगा प्रसाद नेम्बाङ,आ.ए,महेन्द्र रत्न क्याम्पस इलाम,पाँचथर फिदिम नगरपालिका ,रमुना  नेम्बाङ,२०५७ साले देखि कम्युनिष्ट आनदोलनमा लागि विभागिय क्षेत्रीय उत्पीडनका बारेमा ग्रामीण बस्तीहरुमा प्रत्यक्ष अनुभव गरेको।,1-पाँचथर-1,340425,45
340066,महेन्द्र विक्रम थाम्सुहाङ,Mahendra Bikram Thamsuhang,राष्ट्रिय स्वतन्त्र पार्टी,2528,4197,M,False,Aindra Bikram Thamsuhang,आ.ए,त्रि.वि.वि.,Panchthar,Nandakumari Chemjong,समाजिक अभियन्ता राजनितिक निखारता खेलकुद विभिन्न संघ सस्था,1-पाँचथर-1,340066,57
340963,टेकबहादुर सुब्बा,Tek Bahadur Subba,राष्ट्रिय परिवर्तन पार्टी,2568,2825,M,False,Jit Bahadur Subba,+12,,Panchthar,,राजनिति समाजसेवा संघ सस्था,1-पाँचथर-1,340963,42
340153,तेज कुमार कुरुम्वाङ्ग,Tej Kumar Kurumbang,राष्ट्रिय प्रजातन्त्र पार्टी,2604,925,M,False,Hari Prasad Kurumbang,आई .कम,पाँचथर क्याम्पस,Panchthar,Sunita Kurumbang,,1-पाँचथर-1,340153,62
341366,मचिन्द्र प्रसाद बेघा,Machindra Prasad Begha,"जनता समाजवादी पार्टी, नेपाल",2542,247,M,False,Harka Prasad Begha,साक्षर,,Panchthar,Man Rani Limbuni,,1-पाँचथर-1,341366,69
342252,भानु भक्त फियाक,Bhanu Bhakta Phiak,संघीय लोकतान्त्रिक राष्ट्रिय मञ्च,2550,180,M,False,राम जीतहाङ फियाक,बि.ए,दमक बहुमुखी क्याम्पस,पाँचथर मिक्लाजुङ गाउँपालिका मुल गाउँ,चन्द्र कला फियाक,समाज सेवा,1-पाँचथर-1,342252,50
339540,राम कुमार तुम्रोक,Ram Kumar Tumrok,मंगोल नेशनल अर्गनाइजेसन,2511,162,M,False,Birkha Bahadur Tumrok,सामान्य,श्री सिद्ध कालीका मा.वि,Panchthar,Dilu Rai,कृषि,1-पाँचथर-1,339540,47
342095,मित्र लिङदेन,Mitra Lingden,राष्ट्रिय मुक्ति पार्टी नेपाल(एकल चुनाव चिन्ह),2531,143,M,False,Sher Bahadur Lingden,बि.ए,पाँचथर बहुमुखी क्याम्पस,Panchthar,,फिल्म लेखन,1-पाँचथर-1,342095,52
341621,प्रकाश काफ्ले,Prakash Kafle,प्रगतिशील लोकतान्त्रिक पार्टी,2516,115,M,False,Chandra Prasad Kafle,12+,पृथ्वी उच्च मा.वि,Panchthar,Puja Kafle,,1-पाँचथर-1,341621,38
341790,विजय नेम्वाङ,Vijay Nembang,नेपाल कम्युनिस्ट पार्टी (माओवादी),2526,90,M,False,राम ध्वोज नेम्वाङ,साक्षर,कृष्ण मा.वि,पाँचथर फाल्गुनन्द गाउँपालिका वारडाँडा,इन्द्र कुमारी लावती,श्री तिनचुले जरिबुट्टी सहकारी राजनितिक क्षेत्रमा लामो समयदेखि योगदान,1-पाँचथर-1,341790,43
341025,नरेन्द्र प्रसाद कुरुम्‍वाङ,Narendra Prasada Kurum‍vang,नेपाल जनमुक्ति पार्टी,2529,61,M,False,रत्न बहादुर कुरुम्‍वाङ,SLC,,पाँचथर मिक्लाजुङ गाउँपालिका हात्तीमारा,पुरन माया कुरुम्‍वाङ,,1-पाँचथर-1,341025,68
340696,लक्षुमान तामाङ,Laksuman Tamang,नेपाल मजदुर किसान पार्टी,2578,32,M,False,गान्दे   तामाङ,SLC,श्री जलसी मा.वि,पाँचथर फाल्गुनन्द गाउँपालिका ,पुर्णी माया तामाङ,,1-पाँचथर-1,340696,40
340081,निश्कल राई,Nishkala Raee,नेपाली काँग्रेस,2583,14543,M,True,तेज बहादुर राई,,,इलाम सूर्योदय नगरपालिका केँची गाउ,,,1-इलाम-1,340081,35
339759,विनोद नेम्बाङ्ग लिम्बु,Vinoda Nembangga Limbu,श्रम संस्कृति पार्टी,2501,13632,M,False,भिम बहादुर लिम्बु,,,इलाम माई नगरपालिका ,,,1-इलाम-1,339759,37
339884,काजी मान कागते,Kaji Mana Kagate,नेपाल कम्युनिष्ट पार्टी (एकीकृत मार्क्सवादी लेनिनवादी),2598,11966,M,False,मन बहादुर कागते,,,इलाम सूर्योदय नगरपालिका डबु गाउँ,दुर्गा  कागते,,1-इलाम-1,339884,64
340213,विमल गदाल,Vimala Gadal,राष्ट्रिय स्वतन्त्र पार्टी,2528,9160,M,False,दुर्गा बहादुर गदाल,,,ललितपुर महालक्ष्मी नगरपालिका कोडाकुचोक,सीता  रिसाल गदाल,,1-इलाम-1,340213,54
340630,रन बहादुर राई,Rana Bahadura Raee,नेपाली कम्युनिष्ट पार्टी,2557,7665,M,False,एत सिह राई,,,इलाम सूर्योदय नगरपालिका ,शुशीला  राई,,1-इलाम-1,340630,54
339552,बुद्ध लाल मेचे,Buddha Lala Meche,मंगोल नेशनल अर्गनाइजेसन,2511,801,M,False,सतालु  मेचे,,,झापा मेचीनगर नगरपालिका वडाखाल,छिन्ता  मेचे,,1-इलाम-1,339552,55
339362,ज्वाला  नेपाल ,Jvala Nepala,राष्ट्रिय प्रजातन्त्र पार्टी,2604,577,F,False,तारा  कुमार  नेपाल ,,,काठमाडौं कागेश्वरी मनोहरा नगरपालिका ,,,1-इलाम-1,339362,35
339675,हरि बहादुर गुरुङ,Hari Bahadura Gurung,उज्यालो नेपाल पार्टी,2566,481,M,False,बोध वीर गुरुङ,,,इलाम सन्दकपुर गाउँपालिका फेमगुरु,खेम कुमारी गुरुण,,1-इलाम-1,339675,45
341364,लिला बहादुर सुनुवार,Lila Bahadura Sunuvar,जनता समाजवादी पार्टी(एकल चुनाव चिन्ह),2531,296,M,False,नर बहादुर सुनुवार,,,इलाम सूर्योदय नगरपालिका सुदुङ्ग,सन्त माया सुनुवार,,1-इलाम-1,341364,58
341045,नारदमणी साङपाङ्ग,Naradamani Sangapangg,नेपाल कम्युनिस्ट पार्टी (माओवादी),2526,165,M,False,चन्द्र नारायण साङपाङ्ग,,,इलाम इलाम नगरपालिका ,-  ,,1-इलाम-1,341045,64
339474,तुल्सी केशरी प्रजापति (छुंजु),Tulsi Keshari Prajapati (chhunju),नेपाल मजदुर किसान पार्टी,2578,44,F,False,तुल्सी भक्त छुंजु,,,भक्तपुर भक्तपुर नगरपालिका गछें,राम कृष्ण प्रजापति,,1-इलाम-1,339474,51
342168,राम प्रसाद लिम्बू,Rama Prasada Limbu,संघीय लोकतान्त्रिक राष्ट्रिय मञ्च,2550,39,M,False,जंग विर लिम्बू,,,इलाम फाकफोकथुम गाउँपालिका ठिंगेपुर,मन माया चेम्जोङ्ग,,1-इलाम-1,342168,63
340811,डम्बर सिंह लिम्बु,Dambara Sinha Limbu,नेपाल जनमुक्ति पार्टी,2529,22,M,False,धन वीर लिम्बु,,,इलाम सन्दकपुर गाउँपालिका हाङवादेन,विविन्द्रा  लिम्बु,,1-इलाम-1,340811,68
339922,सुहाङ नेम्बाङ,Suhanga Nembang,नेपाल कम्युनिष्ट पार्टी (एकीकृत मार्क्सवादी लेनिनवादी),2598,22426,M,True,सुवासचन्द्र  नेम्बाङ्ग,,,इलाम इलाम नगरपालिका ,,,1-इलाम-2,339922,36
340271,भेषराज आचार्य,Bhesharaja Aachary,नेपाली काँग्रेस,2583,14650,M,False,कपिलमणि  आचार्य,,,इलाम इलाम नगरपालिका डिहिटार,मञ्जु  आचार्य,,1-इलाम-2,340271,61
339867,सुदिप राई,Sudipa Raee,श्रम संस्कृति पार्टी,2501,14400,M,False,मोहन सिहं राई,,,इलाम देउमाई नगरपालिका सुर्के,,,1-इलाम-2,339867,37
341350,गोकुल बहादुर राई,Gokula Bahadura Raee,राष्ट्रिय स्वतन्त्र पार्टी,2528,7814,M,False,थर्क बहादुर राई,,,इलाम देउमाई नगरपालिका ,,,1-इलाम-2,341350,32
340605,ओम बहादुर गुरुङ्ग,Oma Bahadura Gurungg,नेपाली कम्युनिष्ट पार्टी,2557,1172,M,False,सन्त बहादुर गुरुङ्ग,,,इलाम फाकफोकथुम गाउँपालिका मेतालुङ्ग,,,1-इलाम-2,340605,47
341060,पवित्रा लिम्बु तुम्वाङफे,Pavitra Limbu Tumvangaphe,राष्ट्रिय जनमुक्ति पार्टी,2605,851,F,False,गणेश बहादुर तुम्वाङफे,,,इलाम माङसेबुङ गाउँपालिका तेङगोबुङ,लाख बहादुर लाबुङ,,1-इलाम-2,341060,51
339849,दिवस राई,Divasa Raee,राष्ट्रिय परिवर्तन पार्टी,2568,751,M,False,नारायण  राई,,,इलाम माङसेबुङ गाउँपालिका ,,,1-इलाम-2,339849,37
339583,श्याम बहादुर लिम्वु,Shyama Bahadura Limvu,मंगोल नेशनल अर्गनाइजेसन,2511,704,M,False,याम बहादुर लिम्वु,,,झापा मेचीनगर नगरपालिका हात्तीसुडे,,,1-इलाम-2,339583,39
339478,गणेश प्रसाद दुलाल,Ganesha Prasada Dulal,राष्ट्रिय प्रजातन्त्र पार्टी,2604,352,M,False,पदम लाल दुलाल,,,इलाम देउमाई नगरपालिका ,गंगा  दुलाल,,1-इलाम-2,339478,64
341301,सादर सिं लिङदेन (लिम्बु),Sadara Sin Lingadena (limbu),संघीय लोकतान्त्रिक राष्ट्रिय मञ्च,2550,254,M,False,जस बहादुर लिङदेन (लिम्बु),,,इलाम माई नगरपालिका ,ललिता  लिङदेन (लिम्बु),,1-इलाम-2,341301,49
340147,बल बहादुर आङदेम्बे,Bala Bahadura Aangadembe,जनता समाजवादी पार्टी(एकल चुनाव चिन्ह),2531,165,M,False,खड्‍ग बहादुर आङदेम्बे,,,इलाम माई नगरपालिका ,सन्च माया आङदेम्बे,,1-इलाम-2,340147,64
340003,होम प्रसाद खतिवडा,Homa Prasada Khativada,नेपाल कम्युनिस्ट पार्टी (माओवादी),2526,153,M,False,शिव लाल खतिवडा,,,इलाम देउमाई नगरपालिका मझुवा,मञ्जु कला खतिवडा,,1-इलाम-2,340003,68
339431,याम वहादुर लिम्बु,Yama Vahadura Limbu,नेपाल जनमुक्ति पार्टी,2529,60,M,False,कर्ण वहादुर लिम्बु,,,इलाम माई नगरपालिका फुल वारी,सुक माया लिम्बु,,1-इलाम-2,339431,49
340889,डाक प्रसाद गौतम,Daka Prasada Gautam,स्वतन्त्र,IND,29,M,False,मधुसुदन  गौतम,,,इलाम इलाम नगरपालिका कुलधारा,हिमकला  शर्मा,,1-इलाम-2,340889,58
339485,निशा डाँगी,Nisha Dangi,राष्ट्रिय स्वतन्त्र पार्टी,2528,45680,F,True,Bhim Bahadur Dangi,स्नातकोत्तर,TU,Jhapa,,"पूर्व पत्रकार
पूर्व प्रतिनिधि सभा संसद",1-झापा-1,339485,29
340934,केशव राज पाण्डे,Keshav Raj Pandey,नेपाली काँग्रेस,2583,10550,M,False,सत्यनारायण  पाण्डे,स्नातक,TU,झापा मेचीनगर नगरपालिका सतिघट्टा,हिरा देवी वजगाई,"पार्टीमा (ने.का) विभिन्‍न तहमा बसी काम गरेको।
विभिन्‍न संघ संस्थाको नेतृत्व गरेको।",1-झापा-1,340934,54
339617,केवलराम राई,Kevalram Rai,श्रम संस्कृति पार्टी,2501,10004,M,False,बलविर  राई,slc,ज्ञानोदय शिक्षा निकेदन धुलाबारी झापा,झापा मेचीनगर नगरपालिका भानु,सुकुडोमा  तामाङ्ग (राई),"समाजसेवी
कृषि बंगुर पालन 10 बर्षे अनुभव
विभिन्न संस्थामा अध्‍यक्ष भई काम गरेको",1-झापा-1,339617,48
340001,रामचन्द्र उप्रेती,Ramchandra Upreti,नेपाल कम्युनिष्ट पार्टी (एकीकृत मार्क्सवादी लेनिनवादी),2598,7659,M,False,Trilochan Upreti,कक्षा 12,काँकरभिट्टा मा.वि. झापा,Jhapa,Laxmi Upreti,अध्‍यक्ष नेपाल बहुउद्देश्‍यीय सहकारी संस्था लि. झापा,1-झापा-1,340001,67
339749,हेमराज कार्की,Hemraj Karki,राष्ट्रिय प्रजातन्त्र पार्टी,2604,1612,M,False,Dil Bahadur Karki,स्नातकोत्तर,TU,Jhapa,Saraswati Karki,"प्राध्‍यापक त्रि.वि
परराष्ट्र ममिला अध्‍ययन प्रतिष्ठान, उपनिर्देशक (2072-73)",1-झापा-1,339749,60
339463,सन्तोष तामाङ्ग,Santosh Tamang,मंगोल नेशनल अर्गनाइजेसन,2511,971,M,False,Durga Bahadur Tamang,स्नातक,"मेची बहुमुखी क्याम्पस, भद्रपुर झापा",Jhapa,,"स्वास्थ्‍य कर्मी, औषधी व्यवसायी",1-झापा-1,339463,42
340297,अशेष घिमिरे,Ashesh Ghimire,नेपाली कम्युनिष्ट पार्टी,2557,922,M,False,Bhaskar Ghimire,स्नातकोत्तर,TU,Jhapa,,"संगठन
इन्जिनियरिङ",1-झापा-1,340297,40
340402,नरेश कुमार लावती,Naresh Kumar Lawati,उज्यालो नेपाल पार्टी,2566,485,M,False,जित बहादुर लावती,SLC ,श्री जन विकास मा.वि. विराटनगर मोरङ,झापा मेचीनगर नगरपालिका माङहिम,साधना  लिम्बु लावती,"सामाजिक क्रियाकलापमा लामो समय काम गरेको।
खेलकुद विभाग तर्फ धेरै योगदान",1-झापा-1,340402,46
341655,ओलीन राजवंशी,Olin Rajbanshi,नेपाल सद्भावना पार्टी,2555,109,M,False,सुरेस  राजवंशी,,,झापा मेचीनगर नगरपालिका चौधरीवाडी,सुमित्रा  राजवंशी,,1-झापा-1,341655,60
340653,मान बहादुर साँवा(लिम्बु),Man Bahadur Sawa (Limbu),संघीय लोकतान्त्रिक राष्ट्रिय मञ्च,2550,99,M,False,राम बहादुर साँवा(लिम्बु),कक्षा 10 पास,,झापा बुद्धशान्ति गाउँपालिका गुराँसबस्ती,देशिमाया  लिम्बु,"नवज्योति वन उपभोक्ता समुह शान्तिनगर 4-2 अध्यक्ष 
गणेश मा.वि.बुद्धशान्ति-4  व्यवस्थापन समिति अध्यक्ष 
बर्ने स्किम खानेपानी बुद्धशान्ति -4 सल्लाहकार",1-झापा-1,340653,53
339865,दुर्गा प्रसाद साँवा लिम्वु,Durga Prasad Sawa Limbu,स्वतन्त्र,IND,84,M,False,अम्वर बहादुर लिम्वु,+ 2,श्री सरस्वती मा.वि. हाङपाङ ताप्लेजुङ,पाँचथर हिलिहाङ गाउँपालिका अमरपुर,लिला माया हेम्व्या,...,1-झापा-1,339865,40
341776,रमा मेचे,Rama Meche,"जनता समाजवादी पार्टी, नेपाल",2542,43,F,False,Balin Rajbanshi,साधारण,श्री शहिद दशरथचन्द्र मा.वि. चारआली झँपा,Jhapa,Budhalal Meche,,1-झापा-1,341776,57
340123,गणेश कुमार खरेल,Ganesh Kumar Kharel,स्वतन्त्र,IND,33,M,False,Punya Prasad Kharel,SLC पास,काँकरभिट्टा मा.वि.,Jhapa,Jayanti Kharel,"देवकोटा पार्क व्यवस्थापन समिति अध्‍यक्ष - 6 बर्ष
श्री सुरेन्द्रगरन/घैलाडुब्‍बा मन्दिर संरक्षण समिति अध्‍यक्ष - 2 बर्ष
मेचीनगर -8 मेलमिलापकर्ता
पूर्व विद्यार्थी समाज काँकरभिट्टा मा.वि. सचिव- वर्तमान",1-झापा-1,340123,48
340077,हिरण्य प्रसाद भट्टराई,Hiranya Prasad Bhattarai,नेपाल मजदुर किसान पार्टी,2578,23,M,False,Ramakanta Upadhyaya Bhattarai,SLC (पूर्व मध्‍यमा),"नेपाली संस्कृत विद्यालय बनारस, भारत",Sarlahi,,"कृषि,
प्राथमिक विद्यालयमा संस्थापक अध्‍यक्ष भई काम गरेको। ",1-झापा-1,340077,83
340268,खान्द्रु करुवा,Khandru Karuwa,नेपाल जनमुक्ति पार्टी,2529,17,M,False,Labu Kuruwa,साधारण,,Jhapa,Theri Kuruwa,मजदुर नेतृत्‍व,1-झापा-1,340268,61
339380,इन्दिरा राना मगर,Indira Rana Magar,राष्ट्रिय स्वतन्त्र पार्टी,2528,60110,F,True,Pratap Singh Ranamagar,आई कम ,त्रिभुवन युनिभरसिटि,Jhapa,,"बालबालिका तथा महिला शसक्तिकरण कार्यमा बन्दि सहायता नेपाल मार्फत ३औ वर्ष काम गरेको
१ कार्यकाल प्रतिनिधि उपसभामुख जिम्मेवारी बहन गरेको",1-झापा-2,339380,55
339775,देव राज घिमिरे,Dev Raj Ghimire,नेपाल कम्युनिष्ट पार्टी (एकीकृत मार्क्सवादी लेनिनवादी),2598,11368,M,False,Padam Prasad Ghimire,प्रविणता प्रमाण पत्र,त्रिभुवन विश्वविध्यालय,Taplejung,Tika Devi Ghimire,"2031 सालबाट नेपाल कम्युनिष्ट पार्टिमा संलग्न भई काम गरेको
 राष्ट्रसभा सदस्य (2054-60) 
2079/08/04 मा प्रतिनिधि सभा सदस्य निर्वाचनमा झापा २ बाट निर्वाचित
2079/10/05 मा प्रतिनिधि सभाको सभामुखमा निर्वाचित",1-झापा-2,339775,69
339545,केशव कुमार भण्डारी,Keshav Kumar Bhandari,श्रम संस्कृति पार्टी,2501,7291,M,False,Tulsi Prasad Bhandari,स्नातक तह,मेची क्याम्पस भद्रपुर,Jhapa,,"कम्प्यूटर टेक्निसियन
ड्राइभिङ्ग",1-झापा-2,339545,40
340352,सरिता प्रसाई,Sarita Prasai,नेपाली काँग्रेस,2583,5616,F,False,Birendra Prasad Prasai,वि ए,मेची बहुमुखी क्याम्पस भद्रपुर झापा,Jhapa,,"नेपाली विद्यार्थि संघ तरुण दलको केन्द्रिय सदस्य
नेपाली काङ्गेसको केन्द्रिय सदस्य
संविधान सभा सदस्य, राष्ट्र सभा सदस्य
प्रतिनिधि सभा सदस्य",1-झापा-2,340352,58
339568,भद्र प्रसाद नेपाल,Bhadra Prasad Nepal,राष्ट्रिय प्रजातन्त्र पार्टी,2604,3966,M,False,Lila Dhar Nepal,एम ए एमसीजे विद्यावारिधिरत,त्रि वि / पूर्वाञ्चल विश्वविद्यालय/ लुम्बिनि अन्तराष्ट्रिय विश्वविद्यालय,Jhapa,Radhika Chamlagain,"पत्रकारिता
वकालत
शिक्षण/ प्रध्यापन
",1-झापा-2,339568,50
340124,धर्माशिला चापागाई,Dharmashila Chapagai,नेपाली कम्युनिष्ट पार्टी,2557,1115,F,False,डिल्ली प्रसाद चापागाई,स्नातक तह,त्रिभुवन विश्वविद्यालय,झापा अर्जुनधारा नगरपालिका सिस्ने,शंखर  घिमिरे,"2048 सालदेखि 2051 साल सम्म मजदुरहरुको हितमा काम गरेको। 
गाँउमा रहेर स्वास्थ्यको लागि खेल भन्दै जुडो खेलको प्रशिक्षण दिएको
संविधान सभा सदस्य भई संघिय लोकतान्त्रिक अभ्यास गर्दै संविधान निर्माण गरेको
 स्वास्थ्य राज्य मन्त्रि भई स्वास्थ्यमा नितिगत परिवर्तन गरी काम गरेबो",1-झापा-2,340124,53
340596,चुडा कर्ण बेघा,Chuda Karn Begha,उज्यालो नेपाल पार्टी,2566,560,M,False,सहर  ध्वज बेघा,वि ए,इन्डोर विश्वविद्यालय भारत,झापा विर्तामोड नगरपालिका ,रमला  बेघा,,1-झापा-2,340596,50
341141,रमेश कुमार राजवंशी,Ramesh Kumar Rajbanshi,जनमत पार्टी,2585,380,M,False,शंखलाल  राजवंशी,+2,घैलाडुब्बा आदर्श विद्या मन्दिर मा वि ,झापा कन्काई नगरपालिका नयाँदेउनियावारी,चन्द्रमाया  राजवंशी,,1-झापा-2,341141,41
339645,युवराज संग्रौला,Yuvraj Sangroula,स्वतन्त्र,IND,305,M,False,कृष्ण प्रसाद संग्रौला,विद्यावारिधी देल्लि विश्वविद्यालय 2007,देल्हि विश्वविद्यालय कानुन संकाय,भक्तपुर सूर्यविनायक नगरपालिका पानी ट्‍याङकी,गीता  पाठक (संग्रौला),"2043-2046 साल सम्म त्रि वि पृथ्वीनारायण क्याम्पस पोखरा र त्यसपछि 2057 साल सम्म त्री वी कानुन संकाय काठमाण्डौ उपप्रध्यापक, काठमाण्डौ स्कुल अफ ल मा 2059 देखि 2082/04/01 सम्म 2068 साल नेपाल साज्यको महान्यायधिवक्ता आठ महिना विभीन्न निकायमा परामर्शदाता तथा समिति सदस्य",1-झापा-2,339645,66
339400,अकल बहादुर तामाङ्ग,Akal Bahadur Tamang,मंगोल नेशनल अर्गनाइजेसन,2511,148,M,False,Man Bahadur Tamang,माध्यामिक तह,,Jhapa,Premkala Tamang,,1-झापा-2,339400,55
340434,तिल बहादुर राई,Til Bahadur Rai,जनता समाजवादी पार्टी(एकल चुनाव चिन्ह),2531,99,M,False,Jagat Bahadur Rai,+ 2,मनकामना हायर सेकेन्डरी स्कुल,Jhapa,,"संविधान सभा निर्वाचन 2070 समानुपातिक उम्मेदवार
स्थानिय निर्वाचन उम्मेदवार
प्रदेश सभा निर्वाचन",1-झापा-2,340434,38
340650,अर्जुन कुमार पाण्डे,Arjun Kumar Pandey,नेपाल कम्युनिस्ट पार्टी (माओवादी),2526,98,M,False,टिका राम पाण्डे,बि ए ,मेची बहुमुखी क्याम्पस भद्रपुर झापा,झापा बुद्धशान्ति गाउँपालिका जयपुर,धन कुमारी पाण्डे,"सभापति स्ववियू मेची बहुमुखी क्याम्पस भद्रपुर
उपाध्यक्ष साविक बुधबारे गा वि स",1-झापा-2,340650,56
340575,श्रीप्रसाद सिटौला,Shree Prasad Sitaula,नेपाल कम्युनिष्ट पार्टी (संयुक्त),2601,64,M,False,पुन्य प्रसाद सिटौला,कक्षा १२,सरकारी विद्यालय,झापा विर्तामोड नगरपालिका ,उमा देवी न्यौपाने,समाज सेवा वि सं 2050 साल देखि,1-झापा-2,340575,48
341479,मान बहादुर पुलामी मगर,Man Bahadur Pulami Magar,नेपाल जनमुक्ति पार्टी,2529,61,M,False,Prem Bahadur Pulami Magar,साक्षर,,Jhapa,Pavimaya Pulami Magar,,1-झापा-2,341479,75
340208,अमृता लावती,Amrita Lawati,संघीय लोकतान्त्रिक राष्ट्रिय मञ्च,2550,60,F,False,विर विक्रम  थाम्सुहाङ्ग,साधारण,,झापा विर्तामोड नगरपालिका ,लोक बहादुर लावती,,1-झापा-2,340208,53
340299,पुण्य  प्रसाद अार्चाय,Punya Prasad Acharya,स्वतन्त्र,IND,56,M,False,Shiv Prasad Dhimire,साक्षर,,Taplejung,Dhan Maya Dhimire,सामाजिक संघ संस्थामा काम गरेको अनुभव,1-झापा-2,340299,56
339313,चन्द्र कुमारी गारु,Chandra Kumari Garu,नेपाल मजदुर किसान पार्टी,2578,20,F,False,Dhan Bahadur Shrestha,कक्षा १०,घैलाडुब्बा मा वि झापा,Bhaktapur,Vishnu Hari Garu,,1-झापा-2,339313,50
341084,रमेश कुमार कार्की,Ramesh Kumar Karki,स्वतन्त्र,IND,6,M,False,Hem Bahadur Karki,एम ए अर्थशास्त्र / एम वि एस फाइनान्स,त्रिभुवन विश्वविद्यालय क्रितिपुर नेपाल,Tehrathum,Dil Kumari Basnet,"शिक्षण
समाजसेवा
असाप र निम्न क्षमता भएको असजिलोमा परेकालाई सहयोग",1-झापा-2,341084,56
339542,प्रकाश पाठक,Prakash Pathak,राष्ट्रिय स्वतन्त्र पार्टी,2528,38674,M,True,Teknath Pathak,स्‍नात्तकोतर,TU,Jhapa,,विभिन्न संचार माध्यममा विभिन्न भुमिकामा १४ वर्ष काम गरेको।,1-झापा-3,339542,37
339403,राजेन्द्र प्रसाद लिङ्देन,Rajendra Prasad Lingden,राष्ट्रिय प्रजातन्त्र पार्टी,2604,17294,M,False,Man Prasad Lingden,स्‍नातक,TU,Jhapa,Sita Thapa,,1-झापा-3,339403,60
340487,राजेन्द्र कुमार घिमिरे,Rajendra Kumar Ghimire,नेपाली काँग्रेस,2583,8199,M,False,Nanda Kumar Ghimire,डिप्लोमा,TU,Jhapa,Bimala Paudel,,1-झापा-3,340487,64
340163,हरी बहादुर राजवंशी,Hari Bahadur Rajbanshi,नेपाल कम्युनिष्ट पार्टी (एकीकृत मार्क्सवादी लेनिनवादी),2598,7492,M,False,खङ्गसिंह  राजवंशी,प्रविणता प्रमाण पत्र तह,,झापा बाह्रदशी गाउँपालिका ,गुदु  राजवंशी,"३७ वर्षको शिक्षण पेशा अनुभव
विभिन्न सामाजिक संस्थाको नेतृत्वको अनुभव
२०७० सालको संविधान सभा सदस्य",1-झापा-3,340163,66
339824,दिपक तिम्सिना,Dipak Timsina,श्रम संस्कृति पार्टी,2501,7339,M,False,Jay Prasad Timsina,BA,TU,Jhapa,Anju Timsina,,1-झापा-3,339824,48
340843,डिल्लीराम घिमिरे,Dilliram Ghimire,नेपाली कम्युनिष्ट पार्टी,2557,1450,M,False,Dadhiram Ghimire,आइ. ए,TU,Jhapa,Shanta Ghimire,,1-झापा-3,340843,45
341526,अभय राजवंशी,Abhay Rajwanshi,स्वतन्त्र,IND,531,M,False,भानुभक्त  राजवंशी,आई एड,PU,झापा कन्काई नगरपालिका मन्त्रीबारी,सकुन्तला  राजवंशी,,1-झापा-3,341526,44
341802,श्यामकृष्ण पाठक,Shyam Krishna Pathak,उज्यालो नेपाल पार्टी,2566,388,M,False,Abikeshwar Pathak,स्‍नातक,TU,Jhapa,Yamuna Pathak,,1-झापा-3,341802,50
339510,याम कुमार श्रेष्ठ,Yam Kumar Shrestha,मंगोल नेशनल अर्गनाइजेसन,2511,380,M,False,Tara Bahadur Shrestha,SLC,,Jhapa,Januka Shrestha,,1-झापा-3,339510,43
340341,हरसलाल राजवंशी,Harsalal Rajbanshi,जनमत पार्टी,2585,354,M,False,जरीया  राजवंशी,,,झापा कचनकवल गाउँपालिका वुधवारे,मिलन  राजवंशी,,1-झापा-3,340341,71
340751,विनिता कुमारी राजवंशी,Binita Kumari Rajbanshi,जनता समाजवादी पार्टी(एकल चुनाव चिन्ह),2531,126,F,False,रेशम लाल राजवंशी,‌+2,,झापा बाह्रदशी गाउँपालिका ,,"शिक्षक तालिम प्राप्‍त/ मेची टेक्निकल ट्रेडिङ एकेडेमी बिर्तामोड झापा
अ.न.मि. तालिम प्राप्‍त CMA CTEVT Nepal",1-झापा-3,340751,45
342548,सन्तोष कटुवाल,Santosh Katuwal,नेपाल कम्युनिस्ट पार्टी (माओवादी),2526,76,M,False,Duryodhan Katuwal,आइ ए,,Taplejung,,राजनैतिक सामाजिक संघ संस्था,1-झापा-3,342548,39
341225,मानप्रकाश संग्रौला,Manprakash Sangroula,स्वतन्त्र,IND,74,M,False,रामचन्द्र  संग्रौला,स्‍नातक तह,TU,झापा बाह्रदशी गाउँपालिका दुर्गादेवी,,,1-झापा-3,341225,44
341091,कर्ण लाल राजवंशि,Karna Lal Rajbanshi,"जनता समाजवादी पार्टी, नेपाल",2542,48,M,False,रतिया  राजवंशि,SLC,,झापा कचनकवल गाउँपालिका ,निरु माया राजवंशि,,1-झापा-3,341091,39
341953,जयेन मगर,Jayen Magar,नेशनल रिपब्लिक नेपाल,2504,38,M,False,Vishnu Kumar Thapa Magar,+2,HSEB,Jhapa,Man Maya Magar,,1-झापा-3,341953,38
341425,चन्द्रकला सावा,Chandrakala Sawa,संघीय लोकतान्त्रिक राष्ट्रिय मञ्च,2550,33,F,False,Tek Bahadur Limbu,साधारण,,Jhapa,Milan Kumar Limbu,,1-झापा-3,341425,44
339466,धर्म लक्ष्मी दुवाल (लघु),Dharm Laxmi Duval (Laghu),नेपाल मजदुर किसान पार्टी,2578,10,F,False,मोहन बहादुर लघु,,,भक्तपुर भक्तपुर नगरपालिका इनाचो,सत्य राज दुवाल,जन प्रतिनिधी भई ५ वर्ष कार्य गरेको,1-झापा-3,339466,57
339393,शम्भु प्रसाद ढकाल,Shambhu Prasad Dhakal,राष्ट्रिय स्वतन्त्र पार्टी,2528,43631,M,True,Charan Prasad Dhakal,एम ए राजनीति शास्त्र,,Jhapa,Sharada Parajuli Dhakal,,1-झापा-4,339393,50
339967,लाल प्रसाद साँवा लिम्बू,Lal Prasad Sawa Limbu,नेपाल कम्युनिष्ट पार्टी (एकीकृत मार्क्सवादी लेनिनवादी),2598,11986,M,False,बुद्धि मान लिम्बू,एम ए,त्रि वि,झापा शिवसताक्षी नगरपालिका मिलनचोक,मनिषा  सुब्बा नाल्बु,पूर्व शिक्षक र प्रतिनिधि सभा २ कार्यकाल,1-झापा-4,339967,58
340608,देउ कुमार थेवे,Deu Kumar Thewe,नेपाली काँग्रेस,2583,9434,M,False,कृतिमान  थेवे,एस एल सि,,झापा झापा गाउँपालिका सितुमारी,डम्वर कुमारी थेवे,"२ कार्यकाल झापा गापा को अध्यक्ष
हेटौडा सिमेन्ट उद्योगको सदस्य ए कार्यकाल
नेपाली काग्रेस जिल्ला सभापति",1-झापा-4,340608,63
339446,अमृता देवि राई,Amrita Devi Rai,श्रम संस्कृति पार्टी,2501,7161,F,False,Vishnu Das Rai,एस एल सी (अन्डर),,Jhapa,,,1-झापा-4,339446,61
339903,भक्ति प्रसाद सिटौला,Bhakti Prasad Sitaula,राष्ट्रिय प्रजातन्त्र पार्टी,2604,2080,M,False,Devibhakta Sitoula,स्नातक,त्रि वि वि,Tehrathum,Luna Sitoula,,1-झापा-4,339903,64
340367,पुरुषोतम चुडाल,Purushottam Chudal,नेपाली कम्युनिष्ट पार्टी,2557,1362,M,False,Prem Prasad Chudal,स्नातक,त्रिवि,Jhapa,Pushpa Upreti Chudal,सामाजिक कार्य र पार्टी संचालन,1-झापा-4,340367,42
340865,सन्तोष तामाङ्ग,Santosh Tamang,उज्यालो नेपाल पार्टी,2566,432,M,False,Man Bahadur Tamang,इन्जिनियर,एसिमि इन्जिनियरिङ कलेज,Jhapa,,सिनियर इन्जिनियर इन रोमन कन्सट्रक्सन,1-झापा-4,340865,32
340169,लोथ्रो हेमरम,Lothro Hemram,जनमत पार्टी,2585,260,M,False,श्रीराम  हेमरम,सामान्य लेखपढ,,झापा झापा गाउँपालिका ,छुमी  हेमरम,,1-झापा-4,340169,61
341104,किरण लिम्वु  लिङदेन,Kiran Limbu Lingden,संघीय लोकतान्त्रिक राष्ट्रिय मञ्च,2550,141,M,False,Jas Bahadur Limbu Lingden,एस एल सी,राष्ट्रिय रमणिय मा वि दुधे झापा,Jhapa,Hari Kala Limbu Lingden,"शान्ति समाज सेवा क्लबको आजिवन सदस्य
जातिय संघ संस्थामा आवद्ध
यहि पार्टीको स्थापनाकाल देखि निरन्तर हाल",1-झापा-4,341104,49
341325,तारा बहादुर थापा,Tara Bahadur Thapa,नेपाल कम्युनिस्ट पार्टी (माओवादी),2526,125,M,False,Bhim Bahadur Thapa,एस एल सी पास,,Jhapa,,"२० वर्षदेखि राजनीतिमा क्रियाशिल
समाज सेवामा आवद्ध
कृषि व्यवसायमा क्रियाशिल",1-झापा-4,341325,37
339699,दिलिप धिमाल,Dilip Dhimal,मंगोल नेशनल अर्गनाइजेसन,2511,120,M,False,Harka Dhimal,प्रविणता प्रमाण पत्र तह,,Jhapa,,पत्रकारिता,1-झापा-4,339699,41
341568,त्रीनारायण राजवंशी,Trinarayan Rajwanshi,राष्ट्रिय मुक्ति पार्टी नेपाल(एकल चुनाव चिन्ह),2531,98,M,False,रतनलाल  राजवंशी,एस एल सी,आदर्श मा वि घैलाडुब्बा,झापा कन्काई नगरपालिका दुर्गापुर,देवीमाया  राजवंशी,,1-झापा-4,341568,64
340788,टेक बहादुर अधिकारी,Tek Bahadur Adhikari,नेपाल कम्युनिष्ट पार्टी मार्क्सवादी (पुष्पलाल),2523,74,M,False,Jang Bahadur Adhikari,साधारण,,Jhapa,Anita Adhikari,,1-झापा-4,340788,52
342097,साजन माझी,Sajan Majhi,स्वतन्त्र,IND,57,M,False,Tanka Bahadur Majhi,प्लस टु,,Jhapa,,,1-झापा-4,342097,28
340952,पलटन ताजपुरिया,Palatana Tajapuriya,"जनता समाजवादी पार्टी, नेपाल",2542,54,M,False,ग्रहनलाल  ताजपुरिया,साधारण,,झापा शिवसताक्षी नगरपालिका जनता,देबन्ती  ताजपुरिया,,1-झापा-4,340952,54
339646,तुल्सी लक्ष्मी दुमरु (बाटी),Tulsi Laxmi Dumru (Bati),नेपाल मजदुर किसान पार्टी,2578,39,F,False,Tulsi Narayan Dumru,एम एड,,Bhaktapur,Pranesh Bati,दश वर्षदेखि शिक्षण सेवामा,1-झापा-4,339646,43
339653,वालेन्द्र शाह,Balendra Shah,राष्ट्रिय स्वतन्त्र पार्टी,2528,68348,M,True,Ram Narayan Shah,BTU,,Kathmandu,,,1-झापा-5,339653,36
340111,के.पी शर्मा ओली,KP Sharma Oli,नेपाल कम्युनिष्ट पार्टी (एकीकृत मार्क्सवादी लेनिनवादी),2598,18734,M,False,मोहन प्रसाद ओली,,,भक्तपुर सूर्यविनायक नगरपालिका बालकोट,राधिका  शाक्य,,1-झापा-5,340111,74
342365,समिर तामाङ्ग,Samir Tamang,श्रम संस्कृति पार्टी,2501,9233,M,False,Dhan Bahadur Tamang,10+2,,Sunsari,,,1-झापा-5,342365,33
340445,मंधरा चिमरिया,Mandhara Chimariya,नेपाली काँग्रेस,2583,1821,F,False,Lal Bahadur Chimariya,SLC,,Taplejung,Rajendra Kumar Paudel,,1-झापा-5,340445,63
339386,लक्ष्मी प्रसाद संग्रौला,Laxmi Prasad Sangroula,राष्ट्रिय प्रजातन्त्र पार्टी,2604,1536,M,False,श्रीप्रसाद  संग्रौला,आइ ए,,झापा दमक नगरपालिका लक्ष्मी मार्ग,लिला देवी विमली,,1-झापा-5,339386,54
340171,रन्जित तामाङ,Ranjit Tamang,नेपाली कम्युनिष्ट पार्टी,2557,1461,M,False,Lok Bahadur Tamang,,TU,Jhapa,Durga Bhattarai,,1-झापा-5,340171,43
340730,अमृतलाल महतो,Amritlal Mahto,जनमत पार्टी,2585,296,M,False,नन्दलाल महतो,SLC,,झापा गौरीगञ्‍ज गाउँपालिका तेलकानी,महंगीकुमारी महतो,,1-झापा-5,340730,43
339687,सविन राई,Sushant Sampang Rai,राष्ट्रिय परिवर्तन पार्टी,2568,204,M,False,Shyam Kumar Rai,,TU,Jhapa,,फोटो व्यवसायी,1-झापा-5,339687,35
339421,सान बहादुर मेचे,San Bahadur Meche,मंगोल नेशनल अर्गनाइजेसन,2511,166,M,False,Nandalal Meche,10+2,,Jhapa,Anupa Meche,,1-झापा-5,339421,42
341042,शोभा भण्डारी,Shobha Bhandari,स्वतन्त्र,IND,82,F,False,Ram Bahadur Magar,SLC,,Jhapa,Kiran Bhandari,,1-झापा-5,341042,51
341101,संजय राई,Sanjay Rai,नेपाल कम्युनिस्ट पार्टी (माओवादी),2526,76,M,False,Bhal Bahadur Rai,BBS,,Jhapa,,,1-झापा-5,341101,32
340581,पदम बहादुर जवेगु,Padam Bahadur Javegu,नेपाल जनमुक्ति पार्टी,2529,72,M,False,श्री प्रसाद जवेगु,BBS,TU,झापा दमक नगरपालिका सृजना,,व्यापार तथा खेलकुद क्षेत्रमा,1-झापा-5,340581,48
341500,सुशान्त साम्पङ राइ,Sushant Sampang Rai,संघीय लोकतान्त्रिक राष्ट्रिय मञ्च,2550,72,M,False,Shyam Kumar Rai,bachelor,,Jhapa,,,1-झापा-5,341500,27
341745,धिरेन सुब्बा,Dhiren Subba,"जनता समाजवादी पार्टी, नेपाल",2542,42,M,False,Chhatrasingh Lawati,10+2,,Kathmandu,Hari Devi Rai,,1-झापा-5,341745,62
340964,अमृत रसाइलि,Amrit Rasaili,राष्ट्रिय मुक्ति पार्टी नेपाल(एकल चुनाव चिन्ह),2531,35,M,False,Buddhiman Rasaili,SLC,,Tehrathum,Bimala Rasaili,,1-झापा-5,340964,44
339300,धर्मराज गुरागाई,Dharmraj Guragain,पिपुल फर्ष्ट पार्टी,2552,34,M,False,नर प्रसाद गुरागाई,10+2,,झापा गौरादह नगरपालिका गौरादह,सरस्वति  पोखरेल,,1-झापा-5,339300,43
342521,खेमनाथ शिवाकोटी,Khemnath Shiwakoti,स्वतन्त्र,IND,25,M,False,Chandra Prasad Shiwakoti,SLC,,Morang,Sabitra Shivakoti,,1-झापा-5,342521,60
342687,डम्वर शाहु,Damvara Shahu,स्वतन्त्र,IND,24,M,False,सिउले  शाहु,स्नात्कोत्तर,,सल्यान सिद्ध कुमाख गाउँपालिका ,सरस्वती  बुढाथोकी,,1-झापा-5,342687,42
342498,पुस्कर खतिवडा,Puskar Khatiwada,स्वतन्त्र,IND,24,M,False,सेतु  खतिवडा,आचार्य,,झापा बुद्धशान्ति गाउँपालिका ,,,1-झापा-5,342498,30
341971,विपुल गुरागाई,Bipul Guragain,स्वतन्त्र,IND,19,M,False,Yagya Prasad Guragai,10+2,,Jhapa,,,1-झापा-5,341971,33
341581,अर्जुन सापकोटा,Arjun Sapkota,स्वतन्त्र,IND,15,M,False,Prajapati Sapkota,SLC,,Jhapa,,,1-झापा-5,341581,39
342192,रञ्जना गौतम,Ranjana Gautam,स्वतन्त्र,IND,10,F,False,Kamalpati Gautam,10+2,,Jhapa,Bhawani Dahal,,1-झापा-5,342192,48
339787,मातृका भट्टराई,Matrika Bhattarai,स्वतन्त्र,IND,6,M,False,Padam Prasad Bhattarai,,,Jhapa,Bimala Bhattarai,,1-झापा-5,339787,46
341230,प्रकाश नेपाल,Prakash Nepal,स्वतन्त्र,IND,3,M,False,Dambar Prasad Nepal,10+2,,Bhojpur,Radhika Karki,,1-झापा-5,341230,40
340348,अर्जुन कुमार कार्की,Arjun Kumar Karki,नेपाल कम्युनिष्ट पार्टी (एकीकृत मार्क्सवादी लेनिनवादी),2598,15636,M,True,Ratna Bahadur Karki,बिद्यावारीधि,"university of east anglia, school of development studies, UK",Sankhuwasabha,Gauri Thakuri,"संयुक्त राज्य अमेरिका तथा ल्याटिन अमेरिका र क्यारिवियन क्षेत्रका बिभिन्ने देशहरूमा नेपालको राजदुतको रुपमा सेवा गर्दै नेपालको सार्वभौमिकता, राष्ट्रिय हित र अन्तर्राष्ट्रिय सम्बन्ध सुदृढ गर्ने कार्यमा नेपालको तर्फबाट नेतृत्वदायी भूमिकासमेत।",1-संखुवासभा-1,340348,62
340114,मिङमा शेर्पा,Mingma Sherpa,राष्ट्रिय स्वतन्त्र पार्टी,2528,15000,M,False,Ongdi Sherpa,कक्षा ७ उत्तीर्ण,,Sankhuwasabha,Chungla Sherpa,"पर्वतारोहण
पर्यटन व्यवसाय
सामाजिक कार्य
राजनीति",1-संखुवासभा-1,340114,47
340661,दिपन कुमार श्रेष्ठ,Dipen Kumar Shrestha,नेपाली काँग्रेस,2583,13271,M,False,राम बहादुर श्रेष्ठ,एम.ए,त्रिभूवन विश्वविद्यालय,संखुवासभा खाँदवारी नगरपालिका रेडक्रमार्ग,सलवन  श्रेष्ठ,"केन्द्रिय सदस्य ने.वि.सं
पूर्व सभापति ने.का, संस
केन्द्रिय सदस्य ने.का.",1-संखुवासभा-1,340661,46
339989,उमा कुमारी राई,Uma Kumari Rai,श्रम संस्कृति पार्टी,2501,9857,F,False,Dil Kumar Rai,बि.एड,त्रिभुवन विश्वविद्यालय,Sankhuwasabha,Bhagwan Rai,"जिल्ला उसु प्रशिक्षक संखुवासभा
राष्ट्रिय उसु प्रशिक्षक
समाजसेवी
राष्ट्रिय कोच",1-संखुवासभा-1,339989,43
341044,सरिता थापा,Sarita Thapa,नेपाली कम्युनिष्ट पार्टी,2557,2812,F,False,Balkumar Thapa,एम.एड.,पूर्वाञ्चल विश्वविद्यालय,Morang,Dambar Bahadur Khadka,"शिक्षण १७ वर्ष
प्रदेश सांसद ५ वर्ष
प्रदेश सामाजिक विकास समिति सभापति",1-संखुवासभा-1,341044,51
341337,घनश्याम वालिङ राई,Ghanshyam Waling Rai,राष्ट्रिय परिवर्तन पार्टी,2568,1352,M,False,दल बहादुर वालिङ राई,BBS,त्रिभूवन विश्वविद्यालय,संखुवासभा खाँदवारी नगरपालिका मयम,सुमित्रा  राई,,1-संखुवासभा-1,341337,49
339647,पुष्प कोईराला,Puspa Koirala,नेपाल कम्युनिस्ट पार्टी (माओवादी),2526,265,M,False,निर बहादुर कोईराला,एम.एड.,त्रिभूवन विश्वविद्यालय,संखुवासभा चैनपुर नगरपालिका पौडेल,टिका देवी कोईराला,"राजनैतिक पार्टिमा 2041 सालदेखि निरन्तर सक्रिय, शिक्षण पेशा पनि गरेको।",1-संखुवासभा-1,339647,54
342606,पदम बहादुर तामाङ,Padam Bahadur Tamang,राष्ट्रिय प्रजातन्त्र पार्टी,2604,199,M,False,Harka Bahadur Tamang,आई.ए,,Sankhuwasabha,Him Kumari Tamang,,1-संखुवासभा-1,342606,58
340520,भरत कुमार राई (याक्खा),Bharat Kumar Rai (Yakkha),"जनता समाजवादी पार्टी, नेपाल",2542,135,M,False,Ran Bahadur Rai (Yakkha),स्नातकोत्तर,त्रिभूवन विश्वविद्यालय,Sankhuwasabha,Tara Rai (Yakkha),"याक्खा मतृभाषाको विशेषज्ञ
खानेपानी संस्था पाँच वर्ष
याक्खा मातृसाक्षरता कार्यक्रम 
किरात याक्खा छुम्मा संस्थाको उपमहासचिव",1-संखुवासभा-1,340520,43
342003,हेम कुमार गुरुङ्ग,Hem Kumar Gurung,राष्ट्रिय जनमोर्चा,2522,107,M,False,Govardhan Gurung,साधारण लेखपढ,,Sankhuwasabha,Tika Maya Gurung,समाजसेवा तथा राजनीतिक ज्ञानसमेत,1-संखुवासभा-1,342003,69
341209,कृष्ण बहादुर राई,Krishna Bahdur Rai,नेपाली जनश्रमदान संस्कृति पार्टी,2579,89,M,False,चन्द्र बहादुर राई,एम. एड,पूर्वाञ्चल विश्वविद्यालय,संखुवासभा सिलीचोङ गाउँपालिका ,,"सामाजिक सेवा
देशको सेवा राष्ट्रिय अन्तर्राष्टिय समन्वय",1-संखुवासभा-1,341209,44
339449,देवेन्द्र कुमार (रिल्ली) घले,Devendra Kuar (Rilli) Ghale,मंगोल नेशनल अर्गनाइजेसन,2511,63,M,False,शन्त वीर घले,अन्डर एस.एल.सी.,,संखुवासभा चिचिला गाउँपालिका बागसिदा,दिल माया गुरुङ,,1-संखुवासभा-1,339449,59
340212,वासुदेब दाहाल,Vasudeba Dahal,स्वतन्त्र,IND,29,M,False,देवी प्रसाद दाहाल,SLC/CMA,,संखुवासभा मादी नगरपालिका ,इन्दिरा  मैनाली,,1-संखुवासभा-1,340212,56
340791,केशर सिं राई,Keshar Singh Rai,नेपाल जनमुक्ति पार्टी,2529,27,M,False,Bhimsen Bahadur Rai,प्राथमिक तह,,Sankhuwasabha,Indra Kumari Rai,"वडा अध्यक्ष
राजनीतिक दल पार्टी सभापति
समाजसेवा",1-संखुवासभा-1,340791,70
340947,रन माया राई(चाम्लिङ्ग),Ran Maya Rai (Chamling),संघीय लोकतान्त्रिक राष्ट्रिय मञ्च,2550,24,F,False,Rahaman Rai,९ कक्षा,हेदाङना माध्यमिक विद्यालय,Sankhuwasabha,Tek Bahadur Rai (Chamling),सामाजिक सञ्जाल अभियान्ता समेत,1-संखुवासभा-1,340947,53
339355,राज कुमार लघु,Raj Kumar Laghu,नेपाल मजदुर किसान पार्टी,2578,22,M,False,Mohan Bahadur Laghu,एम.ए. राजनौतिक शास्त्र,त्रिभूवन विश्वविद्यालय,Bhaktapur,Babi Kawan,,1-संखुवासभा-1,339355,51
340612,सन्तोष सुब्वा,Santosha Subva,नेपाली काँग्रेस,2583,11561,M,True,सुरेश कुमार निङलेकु,एल.एल.बि,महेन्द्र मोरङ विराटनगर,तेह्रथुम म्याङलुङ नगरपालिका क्याम्पस टोल,नैना कुमारी स‌ंग्रौला सुब्बा),,1-तेह्रथुम-1,340612,48
340855,भानु भक्त ढकाल,Bhanu Bhakta Dhakal,नेपाल कम्युनिष्ट पार्टी (एकीकृत मार्क्सवादी लेनिनवादी),2598,10682,M,False,कुल प्रसाद ढकाल,बि.एड. एम.ए समाज शास्त्र,त्रि.वि.वि.,मोरङ सुन्दरहरैँचा नगरपालिका ,इन्दिरा  फुयौल ढकाल,,1-तेह्रथुम-1,340855,64
342758,सुरेन्द्र कार्की,Surendra Karki,राष्ट्रिय स्वतन्त्र पार्टी,2528,7737,M,False,विरेन्द्र  कार्की,,,तेह्रथुम म्याङलुङ नगरपालिका ,,,1-तेह्रथुम-1,342758,28
339986,सुविन्द्र  कुमार  लिम्वु ,Suvindra Kumara Limvu,श्रम संस्कृति पार्टी,2501,5200,M,False,हस्त  बहादुर  लिम्वु ,स्नातक तह,,तेह्रथुम म्याङलुङ नगरपालिका ,लक्ष्मी   लिम्वु ,,1-तेह्रथुम-1,339986,46
341720,रनध्वज लिम्वु,Ranadhvaja Limvu,नेपाली कम्युनिष्ट पार्टी,2557,919,M,False,राज बहादुर लिम्वु,,,झापा झापा गाउँपालिका ,,,1-तेह्रथुम-1,341720,67
339666,उषा लक्ष्‍मी तुम्वाहाङफे,Usha Laksh‍mi Tumvahangaphe,राष्ट्रिय परिवर्तन पार्टी,2568,283,F,False,भिम बहादुर तुम्वाहाङफे,+2 pass,,तेह्रथुम म्याङलुङ नगरपालिका लामाचौतारा,,,1-तेह्रथुम-1,339666,26
339724,शंकर मान लिम्बु,Shankara Mana Limbu,संघीय लोकतान्त्रिक राष्ट्रिय मञ्च,2550,136,M,False,हेम प्रसाद लिम्बु,,,तेह्रथुम छथर गाउँपालिका काब्रा बोटे,आन्नद कुमारी लिम्बु,,1-तेह्रथुम-1,339724,46
342034,होमभक्त लिम्बु (कुरुम्वाङ),Homabhakta Limbu (kurumvanga),राष्ट्रिय प्रजातन्त्र पार्टी,2604,125,M,False,बल बहादुर लिम्बु (कुरुम्वाङ),,,तेह्रथुम फेदाप गाउँपालिका पहरे साकफारा,सानु  लिम्बु (कुरुम्वाङ),,1-तेह्रथुम-1,342034,65
341875,मन  कुमार  लिम्वू,Mana Kumara Limvu,नेपाल कम्युनिस्ट पार्टी (माओवादी),2526,71,M,False,ज्ञान  बहादुर लिम्वू,,,तेह्रथुम म्याङलुङ नगरपालिका ,नरवदा   लिम्वू,,1-तेह्रथुम-1,341875,30
340235,गंगा वहादुर चोङवाङ् लिम्बु,Ganga Vahadura Chongavang Limbu,मंगोल नेशनल अर्गनाइजेसन,2511,41,M,False,जित वहादुर चोङवाङ् लिम्बु,एस.एल.सि,श्री ईसिबू मा.वि,तेह्रथुम फेदाप गाउँपालिका ,,,1-तेह्रथुम-1,340235,39
341762,सागर नाथ रेग्मी,Sagara Natha Regmi,नेपाल जनमुक्ति पार्टी,2529,23,M,False,कुल प्रसाद रेग्मी,,,तेह्रथुम म्याङलुङ नगरपालिका पिप्ले,रुक मिना रेग्मी,,1-तेह्रथुम-1,341762,67
339382,टंक प्रसाद भट्टराई,Tanka Prasada Bhattaraee,नेपाल कम्युनिष्ट पार्टी मार्क्सवादी (पुष्पलाल),2523,17,M,False,मनरथ  भट्टराई,,,तेह्रथुम फेदाप गाउँपालिका बतासे,,,1-तेह्रथुम-1,339382,63
339479,ध्रुवराज राई,Dhruvaraja Raee,श्रम संस्कृति पार्टी,2501,16663,M,True,मणि प्रसाद राई,,,भोजपुर टेम्केमैयुङ गाउँपालिका ,,,1-भोजपुर-1,339479,43
339661,शेरधन राई,Sherdhan Rai,नेपाल कम्युनिष्ट पार्टी (एकीकृत मार्क्सवादी लेनिनवादी),2598,14750,M,False,Jagirman Rai,,,Bhojpur,,,1-भोजपुर-1,339661,55
341046,वालकृष्ण थापा,Balkrishna Thapa,नेपाली काँग्रेस,2583,8670,M,False,Ganesh Bahadur Thapa,,,Bhojpur,Sunita Thapa,,1-भोजपुर-1,341046,73
340071,रमेश प्रसाद ओझा,Ramesh Prashad Ojha,राष्ट्रिय स्वतन्त्र पार्टी,2528,6102,M,False,चन्द्र प्रसाद ओझा,,,भोजपुर भोजपुर नगरपालिका ,पर्मिला कुमारी बराल (ओझा),,1-भोजपुर-1,340071,51
340789,अजम्बर राई काङमाङ,Ajambar Rai Kangman,नेपाली कम्युनिष्ट पार्टी,2557,5728,M,False,सुर्य धन राई,,,भोजपुर टेम्केमैयुङ गाउँपालिका चारघरे,कुमारी  राई,,1-भोजपुर-1,340789,58
339814,जितेन्द्र  राई ,Jitendra Rai,राष्ट्रिय परिवर्तन पार्टी,2568,812,M,False,Kumar Rai,,,Bhojpur,Sushila Rai,,1-भोजपुर-1,339814,29
340762,गोपाल कुमार राई,Gopal Kumar Rai,जनता समाजवादी पार्टी(एकल चुनाव चिन्ह),2531,256,M,False,Karna Bahadur Rai,,,Bhojpur,Chitra Rekha Rai,,1-भोजपुर-1,340762,66
340219,चन्द्र प्रसाद राई,Chandra Prasad Rai,मंगोल नेशनल अर्गनाइजेसन,2511,246,M,False,Sarku Man Rai,,,Bhojpur,,,1-भोजपुर-1,340219,47
340499,देवान राज राई,Dewan Raj Rai,नेपाल कम्युनिस्ट पार्टी (माओवादी),2526,203,M,False,Jaman Singh Rai,,,Bhojpur,Anjana Rai,,1-भोजपुर-1,340499,49
339882,जनक नेपाल,Janak Nepal,राष्ट्रिय प्रजातन्त्र पार्टी,2604,197,M,False,Som Prasad Nepal,,,Bhojpur,,,1-भोजपुर-1,339882,42
339311,राजा राम बासी,Raja Ram Bashi,नेपाल मजदुर किसान पार्टी,2578,66,M,False,पुर्ण बहादुर बासी, एस एल सी,.,भक्तपुर भक्तपुर नगरपालिका जेला,लक्ष्मी शोभा बासी,,1-भोजपुर-1,339311,47
342286,युवराज थापा,Yubaraj Thapa,आम जनता पार्टी(एकल चुनाव चिन्ह),2581,35,M,False,Gobinda Bahadur Thapa,,,Bhojpur,,,1-भोजपुर-1,342286,32
339725,राजेन्द्र कुमार राई,Rajendra Kumar Rai,नेपाल कम्युनिष्ट पार्टी (एकीकृत मार्क्सवादी लेनिनवादी),2598,18132,M,True,Tej Bahadur Rai,आई.ए.,त्रि.वि.,Dhankuta,Manju Rai,"२०७४ र २०७९ मा सम्पन्न प्रतिनिधि सभा सदस्य निर्वाचन विजयी
दुई पटक संघीय मन्त्रीको जिम्मेवारी 
२०४९ मा जि.वि.स. सदस्य र २०५४ मा जि.वि.स. उपसभापति",1-धनकुटा-1,339725,59
340038,दिनेश राई,Dinesh Rai,नेपाली काँग्रेस,2583,14257,M,False,Ganga Bahadur Rai,आई.एड.,त्रि.वि.,Dhankuta,Sangita Rai,"किरात आठपहरिया समाजको संयोजक 
जनजाती युवा मंहासघ धनकुटाको जिल्ला अध्यक्ष
सहकारी संस्थाको अध्यक्ष
",1-धनकुटा-1,340038,45
339496,सान बहादुर​ राई,San Bahadur Rai,श्रम संस्कृति पार्टी,2501,11932,M,False,Jan Bahadur Rai,एस.एल.सि.,एस.एल.सि. बोर्ड,Dhankuta,Bina Rikham Magar,,1-धनकुटा-1,339496,46
340886,दिनेश भण्डारी,Dinesh Bhandari,राष्ट्रिय स्वतन्त्र पार्टी,2528,9944,M,False,Dhan Bahadur Bhandari,स्नातक,त्रि.वि.,Dhankuta,,,1-धनकुटा-1,340886,37
340302,धर्म राज पौडेल,Dharma Raj Paudel,नेपाली कम्युनिष्ट पार्टी,2557,1665,M,False,_____ ___ _____ (Uddhav Mani Paudel),एम.ए,त्रि.वि.,Dhankuta,Bindu Paudel,जि.वि.स.धनकुटाको पूर्वसभापति २०४९-२०५४,1-धनकुटा-1,340302,65
342473,लाक्‍पा तामाङ्ग,Lakpa Tamang,स्वतन्त्र,IND,1181,M,False,Dhan Bahadur Tamang,स्नातकोत्तर,त्रि.वि.,Dhankuta,,,1-धनकुटा-1,342473,36
340463,बिभत्सु थापा,Bibhatsu Thapa,राष्ट्रिय प्रजातन्त्र पार्टी,2604,703,M,False,Virat Thapa,वि.एड. डब्लु,त्रि.वि.,Kathmandu,,U-19 राष्ट्रिय क्रिकेट,1-धनकुटा-1,340463,30
341432,आइत राज लिम्‍वु,Ait Raj Limbu,"जनता समाजवादी पार्टी, नेपाल",2542,432,M,False,Hasta Bahadur Limbu,आई.एड,त्रि.वि.,Dhankuta,Buddha Rani Limbu,,1-धनकुटा-1,341432,50
340798,निशान राई,Nishan Rai,जनता समाजवादी पार्टी(एकल चुनाव चिन्ह),2531,238,M,False,Bam Bahadur Rai,+२,राष्ट्रिय परिक्षा बोर्ड,Dhankuta,,,1-धनकुटा-1,340798,35
341624,शालिक राम राई,Shalik Ram Rai,राष्ट्रिय परिवर्तन पार्टी,2568,221,M,False,Gajendra Bahadur Rai,+2,राष्ट्रिय परिक्षा बोर्ड,Dhankuta,,,1-धनकुटा-1,341624,25
341138,रविन कुमार राई,Rabin Kumar Rai,नेपाल कम्युनिस्ट पार्टी (माओवादी),2526,132,M,False,Dik Bahadur Rai,एल.एल.सी,एल.एल.सी बोर्ड,Dhankuta,Shusila Rai,,1-धनकुटा-1,341138,37
342229,जीतेन्द्र राई,Jitendra Rai,स्वतन्त्र,IND,91,M,False,Jay Bahadur Rai,एस.एल.सी,एस.एल.सी बोर्ड,Dhankuta,Lila Maya Rai,,1-धनकुटा-1,342229,54
341732,सागर राई,Sagar Rai,मंगोल नेशनल अर्गनाइजेसन,2511,82,M,False,Ram Bahadur Rai,व्याचुलर डिग्री,,Jhapa,,,1-धनकुटा-1,341732,31
339823,बाल कुमार ताम्ली,Bal Kumar Tamli,संघीय लोकतान्त्रिक राष्ट्रिय मञ्च,2550,65,M,False,Padam Bahadur Tamli,+२,राष्ट्रिय परिक्षा बोर्ड,Dhankuta,,,1-धनकुटा-1,339823,37
341926,मन कुमार योञ्जन,Man Kumar Yonjan,स्वतन्त्र,IND,56,M,False,Gokul Singh Tamang,एस.एल.सि.,एस.एल.सि. बोर्ड,Dhankuta,,,1-धनकुटा-1,341926,31
339756,प्रेम वहादुर थापा,Prem Bahadur Thapa,आम जनता पार्टी(एकल चुनाव चिन्ह),2581,55,M,False,Purna Bahadur Thapa,साधरण लेखपढ,,Dhankuta,,,1-धनकुटा-1,339756,34
339324,उत्तम साखकर्मी,Uttam Sakakarmi,नेपाल मजदुर किसान पार्टी,2578,22,M,False,बावु काजी साखकर्मी,स्नातक,त्रि.वि.,भक्तपुर चाँगुनारायण नगरपालिका तैकाबु,,,1-धनकुटा-1,339324,40
341227,यज्ञमणि  न्याैपाने,Yajnyamani Nyaaipane,राष्ट्रिय स्वतन्त्र पार्टी,2528,27367,M,True,दिवाकर  न्याैपाने,एम.ए.,,काठमाडौं काठमाडौँ महानगरपालिका ,चन्द्र कला अधिकारी,,1-मोरङ-1,341227,41
339426,शान्ती पाख्रिन लामा,Shanti Pakhrin Lama,श्रम संस्कृति पार्टी,2501,17522,F,False,Sher Bahadur Gurung,स्‍नातक,त्रिभुवन विश्‍वविद्यालय,Morang,Maniraj Lama,"-महिला अधिकार मञ्‍च
-उद्धघोषण भाषण तथा रेडियो टेलिभिजन कार्यक्रम प्रस्तोता
-स्थानीय सरकार संचालन ऐन तथा कानून प्रशिक्षक
",1-मोरङ-1,339426,44
340351,खड्ग बहादुर फागो,Khadga Bahadur Phago,नेपाली काँग्रेस,2583,11986,M,False,Chancha Lal Phagu,स्नातकोत्तर,उर्लावारी बहुमुखी क्याम्पस,Dhankuta,Renuka Hangma Phagu,,1-मोरङ-1,340351,50
339614,घनश्याम खतीवडा,Ghana Shyam Khatiwada,नेपाल कम्युनिष्ट पार्टी (एकीकृत मार्क्सवादी लेनिनवादी),2598,9823,M,False,Indra Prasad Khatiwada,,,Morang,Dil Kumari Khatiwada,"-गा.वि.स.अध्यक्ष, गा.वि.स.महासंघ केन्द्रिय अध्यक्ष
-प्रतिनिधि सभा सदस्य
-प्रतिनिधि सभामा बैठक सञ्‍चालनको अनुभव
-प्रतिनिधि सभाको विभिन्न समितिमा रही काम गरेको । ",1-मोरङ-1,339614,64
340750,कुल प्रसाद साम्बा,Kul Prasad Samba,नेपाली कम्युनिष्ट पार्टी,2557,2224,M,False,Brikha Bahadur Limbu,प्लस टु,श्री पब्लिक मा वि.ग्रामथान,Morang,Pavitra Kumari Dahal,,1-मोरङ-1,340750,47
340178,सुरज लिम्वु,Suraj Limbu,मंगोल नेशनल अर्गनाइजेसन,2511,1068,M,False,Barna Dhoj Limbu,एस.एल.सी.,,Tehrathum,Sumitra Limbu,"-राजिनितिक
-समाजसेवा
-संघ संस्था
-व्यापार व्यवसाय",1-मोरङ-1,340178,42
339954,पूर्ण बहादुर वाइवा तामाङ्ग,Purna Bahadur Waiba Tamang,राष्ट्रिय प्रजातन्त्र पार्टी,2604,900,M,False,ध्वज वीर वाइवा,प्रमाण पत्र उतीर्ण,मेची क्याम्पस,मोरङ उर्लाबारी नगरपालिका शान्ति,निन्दा लक्ष्मी वाइवा,सामाजिक राजनैतिक क्षेत्रमा,1-मोरङ-1,339954,70
340594,प्रेम वर्देवा,Prema Vardeva,स्वतन्त्र,IND,308,M,False,अमृत कुमार वर्देवा,एल.एल.सि.,पञ्‍चायत मा.वि.,मोरङ उर्लाबारी नगरपालिका प्रगतीटोल,,,1-मोरङ-1,340594,37
339677,दुर्गा कुमारी तामाङ,Durga Kumari Tamang,राष्ट्रिय परिवर्तन पार्टी,2568,291,F,False,Man Singh Tamang,एल.एल.सि.,,Morang,Devendra Tamang,,1-मोरङ-1,339677,41
340657,दिल कुमारी लावती,Dil Kumari Lawati,संघीय लोकतान्त्रिक राष्ट्रिय मञ्च,2550,245,F,False,सन्तविर  लावती,१२,सुनपकुवा मा वि,मोरङ उर्लाबारी नगरपालिका आइतवारे,श्याम बहादुर लावती,,1-मोरङ-1,340657,49
340614,डिल्ली राम नेपाली,Dilli Ram Nepali,नेपाल कम्युनिस्ट पार्टी (माओवादी),2526,59,M,False,Rudra Bahadur Darji,आइ ए,दमक बहुमुखी क्याम्पस,Jhapa,Kunti Maya Nepali,,1-मोरङ-1,340614,57
341374,ईशोर वाग्ले,Eeshora Vagle,स्वतन्त्र,IND,40,M,False,गणेश बहादुर वाग्ले,एस एल सि,नया नमुना मा.वि.पाँचथर,मोरङ उर्लाबारी नगरपालिका दुर्गापुरी,,,1-मोरङ-1,341374,50
339351,याम प्रसाद दाहाल,Yam Prasad Dahal,स्वतन्त्र,IND,39,M,False,Nanda Lal Dahal,"एम.ए, एम.फिल(संविधान)",त्रिभुवन विश्‍वविद्यालय,Morang,,,1-मोरङ-1,339351,60
339740,मिलन भण्‍डारी,Milan Bhandari,स्वतन्त्र,IND,31,M,False,Basanta Kumar Bhandari,एम.ए.ग्रामिण विकाश,उर्लावारी ब.क्या.उर्लावारी,Morang,Hari Maya Dahal,"-योग शिक्षक प्रशिक्षक
-मेनुवल थेरापि प्रशिक्षक
-गाउँघरमा समाज सेवामा निरन्तर",1-मोरङ-1,339740,48
341605,फिव राज लिम्वु,Phiva Raja Limvu,नेपाल जनमुक्ति पार्टी,2529,30,M,False,कान्छा वहादुर लिम्वु,प्रमाण पत्र तह,महेन्द्र क्याम्पस ,मोरङ केराबारी गाउँपालिका हचुवा,वुद्ध माया लिम्वु,,1-मोरङ-1,341605,48
341097,पशुपति घिमीरे,Pashupati Ghimire,स्वतन्त्र,IND,17,M,False,Bhakti Prasad Ghimire,दशौं कक्षा उत्तीर्ण,वाल्मिकी विद्यापीठ काठमाडौं,Morang,Kalpana Ghimire,,1-मोरङ-1,341097,61
340020,डिल्ली राम लिम्बु,Dilli Ram Limbu,मितेरी पार्टी नेपाल,2530,12,M,False,Yuva Raj Limbu,एस.एल.सि.,कालिका सा.उ.मा.वि.,Morang,Arati Lawati,"-लावा खोला खा.पा.को अध्यक्षमा काम गरि सकेको ।
-टाडी अस्थाई प्रहरी व्यवस्थापनको अ.मा काम गरी सकेको 
-कोइली सा.उ.वनको विद्यालय व्यव.समितिमा काम गरेको ।",1-मोरङ-1,340020,42
341642,कृष्ण कुमार कार्की,Krishna Kumar Karki,राष्ट्रिय स्वतन्त्र पार्टी,2528,40924,M,True,Chandra Bahadur Karki,,,Okhaldhunga,,,1-मोरङ-2,341642,40
341506,दिलीप कुमार अग्रवाल,Dilip Kumar Agrawal,नेपाल कम्युनिष्ट पार्टी (एकीकृत मार्क्सवादी लेनिनवादी),2598,15624,M,False,Madan Lal Agrawal,,,Morang,Manisha Devi Agrawal,,1-मोरङ-2,341506,59
341194,मिनेन्द्र प्रसाद रिजाल,Minendra Prasad Rijal,नेपाली काँग्रेस,2583,12764,M,False,Shree Prasad Rijal,,,Morang,Durga Rijal,,1-मोरङ-2,341194,68
340580,अबुहो रैरह,Abuho Rairah,श्रम संस्कृति पार्टी,2501,1822,M,False,Mo. Roidarraman Rairahha,,,Morang,Abuhoreira Rai,,1-मोरङ-2,340580,37
340488,चन्द्र वीर राई,Chandra Bir Rai,नेपाली कम्युनिष्ट पार्टी,2557,1366,M,False,Satya Lal Rai,,,Sankhuwasabha,Gaumati Rai (Jimi),,1-मोरङ-2,340488,70
340119,कन्स राज राजवंशी,Kans Raj Rajbanshi,राष्ट्रिय प्रजातन्त्र पार्टी,2604,766,M,False,हरुप नारायण राजवंशी,,,मोरङ सुनवर्षी नगरपालिका कदमगाछी,,,1-मोरङ-2,340119,41
341289,घनश्याम चौधरी,Ghana Shyam Chaudhary,जनमत पार्टी,2585,310,M,False,Narayan Chaudhary,,,Morang,Rekha Chaudhary,,1-मोरङ-2,341289,44
339976,धन वहादुर सुनुवार,Dhana Vahadura Sunuvar,राष्ट्रिय परिवर्तन पार्टी,2568,277,M,False,मेख वहादुर सुनुवार,,,मोरङ रतुवामाई नगरपालिका कोइलीडांगी,,,1-मोरङ-2,339976,38
339848,धन बहादुर लिम्बु,Dhan Bahadur Limbu,मंगोल नेशनल अर्गनाइजेसन,2511,270,M,False,Bhuwan Singh Limbu,,,Jhapa,Babita Dhimal,,1-मोरङ-2,339848,35
341893,विनोद कुमार सिंह गनगाई,Binod Kumar Singh Gangai,"जनता समाजवादी पार्टी, नेपाल",2542,87,M,False,वरत लाल  गनगाई,,,मोरङ रतुवामाई नगरपालिका डोरिया,दिना कुमारी मण्डल गनगाई,,1-मोरङ-2,341893,53
339567,मेघेन्द्र कुमार रोक्का,Meghendra Kumar Rokka,नेपाल कम्युनिस्ट पार्टी (माओवादी),2526,82,M,False,Chhatra Bahadur Rokka,,,Morang,,,1-मोरङ-2,339567,43
341487,माधव प्रसाद राजवंशी,Madhav Prasad Rajbanshi,राष्ट्रिय मुक्ति पार्टी नेपाल(एकल चुनाव चिन्ह),2531,80,M,False,तिलक चन्द राजवंशी,,,मोरङ रंगेली नगरपालिका वरगाछी,कमला कुमारी राजवंशी,,1-मोरङ-2,341487,53
339454,मनोज कुमार राजवंशी,Manoj Kumar Rajbanshi,"राष्ट्रिय उर्जाशील पार्टी, नेपाल",2534,74,M,False,राज कुमार राजवंशी,,,मोरङ कानेपोखरी गाउँपालिका वयरवन,,,1-मोरङ-2,339454,34
341079,अनिल कुमार साह,Anil Kumar Sah,स्वतन्त्र,IND,56,M,False,Shankar Prasad Sah,,,Morang,Bibha Sah,,1-मोरङ-2,341079,42
342119,राजन निरौला,Rajan Niraula,स्वतन्त्र,IND,48,M,False,Somnath Niroula,,,Morang,Iswara Baral,,1-मोरङ-2,342119,41
341706,बुधु रिषिदेव,Budhu Rishidev,स्वतन्त्र,IND,35,M,False,Rupa Lal Rishidev,,,Morang,Purni Devi Rishidev,,1-मोरङ-2,341706,57
341437,नरेश कुमार साह,Naresh Kumar Sah,स्वतन्त्र,IND,18,M,False,Devi Sah,,,Morang,Anjani Devi Sah,,1-मोरङ-2,341437,54
341077,गणेश कार्की,Ganesh Karki,राष्ट्रिय स्वतन्त्र पार्टी,2528,36924,M,True,Surbir Karki,स्‍नात्तकोत्तर,त्रि.वि.,Morang,,पत्रकारिता,1-मोरङ-3,341077,40
340372,शुनिल कुमार शर्मा,Shunil Kumar Sharma,नेपाली काँग्रेस,2583,24354,M,False,लोकनाथ  न्यौपाने,Bachelor of Medicine ,,मोरङ बेलवारी नगरपालिका प्रगतीटोल,ईन्दिरा  शर्मा बराल,,1-मोरङ-3,340372,48
340808,अमिर मगर,Amir Magar,श्रम संस्कृति पार्टी,2501,16509,M,False,Ram Bahadur Magar,स्‍नातक,सुकुना बहुमुखि  क्याम्पस,Morang,,,1-मोरङ-3,340808,36
339926,इरन कुमार राई,Iran Kumar Rai,नेपाल कम्युनिष्ट पार्टी (एकीकृत मार्क्सवादी लेनिनवादी),2598,7752,M,False,Bi Kumar Rai,एम ए बि एड,,Sunsari,Rekha Subedi,,1-मोरङ-3,339926,55
340327,डा. देउमान सम्वाहाङफे,Da. Deumana Samvahangaphe,नेपाली कम्युनिष्ट पार्टी,2557,1259,M,False,जैश्‍वर  लिम्बु,विधावारिधि,त्रिभुवन विश्वविद्यालय,मोरङ पथरी शनिश्चरे नगरपालिका ,सोभा  कन्दङवा (सम्वाहाङफे),१४ वर्ष शिक्षण,1-मोरङ-3,340327,58
339408,प्रेम प्रसाद सुवेदी,Prem Prasad Subedi,राष्ट्रिय प्रजातन्त्र पार्टी,2604,733,M,False,Krishna Lal Subedi,I.A,,Morang,Sakuntala Subedi,सामाजिक कार्यकर्ता,1-मोरङ-3,339408,57
340011,बिकेन्द्र राई,Bikendra Rai,मंगोल नेशनल अर्गनाइजेसन,2511,647,M,False,Sukh Man Rai,+2,भगवती मा.वि.,Bhojpur,,राजनितिक,1-मोरङ-3,340011,44
340940,मित्रसेन योञ्जन,Mitrasen Yonjan,उज्यालो नेपाल पार्टी,2566,643,M,False,Sher Bahadur Yonjan,आई कम,"महेन्द्र बहुमुखी कम्यापस , धरान",Morang,Rita Kumari Yonjan (Tamang),सामाजिक क्षेत्रमा २० वर्ष कार्य गरेको,1-मोरङ-3,340940,52
339447,खड्ग बहादुर कार्की,Khadga Bahadur Karki,नेपाल कम्युनिस्ट पार्टी (माओवादी),2526,142,M,False,Lain Bahadur Karki,एस.एल.सि.,श्री महेन्द्र मा.वि.  पाँचथर,Panchthar,Sarmila Rai,,1-मोरङ-3,339447,45
339627,डिल्ली वहादुर जबेगु,Dilli Bahadur Jawegu,संघीय लोकतान्त्रिक राष्ट्रिय मञ्च,2550,129,M,False,हस्त वहादुर जबेगु,एस एल सि,सरस्वती मा.वि.दमक झापा,मोरङ पथरी शनिश्चरे नगरपालिका जय चौक,शान्ती  जबेगु,आइटम अपरेटर ,1-मोरङ-3,339627,55
341445,विदुर अधिकारी,Bidur Adhikari,संयुक्त नागरिक पार्टी,2521,88,M,False,Chandra Prasad Adhikari,M.A,TU,Morang,Januka Bhattarai,"शिक्षण, माध्यमिक तह",1-मोरङ-3,341445,46
340257,प्रशुराम विश्वास  थारु,Prashuram Bishwas Tharu,नेपाल मजदुर किसान पार्टी,2578,53,M,False,जोगलाल विश्वास,साधारण,,मोरङ ग्रामथान गाउँपालिका भेडिबथना,शुशिला देवी थारु,,1-मोरङ-3,340257,58
342021,कमल कुमार राई,Kamal Kumar Rai,आम जनता पार्टी(एकल चुनाव चिन्ह),2581,51,M,False,Thakuri Rai,,,Morang,Rupa Maya Rai,,1-मोरङ-3,342021,55
340577,नवराज मास्के,Nawaraj Maskey,जय मातृभूमि पार्टी,2510,49,M,False,इन्द्र वहादुर मास्के,वि ए,त्रिभुवन विश्वविद्यालय,मोरङ सुन्दरहरैँचा नगरपालिका हरैचा वजार,शर्मिला  मास्के,,1-मोरङ-3,340577,57
340756,गणेश मिश्र,Ganesh Mishra,स्वतन्त्र,IND,44,M,False,Jagannath Mishra,SLC,पार्वती मा.वि.,Dhankuta,Gita Kumari Dhakal,,1-मोरङ-3,340756,53
341529,भुवन कुमार वाग्ले,Bhuvana Kumara Vagle,"राष्ट्रिय उर्जाशील पार्टी, नेपाल",2534,31,M,False,नरेन्द्र प्रसाद वाग्ले,स्‍नात्तकोत्तर,TU,धनकुटा धनकुटा नगरपालिका ,शुभ कला दाहाल,शिक्षण तथा शैक्षिक नेत्वत्व,1-मोरङ-3,341529,46
341752,तेज प्रसाद भण्डारी,Tej Prasad Bhandari,स्वतन्त्र,IND,30,M,False,Kedar Nath Bhandari,slc,पञ्चायत उच्च मा.वि.,Morang,Anjana Wagle,,1-मोरङ-3,341752,43
342254,मजेबुल रहमान,Majebul Rahaman,"जनता समाजवादी पार्टी, नेपाल",2542,18,M,False,दुखा  मिया,,,मोरङ सुनवर्षी नगरपालिका डाईनिया,समिना  खातुन,,1-मोरङ-3,342254,55
342293,सन्तोष राजवंशी,Santosh Rajbanshi,राष्ट्रिय स्वतन्त्र पार्टी,2528,40833,M,True,राम पुजन राजवंशी,स्‍नातक ,त्रि वि,मोरङ विराटनगर महानगरपालिका ,,पत्रकारिता,1-मोरङ-4,342293,34
341356,गुरु राज घिमिरे,Guru Raj Ghimire,नेपाली काँग्रेस,2583,12818,M,False,Hari Prasad Ghimire,"एम ए, विड",टि यु,Morang,Mira Lamichhane (Ghimire),चार पटक लामो राजनीतिक जीवन ७ वटा पुस्तक  प्रकाशन तथा नियमित  ,1-मोरङ-4,341356,57
341465,अमन लाल मोदी,Aman Lal Modi,नेपाली कम्युनिष्ट पार्टी,2557,10762,M,False,Pawan Lal Modi,वि ए स्नातक एम ए ,त्रि वि,Morang,,"प्रतिनिध सभा सदस्यमा निर्वाचित 
मन्त्री (सामान्य प्रशासन)",1-मोरङ-4,341465,40
340158,जिवन घिमीरे,Jivan Ghimire,नेपाल कम्युनिष्ट पार्टी (एकीकृत मार्क्सवादी लेनिनवादी),2598,6933,M,False,तारा नाथ घिमीरे,स्‍नातक,,मोरङ विराटनगर महानगरपालिका नविन टोल,विमला  घिमीरे,"मनमोहन विश्वविद्यालयको संस्थापक सह कुलपती
सामाजिक विकास मन्त्री कोशी प्रदेश सरकार",1-मोरङ-4,340158,63
342387,माधव प्रसाद आचार्य,Madhav Prasad Acharya,राष्ट्रिय प्रजातन्त्र पार्टी,2604,1163,M,False,Hari Prasad Acharya,वि वि एस,महेन्द्र मोरङ्ग आदर्श बहुमुखी क्याम्पस,Morang,Binda Acharya,,1-मोरङ-4,342387,48
341700,कृष्ण कुमार अटल,Krishna Kumar Atal,श्रम संस्कृति पार्टी,2501,1001,M,False,Om Prakash Atal,१२ कक्षा,नेशनल एकेडेमी अफ साइन्स एणड कमर्स,Sunsari,Gunjan Atal,"व्यापार,  नोकरी, सामाजिक कार्य",1-मोरङ-4,341700,45
342472,जिवन कुमार गुप्‍ता,Jivan Kumar Gupta,जनमत पार्टी,2585,348,M,False,"पुस्पेन्द्र कुमार राजेन्द्र,गुप्‍ता",slc,,मोरङ विराटनगर महानगरपालिका वखरी,रिकुं  देवी,,1-मोरङ-4,342472,46
342132,कल्पना देेवि यादव,Kalpana Devi Yadav,राष्ट्र निर्माण दल नेपाल,2527,176,F,False,Homeshwar Prasad Yadav,slc,,Saptari,Siya Ram Yadav,,1-मोरङ-4,342132,46
341233,गोल्छा  राई ,Golchaa Rai,मंगोल नेशनल अर्गनाइजेसन,2511,87,M,False,पुर्ण  कुमार  राई,slc,श्री कालिका वाल विकास मा वी ,मोरङ बेलवारी नगरपालिका ,सोभा  देवो  राई ,श्रम अनि कृषिमा आधारित कठिन वाल्यकालको जिवन देश चिन्ने र विविधता वुझ्ने कठोर भोट प्रदेशको यात्रा अनुशासन र राष्ट्र सेवकको आर्मी जिवन १६ वर्ष २ महिना,1-मोरङ-4,341233,44
342189,अशोक शर्मा,Ashok Sharma,आम जनता पार्टी(एकल चुनाव चिन्ह),2581,72,M,False,Mohan Sharma,‌+2 ,श्री सरस्वती माध्यमिक विद्यालय,Morang,Jamuna Devi Sharma,"फर्निचर व्यवसायी २० वर्षको अनुभव 
नव आदर्श वचत तथा ऋण सहकारीको सचिव
मोरङ्ग फर्निचर तथा फर्निसिङ्ग जिल्लाको उपाध्यक्ष",1-मोरङ-4,342189,36
340292,हरि बहादुर बस्नेत,Hari Bahadur Basnet,नेपाल कम्युनिस्ट पार्टी (माओवादी),2526,61,M,False,Yadu Kumar Basnet,आइ ए,महेन्द्र मोरङ्ग आदर्श बहुमुखी क्याम्पस,Morang,Tara Basnet,"धनपाल मा वि व्यवस्थापन अध्यक्ष
गार्मेन्ट उद्योग बजार व्यवस्थापन
बेतना तथा लोहन्द्रा नहर सिँचाई संस्थापक अध्यक्ष",1-मोरङ-4,340292,58
342367,तवरेज अखतर आलम ,Tavareja Akhatara Aalama,"जनता समाजवादी पार्टी, नेपाल",2542,60,M,False,समसाद  आलम,slc,,मोरङ विराटनगर महानगरपालिका सरौचिया,नासिन  खातुन,,1-मोरङ-4,342367,60
341068,नुमा लिम्बु,Numa Limbu,समावेशी समाजवादी पार्टी,2590,55,F,False,Singh Bahadur Limbu,प्रविणता प्रमाणपत्र तह,कोशी क्याम्पस विराटनगर,Jhapa,,,1-मोरङ-4,341068,39
342084,भक्त मणी दाहाल,Bhakt Mani Dahal,स्वतन्त्र,IND,40,M,False,हिरण्य प्रसाद दाहाल,स्नातकोत्तर,सम्पुर्ण नन्द विश्वविद्यालय,मोरङ विराटनगर महानगरपालिका बेलगाछी,चेतना  अधिकारी,,1-मोरङ-4,342084,58
340858,हरि नारायण चौधरी,Hari Narayan Chaudhary,"नागरिक उन्मुक्ति पार्टी, नेपाल(एकल चुनाव चिन्ह)",2531,38,M,False,Dukhi Chaudhary,एस एल सी,प्रगतिशिल मा वि,Morang,Usha Devi Chaudhary,"अ हे व मेडिकल 
शिक्षक",1-मोरङ-4,340858,52
339348,जयराम थारु,Jayram Tharu,नेपाल मजदुर किसान पार्टी,2578,29,M,False,अन्तराम  थारु,साधारण,,मोरङ ग्रामथान गाउँपालिका तेतरीया,नैनसर  थारु,,1-मोरङ-4,339348,43
342319,ज्ञानेन्द्र खत्री,Gyanendra Khatri,स्वतन्त्र,IND,25,M,False,Bhupendra Khatri,वि ए स्नातक ,त्रि वि,Morang,Jamuna Kumari Basnet,अधिल्लो आम निर्वाचनमा समेत स्वतन्त्र,1-मोरङ-4,342319,51
342228,विनोद कुमार कार्की,Binod Kumar Karki,स्वतन्त्र,IND,17,M,False,Dhan Bahadur Karki,+2 ,,Morang,Anjana Karki,,1-मोरङ-4,342228,47
342355,हरनु मुसहर,Harnu Musahar,संघीय लोकतान्त्रिक राष्ट्रिय मञ्च,2550,11,M,False,मुनेश्‍वर  मुसहर,प्राथमिक तह ,,मोरङ विराटनगर महानगरपालिका भनपुरा,देवकी  मुसहर,कृषि पेशा,1-मोरङ-4,342355,67
341509,आशा झा,Aasha Jha,राष्ट्रिय स्वतन्त्र पार्टी,2528,30434,F,True,हरिश्र्चन्द्र  झा,स्नातक,"लक्ष्मीवल्लभ नर्सिङ मल्टिपल कलेज, सप्तरी",मोरङ विराटनगर महानगरपालिका अभिवादन टोल,आमोद कुमार झा,नागरिक समाज भै काम गरेको,1-मोरङ-5,341509,42
341353,फुल कुमार लालवानी,Phul Kumar Lalwani,नेपाली काँग्रेस,2583,9415,M,False,Paras Mal Lalwani,स्नातक,पटना युनिभरसिटी,Kathmandu,Santosh Devi Lalwani,"संघसंस्थामा कार्यरत,समाजसेवा",1-मोरङ-5,341353,64
340375,राज कुमार यादव,Raj Kumar Yadav,"जनता समाजवादी पार्टी, नेपाल",2542,8747,M,False,Kuldip Lal Yadav,एस.एल.सि.,पव्लिक मा.वि.,Morang,Mamata Yadav,समाजसेवी,1-मोरङ-5,340375,53
339521,शिव कुमार मंडल (केवट),Shiva Kumar Mandal (Kewat),नेपाली कम्युनिष्ट पार्टी,2557,8614,M,False,किसन लाल मंडल (केवट),प्रविणता प्रमाण पत्र तह,महेन्द्र मोरङ क्याम्पस,मोरङ सुनवर्षी नगरपालिका कैमी,शिवरानी देवी मंडल ,पूर्व मन्त्रि भै काम गरेको,1-मोरङ-5,339521,50
339949,मनोज कुमार अग्रवाल,Manoj Kumar Agrawal,नेपाल कम्युनिष्ट पार्टी (एकीकृत मार्क्सवादी लेनिनवादी),2598,6945,M,False,Mangilal Agrawal,एस.एल.सि.पास,पव्लिक मा.वि.,Morang,Asu Agrawal,समाजिक संस्थामा काम गरेको,1-मोरङ-5,339949,47
340767,योगेन्द्र मण्डल,Yogendra Mandal,"राष्ट्रिय उर्जाशील पार्टी, नेपाल",2534,4199,M,False,Tikam Lal Mandal,वि.सए.सि.,त्रिभुवन विश्वविद्दालय,Morang,Rivol Mandal,समाजसेवी,1-मोरङ-5,340767,54
341402,कुमोद राय,Kumod Raya,राष्ट्रिय प्रजातन्त्र पार्टी,2604,549,M,False,जोगेन्द्र नारायण राय,प्रविणता प्रमाणपत्र तह,सरस्वती उ.मा.वि. धनपालथान,मोरङ धनपालथान गाउँपालिका वेरिया,रानी देवी राय,समाजसेवा,1-मोरङ-5,341402,45
339918,मोहमद रेजा हुसैन,Mohammad Reza Hussain,स्वतन्त्र,IND,523,M,False,Mohamad Kazim Ansari,एस.एल.सि. पास,सेन्ट जोसेफ,Morang,Mini Niraula,समाजसेवा,1-मोरङ-5,339918,51
341128,परमेश्वर मुर्मु,Parmeshwar Murmu,जनमत पार्टी,2585,364,M,False,Lakhiram Murmu,प्रविणता प्रमाणपत्र तह,महेन्द्र मोरङ क्याम्पस,Morang,,समाजसेवी,1-मोरङ-5,341128,46
339729,अमर कुमार यादव,Amar Kumar Yadav,स्वतन्त्र,IND,363,M,False,Dinesh Kumar Yadav,स्नातक,पूर्वाञ्चन विश्व विद्दालय,Morang,,कानून विद्दार्थी,1-मोरङ-5,339729,25
339705,गंगा प्रसाद गिरी,Ganga Prasad Giri,नेपाल कम्युनिस्ट पार्टी (माओवादी),2526,117,M,False,Hari Bhakta Giri,साधारण लेखपढ,,Morang,Nirmala Giri,राजनिति,1-मोरङ-5,339705,70
341721,राजेन्द्र प्रसाद मण्डल केवट,Rajendra Prasad Mandal Kewat,प्रगतिशील लोकतान्त्रिक पार्टी,2516,82,M,False,सीताराम  मण्डल केवट,एस.एस.सि.पास,पव्लिक मा.वि.रंगेली,मोरङ धनपालथान गाउँपालिका मायागंज,अनिता देवी मण्डल,भुपु प्रहरी ,1-मोरङ-5,341721,46
340926,राज कुमार राजवंशी,Raj Kumar Rajbanshi,स्वतन्त्र,IND,47,M,False,किसन वहादुर राजवंशी,प्रविणता प्रमाणपत्र तह,इन्जिनियरिङ क्यामपस धरान,मोरङ विराटनगर महानगरपालिका संगम चोक,श्रीमति गीता देवी राजवंशी,समेजसेवा,1-मोरङ-5,340926,57
341574,मंगल ऋषिदेव,Mangal Rishidev,संघीय लोकतान्त्रिक राष्ट्रिय मञ्च,2550,34,M,False,Tunai Rishidev,एस.एल.सि.पास,लक्ष्मिनिया मा.वि.मोरङ,Morang,Shobha Devi Rishidev,"समाजसेवा, राजमिस्त्रि",1-मोरङ-5,341574,42
342056,नरेश कुमार लाभ,Naresh Kumar Labh,राष्ट्रिय मुक्ति पार्टी नेपाल(एकल चुनाव चिन्ह),2531,28,M,False,Jitendra Labh,सामान्य लेखपढ,,Saptari,Purnima Labh,समाजसेवा,1-मोरङ-5,342056,43
341853,सुजित कुमार साह,Sujit Kumar Sah,स्वतन्त्र,IND,28,M,False,Shyam Sah Sudi,स्नातक,शैलेजा आचार्य पोलि टेकनिकल,Morang,,शिक्षक,1-मोरङ-5,341853,27
339389,गंगा कुमारी राजवंशी,Ganga Kumari Rajbanshi,नेपाल मजदुर किसान पार्टी,2578,22,F,False,सुरज कुमार राजवशी,स्नातक,नेशनस एकेडेमी,मोरङ जहदा गाउँपालिका ,,शिक्षण पेशा गरेको,1-मोरङ-5,339389,25
339561,सकुन्तला श्रेष्‍ठ,Sakuntala Shrestha,मंगोल नेशनल अर्गनाइजेसन,2511,17,F,False,टंक बहादुर श्रेष्‍ठ,प्रविणता प्रमाणपत्र ,सरस्वती उ.मा.वि.,मोरङ सुनवर्षी नगरपालिका अमरदह,रबिन्द्र कुमार श्रेष्‍ठ,शिक्षण पेशा,1-मोरङ-5,339561,34
341311,ममता यादव,Mamata Yadav,स्वतन्त्र,IND,13,F,False,Chandeshwar Yadav,एस.एल.सि.,केरोन मा.वि.,Morang,Raj Kumar Yadav,समाजसेवा,1-मोरङ-5,341311,41
341265,विकाश श्रेष्‍ठ,Bikash Shrestha,स्वतन्त्र,IND,11,M,False,Ananda Shrestha,ऐस.एल.सि.,आदर्श मा.वि.,Sunsari,Anita Tamrakar,समाजसेवा,1-मोरङ-5,341265,60
341800,सूर्य नारायण ठाकुर,Surya Narayan Thakur,स्वतन्त्र,IND,5,M,False,Shri Kant Thakur,एस.एल.सि.,पव्लिक मा.वि.रंगेली,Morang,Renu Devi Thakur,समाजसेवा,1-मोरङ-5,341800,45
340835,जय नारायण शर्मा,Jai Narayan Sharma,स्वतन्त्र,IND,3,M,False,नथुनी  शर्मा,सामान्य लेखपढ,,मोरङ धनपालथान गाउँपालिका कदमाह,तेतरी देवी शर्मा केवट,समाजसेवा,1-मोरङ-5,340835,54
341123,रुबिना आचार्य,Rubina Acharya,राष्ट्रिय स्वतन्त्र पार्टी,2528,55513,F,True,Suresh Acharya,MBA,,Morang,,,1-मोरङ-6,341123,31
340656,डा शेखर कोइराला,Dr. Shekhar Koirala,नेपाली काँग्रेस,2583,12850,M,False,केशव प्रसाद कोइराला,MS/MD स्नातकोत्तर,,मोरङ विराटनगर महानगरपालिका हस्पिटल रोड,पुनम  कोइराला,,1-मोरङ-6,340656,75
339853,विनोद प्रसाद ढकाल,Binod Prasad Dhakal,नेपाल कम्युनिष्ट पार्टी (एकीकृत मार्क्सवादी लेनिनवादी),2598,8317,M,False,Vishnu Prasad Dhakal,स्नातक तह,,Morang,Radha Dhakal,,1-मोरङ-6,339853,57
340711,मातृका पौडेल,Matrika Paudel,श्रम संस्कृति पार्टी,2501,3400,M,False,Jay Prasad Paudel,10,,Morang,Sharada Paudel,,1-मोरङ-6,340711,49
340080,सविन निरौला,Savin Niraula,राष्ट्रिय प्रजातन्त्र पार्टी,2604,2092,M,False,राम प्रसाद निरौला,स्नातक,,मोरङ पथरी शनिश्चरे नगरपालिका ,,,1-मोरङ-6,340080,27
339909,ओपेन्द्र कुमार राय,Opendra Kumar Raya,नेपाली कम्युनिष्ट पार्टी,2557,1716,M,False,रामजी लाल राय अमात,SLC,,मोरङ बुढीगंगा गाउँपालिका पश्चिमटोल,दिल कुमारी राय,,1-मोरङ-6,339909,48
340305,सुध राम माझी,Sudha Ram Majhi,जनमत पार्टी,2585,420,M,False,Musaharu Majhi,SLC,,Morang,Rekha Majhi,,1-मोरङ-6,340305,54
341640,बसन्त बुढाथोकि,Basanta Budhathoki,उज्यालो नेपाल पार्टी,2566,243,M,False,मोहन  बुढाथोकि,10+2,,मोरङ विराटनगर महानगरपालिका ,आस्था  उप्रेती,,1-मोरङ-6,341640,25
339713,प्रिती झा,Priti Jha,सार्वभौम नागरिक पार्टी,2520,200,F,False,Tulakanta Mishra,10+2,,Morang,Santosh Kumar Jha,,1-मोरङ-6,339713,46
339893,राजु मण्डल राजवंशी,Raju Mandal Rajbanshi,"जनता समाजवादी पार्टी, नेपाल",2542,148,M,False,खेलु  राजवंशी,,,मोरङ बुढीगंगा गाउँपालिका बाँसवारी,रीता  राजवंशी,,1-मोरङ-6,339893,54
339652,कुमार प्रसाद खतिवडा,Kumar Prashad Khatiwada,नेपाल कम्युनिस्ट पार्टी (माओवादी),2526,126,M,False,भिम प्रसाद खतिवडा,स्नातक,महेन्द्र मोरङ आदर्श बहुमुखी क्याम्पस विराटनगर,मोरङ बुढीगंगा गाउँपालिका गोकूवा,टीका  पोखरेल,,1-मोरङ-6,339652,40
340760,बलराम खवास,Balarama Khavas,"नागरिक उन्मुक्ति पार्टी, नेपाल(एकल चुनाव चिन्ह)",2531,118,M,False,श्यामलाल  खवास,SLC,,मोरङ सुन्दरहरैँचा नगरपालिका ,नेत्रकला  खवास,,1-मोरङ-6,340760,50
341405,बद्री पासवान,Badri Pasavan,आम जनता पार्टी(एकल चुनाव चिन्ह),2581,97,M,False,विन्देश्‍वर  पासवान,साधारण,,मोरङ बुढीगंगा गाउँपालिका गंगाचौक,सुनिता  पासवान,,1-मोरङ-6,341405,54
340479,उत्तम दाहाल,Uttam Dahal,स्वतन्त्र,IND,79,M,False,Dilli Raman Dahal,SLC,,Sunsari,Sakuntala Dahal,,1-मोरङ-6,340479,45
339817,अनु मगर,Anu Magar,मंगोल नेशनल अर्गनाइजेसन,2511,62,F,False,Man Bahadur Rai,SLC,,Kathmandu,Nar Bahadur Magar,,1-मोरङ-6,339817,48
339578,किरण खडका,Kiran Khadka,स्वतन्त्र,IND,39,M,False,Man Bahadur Khadka,,,Morang,,,1-मोरङ-6,339578,47
340517,खडा नन्द रिजाल,Khada Nanda Rijal,स्वतन्त्र,IND,35,M,False,Ganga Prasad Rijal,SLC,,Khotang,,,1-मोरङ-6,340517,63
339794,हर्क राज राई,Harka Raj Rai,श्रम संस्कृति पार्टी,2501,35741,M,True,Til Bikram Rai,स्‍नातक,टि.यु.,Khotang,Nirmala Limbu,"अङ्गेजी भाषा तथा कम्प्युटरमा तालिक गराएको, प्रशासनिक काम गरेको, यातायात देवा व्यवस्थापन, नगर प्रमुखको पदमा रही जनताको सेवा गरेको।",1-सुनसरी-1,339794,43
341436,गोमा तामाङ,Goma Tamang,राष्ट्रिय स्वतन्त्र पार्टी,2528,27249,F,False,Pratap Sing Tamang,एस.एस.सी. ,चक्र जनता सहिद गंगा मा.वि. सर्लाही,Sunsari,,समाजसेवा।,1-सुनसरी-1,341436,52
339932,टिका राम लिम्बु,Tika Ram Limbu,नेपाल कम्युनिष्ट पार्टी (एकीकृत मार्क्सवादी लेनिनवादी),2598,6463,M,False,Deu Kumar Limbu,स्‍नातकोत्तर,टि.यु.,Taplejung,,"2060 देखि 2071 सम्म अनेरास्वीयू पदाधिकारी, पार्टी जिल्ला कमिटिमा तीन कार्याकाल, नेपाल रेडक्रश सोसाइटीमा रही सामाजिक काम गरेको।",1-सुनसरी-1,339932,41
340539,सूर्य बहादुर भट्टराई,Suryaa Bahadur Bhattarai,नेपाली कम्युनिष्ट पार्टी,2557,6185,M,False,तिलक बहादुर भट्टराई,एस.एस.सी. पास,ज्ञानोदय मा.वि. धरान,सुनसरी धरान उपमहानगरपालिका रेल्वे,मनिषा  कार्की,"दुई पटक वडा अध्यक्षमा निर्वाचित, धरान खानेपानी बोर्डको सदस्य।",1-सुनसरी-1,340539,42
340894,सुजेन्‍द्र तामाङ,Sujendra Tamang,नेपाली काँग्रेस,2583,3970,M,False,Ram Bahadur Tamang,स्‍नातक,टियू,Bhojpur,Ranjana Thapa,"राजनैतिक, सांस्कृतिक, धार्मिक, सामाजिक संस्थाको नेतृत्व, प्रशासनिक।",1-सुनसरी-1,340894,49
342440,उद्धव श्रेष्‍ठ,Uddav Shrestha,राष्ट्रिय प्रजातन्त्र पार्टी,2604,1419,M,False,कर्ण बहादुर श्रेष्‍ठ,एम.ए.,टि.यु.,सुनसरी धरान उपमहानगरपालिका पृथ्वी पथ,पार्वती  श्रेष्‍ठ,"पूर्वान्चल क्याम्पस, सुनसरी बहुमुखी क्याम्पस, सुनसरी टेक्निकल क्याम्पस, महेन्द्र बहुमुखी क्याम्पसमा समेत अध्यापन।",1-सुनसरी-1,342440,66
341559,डम्वर लावती,Damvara Lavati,उज्यालो नेपाल पार्टी,2566,590,M,False,सिगं वहादुर लावती,एम.ए./एल.एल.वि.,टि.यु.,सुनसरी धरान उपमहानगरपालिका हंसारी,,समाजसेवी/व्यवसायी,1-सुनसरी-1,341559,38
342617,नगेन्द्र बहादुर लिम्वु,Nagendra Bahadur Limbu,जनता समाजवादी पार्टी(एकल चुनाव चिन्ह),2531,202,M,False,Aas Bahadur Limbu,स्‍नातक,टि.यु.,Morang,Tanka Kumari Limbu,2074 मा लेटाङ्ग 1 मा वडाध्यक्ष उम्मेदवार।,1-सुनसरी-1,342617,51
341849,भुपी राई,Bhipi Rai,राष्ट्रिय साझा पार्टी,2543,191,M,False,वक्र बहादुर राई,उच्च शिक्षा,भारत इलावाबाद,सुनसरी धरान उपमहानगरपालिका भवानि मार्ग,कमला  राई,समाजसेवी,1-सुनसरी-1,341849,68
341076,नरेश वि.क.,Naresha Vi.ka.,संयुक्त नागरिक पार्टी,2521,125,M,False,पूर्ण  वि.क.,एस.एस.सी. ,--,सुनसरी धरान उपमहानगरपालिका शिवगंगा वस्‍ति,शान्‍ती  वि.क.,समाजसेवी,1-सुनसरी-1,341076,39
342390,सुबास विश्वकर्मा,Subasa Vishvakarma,स्वतन्त्र,IND,107,M,False,पूर्ण बहादुर विश्वकर्मा,एस.एस.सी. पास,सरस्वती मा.वि. धरान,सुनसरी धरान उपमहानगरपालिका ,,समाजसेवी,1-सुनसरी-1,342390,32
340732,दिल बहादुर बास्तोला,Dil Bahadur Bastola,नेपाल कम्युनिस्ट पार्टी (माओवादी),2526,94,M,False,Padam Bahadur Bastola,दश कक्षा,पाँचकन्या मा.वि. पानवारी,Sunsari, ,समाजसेवी,1-सुनसरी-1,340732,52
340609,राज कुमार लिम्‍बु,Raj Kumar Limbu,संघीय लोकतान्त्रिक राष्ट्रिय मञ्च,2550,83,M,False,Nebi Raj Limbu,एस.एस.सी.,--,Sankhuwasabha, ,समाजसेवा,1-सुनसरी-1,340609,31
340666,राज कुमार राई,Raj Kumar Rai,नेपाली जनश्रमदान संस्कृति पार्टी,2579,83,M,False,Bhaluman Rai,प्लस टु,साकेला उच्च मा.वि।,Khotang,,समाज सेवा,1-सुनसरी-1,340666,41
339515,देउमान लिम्बु,Deuman Limbu,स्वतन्त्र,IND,74,M,False,Sher Bahadur Limbu,दश कक्षा,....,Taplejung,Chandra Devi Limbu,समाजसेवी,1-सुनसरी-1,339515,56
342710,सुमित राई,Sumit Rai,स्वतन्त्र,IND,69,M,False,Ratan Prasad Rai,स्‍नातक,टि.यु.,Sunsari,,समाजसेवा,1-सुनसरी-1,342710,44
339334,महेश श्रेष्ठ,Mahesh Shrestha,नेपाल मजदुर किसान पार्टी,2578,63,M,False,Khadga Bahadur Shrestha,प्रमाणपत्र तह उर्तिण,टि.यु.,Sunsari,Ambika Shrestha,पत्रकार,1-सुनसरी-1,339334,58
342327,संजय राई,Sanjay Rai,"जनता समाजवादी पार्टी, नेपाल",2542,53,M,False,Ganesh Kumar Rai,शिक्षित,,Ilam,Urmila Rai,अध्यापक,1-सुनसरी-1,342327,43
341988,राम बहादुर विष्‍ट,Rama Bahadura Vish‍t,आम जनता पार्टी(एकल चुनाव चिन्ह),2581,52,M,False,डीक बहादुर विष्‍ट,आई.ए.,टि.यु.,सुनसरी बराहक्षेत्र नगरपालिका ,कुसुम  विष्‍ट,समाजसेवी,1-सुनसरी-1,341988,48
339607,राजेन्द्र  गुरुङ्ग ,Rajendra Gurung,मंगोल नेशनल अर्गनाइजेसन,2511,46,M,False,Rohit Bahadur Gurung,दश कक्षा पास,श्री कालिका मा.वि. भोजपुर,Bhojpur,Sumitra Gurung,समाजसेवी,1-सुनसरी-1,339607,35
342657,जिवन कला राई,Jivan Kala Rai,स्वतन्त्र,IND,37,F,False,हर्क बहादुर राई,एस.एस.सी. ,नेपाल,सुनसरी धरान उपमहानगरपालिका उदय  टोल,,समाजसेवी,1-सुनसरी-1,342657,43
341730,याम बहादुर लिम्बु,Yam Bahadur Limbu,नेपाल जनमुक्ति पार्टी,2529,27,M,False,Dal Bahadur Limbu,सामान्य,,Taplejung,Tika Devi Maden Limbu,समाजसेवा।,1-सुनसरी-1,341730,63
342768,रक्ष कुमार राई,Raksha Kumar Rai,मितेरी पार्टी नेपाल,2530,17,M,False,Ram Bahadur Rai,पि.एच.डि.,"यु.एस.ए. फ्रान्स्, जर्मनी, इटाली",Bhojpur,,"विश्‍वकिर्तिमान, पि.एच.डी, समाजसेवा, राजनितिशास्त्र",1-सुनसरी-1,342768,39
342257,शेष प्रसाद रेग्मी,Shesh Prasad Regmi,स्वतन्त्र,IND,17,M,False,Tika Prasad Regmi,स्‍नातकोत्तर,टि.यु.,Sunsari,,समाजसेवा,1-सुनसरी-1,342257,30
342697,चेत बहादुर राई,Chet Bahadur Rai,स्वतन्त्र,IND,16,M,False,Bhup Bahadur Rai,एस.एस.सी. पास,बोर्ड नेपाल,Sunsari,Puja Rai,समाजसेवा,1-सुनसरी-1,342697,44
342086,ओम कृष्ण उदास,Om Krishna Udas,स्वतन्त्र,IND,9,M,False,Hari Krishna Udas,एस.एस.सी. पास,नेपाल बोर्ड,Sunsari,,समाजसेवी।,1-सुनसरी-1,342086,47
341392,लाल बिक्रम थापा,Lal Bikram Thapa,राष्ट्रिय स्वतन्त्र पार्टी,2528,57348,M,True,Govinda Bahadur Thapa,डिप्लोमा इन सिभिल इन्जिनियरिङ्ग,पूर्वाञ्चल क्याम्पस,Dhankuta,Samjhana Khadka,"सामाजिक तथा राजनितिक
होराईजन इन्जिनियरिङ्ग कलेजमा संस्थापकको रुपमा काम गरेको",1-सुनसरी-2,341392,39
340635,राजीव कोइराला,Rajib Koirala,नेपाली काँग्रेस,2583,16071,M,False,केशरीराज  शर्मा,स्नातक,निजी/ सरकारी,सुनसरी इनरुवा नगरपालिका जनकेशरी,गीता कुमारी उपाध्याय,"प्रदेश सदस्य, कोशी प्रदेश (संसदिय दलको नेता ने.का.) पू्व नेपाली काग्रेस केन्द्रिय सदस्य , पूर्व नेपाली काँग्रेस जिल्ला सभापति, पूर्व जेसीस अध्यक्ष १९९७",1-सुनसरी-2,340635,63
342651,सुजन लामा,Sujan Lama,नेपाल कम्युनिष्ट पार्टी (एकीकृत मार्क्सवादी लेनिनवादी),2598,8303,M,False,Bhakta Lama Tamang,एस.एल.सी.,भासी मा.वि. रामधुनी,Sunsari,Yasoda Tamang,"युवा संघ, कोशी प्रदेश कमिटी संयोजक
सामाजिक कार्यकर्ता",1-सुनसरी-2,342651,38
342369,चेतन राई,Chtean Rai,श्रम संस्कृति पार्टी,2501,7484,M,False,नन्द प्रसाद राई,एस.एल.सी,पाथीभारा कलेज,सुनसरी इटहरी उपमहानगरपालिका आवाश,,वैदेशिक रोजगार,1-सुनसरी-2,342369,33
341120,राम कुमारी चौधरी,Ram Kumari Chaudhary,नेपाली कम्युनिष्ट पार्टी,2557,1816,F,False,Ghuran Chaudhary,स्नातक,पूर्वाञ्चल विश्व विद्यालय,Sunsari,Santosh Kumar Tharu,,1-सुनसरी-2,341120,40
341906,दिने‍श कुमार बस्‍नेत,Dinesh Kumar Basnet,राष्ट्रिय प्रजातन्त्र पार्टी,2604,1287,M,False,Kedar Bahadur Basnet,आई.ए.,,Sunsari,Lila Kumari Basnet,,1-सुनसरी-2,341906,53
340224,गोपाल  तामाङ,Gopal Tamang,उज्यालो नेपाल पार्टी,2566,734,M,False,Singabir Tamang,स्नाकोत्तर ,निजी,Sunsari,,"शैक्षिक संस्थामा कार्य गरेको
सञ्चार क्षेत्रमा कार्य गरेको",1-सुनसरी-2,340224,27
342670,अदित्य आचार्य,Aditya Acharya,राष्ट्र निर्माण दल नेपाल,2527,536,M,False,Prabhat Kumar Acharya,स्नातक,टि.यू.,Sunsari,,"अटो मोवाइल इन्जिनियर
विद्युतिय सवारीमा अनुभव",1-सुनसरी-2,342670,26
342402,रामचन्द्र मेहता,Ram Chandra Mehata,"जनता समाजवादी पार्टी, नेपाल",2542,380,M,False,सत्य नारायण मेहता,एस. एल. सी.,भगवती मा.वि,सुनसरी इनरुवा नगरपालिका जेल फिल्ड,ज्योती  मेहता,,1-सुनसरी-2,342402,42
342582,महाविर मेहता,Mahabir Mehata,जनमत पार्टी,2585,329,M,False,तेज नारायण मेहता,व्याचलर,टि.यू.,सुनसरी इनरुवा नगरपालिका ,,,1-सुनसरी-2,342582,32
342151,ताजिना  विष्ट,Tajina Visht,प्रगतिशील लोकतान्त्रिक पार्टी,2516,176,F,False,भिम  कुमार  विष्ट ,+2,,सुनसरी इटहरी उपमहानगरपालिका ,,,1-सुनसरी-2,342151,31
342310,सन्तोष कुमार मेहता,Santosh Kumar Mehata,राष्ट्रिय मुक्ति पार्टी नेपाल(एकल चुनाव चिन्ह),2531,169,M,False,राम लखन मेहता,व्याचलर,टि.यू.,सुनसरी इनरुवा नगरपालिका ईनरुवा,,"2058 देखि राजनितिमा प्रवेश
राजनितिक",1-सुनसरी-2,342310,42
340073,इफतखार हसन (इकवाल),Iphatakhara Hasana (ikavala),स्वतन्त्र,IND,155,M,False,अब्दुल अजिज अहमद,स्‍नातक,निजी,सुनसरी इनरुवा नगरपालिका अहमद टोल,,"30 वर्ष पत्रकारिता
2 वर्ष न्यूनतम पारिश्रमिक निर्धारण समिति",1-सुनसरी-2,340073,46
339779,सन्‍तहिरा राई,Santahira Rai,मंगोल नेशनल अर्गनाइजेसन,2511,152,F,False,Laxmi Prasad Rai,एस एल सी,सरकारी,Khotang,Dipendra Rai,,1-सुनसरी-2,339779,42
341635,कृष्ण कुमारी दनुवार,Krishna Kumari Dunuwar,नेपाल कम्युनिस्ट पार्टी (माओवादी),2526,125,F,False,पृथिवी बहादुर दनुवार,+2,निजी/सरकारी,सुनसरी इटहरी उपमहानगरपालिका ,,,1-सुनसरी-2,341635,40
342193,नुनु राम चौधरी,Nunu Ram Chaudhary,नेपाल लोकतान्त्रिक पार्टी,2553,107,M,False,Ram Prasad Chaudhary,बि.कम.,,Sunsari,Tara Kumari Chaudhary,,1-सुनसरी-2,342193,50
342483,तुलसा लिम्बु,Tulasa Limbu,संघीय लोकतान्त्रिक राष्ट्रिय मञ्च,2550,75,F,False,राजेन्द्र कुमार लिम्बु,एस.एल.सी.,,सुनसरी इटहरी उपमहानगरपालिका कंचनजंगा,खड्ग बहादुर लिम्बु,,1-सुनसरी-2,342483,41
342461,नवराज पौडेल,Navraj Paudel,स्वतन्त्र,IND,45,M,False,कृष्ण वहादुर पौडेल,वि.एड.,धनकुटा बहुमुखी क्याम्पस,सुनसरी इटहरी उपमहानगरपालिका तुलसाटोल,पदम कुमारी भण्डारी,,1-सुनसरी-2,342461,54
341710,अतित नेपाल,Atit Nepal,नेपाल कम्युनिष्ट पार्टी (संयुक्त),2601,31,M,False,Kedar Nepal,स्नातक,त्रि.वि.,Bhojpur,,,1-सुनसरी-2,341710,31
342561,निरन्जन ठाकुर,Niranjan Thakur,आम जनता पार्टी(एकल चुनाव चिन्ह),2581,28,M,False,Bisheshwar Thakur,एस.एल.सी.,,Saptari,Anjana Rai,व्यपार,1-सुनसरी-2,342561,42
342336,देवेन्‍द्र पौडेल,Devendra  Paudel,स्वतन्त्र,IND,20,M,False,Ashok Paudel,स्नातक तह ,टि.यू.,Sunsari,,"कलाकार
शिक्षक
कृषक
राजनितिक",1-सुनसरी-2,342336,35
342576,अन्जना देवी गुप्ता,Anjana Devi Gupta,स्वतन्त्र,IND,18,F,False,Govinda Prasad Gupta,आठ पास,,Sunsari,,,1-सुनसरी-2,342576,53
339956,गिता मैया बजिको,Gita Maiya Bajiko,नेपाल मजदुर किसान पार्टी,2578,14,F,False,Satya Narayan Bajiko,एस.एल.सि.,सरकारी,Bhaktapur,Vikram Raj Shrestha,,1-सुनसरी-2,339956,47
341814,राज कुमार खत्री,Raj Kumar Khatri,स्वतन्त्र,IND,14,M,False,Kul Bahadur Kh____ (Khatri),एस.एल.सी.,सरकारी,Bhojpur,Chandrakala Khadka,समाज सेवा,1-सुनसरी-2,341814,49
342031,सत्य नारायण पंडित,Satya Narayan Pandit,स्वतन्त्र,IND,10,M,False,Nathu Pandit,साधारण,,Sunsari,Sujani Pandit,सामाजिक सेवा,1-सुनसरी-2,342031,66
342681,डम्‍बर बहादुर बराइली,Dambar Bahadur Baraili,स्वतन्त्र,IND,6,M,False,Brikha Lal Baraili,+2,,Taplejung,Indu Baraili,,1-सुनसरी-2,342681,56
341975,भीम बहादुर दाहाल,Bhim Bahadur Dahal,स्वतन्त्र,IND,6,M,False,Nanda Bahadur Dahal,एस.एल.सी.,सरकारी,Khotang,Hem Kumari Dahal,समाजसेवा,1-सुनसरी-2,341975,63
342597,रोसनी राई,Roshani Rail,स्वतन्त्र,IND,2,F,False,बम बहादुर राई,आई.ए.,टि.यू.,सुनसरी इटहरी उपमहानगरपालिका ,,सामाजिक सेवा,1-सुनसरी-2,342597,49
340042,अशोक कुमार चौधरी,Ashok Kumar Chaudhary,राष्ट्रिय स्वतन्त्र पार्टी,2528,47421,M,True,Balram Chaudhary,+2 ,,Sunsari,Jiwan Kumari Chaudhary,,1-सुनसरी-3,340042,42
341886,विजय कुमार गच्‍छदार,Vijaya Kumara Gach‍chhadar,नेपाली काँग्रेस,2583,20501,M,False,सिरु  गच्‍छदार,स्‍नातकोत्तर,,सुनसरी दुहवी नगरपालिका पचिरा,निर्मला  गच्‍छदार,,1-सुनसरी-3,341886,72
340632,भगवती चौधरी,Bhagwati Chaudhary,नेपाल कम्युनिष्ट पार्टी (एकीकृत मार्क्सवादी लेनिनवादी),2598,15083,F,False,Biran Lal Chaudhary,स्‍नातकोत्तर,,Sunsari,Dinesh Kumar Chaudhary,,1-सुनसरी-3,340632,54
340100,राम प्रसाद सदा,Ram Prasha Sada,श्रम संस्कृति पार्टी,2501,1780,M,False,भिखन  सदा मुसहर,8 पास,,सुनसरी दुहवी नगरपालिका ,मिरा  सदा,,1-सुनसरी-3,340100,43
341189,दुर्गेश कुमार चौधरी,Durgesh Kumar Chaudhary,नेपाली कम्युनिष्ट पार्टी,2557,1551,M,False,Banhu Chaudhary,+2,,Sunsari,Sita Kumari Chaudhary,,1-सुनसरी-3,341189,46
340726,घनश्याम गुरुङ्ग,Ghanashyama Gurungg,राष्ट्रिय प्रजातन्त्र पार्टी,2604,885,M,False,भक्त बहादुर गुरुङ्ग,प्रवेशिका,,सुनसरी इटहरी उपमहानगरपालिका ,सविना  तामाङ्ग,,1-सुनसरी-3,340726,43
342058,कृष्ण कुमार चौधरी,Krishna Kumar Chaudhary,सार्वभौम नागरिक पार्टी,2520,602,M,False,Sitalchand Majhi,एम.वि.एस.,TU,Sunsari,Vijeta Chaudhary,,1-सुनसरी-3,342058,41
341503,राम नारायण थारु,Ram Narayan Tharu,जनमत पार्टी,2585,389,M,False,Shiv Narayan Madar Tharu,SLC,,Sunsari,Bauki Kumari Majhi,,1-सुनसरी-3,341503,58
341367,जागेश्‍वर यादव,Jagesh‍vara Yadav,उज्यालो नेपाल पार्टी,2566,286,M,False,भोला  यादव,SLC,,सुनसरी गढी गाउँपालिका होलैया,राम कुमारी यादव,,1-सुनसरी-3,341367,66
342795,किशोर कुमार विश्‍वास,Kishora Kumara Vish‍vas,समावेशी समाजवादी पार्टी नेपाल,2572,225,M,False,सवारी लाल विश्‍वास,स्‍नातक,,सुनसरी दुहवी नगरपालिका बरदे,,,1-सुनसरी-3,342795,53
341660,बद्री प्रसाद यादव,Badri Prashad Yadav,"जनता समाजवादी पार्टी, नेपाल",2542,177,M,False,भरथु  यादव,स्‍नातकोत्तर,त्रिभुवन विश्व विद्यालय,सुनसरी बर्जु गाउँपालिका चिमडी,बाल कुमारी यादव,"शिक्षण, वन तथा कृषि",1-सुनसरी-3,341660,52
339810,आसुतोष ढुङगेल,Aashutosh Dhungel,नेपाल कम्युनिस्ट पार्टी (माओवादी),2526,140,M,False,गोपाल प्रसाद ढुङगेल,एस.एल.सी,श्री जनता मा.वि. इटहरी,सुनसरी इटहरी उपमहानगरपालिका टेङग्राटोली,लक्ष्मी  सुनुवार,रंगरोगन सम्बन्धी र लेखापढी सम्बन्धी।,1-सुनसरी-3,339810,41
341562,प्रमोद पौड्याल,Pramoda Paudyal,प्रगतिशील लोकतान्त्रिक पार्टी,2516,119,M,False,टंक प्रसाद पौड्याल,एम.ए,,मोरङ बुढीगंगा गाउँपालिका शिवटोल,,,1-सुनसरी-3,341562,40
342591,बासुदेव साहु तेली,Bashudev Sahu Teli,"नागरिक उन्मुक्ति पार्टी, नेपाल(एकल चुनाव चिन्ह)",2531,91,M,False,लक्ष्मण  साह,10,,सुनसरी गढी गाउँपालिका वाइसी,रुकमणि कुमारी साहु,,1-सुनसरी-3,342591,49
341968,रोहन कुमार शाह,Rohan Kumar Shah,आम जनता पार्टी(एकल चुनाव चिन्ह),2581,29,M,False,Mugalal Shah,+2,,Sunsari,Kaushilya Devi Shah,संघ सस्थाहरु तथा समाज सेवीको रुपमा काम गरेको।,1-सुनसरी-3,341968,50
341053,कासनी थरुनि,Kasani Tharuni,स्वतन्त्र,IND,27,F,False,बिरन लाल चौधरी,,,सुनसरी दुहवी नगरपालिका सिमरिया,जय नारायण माझी,,1-सुनसरी-3,341053,54
340689,कुमारी उराव,Kumari Urav,स्वतन्त्र,IND,25,F,False,राम  उराव,,,सुनसरी दुहवी नगरपालिका दुहवी,अगमु  उराव,,1-सुनसरी-3,340689,57
339316,प्रकृति बासी,Prakriti Basi,नेपाल मजदुर किसान पार्टी,2578,17,F,False,Krishna Sagar Basi,स्‍नाकोत्तर,,Bhaktapur,,,1-सुनसरी-3,339316,38
341835,चीत नारायण चौधरी,Chet Narayan Chaudhary,स्वतन्त्र,IND,12,M,False,कवदान  चौधरी,+2,जनता मा.वि. इटहरी,सुनसरी इटहरी उपमहानगरपालिका बुद्ब टोल,उमा देवी चौधरी,,1-सुनसरी-3,341835,55
341247,दिप बहादुर तामाङ्ग,Dip Bahadur Tamang,मंगोल नेशनल अर्गनाइजेसन,2511,10,M,False,Ram Bahadur Tamang,SLC,,Khotang,Anju Gurung Tamang,,1-सुनसरी-3,341247,56
342177,श्याम कुमार मुडियारी,Shyan Kumar Mudiyari,स्वतन्त्र,IND,8,M,False,माधव  मुडियारी,,,सुनसरी इनरुवा नगरपालिका बर्छवा,सरस्वती देवी मुडियारी,,1-सुनसरी-3,342177,46
341015,सुमन कुमारी चौधरी,Suman Kumari Chaudhary,स्वतन्त्र,IND,8,F,False,Laxmi Narayan Chaudhary,SLC,,Sunsari,Duli Chand Chaudhary,,1-सुनसरी-3,341015,39
342399,राजन कुमार गौतम,Rajan Kumar Gautam,स्वतन्त्र,IND,3,M,False,Homnath Gautam,SLC,भादगाउँ सिनुवारी मा.वि. झुम्का,Sunsari,Ganga Gautam,"सामाजिक, राजनितिक",1-सुनसरी-3,342399,53
340603,दीपक कुमार साह,Dipaka Kumara Sah,राष्ट्रिय स्वतन्त्र पार्टी,2528,42771,M,True,मदन लाल साह,स्तानक मेकानिकल इन्जिनियरिङ्ग,त्रि.यु पुलचौक इन्जिनियरिङ्ग क्याम्पस पुलचौक ललितपुर,सुनसरी भोक्राहा नरसिंह गाउँपालिका ,शारदा  सुमन साह,23 वर्ष सम्म हाइड्रो पावरमा काम गरेको ,1-सुनसरी-4,340603,49
340452,ज्ञानेन्द्र बहादुर कार्की,Gyanendra Bahadur Karki,नेपाली काँग्रेस,2583,16587,M,False,Krishna Mohan Karki,स्नातोकत्तर(राजनैतिक शास्त्र),त्रि.वि.वि.,Bhojpur,Bina Rana,,1-सुनसरी-4,340452,69
341375,जगदिश प्रसाद कुसियैत,Jagdish Prasad Kusiyaith,नेपाल कम्युनिष्ट पार्टी (एकीकृत मार्क्सवादी लेनिनवादी),2598,8631,M,False,फनिलाल  कुसियैत,एस.एल.सी.,हनुमान मा.वि. हनुमाननगर,सुनसरी कोशी गाउँपालिका श्रीपुर,किरण देवी कुसियैत,राजनिति,1-सुनसरी-4,341375,66
341017,महमद महफुज अंसारी,Mo. Gulab Ansari,नेपाली कम्युनिष्ट पार्टी,2557,3432,M,False,रजाक  मिया,स्नातक,त्रि.वि.वि,सुनसरी हरिनगर गाउँपालिका भन्टु,निकहत  प्रविन,,1-सुनसरी-4,341017,56
340143,विष्‍णु राना,Bishnu Rana,श्रम संस्कृति पार्टी,2501,2763,M,False,Resham Rana,कक्षा १२ पास,आर्दश उच्च मा.वि. बराहक्षेत्र-२,Sunsari,Sita Rana,,1-सुनसरी-4,340143,49
341994,प्रेम प्रसाद भट्टराई,Prem Prasad Bhattarai,राष्ट्रिय प्रजातन्त्र पार्टी,2604,821,M,False,Padam Prasad Bhattarai,आई.ए,त्रि.वि.वि,Mahottari,Bimala Bhattarai,,1-सुनसरी-4,341994,72
341970,समिद खान,Samid Khan,राष्ट्र निर्माण दल नेपाल,2527,735,M,False,Mastakim Khan,एस.एल.सी,जनता मा.वि मधुवन,Sunsari,Juhi Kahakasa,व्यापार,1-सुनसरी-4,341970,44
342349,कपलेश्वर यादव,Kapaleshvara Yadav,जनमत पार्टी,2585,558,M,False,नीलाम्बर  यादव,+2 ,त्रिचन्द्र क्याम्पस,सुनसरी हरिनगर गाउँपालिका धरमपुर,कोशिल्या देवी यादव,,1-सुनसरी-4,342349,41
341793,सबिता यादव,Sabita Yadav,"जनता समाजवादी पार्टी, नेपाल",2542,486,F,False,Moti Lal Yadav,एस.एल.सी.,भगवती मा.वि. सुनसरी,Sunsari,Ram Avatar Yadav,,1-सुनसरी-4,341793,51
340832,हरि पराजुली,Hari Parajuli,स्वतन्त्र,IND,356,M,False,Navaraj Parajuli,+2 पास,श्री प्रकाश मा.वि.,Sunsari,,सामाजिक अभियन्ता,1-सुनसरी-4,340832,30
342287,मो. तजमुल मियाँ,Mo. Tajmul Miyan,स्वतन्त्र,IND,198,M,False,महमद सलिम  मियाँ,SLC,मध्यमा विहार,सुनसरी कोशी गाउँपालिका भण्टावारी,तेतरी/नुरजाहान  खातुन,"राजनैतिक
ठेकेदार
समाजसेवी",1-सुनसरी-4,342287,46
339570,एयुव अंसारी,Ayuv Ansari,समावेशी समाजवादी पार्टी नेपाल,2572,168,M,False,इसाहक  अंसारी,कक्षा ५ पास,,सुनसरी भोक्राहा नरसिंह गाउँपालिका ,हसिना  खातुन,,1-सुनसरी-4,339570,54
341450,भेषराज बजगाई,Bhesharaj Bajagai,नेपाल कम्युनिस्ट पार्टी (माओवादी),2526,153,M,False,जगन  बजगाई,+२ पास,आर्दश उच्च मा.वि.,सुनसरी बराहक्षेत्र नगरपालिका ढिक झोरा,निर्मला  बजगाई,,1-सुनसरी-4,341450,50
340663,रोजन विश्‍वकर्मा,Rojana Vish‍vakarma,स्वतन्त्र,IND,146,M,False,मान वहादुर विश्‍वकर्मा,एस.एल.सी,श्री प्रकाश माध्यमिक विद्यालय बराहक्षेत्र-10,सुनसरी बराहक्षेत्र नगरपालिका प्रकाशपुर,,"वैदेशिक रोजगार
दलित अभियन्ता",1-सुनसरी-4,340663,32
340945,मो गुलाब अंसारी,Mo. Gulab Ansari,स्वतन्त्र,IND,123,M,False,इलियास अंसारी,+2 पास,शिक्षा दिप मा.वि,सुनसरी हरिनगर गाउँपालिका भुटाहा, ,,1-सुनसरी-4,340945,26
342379,तवरेज आलम अंसारी,Tavrej Alam Ansari,आम जनता पार्टी(एकल चुनाव चिन्ह),2581,87,M,False,समसुल  मिया,+2,श्रि बालकृष्ण मा.वि,सुनसरी हरिनगर गाउँपालिका ,सकिना  प्रविण,"समाजसेवी
राजनैतिक
",1-सुनसरी-4,342379,35
340115,मनकुमार राई,Mankumar Rai,मंगोल नेशनल अर्गनाइजेसन,2511,74,M,False,Larsange Rai,कक्षा ८ पास,,Sunsari,Phulasara Rai,भारतीय सैनिक,1-सुनसरी-4,340115,50
341873,रमेश कुमार साह,Ramesh Kumar Sah,नेपाल जनता पार्टी,2507,63,M,False,Kisan Sah,lab Assitant,national institute of Technology,Sunsari,Manju Devi Sah,,1-सुनसरी-4,341873,46
341610,अंकीत  कार्की ,Ankit Karki,स्वतन्त्र,IND,49,M,False,Salikgram Karki,+2 पास,कस्तुरी कलेज इटहरी ,Sunsari,,सामाजिक सेवमा निरन्तर सहभागी भई न्याय संविधानको पालना गर्दै परोपकारमा संलग्न,1-सुनसरी-4,341610,28
341768,सत्य नारायण लहुटिया,Satya Narayan Lahutiya,नेपाल कम्युनिष्ट पार्टी (संयुक्त),2601,39,M,False,Ramji Lahutiya,एस.एल.सी,,Sunsari,Kunti Devi Lahutiya,,1-सुनसरी-4,341768,63
342027,तेज नारायण गोईत ,Tej Narayan Goit,स्वतन्त्र,IND,34,M,False,Nandalal Goit Yadav,प्रमाणपत्र तह,कुवार ससिन्दर महता विद्यालय विरपुर,Sunsari,Chandrakala Devi Yadav,सामाजिक अध्ययन,1-सुनसरी-4,342027,52
342248,कुन्दन कौसिक,Kundan Kausik,स्वतन्त्र,IND,33,M,False,Vishwanath Sah,+2 पास,कोशी राजकिय उच्च विद्यालय विरपुर (भारत),Sunsari,Juli Devi Sah,,1-सुनसरी-4,342248,52
341703,मो.सदिक मियाँ,Mo. Sadik Miya,संघीय लोकतान्त्रिक राष्ट्रिय मञ्च,2550,29,M,False,आवास  मियाँ,साधारण लेखपढ,,सुनसरी कोशी गाउँपालिका जुद्धगंज,खतिजा  खातुन,,1-सुनसरी-4,341703,54
341481,उपेन्द्र कुमार साह,Upendra Kumar Sah,स्वतन्त्र,IND,25,M,False,Braja Mohan Sah,एस.एल.सी,जनता मा.वि. नरसिंह,Sunsari,Raj Kumari Sah,,1-सुनसरी-4,341481,44
341423,देव नारायण महतो,Dev Narayan Mahto,स्वतन्त्र,IND,16,M,False,फतुली  महतो,साधारण लेखपढ,,सुनसरी भोक्राहा नरसिंह गाउँपालिका ,सिता देवी महतो,,1-सुनसरी-4,341423,66
341281,शर्मानन्‍द खतिवडा,Sharmanand Khatiwada,स्वतन्त्र,IND,16,M,False,श्रीविलास  खतिवडा,एस.एल.सी,महेन्द्रनगर मा.वि. महेन्द्रनगर सुनसरी,सुनसरी इटहरी उपमहानगरपालिका हाँसपोसा,गोमा देवी खतिवडा,"25 वर्ष शिक्षक पेशामा कार्यरत
किसान र कृषी मजदुरको कामको अनुभव
गित कविताहरु लेख्ने
विद्यार्थी जिवन देखी राजनिति काम गरेको
राजनैतिक अनुभव",1-सुनसरी-4,341281,63
341829,महेन्द्र सुनचाैरी,Mahendra Sunchauri,स्वतन्त्र,IND,14,M,False,Harka Bahadur Sunchauri,+2 पास,श्री प्रकाश मा.वि.,Sunsari,,"वैदेशिक रोजगार
समाज सेवा",1-सुनसरी-4,341829,38
341571,जलाल मिया,Jalal Miyan,स्वतन्त्र,IND,13,M,False,महवुद  अंसारी,कक्षा ९ पास ,भगवती मा.वि.,सुनसरी भोक्राहा नरसिंह गाउँपालिका चिरौली,अलफुसानी  खातुन,राजनिति,1-सुनसरी-4,341571,57
341229,चन्चला न्हिसुतु,Chanchala Nhisutu,नेपाल मजदुर किसान पार्टी,2578,12,F,False,सूर्य  सिन्ताकल,एस.एल.सी,शिक्षा निकेतन मा.वि भक्तपुर,भक्तपुर भक्तपुर नगरपालिका दोगन,शिव राम न्हिसुतु,,1-सुनसरी-4,341229,41
342202,पार्वती मुखिया,Parvati Mukhia,स्वतन्त्र,IND,12,F,False,बेचु  मलाह मुखिया,साधारण लेखपढ,,सुनसरी कोशी गाउँपालिका गोरी टोल,सुवन्‍सी  मुखिया,,1-सुनसरी-4,342202,54
341061,यमुना के.सी.,Yamuna Ke.si.,स्वतन्त्र,IND,11,F,False,मोतीराम  के.सी.,12 पास,बालकल्याण माध्यमिक विद्यालय रोल्पा लिवाङ,रोल्पा सुनिल स्मृति गाउँपालिका ,तिलक  भारती,"सामाजिक सेवा
राजनितिक सेवा
वातावरण संरक्षण
महिला/बाल बालिका संरक्षण सेवा तथा साधु सन्त सत्कार",1-सुनसरी-4,341061,46
342404,फुल कुमारी खान,Phul Kumari Khan,स्वतन्त्र,IND,4,F,False,Chhatar Khan,निरक्षर,,Sunsari,Muturja Kha,,1-सुनसरी-4,342404,56
342181,बुधेश्‍वर यादव,Budheshwar Yadav,स्वतन्त्र,IND,4,M,False,Bhola Mahatman,प्रविणता प्रमाणपत्र तह,कुमार ससिन्दर महा विद्यालय विरपुर,Sunsari,Punam Devi Mahatman,सामाजिक कार्यकर्ता,1-सुनसरी-4,342181,53
341534,प्रकाश सिंह कार्की,Prakash Singh Karki,नेपाली काँग्रेस,2583,13166,M,True,Kriti Bahadur Karki,+2,,Solukhumbu,Mandira Basnet (Karki),,1-सोलुखुम्बु-1,341534,62
341788,अशिम राई,Ashim Rai,नेपाली कम्युनिष्ट पार्टी,2557,9414,M,False,Ran Dhwoj Rai,विविएस,,Solukhumbu,,,1-सोलुखुम्बु-1,341788,42
340324,कल्पना राई,Kalpana Rai,नेपाल कम्युनिष्ट पार्टी (एकीकृत मार्क्सवादी लेनिनवादी),2598,8228,F,False,Guman Singh Rai,,,Solukhumbu,Vir Udas Shrestha,,1-सोलुखुम्बु-1,340324,37
340888,ऋषि धन थुलुङराई,Rishi Dhan Thulung Rai,राष्ट्रिय स्वतन्त्र पार्टी,2528,3642,M,False,Nawab Singh Rai,पिएच डि,,Solukhumbu,Gita Devi Rai,,1-सोलुखुम्बु-1,340888,44
340116,वियस राई,Viyas Rai,श्रम संस्कृति पार्टी,2501,3363,M,False,राई मन राई,,,सोलुखुम्बु नेचासल्यान गाउँपालिका ,पर्वत कुमारी राई,,1-सोलुखुम्बु-1,340116,42
339638,पेम्बा छिरी शेर्पा,Pemba Chiri Sherpa,उज्यालो नेपाल पार्टी,2566,278,M,False,दागेल्जेन  शेर्पा,+2,,सोलुखुम्बु खुम्बु पासाङल्हामु गाउँपालिका खरिखोला,,,1-सोलुखुम्बु-1,339638,29
340018,लाक्पा शेर्पा,Lakpa Sherpa,"जनता समाजवादी पार्टी, नेपाल",2542,203,M,False,Pasang Sherpa,,,Bhojpur,Usha Dahal Sherpa,,1-सोलुखुम्बु-1,340018,44
340592,राजेन्द्र वस्नेत,Rajendra Basnet,राष्ट्रिय प्रजातन्त्र पार्टी,2604,157,M,False,Rekh Bahadur Basnet,+2,मञ्जु देवी बस्नेत,Solukhumbu,,,1-सोलुखुम्बु-1,340592,37
342208,गुणराज एफ भट्टराई,Gunaraja Epha Bhattaraee,आम जनता पार्टी(एकल चुनाव चिन्ह),2581,41,M,False,योग्य प्रसाद भट्टरा,+2,,सोलुखुम्बु नेचासल्यान गाउँपालिका ,खेन्डु  भट्टरा,,1-सोलुखुम्बु-1,342208,36
339360,मन कुमार गुरुङ,Man Kumar Gurung,मंगोल नेशनल अर्गनाइजेसन,2511,34,M,False,Kul Bahadur Gurung,साक्षरता,श्री त्रिभुवन विद्योदय प्रा.वि.,Solukhumbu,Bhaj Maya Gurung,,1-सोलुखुम्बु-1,339360,63
339738,कमल बहादुर मगर,Kamal Bahadur Magar,नेपाल मजदुर किसान पार्टी,2578,31,M,False,Prasad Magar,+2,सोलुखुम्बु बहुमुखी कम्यापस,Solukhumbu,,जेटिए,1-सोलुखुम्बु-1,339738,37
341248,श्रीध्वज तामाङ्ग,Shridhvaja Tamangg,मितेरी पार्टी नेपाल,2530,9,M,False,बिर बहादुर तामाङ्ग,साक्षरता,,सोलुखुम्बु थुलुङ दुधकोशी गाउँपालिका चन्दने,मन कुमारी तामाङ्ग,,1-सोलुखुम्बु-1,341248,48
339964,आरेन राई,Aren Rai,श्रम संस्कृति पार्टी,2501,16612,M,True,Ekraj Rai,+2,कितिनी कलेज ललितपुर,Khotang,Pramila Rai,विगत  निकै लामो समय देखि राजनीतिक समाजिक क्षेत्रमा काम गर्दै आएको । समाज देखिएको विभिन्न मुद्दाहरुको लागि काम गर्दै आएको । ,1-खोटाङ-1,339964,29
340043,देव विक्रम राई,Dev Bikram Rai,नेपाल कम्युनिष्ट पार्टी (एकीकृत मार्क्सवादी लेनिनवादी),2598,12714,M,False,Shubha Ser Rai,एम‍.ए. (स्नातकोत्तर),त्रिभुवन विश्व विद्यालय,Khotang,Nirmala Rai,,1-खोटाङ-1,340043,56
341644,वीर काजी राई,Bir Kaji Rai,नेपाली काँग्रेस,2583,11957,M,False,Dal Bahadur Rai,,,Khotang,Vishnu Rai,,1-खोटाङ-1,341644,51
340262,हरि रोका,Hari Roka,नेपाली कम्युनिष्ट पार्टी,2557,9443,M,False,Meg Bahadur Roka,विधावारिधि,जवाराहाल नेहरु विश्वाविधालय नयाँ दिल्ली,Khotang,Krishna Roka,"जिल्ला इन्चार्ज जिल्ला सचिव केन्द्रिय समिती
स.सचिव सहकारी विकास बोर्ड
प्रतिनिधि सभा सदस्य अन्तरिम प्रतिनिधि 2063
संविधान सभा संस्करण लेखक",1-खोटाङ-1,340262,67
340918,रुद्र गिरी,Rudra Giri,राष्ट्रिय स्वतन्त्र पार्टी,2528,5704,M,False,Ratna Giri,प्रमाण पत्र तह,दिक्तेल बहुमुखि क्याम्पस,Khotang,Saraswati Giri,"नेपाली नेत्रज्योति संघ खोटाङ पूर्वसभापति
खोटाङ उधोग वाणिज्य संघ पूर्व अध्यक्ष
होटल हलेसी भिलेज संचालक",1-खोटाङ-1,340918,54
341217,मिरेश राई,Miresh Rai,राष्ट्रिय परिवर्तन पार्टी,2568,947,M,False,Gam Raj Rai,बि.एड,महेन्द्र रत्न क्याम्पस ताहचल,Khotang,,,1-खोटाङ-1,341217,25
341376,दिपक तामाङ्ग,Dipaka Tamangg,राष्ट्रिय प्रजातन्त्र पार्टी,2604,477,M,False,ईश्‍वर बहादुर तामाङ्ग,,,खोटाङ हलेसी तुवाचुङ नगरपालिका बाङ्गामा,खिला  मगर (तामाङ्ग),नेपाली सेनामा १६ वर्ष १३ दिन  सेवा गरेको,1-खोटाङ-1,341376,43
340862,राकेश राई,Rakesh Rai,जनता समाजवादी पार्टी(एकल चुनाव चिन्ह),2531,337,M,False,Ratna Rai,एस.एल.सी,चम्मावति मा.वि बईपा,Khotang,Anjana Kumari Rai,,1-खोटाङ-1,340862,60
340424,चन्द्र बहादुर बुढाथोकी,Chandra Bahadur Budhathoki,नेपाल कम्युनिस्ट पार्टी (माओवादी),2526,182,M,False,बखत बहादुर बुढाथोकी,स्नातक तह,त्रि.वि.वि(भोजपुर बहुमुखी क्याम्पस भोजपुर),खोटाङ साकेला गाउँपालिका सेखुवा,राधा  बुढाथोकी,,1-खोटाङ-1,340424,47
340364,सुनिल चाम्लिङ,Sunil Chamling,"जनता समाजवादी पार्टी, नेपाल",2542,111,M,False,Nir Bahadur Rai,एस.एल.सी,श्री मा.वि. मझुवा बास्बोटे,Khotang,Sarala Rai,,1-खोटाङ-1,340364,40
341259,तिलक चन्द्र राई,Tilak Chandra Rai,स्वतन्त्र,IND,43,M,False,Vishwaraj Rai,एस.एल.सी,,Khotang,,,1-खोटाङ-1,341259,42
340584,प्रयाग राई,Prayag Rai,मंगोल नेशनल अर्गनाइजेसन,2511,32,M,False,Bal Kumar Rai,माध्यमिक तह,श्री सबित्रा माध्यमिक विधालय,Khotang,Yasoda Kandangwa,,1-खोटाङ-1,340584,35
341731,राज कुमार राई,Raj Kumar Rai,स्वतन्त्र,IND,27,M,False,Panch Bahadur Rai,पि.एच.डि.,The University of Tenessee Knoxville USA,Jhapa,Pyaro Rai,शिक्षण प्राध्यापन ३० वर्ष भन्दा माथी,1-खोटाङ-1,341731,63
339609,ध्यान प्रसाद ढकाल,Dhyan Prashad Dhakal,नेपाल मजदुर किसान पार्टी,2578,26,M,False,श्रीलाल पाध्या ढकाल,एस.एल.सि.,सरस्वती मा.वि. मात्तिम,खोटाङ साकेला गाउँपालिका ,,,1-खोटाङ-1,339609,53
341463,केशर मान चाम्लिङ,Keshar Man Chamling,मितेरी पार्टी नेपाल,2530,26,M,False,Mugadhan Rai,एस.एल.सि.,,Khotang,Prabha Rai,,1-खोटाङ-1,341463,47
339838,बिश्‍व राज पोखरेल,Brish Raj Pokharel,राष्ट्रिय स्वतन्त्र पार्टी,2528,13953,M,True,लक्ष्मण प्रसाद पोखरेल,एम. ए.,त्रिभुवन विश्वविद्यालय,काठमाडौं काठमाडौँ महानगरपालिका कोपिला मार्ग,नवोदीता  शर्मा(पोखरेल),"क) २९ वर्ष नेपाल प्रहरी सेवा
ख) ५ वर्ष न्याय सेवा
ग) २ वर्ष प्रशासन सेवा",1-ओखलढुंगा-1,339838,59
341555,कुमार लुईटेल,Kumar Luitel,नेपाली काँग्रेस,2583,13948,M,False,Laxmi Prasad Luitel,स्नातकोत्तर,त्रिभुवन विश्वविद्यालय,Okhaldhunga,Sulochana Neupane,,1-ओखलढुंगा-1,341555,52
342143,अम्विर बाबु गुरुङ्ग,Ambir Babu Gurung,नेपाली कम्युनिष्ट पार्टी,2557,11296,M,False,Karna Singh Gurung,एस.एल.सी.,,Okhaldhunga,Renuka Gurung,"क) प्रदेश सभा सदस्य, भौतिक पूर्वाधार मन्त्री",1-ओखलढुंगा-1,342143,60
340598,अस्मिता थापा,Asmita Thapa,नेपाल कम्युनिष्ट पार्टी (एकीकृत मार्क्सवादी लेनिनवादी),2598,10720,F,False,Chitra Bahadur Thapa,स्नातक,त्रिभुवन विश्वविद्यालय,Okhaldhunga,,"क) समाजसेवा
ख) स्थानिय तह उपाध्यक्ष (लिखु गाउँपालिका)
ग) ने.क.पा. एमाले केन्द्रिय सदस्य
घ) अनेरास्ववियु सचिवालय सदस्य",1-ओखलढुंगा-1,340598,30
341111,उद्धव कुमार राई,Uddav Kumar Rai,श्रम संस्कृति पार्टी,2501,3858,M,False,राम बहादुर राई,ज्योतिषशास्त्र विद्यावारिधी,Vishwo Jyotish Vidyapith Kolkata,ओखलढुंगा मानेभन्ज्याङ गाउँपालिका ,एविना  शेर्मा,"क) सामाजिक कार्य
ख) ज्योतिष विद्या सम्बन्धी कार्यहरु",1-ओखलढुंगा-1,341111,41
340812,किशोरी कार्की,Kishori Karki,उज्यालो नेपाल पार्टी,2566,965,F,False,Himal Kaji Karki,स्नातक,ब्राइट भिजन ल क्याम्पस,Morang,,"क) पत्रकारिता, उद्घोषक, समाज सेवी
ख) राजनिती गरेको
ग) कानून सम्बन्धी काम गरेको",1-ओखलढुंगा-1,340812,26
340187,वजेन्द्र राई,Bajendra Rai,मंगोल नेशनल अर्गनाइजेसन,2511,223,M,False,Khadga Bahadur Rai,एस. एल. सी.,श्री भगवती मा.वि. मानेभन्ज्याङ,Okhaldhunga,Dhansari Rai,"क) राजनैतिक
ख) शैक्षिक
ग) आर्थिक
घ) सामाजिक",1-ओखलढुंगा-1,340187,45
341342,डिक प्रसाद बास्तोला,Dika Prasad Bastola,राष्ट्रिय प्रजातन्त्र पार्टी,2604,178,M,False,राम  बास्तोला,आइ. ए.,रुम्जाटार उ.मा.वि.,भक्तपुर चाँगुनारायण नगरपालिका ,,सामाजिक क्षेत्र,1-ओखलढुंगा-1,341342,53
342401,पिंकी राई (बेगु राम राई),Pinki Raee (begu Rama Raee),समावेशी समाजवादी पार्टी,2590,100,M,False,डवल सिंह राई,एस.एल.सी.,"श्री मालिका माध्यमिक विद्यालय, खोटाङ",ओखलढुंगा मानेभन्ज्याङ गाउँपालिका ,,,1-ओखलढुंगा-1,342401,32
341898,नेत्र बहादुर नेम्वाङ,Netra Bahadur Newang,जनता समाजवादी पार्टी(एकल चुनाव चिन्ह),2531,92,M,False,कर्ण धोज नेम्वाङ,१०+२,पशुपति कलेज चावहिल काठमाण्डौ,ओखलढुंगा सिद्धिचरण नगरपालिका भैरब टोल,,"क) राजनिती
ख) व्यापार व्यवसाय
ग) खेलकुद
घ) पत्रकारिता",1-ओखलढुंगा-1,341898,48
340673,शेर बहादुर खत्री,Sher Bahadur Khatri,राष्ट्रिय जनमोर्चा,2522,62,M,False,Kul Bahadur Khatri,एस.एल.सी.,स.ज.मा.वि. ओखलढुंगा,Okhaldhunga,Kunta Devi Khatri,"क) शिक्षण
ख) कृषि
ग) लेखा 
घ) प्रशासन",1-ओखलढुंगा-1,340673,80
339634,बिक्रम दाहाल,Bikram Dahal,स्वतन्त्र,IND,53,M,False,Dulhari Dahal,स्नातकोत्तर,Sikkim Manipal University,Okhaldhunga,,"IT officer in Rural Municipality, School college Teacher, Real state agent",1-ओखलढुंगा-1,339634,34
339406,सविना प्रजापती,Sabina Prajapati,नेपाल मजदुर किसान पार्टी,2578,40,F,False,Purna Bhagat Prajapati,आइ एड,नब दुर्गा बहुमुखी क्याम्पस,Bhaktapur,Raja Ram Prajapati,शिक्षण,1-ओखलढुंगा-1,339406,52
342636,कुमार बहादुर लामा,Kumar Bahadur Lama,मितेरी पार्टी नेपाल,2530,29,M,False,Harka Bahadur Lama,८ कक्षा पास,,Kathmandu,Dhan Kumari Tamang,,1-ओखलढुंगा-1,342636,60
342604,नारायण काजी तामाङ्ग,Narayan Kaji Tamang,स्वतन्त्र,IND,18,M,False,Prati Man Tamang,आइ. ए.,त्रिभुवन विश्वविद्यालय,Okhaldhunga,Devi Tamang,क) २०४६ सालको जनआन्दोलनमा विद्यार्थी नेताको हैसियतले बहुदलिय प्रजातन्त्र ल्याउने आन्दोलनमा सकृय सहभागी भई हालसम्म राजनिती जीवनमै सिमित ।,1-ओखलढुंगा-1,342604,56
341485,पारश मणि गेलाल,Paras Mani Gelal,राष्ट्रिय स्वतन्त्र पार्टी,2528,30590,M,True,दुर्गा प्रसाद गेलाल,स्नातकोत्तर,त्रि.वि.,सुनसरी इनरुवा नगरपालिका सिकारी,गंगा कुमारी गौतम गेलाल,,1-उदयपुर-1,341485,40
340152,राजेश कुमार राई,Rajesh Kumar Rai,श्रम संस्कृति पार्टी,2501,11606,M,False,Sarkiman bhannne Bhaga Bahadur Rai,+2,HSEB,Khotang,Pramila Rai,,1-उदयपुर-1,340152,43
340831,बल देव चौधरी,Bal Dev Chaudhary,नेपाली कम्युनिष्ट पार्टी,2557,10021,M,False,Ram Dhani Chaudhary,BL,TU,Udayapur,Shanti Kumari Chaudhary,,1-उदयपुर-1,340831,57
341310,विदुर वस्नेत,Vidura Vasnet,नेपाली काँग्रेस,2583,9675,M,False,अम्वेवर सिंह वस्नेत,स्नातक,त्रि.वि.,उदयपुर त्रियुगा नगरपालिका रातमाटे,बशुन्धरा  वस्नेत,,1-उदयपुर-1,341310,69
340070,दुर्गा कुमार थापा,Durga Kumar Thapa,नेपाल कम्युनिष्ट पार्टी (एकीकृत मार्क्सवादी लेनिनवादी),2598,9206,M,False,Surya Bahadur Thapa,स्नातकोत्तर,त्रि.वि.,Udayapur,Devi Kumari Thapa,,1-उदयपुर-1,340070,60
339844,सुभास चन्द्र खड्का,Subhash Chandra Khadka,राष्ट्रिय प्रजातन्त्र पार्टी,2604,941,M,False,टेक बहादुर खड्का,+2,"Everest English Boarding School, Galko Pakha, Thamel",उदयपुर वेलका नगरपालिका ,रमा कुमारी खड्का,,1-उदयपुर-1,339844,45
340729,गणेश कुमार राई,Ganesh Kumar Rai,जनता समाजवादी पार्टी(एकल चुनाव चिन्ह),2531,597,M,False,Janak Rai,साधारण लेखपढ,,Khotang,Sajita Dewan,,1-उदयपुर-1,340729,53
342045,अर्जुन तामाङग,Arjun Tamang,उज्यालो नेपाल पार्टी,2566,564,M,False,Krishna Bahadur Tamang,मा.व.,चुईचुम्मा ओख्रे,Khotang,Tirtha Maya Tamang,,1-उदयपुर-1,342045,61
341422,बद्री विक्रम राई,Badri Bikram Rai,मंगोल नेशनल अर्गनाइजेसन,2511,120,M,False,Indra Bahadur Rai,SLC,चिसापनी मा.वि. खोटाङ्,Khotang,Mina Rai,,1-उदयपुर-1,341422,47
341582,अमृत बहादुर खत्री,Amrit Bahadur Khatri,नेपाल कम्युनिस्ट पार्टी (माओवादी),2526,112,M,False,Tanka Bahadur Khatri,SLC,श्री अम्बेबर जनता मा.वि. राजावास (खैरेनी),Udayapur,,,1-उदयपुर-1,341582,43
341650,सुरेस राई,Suresh Rai,संयुक्त नागरिक पार्टी,2521,101,M,False,कृखि बहादुर राई,१२ पास,पाटन उच्च मा.वि.,काभ्रेपलाञ्चोक धुलिखेल नगरपालिका ,उपासना  राई,,1-उदयपुर-1,341650,54
340411,कुशेश्वर चौधरी,Kusheshvara Chaudhari,नेपाली जनता दल,2595,85,M,False,शिव नारायण चौधरी,SLC,Shree Triyuga Ma Vi Gaighat,उदयपुर त्रियुगा नगरपालिका खैजनपुर,सम्झना कुमारी चौधरी,,1-उदयपुर-1,340411,45
339766,देवराज रोका,Devraj Roka,स्वतन्त्र,IND,83,M,False,Man Bahadur Roka,पि.एच.डी.,इन्टरनेशनल युनिभर्सिटी अफ विजिनेश इकाेनोमिक्स,Khotang,Tara Roka,,1-उदयपुर-1,339766,53
340024,मनोज कुमार पौडेल,Manoj Kumar Paudel,आम जनता पार्टी(एकल चुनाव चिन्ह),2581,49,M,False,Gaga Bahadur Paudel,B.Ed.,TU,Udayapur,,,1-उदयपुर-1,340024,44
339504,विष्‍णु वहादुर खत्री,Bishnu Bahadur Khatri,नेपाल मजदुर किसान पार्टी,2578,48,M,False,Agam Bahadur Khatri,एम. ए.,TU,Udayapur,Sarita Thapa (Khatri),"अध्यापन,
कृषी,
फोटोग्राफी,
डि.डि.आर.टी.",1-उदयपुर-1,339504,47
341937,लिल कुमार राई,Lil Kumari Rai,राष्ट्रिय जनमोर्चा,2522,44,M,False,जुक्त मान राई,BBS,TU,उदयपुर त्रियुगा नगरपालिका बाँसवारी,सीता राई,,1-उदयपुर-1,341937,47
340301,प्रशान्त कुमार राई,Prashant Kumar Rai,नागरिक सर्वोच्चता पार्टी नेपाल(एकल चुनाव चिन्ह),2537,44,M,False,Ashok Chandra Rai,BA,TU,Udayapur,Manju Shrestha,,1-उदयपुर-1,340301,59
339929,गोकर्ण राई,Gokarna Rai,नेपाल जनमुक्ति पार्टी,2529,30,M,False,Devi Bahadur Rai,दश पास,महेन्द्रदय मा‍.वि. खोटाङ्ग,Sunsari,Jayanti Rai,,1-उदयपुर-1,339929,63
341674,सुर्य बहादुर  तामाङ्ग,Surya Bahadur Tamang,राष्ट्रिय स्वतन्त्र पार्टी,2528,14802,M,True,Padam Bahadur Tamang,,,Udayapur,Tabita Rai,,1-उदयपुर-2,341674,41
339923,अम्वर बहादुर रायामाझी,Ambar Bahadur Raimajhi,नेपाल कम्युनिष्ट पार्टी (एकीकृत मार्क्सवादी लेनिनवादी),2598,7648,M,False,टंक बहादुर राया,,,उदयपुर रौतामाई गाउँपालिका ,जमुना कुमारी कार्की रायामाझी,,1-उदयपुर-2,339923,56
340970,राम कुमार राई,Ram Kumar Rai,नेपाली काँग्रेस,2583,7290,M,False,Kashiraj Rai,,,Udayapur,Sita Kumari Rai,,1-उदयपुर-2,340970,53
340225,सुरेश कुमार राई,Suresh Kumar Rai,नेपाली कम्युनिष्ट पार्टी,2557,5197,M,False,Indra Dhwoj Rai,,,Udayapur,Vijayawati Rai,,1-उदयपुर-2,340225,50
340503,वलराज राई,Arun Rai,श्रम संस्कृति पार्टी,2501,4139,M,False,Man Bahadur Rai,,,Udayapur,सम्झना कुमारी रा,,1-उदयपुर-2,340503,41
339520,अरुण राई,Arun Rai,राष्ट्रिय परिवर्तन पार्टी,2568,607,M,False,Man Bahadur Rai,,,Udayapur,,,1-उदयपुर-2,339520,26
339385,भाष्कर राई,Bhaskar Rai,मंगोल नेशनल अर्गनाइजेसन,2511,383,M,False,Govinda Bahadur Rai,,,Udayapur,Priti Rai,,1-उदयपुर-2,339385,41
339453,विष्णु बहादुर खडका,Bishnu Bahadur Khadka,राष्ट्रिय प्रजातन्त्र पार्टी,2604,220,M,False,Wan Bahadur Khadka,,,Udayapur,Bhagawati Khadka,,1-उदयपुर-2,339453,66
340793,दुर्गा बहादुर तामाङ्ग,Durga Bahadur  Tamang,नेपाल कम्युनिस्ट पार्टी (माओवादी),2526,152,M,False,Ram Bahadur Tamang,,,Udayapur,,,1-उदयपुर-2,340793,33
340890,केशव बहादुर मगर,Keshav Bahadur Magar,जनता समाजवादी पार्टी(एकल चुनाव चिन्ह),2531,103,M,False,Khadga Bir Magar,,,Udayapur,Ambika Thapa Magar,,1-उदयपुर-2,340890,53
342072,मेजर कुमार राई,Mejar Kumar Rai,स्वतन्त्र,IND,90,M,False,सहल मान राई,,,उदयपुर लिम्चुङबुङ गाउँपालिका आहाले,गोपी कृष्णा राई,,1-उदयपुर-2,342072,43
339784,बम बहादुर मगर,Bam Bahadur Magar,आम जनता पार्टी(एकल चुनाव चिन्ह),2581,85,M,False,Dik Bahadur Magar,,,Udayapur,Binda Kumari Magar,,1-उदयपुर-2,339784,38
339356,पुर्ण बहादुर बुढाथोकी,Purna Bahadur Budathoki,नेपाल मजदुर किसान पार्टी,2578,40,M,False,Dal Bahadur Budhathoki,,,Udayapur,Dhan Kumari Budhathoki,,1-उदयपुर-2,339356,41
341238,पुष्पा कुमारी चौधरी,Pushpa Kumari Chaudhary,राष्ट्रिय स्वतन्त्र पार्टी,2528,38195,F,True,Govinda Chaudhary,,,Saptari,,,2-सप्तरी-1,341238,36
339850,सुमित कुमार -,Sumit Kumar,स्वाभिमान पार्टी,2569,7847,M,False,Nawalkishore Sah,,,Saptari,Manju Devi Sah,,2-सप्तरी-1,339850,48
340346,सुमन राज प्याकुरेल,Suman Raj Pyakurel,नेपाल कम्युनिष्ट पार्टी (एकीकृत मार्क्सवादी लेनिनवादी),2598,7652,M,False,Hom Raj Pyakurel,,,Saptari,Jyoti Pyakurel,,2-सप्तरी-1,340346,67
341170,रामदेव साह(तेली),Ramdev Sah (Teli),नेपाली काँग्रेस,2583,6994,M,False,Hitlal Sah (Teli),,,Saptari,Sumitra Devi Sah (Teli),,2-सप्तरी-1,341170,66
342037,जय कान्त राउत,Jaya Kanta Raut,जनमत पार्टी,2585,4833,M,False,श्वेताम्बर  राउत,,,सप्तरी महादेवा गाउँपालिका महदेवा,उषा देवी राउत,,2-सप्तरी-1,342037,53
340882,श्याम सुन्दर सरदार,Shyam Sundar Sardar,"जनता समाजवादी पार्टी, नेपाल",2542,2558,M,False,Ram Sardar Watar,,,Saptari,Asha Devi Sardar,,2-सप्तरी-1,340882,42
342797,रविन्द्र चौधरी,Rabindra Chaudhary,नेपाली कम्युनिष्ट पार्टी,2557,1626,M,False,Sudarshan Chaudhary,,,Saptari,Pushpa Kumari Singh,,2-सप्तरी-1,342797,64
339346,सत्य जित कुमार झा,Satya Jit Kumar Jha,राष्ट्रिय प्रजातन्त्र पार्टी,2604,422,M,False,Jagmohan Jha,,,Saptari,Pramila Jha,,2-सप्तरी-1,339346,45
340781,हर्ख नारायण चौधरी,Harkha Narayan Chaudhary,उज्यालो नेपाल पार्टी,2566,289,M,False,Mahagu Chaudhary,,,Saptari,Savitri Kumari Chaudhary,,2-सप्तरी-1,340781,46
340589,खेम राज जैशी,Khem Raj Jaishi,नेपाल जनता संरक्षण पार्टी,2541,218,M,False,धनी राम जैशी,,,सप्तरी अग्नीसाइर कृष्णासवरन गाउँपालिका मँहुली, ,,2-सप्तरी-1,340589,44
339465,दीपेन्द्र प्रसाद यादव,Dipendra Prasad Yadav,नेपाल जनता पार्टी,2507,203,M,False,कुन्जी लाल विराजी यादव,,,सप्तरी तिरहुत गाउँपालिका गोईठी,चन्द्रिका कुमारी यादव,,2-सप्तरी-1,339465,44
341448,जगदेव सदा,Jagdev Sada,स्वतन्त्र,IND,147,M,False,Narayan Sada,,,Saptari,Samuj Devi Sada,,2-सप्तरी-1,341448,40
341782,शम्भु प्रसाद देव,Shambhu Prasad Dev,राष्ट्रिय एकता दल,2548,134,M,False,Shivanarayan Lal Dev,,,Saptari,Asha Kumari Dev,,2-सप्तरी-1,341782,60
340691,टिकालक्ष्‍मी नारायण चौधरी,Tikalaxmi Narayan Chaudhary,"नागरिक उन्मुक्ति पार्टी, नेपाल(एकल चुनाव चिन्ह)",2531,75,F,False,Lalbahadur Chaudhary,,,Saptari,Premkant Chaudhary,,2-सप्तरी-1,340691,41
341612,कौशल साह,Kaushal Sah,आम जनता पार्टी(एकल चुनाव चिन्ह),2581,40,M,False,Kapleshwar Prasad Sah,,,Saptari,,,2-सप्तरी-1,341612,31
342120,मो अमिन,Md. Amin,स्वतन्त्र,IND,25,M,False,रसुल  मियाँ,,,सप्तरी कञ्चनरुप नगरपालिका ,गुसन  खातुन,,2-सप्तरी-1,342120,49
341850,रिजवाना खातुन,Rijwana Khatun,स्वतन्त्र,IND,20,F,False,अनवारुल  हक,,,सप्तरी कञ्चनरुप नगरपालिका धोधनपुर,अकवर  मियाँ,,2-सप्तरी-1,341850,48
340064,संजय कुमार शर्मा,Sanjay Kumar Sharma,स्वतन्त्र,IND,16,M,False,Upendra Sharma,,,Saptari,,,2-सप्तरी-1,340064,32
341008,उम्दा देवी सदा,Umda Devi Sada,स्वतन्त्र,IND,13,F,False,Gulten Sada,,,Saptari,Kameshwar Sada,,2-सप्तरी-1,341008,52
340284,लेखनाथ कुमार ठाकुर,Lekhnath Kumar Thakur,स्वतन्त्र,IND,9,M,False,नारायण  ठाकुर,,,सप्तरी हनुमाननगर कंकालिनी नगरपालिका हनुमाननगर,आशा देवी ठाकुर,,2-सप्तरी-1,340284,39
342366,राम कुमारी खङ,Ram Kumari Khang,स्वतन्त्र,IND,8,F,False,Bhola Khang,,,Saptari,Shatrughan Khang,,2-सप्तरी-1,342366,25
339852,रामजी यादव,Ramji Yadav,राष्ट्रिय स्वतन्त्र पार्टी,2528,28404,M,True,Suret Lal Yadav,Bachelor,,Saptari,,,2-सप्तरी-2,339852,30
339376,उमेश कुमार यादव,Umesh Kumar Yadav,"जनता समाजवादी पार्टी, नेपाल",2542,14263,M,False,Kisun Dev Yadav,बि.ए,,Saptari,Sulekha Kumari Yadav,,2-सप्तरी-2,339376,55
342002,चन्द्र कान्त राउत,Chandra Kant Raut,जनमत पार्टी,2585,9880,M,False,Shwetambar Raut,P.hd,,Saptari,Soni Sindhu Rani,,2-सप्तरी-2,342002,48
341143,सतिश कुमार सिंह,Satish Kumar Singh,स्वाभिमान पार्टी,2569,3557,M,False,Shekhar Kumar Singh,Bachelor,,Saptari,Anu Singh,,2-सप्तरी-2,341143,43
341231,राम कुमार यादव,Ram Kumar Yadav,नेपाली काँग्रेस,2583,2498,M,False,Bindev Yadav,+2,,Saptari,Rekha Yadav,,2-सप्तरी-2,341231,56
341531,अफरोज आलम,Apharoja Aalam,राष्ट्र निर्माण दल नेपाल,2527,1120,M,False,मो.  अलाउद्बिन,slc,,सप्तरी राजविराज नगरपालिका ,रफत  प्रवीण,,2-सप्तरी-2,341531,42
340664,मोहम्मद जियाउल रहमान,Mohammad Jiaul Rahman,नेपाल कम्युनिष्ट पार्टी (एकीकृत मार्क्सवादी लेनिनवादी),2598,883,M,False,सफिद रहमान खाँ,Master,,सप्तरी राजविराज नगरपालिका रहमतपुर,,,2-सप्तरी-2,340664,33
340980,सुर्यनाथ प्रसाद यादव,Suryanath Prasad Yadav,नेपाली कम्युनिष्ट पार्टी,2557,426,M,False,Ram Prasad Yadav,+2,,Saptari,Laxmi Devi Yadav,,2-सप्तरी-2,340980,47
340304,अजय  कुमार  दास ,Ajay Kumar Das,राष्ट्रिय प्रजातन्त्र पार्टी,2604,374,M,False,Shiv Kumar Das,+2,,Saptari,,,2-सप्तरी-2,340304,27
339628,रन्जु कुमारी झा (ठाकुर),Ranju Kumari Jha (Thakur),नेपाल जनता पार्टी,2507,240,F,False,Rama Kanta Jha,ma,,Saptari,Mihir Kumar Thakur,,2-सप्तरी-2,339628,60
339704,दिपक चौधरी,Dipaka Chaudhari,उज्यालो नेपाल पार्टी,2566,224,M,False,दिवाकर  चौधरी,P.hd,,मोरङ विराटनगर महानगरपालिका आश्रम टोल,उषा  चौधरी,,2-सप्तरी-2,339704,53
341078,अनिश अंसारी,Anish Ansari,राष्ट्रिय मुक्ति पार्टी नेपाल(एकल चुनाव चिन्ह),2531,210,M,False,Samsulhaq Ansari,,,Saptari,Bibi Shahajadi Khatun,,2-सप्तरी-2,341078,72
342074,त्रिभुवन खंग,Tribhuvan Khang,श्रम संस्कृति पार्टी,2501,91,M,False,Adhik Lal Khang,,,Saptari,Lukhiya Devi Khang,,2-सप्तरी-2,342074,58
339457,निलम कुमारी यादव,Nilam Kumari Yadav,नेपाल मजदुर किसान पार्टी,2578,90,F,False,Ram Kumar Yadav,+२,,Saptari, ,,2-सप्तरी-2,339457,25
340464,शरद सिंह यादव,Sharad Singh Yadav,जन अधिकार पार्टी,2540,81,M,False,Yogendra Prasad Yadav,स्नातक,,Saptari,Sarita Kumari Yadav,,2-सप्तरी-2,340464,54
341291,सन्तोष कुमार रजक,Santosh Kumar Rajak,स्वतन्त्र,IND,66,M,False,Ghoghar Safi,,,Saptari,,,2-सप्तरी-2,341291,45
341389,इन्द्रसागर गुप्‍ता,Indrasagar Gupta,नेपालका लागि नेपाली पार्टी,2524,63,M,False,Rajendra Prasad Gupta,,,Saptari,Nitu Kumari Gupta,,2-सप्तरी-2,341389,49
342148,दिपक कुमार मंडल,Deepak Kumar Mandal,सार्वभौम नागरिक पार्टी,2520,58,M,False,जगदिश  मंडल,,,सप्तरी महादेवा गाउँपालिका ढिकुलि,,,2-सप्तरी-2,342148,33
340597,विशेश्‍वर यादव,Vishesh‍vara Yadav,स्वतन्त्र,IND,33,M,False,जसो लाल यादव,slc,,सप्तरी राजविराज नगरपालिका रामपुर,,,2-सप्तरी-2,340597,34
339602,वलराम प्रसाद यादव,Balram Prasad Yadav,"जनता लोकतान्त्रिक पार्टी, नेपाल",2574,29,M,False,Ramnath Yadav,,,Saptari,सरीता कुमारी यादव,,2-सप्तरी-2,339602,57
339655,सुनिल राज दास,Sunil Raj Das,आम जनता पार्टी(एकल चुनाव चिन्ह),2581,26,M,False,Purandhar Das,बि.ई,,Saptari,Sujata Bimal Yadav,,2-सप्तरी-2,339655,32
341429,विनोदानन्द झा,Vinodanand Jha,स्वतन्त्र,IND,25,M,False,हिरा लाल झा,,,सप्तरी राजविराज नगरपालिका ल‌ंकाटोल,इन्दु देवी झा,,2-सप्तरी-2,341429,68
339511,राज कुमार मण्डल,Raj Kumar Mandal,नेपाल संघीय समाजवादी पार्टी(एकल चुनाव चिन्ह),2567,23,M,False,Maheshwar Khang,एस.एल.सि,,Saptari,Pramila Devi Mandal,,2-सप्तरी-2,339511,48
340126,जितेन्द्र कुमार यादव,Jitendra Kumar Yadav,स्वतन्त्र,IND,22,M,False,Chandeshwar Yadav,स्नातक,,Saptari,,,2-सप्तरी-2,340126,30
340412,पारशमणि यादव,Parasmani Yadav,स्वतन्त्र,IND,20,M,False,दुबी लाल यादव,+2,,सप्तरी राजविराज नगरपालिका देउरी भरुवा,,,2-सप्तरी-2,340412,29
341584,राम बिलास ठाकुर,Ram Bilas Thakur,स्वतन्त्र,IND,13,M,False,Sita Ram Thakur,,,Saptari,Devaki Thakur,,2-सप्तरी-2,341584,64
342323,विन्दु कुमारी चौधरी,Bindu Kumari Chaudhary,स्वतन्त्र,IND,13,F,False,Bilat Chaudhary,,,Saptari,Ram Naresh Chaudhary,,2-सप्तरी-2,342323,47
341666,किसुनदेव राम,Kisundev Ram,स्वतन्त्र,IND,12,M,False,Bilat Mochi,,,Saptari,Babita Ram,,2-सप्तरी-2,341666,55
341880,अम्‍विका देवी साफी,Am‍vika Devi Saphi,स्वतन्त्र,IND,11,F,False,दरवारी  साफी,,,सप्तरी राजविराज नगरपालिका फर्सैठ,भगवानी  साफी,,2-सप्तरी-2,341880,36
339917,प्रेम कुमार यादव,Prem Kumar Yadav,स्वतन्त्र,IND,9,M,False,Kameshwar Prasad Yadav,H.A,,Saptari,,,2-सप्तरी-2,339917,35
341488,सुशीला कुमारी साह,Shushila Kumari Sah,स्वतन्त्र,IND,9,F,False,देव कुमार साह,,,सप्तरी राजविराज नगरपालिका जोलहरी,हरि गवन साह,,2-सप्तरी-2,341488,32
341331,संजय कुमार चौधरी,Sanjay Kumar Chaudhary,स्वतन्त्र,IND,4,M,False,Narayan Chaudhary,,,Saptari,,,2-सप्तरी-2,341331,29
342275,साधना  दास ,Sahana Das,स्वतन्त्र,IND,4,F,False,रामजि प्रसाद  दास ,,,सप्तरी राजविराज नगरपालिका ,नारायण  प्रसाद  दास ,,2-सप्तरी-2,342275,65
341946,अभिनाष कुमार सिंह,Abhinash Kumar Singh,स्वतन्त्र,IND,2,M,False,Umesh Prasad Singh,,,Saptari,,,2-सप्तरी-2,341946,33
341099,अमर कान्त चौधरी,Amar Kant Chaudhary,राष्ट्रिय स्वतन्त्र पार्टी,2528,32875,M,True,Chandra Kant Chaudhary,स्नातक,,Saptari,Renu Chaudhary,,2-सप्तरी-3,341099,44
340917,उपेन्द्र यादव,Upendra Yadav,"जनता समाजवादी पार्टी, नेपाल",2542,15239,M,False,Dhani Lal Yadav,स्नातकोत्तर,,Sunsari,Parvati Devi Yadav,,2-सप्तरी-3,340917,65
339812,दिनेश कुमार यादव,Dinesh Kumar Yadav,नेपाली काँग्रेस,2583,8428,M,False,Dev Narayan Yadav,,,Saptari,Nirmala Kumari Yadav,,2-सप्तरी-3,339812,65
340599,ताराकान्त चौधरी,Tarakant Chaudhary,नेपाल कम्युनिष्ट पार्टी (एकीकृत मार्क्सवादी लेनिनवादी),2598,6715,M,False,Umakanta Chaudhary,प्रविणता प्रमाणपत्र तह,,Saptari,Mina Kumari Chaudhary,,2-सप्तरी-3,340599,60
339942,सुरेन्द्र प्रसाद शर्मा,Surendra Prasad Sharma,जनमत पार्टी,2585,2869,M,False,Satya Narayan Sharma,स्नातक,,Saptari,Anamika Sharma,,2-सप्तरी-3,339942,46
340561,अरुण कुमार साह,Arun Kumar Sah,नेपाली कम्युनिष्ट पार्टी,2557,1635,M,False,Bhola Prasad Sah,स्नातक,,Saptari,,,2-सप्तरी-3,340561,42
339528,उम्देश्‍वर प्रसाद साहु,Umdeshowr Prasad Sahu,राष्ट्रिय प्रजातन्त्र पार्टी,2604,556,M,False,चन्दरलाल  साहु,,,सप्तरी शम्भुनाथ नगरपालिका मोहनपुर,मूर्ती देवी साहु,,2-सप्तरी-3,339528,67
340265,परमेश्‍वर लाल साह,Paramesh‍vara Lala Sah,उज्यालो नेपाल पार्टी,2566,212,M,False,गगाइ  साहु(तेली),एस एल सी,,सप्तरी बिष्णुपुर गाउँपालिका विष्णुपुर,फुलो देवी साह,,2-सप्तरी-3,340265,47
341594,धनिक लाल चौधरी,Dhanik Lal Chaudhary,आम जनता पार्टी(एकल चुनाव चिन्ह),2581,188,M,False,Bilat Chaudhary,एल एल सी,,Siraha,Rita Devi Chaudhary,,2-सप्तरी-3,341594,53
340962,संतोष कुमार चमन,Santosh Kumar Chaman,नेपाल जनता पार्टी,2507,168,M,False,Panchdev Yadav,,,Saptari,Renu Kumari Yadav,,2-सप्तरी-3,340962,47
342463,जय नारायण मंडल,Jay Narayan Mandal,श्रम संस्कृति पार्टी,2501,108,M,False,Jhagaru Mandal,प्रविणता प्रमाण पत्र तह,,Saptari,Durga Devi Mandal,,2-सप्तरी-3,342463,54
340421,गजेन्द्र कुमार मण्डल,Gajendra Kumar Mandal,राष्ट्रिय मुक्ति पार्टी नेपाल(एकल चुनाव चिन्ह),2531,71,M,False,Madanmohan Mandal,प्रविणता प्रमाण पत्र तह,,Saptari,Ranju Kumari Mandal,,2-सप्तरी-3,340421,46
339357,प्रभु प्रसाद साह,Prabhu Prasad Sah,नेपाल मजदुर किसान पार्टी,2578,67,M,False,Yogendra Sah,,,Saptari,Shanti Devi Sah,,2-सप्तरी-3,339357,61
340814,सरिता कुमारी यादव,Sarita Kumari Yadav,स्वतन्त्र,IND,44,F,False,Chhutaharu Yadav,प्रविणता प्रमाण पत्र तह,,Saptari,Shubha Narayan Yadav,,2-सप्तरी-3,340814,34
341159,महादेव राम,Mahadev Ram,बहुजन एकता पार्टी नेपाल(एकल चुनाव चिन्ह),2567,40,M,False,Bindeshwar Mochi,साधारण लेखपढ,,Saptari,Parvati Devi Ram,,2-सप्तरी-3,341159,52
340727,कोशिला देवी पासवान,Koshila Devi Paswan,स्वतन्त्र,IND,21,F,False,Chalitar Paswan,साक्षर,,Saptari,Harihar Paswan,,2-सप्तरी-3,340727,65
341125,हरी नारायण पासमान,Hari Narayan Pasman,स्वतन्त्र,IND,18,M,False,सोती  पासमान,एस एल सी,,सप्तरी डाक्नेश्वरी नगरपालिका फत्तेपुर,कमला देवी पासमान,,2-सप्तरी-3,341125,47
342044,कौशल कुमारी चौधरी,Kaushal Kumari Chaudhary,स्वतन्त्र,IND,17,F,False,Bindeshwar Chaudhary,एस एल सी,,Sunsari,Madanesh Kumar Chaudhary,,2-सप्तरी-3,342044,47
340792,दुवी लाल यादव,Dubi Lal Yadav,स्वतन्त्र,IND,11,M,False,बेचु  यादव,,,सप्तरी बिष्णुपुर गाउँपालिका प्रसाही,विमला देवी यादव,,2-सप्तरी-3,340792,59
341294,प्रभु नारायण चौधरी,Pabhu Narayan Chaudhary,स्वतन्त्र,IND,8,M,False,शिव नारायण चौधरी,+2,,सप्तरी शम्भुनाथ नगरपालिका कठौना,कविता  चौधरी,,2-सप्तरी-3,341294,42
340859,रजिया देवी सदा,Rajiya Devi Sada,स्वतन्त्र,IND,4,F,False,Laxmi Sada,साक्षर,,Saptari,Sukadev Sada,,2-सप्तरी-3,340859,62
341669,ओम प्रकाश विश्‍वकर्मा,Oma Prakasha Vish‍vakarma,स्वतन्त्र,IND,2,M,False,सबुर लाल विश्‍वकर्मा,+2,,सप्तरी रुपनी गाउँपालिका नकटी,सुरेखा  विश्‍वकर्मा,,2-सप्तरी-3,341669,49
341103,सिताराम साह,Sitaram Sah,राष्ट्रिय स्वतन्त्र पार्टी,2528,36412,M,True,Bachchu Sah,I.sc Forestory,HETAUDA,Saptari,Maya Kumari Sah,,2-सप्तरी-4,341103,65
340625,तेजु लाल चौधरी,Teju Lal Chaudhary,नेपाली काँग्रेस,2583,13103,M,False,Sataun Chaudhary,स्नातकोत्तर,TU,Saptari,Parvati Chaudhary,,2-सप्तरी-4,340625,63
340112,वाँवी सिंह,Vanvi Sinh,"जनता समाजवादी पार्टी, नेपाल",2542,10280,F,False,मृगेन्र्द कुमार सिंह यादव,विद्यावारिधि (पि.एच.डि),तिलका माँझी भागलपुर विश्वविद्यालय ,सप्तरी बोदेबरसाइन नगरपालिका ,रविन्र्द कुमार यादव,,2-सप्तरी-4,340112,43
339323,रुवी कुमारी कर्ण,Rubi Kumari Karn,नेपाली कम्युनिष्ट पार्टी,2557,1709,F,False,राम नारायण कायस्थ,स्नातक ,म.वि.व. क्याम्पस राजविराज,सप्तरी खडक नगरपालिका विसनपुर,,,2-सप्तरी-4,339323,44
341334,गंगा प्रसाद चौधरी,Ganga Prasad Chaudhary,नेपाल कम्युनिष्ट पार्टी (एकीकृत मार्क्सवादी लेनिनवादी),2598,1177,M,False,Raksu Chaudhary,एम. ई.,MOSCO RUS,Saptari,Pacho Kumari Chaudhary,,2-सप्तरी-4,341334,63
341001,जितेन्द्र कुमार साह,Jitendra Kumar Sah,जनमत पार्टी,2585,995,M,False,________ ___ (Brihaspati Sah),वि.एड,J S MURARKA CAMPUS LAHAN,Saptari,Ranjit Kumari Sah,,2-सप्तरी-4,341001,43
342341,रामा कान्त चौधरी,Rama Kant Chaudhary,"नागरिक उन्मुक्ति पार्टी, नेपाल(एकल चुनाव चिन्ह)",2531,550,M,False,Hari Narayan Chaudhary,B.COM,,Saptari,Mohani Devi Chaudhary,,2-सप्तरी-4,342341,54
342111,विनोद कुमार मंडल,Binod Kumar Mandal,स्वतन्त्र,IND,544,M,False,Musan Khang,अनपढ,,Saptari,Kanti Devi Mandal,,2-सप्तरी-4,342111,41
341912,मो. जाकीर अली,Mo. Jakir Ali,राष्ट्र निर्माण दल नेपाल,2527,385,M,False,मो रहमत  अली,ISC,,काठमाडौं काठमाडौँ महानगरपालिका थापा गाउँ मार्ग,सवनम  आरा,,2-सप्तरी-4,341912,54
340932,रुप कुमार न्यौपाने,Rup Kumar Neupane,राष्ट्रिय प्रजातन्त्र पार्टी,2604,382,M,False,Hira Bahadur Neupane,स्नातक तह BA,ल.ना.मि.वि.वि. भारत,Saptari,Anju Neupane,,2-सप्तरी-4,340932,64
340739,विशो कुमार यादव,Bisho Kumar Yadav,उज्यालो नेपाल पार्टी,2566,182,M,False,Hari Narayan Yadav,पल्स टु पास,रोयल सफटेक कल्ज लहान,Saptari,,,2-सप्तरी-4,340739,35
339632,कोशल किशोर दास,Koshal Kishor Das,नेपाल जनता पार्टी,2507,175,M,False,Asarfi Das,आठ पास,रा.ज.म.वि.काचन ,Saptari,Umda Devi Das,,2-सप्तरी-4,339632,39
342004,अनिता कुमारी चौधरी,Anita Kumari Chaudhari,आम जनता पार्टी(एकल चुनाव चिन्ह),2581,111,F,False,अमृत लाल चौधरी,प्रविणता प्रमाणपत्र,,सप्तरी सुरुङ्गा नगरपालिका ,राजेन्द्र नारायण चौधरी,,2-सप्तरी-4,342004,34
340314,संतोष प्रसाद सिंह,Santosh Prashad Singh,स्वतन्त्र,IND,107,M,False,श्‍यामनन्द  सिंह,आई कम,विहार काउन्सिल पटना ,सप्तरी बोदेबरसाइन नगरपालिका बोदे बरसाईन,सुनिता देवी सिंह,,2-सप्तरी-4,340314,52
341771,रामवावु रजक,Ramavavu Rajak,नेपाली जनता दल,2595,57,M,False,हरि नारायण रजक,पल्स टु,,सप्तरी डाक्नेश्वरी नगरपालिका बनौला,जमुना देवी रजक,,2-सप्तरी-4,341771,42
341961,शिव कुमार कापैर,Shiva Kumar Kapair,स्वतन्त्र,IND,27,M,False,रामेश्‍वर  कापैर,एस एल सी,,सप्तरी बलान बिहुल गाउँपालिका कापैर,,,2-सप्तरी-4,341961,33
341870,संजीव कुमार साह,Sanjiv Kumar Sah,स्वतन्त्र,IND,26,M,False,बिहारी  साह,एस एल सि,,सप्तरी खडक नगरपालिका लालपट्टी,ललिता कुमारी साह,,2-सप्तरी-4,341870,47
339752,राम नारायण साह,Ram Narayan Sah,नेपाल मजदुर किसान पार्टी,2578,20,M,False,Kari Sah,स्नातक,त्रिभुवन विश्व विद्यालय,Saptari,Sushila Kumari Sah,,2-सप्तरी-4,339752,56
341587,श्‍यामसुन्‍दर साहु,Shyamsundar Sahu,स्वतन्त्र,IND,13,M,False,Nanchari Sahu,प्रमाण पत्र तह,,Saptari,Koshila Devi Sahu,,2-सप्तरी-4,341587,62
340495,रामेश्‍वर मंडल धानुक,Rameshowr Mandal Dhanuk,स्वतन्त्र,IND,11,M,False,सुखित लाल म‌ंडल,साक्षर,,सप्तरी बोदेबरसाइन नगरपालिका हैंठी,सुरज देवी मंडल,,2-सप्तरी-4,340495,72
341192,प्रेम कुमारी महरा,Prem Kumari Mahara,स्वतन्त्र,IND,9,F,False,नन्दी  महरा,SEE PASS ,उ.मा.वि. मिर्चैया रामनगर,सप्तरी सुरुङ्गा नगरपालिका प्रमाणपुर,गंगा लाल राम,,2-सप्तरी-4,341192,40
341222,दुर्गा प्रसाद यादव,Durga Prasad Yadav,स्वतन्त्र,IND,8,M,False,Jivachh Yadav,SLC PASS,,Saptari,Lalita Devi Yadav,,2-सप्तरी-4,341222,41
340535,सनम कुमारी चौधरी ,Sanam Kumari Chaudhary,स्वतन्त्र,IND,7,F,False,Kunjilal Chaudhary,एस.एल.सि.पास,लहान,Saptari,Kripananda Chaudhary,,2-सप्तरी-4,340535,29
340426,सुनिल कुमार यादव,Sunil Kumar Yadav,स्वतन्त्र,IND,7,M,False,Brijendra Prasad Yadav,एस.एल.सी ,,Saptari,Asha Devi Yadav,,2-सप्तरी-4,340426,46
341519,केश्‍वर  प्रसाद  साह ,Keshar Prasad Sah,स्वतन्त्र,IND,6,M,False,दया  राम  साह ,SLC PASS,Ra.Tu. Ja. Siswa ,सप्तरी सुरुङ्गा नगरपालिका ,मंजु  देवी  साह ,,2-सप्तरी-4,341519,52
340556,बब्लु गुप्ता,Bablu Gupta,राष्ट्रिय स्वतन्त्र पार्टी,2528,41322,M,True,Bisun Baniya,स्नातक,स्नातक,Siraha,,,2-सिराहा-1,340556,28
341756,राम सुन्दर चौधरी,Ram Sundar Chaudhary,नेपाली काँग्रेस,2583,9784,M,False,Ganeshi Chaudhary,B.COM,,Siraha,Punam Chaudhary,,2-सिराहा-1,341756,63
341049,राम शंकर यादव,Ram Shankar Yadav,नेपाल कम्युनिष्ट पार्टी (एकीकृत मार्क्सवादी लेनिनवादी),2598,7886,M,False,Dhanamanti Yadav,आई एल,,Siraha,Mira Devi Yadav,,2-सिराहा-1,341049,64
340818,रामचन्द्र यादव,Ramchandra Yadav,नेपाली कम्युनिष्ट पार्टी,2557,2853,M,False,Saini Yadav,प्रविणता तह,,Siraha,Urmila Devi Yadav,,2-सिराहा-1,340818,64
340996,सत्य नारायण यादव,Satya Narayan Yadav,"जनता समाजवादी पार्टी, नेपाल",2542,2285,M,False,Boue Lal Yadav,SLC,,Siraha,Shushila Devi Yadav,,2-सिराहा-1,340996,55
342123,राम स्वरुप चौधरी,Rama Svarupa Chaudhari,जनमत पार्टी,2585,1589,M,False,कुंजी लाल चौधरी,M.A,TU,सिराहा लहान नगरपालिका सिंगराही,आशा वति चौधरी,,2-सिराहा-1,342123,67
342546,संजीव कुमार सिंह,Sanjiv Kumar Singh,आम जनता पार्टी(एकल चुनाव चिन्ह),2581,346,M,False,मन्जप  सिंह दनुवार,+2,,सिराहा लक्ष्मीपुर पतारी गाउँपालिका लक्ष्मीपुर,,,2-सिराहा-1,342546,40
339665,बासुदेव साह,Basudev Sah,राष्ट्रिय प्रजातन्त्र पार्टी,2604,236,M,False,Bachchelal Sah,साधारण लेखपढ,,Siraha,Kapali/Budharani Sah,,2-सिराहा-1,339665,54
342566,तारा कुमारी चौधरी,Tara Kumari Chaudhary,उज्यालो नेपाल पार्टी,2566,214,F,False,Genai Chaudhary,स्नातक,,Siraha,Deepak Chaudhary,,2-सिराहा-1,342566,44
341546,डा जिवछ  ठाकुर,Dr. Jivcha Thakur,श्रम संस्कृति पार्टी,2501,157,M,False,सुख नारायण ठाकुर,MBBS,,सिराहा लहान नगरपालिका ,सुसमा कुमारी ठाकुर,,2-सिराहा-1,341546,43
342494,बद्री नारायण चौधरी,Badri Narayan Chaudhary,संघीय लोकतान्त्रिक राष्ट्रिय मञ्च,2550,134,M,False,Kanta Lal Chaudhary,साधारण लेखपढ,,Siraha,Draupadi Chaudhary,,2-सिराहा-1,342494,55
342186,सन्तोष सिलवाल,Santosha Silaval,स्वतन्त्र,IND,122,M,False,हरी  सिलवाल,स्नातक,,काठमाडौं टोखा नगरपालिका धापासी,उष्मा  लामा,,2-सिराहा-1,342186,51
341147,प्रयाग लाल यादव,Prayag Lal Yadav,स्वतन्त्र,IND,108,M,False,Hari Lal Yadav,स्नातक,,Siraha,Shobha Kumari Yadav,,2-सिराहा-1,341147,53
342235,राम कुमार साह,Ram Kumar Sah,नेपालका लागि नेपाली पार्टी,2524,73,M,False,Ram Sebak Sah,7,,Siraha,Lila Devi Sah,,2-सिराहा-1,342235,45
339381,सिरीया पासमान,Siriya Pasman,नेपाल मजदुर किसान पार्टी,2578,45,M,False,झवर  पासमान,8,,सिराहा भगवानपुर गाउँपालिका ठाढी विशवासपद्ट्टी,फूलकेसरी देवी पासमान,,2-सिराहा-1,339381,56
341620,प्रबीण कुमार चौधरी,Prabin Kumar Chaudhary,"नागरिक उन्मुक्ति पार्टी, नेपाल(एकल चुनाव चिन्ह)",2531,33,M,False,Ramapati Chaudhary,B.A. JMC,,Siraha,,,2-सिराहा-1,341620,48
342269,दुर्गा प्रसाद महतो,Durga Prasad Mahato,स्वतन्त्र,IND,24,M,False,Visun Dev Mahato,प्रमाणपत्र तह,,Siraha,,,2-सिराहा-1,342269,33
340678,पंकज गोश्‍वामी,Pankaj Goshswami,स्वतन्त्र,IND,21,M,False,बहादुर  गोश्‍वामी,स्नातक,स्नातक,सिराहा लहान नगरपालिका रघुनाथ पुर,,,2-सिराहा-1,340678,35
341493,आशिष महतो,Aashish Mahato,स्वतन्त्र,IND,19,M,False,संतोष कुमार महतो,BE CIVIL,,सिराहा लहान नगरपालिका ,,,2-सिराहा-1,341493,27
342311,राम  कुमार  महतो ,Ram Kumar Mahato,स्वतन्त्र,IND,16,M,False,Gosai Mahato Koiri,स्नातक,,Siraha,,,2-सिराहा-1,342311,38
341690,आन्नद कुमार यादव,Aananda Kumar Yadav,स्वतन्त्र,IND,12,M,False,राम चन्द्र यादव,SLC,,सिराहा लक्ष्मीपुर पतारी गाउँपालिका खरुकयाही,सोभा  यादव,,2-सिराहा-1,341690,45
342000,भोला पासमान,Bhola Pasman,स्वतन्त्र,IND,11,M,False,लक्ष्मी  पासमान,साक्षर,,सिराहा भगवानपुर गाउँपालिका भगवानपुर,राज कुमारी पासमान,,2-सिराहा-1,342000,59
342659,सुलोचना कुश्मी,Sulochana Kushmi,स्वतन्त्र,IND,10,F,False,Hari Lal Chaudhary,slc,,Kailali, ,,2-सिराहा-1,342659,37
342519,दिनेश पासमान,Dinesh Pasman,स्वतन्त्र,IND,9,M,False,रामविलास  पासमान,slc,,सिराहा लहान नगरपालिका ,शान्ती देवी पासमान,,2-सिराहा-1,342519,42
341314,राम चन्दर यादव,Ram Chandar Yadav,स्वतन्त्र,IND,9,M,False,Jagdev Yadav,प्रविणता प्रमाण पत्र,,Siraha,,,2-सिराहा-1,341314,45
341816,अशिष लाल दास,Ashish Lal Das,स्वतन्त्र,IND,7,M,False,Shyam Lal Tanti,B.A.,,Siraha,,,2-सिराहा-1,341816,28
341401,जुगाई मंडल,Gugai Mandal,स्वतन्त्र,IND,7,M,False,राम जी खंग खत्वे,साक्षर,,सिराहा भगवानपुर गाउँपालिका ठाढी,संम्वर देवी खंग खत्वे,,2-सिराहा-1,341401,41
342396,इन्द्र देव महतो,Indra Dev Mahato,स्वतन्त्र,IND,5,M,False,Gudar Mahato,+2,,Siraha,,,2-सिराहा-1,342396,37
341173,नागेन्द्र कुमार यादव,Nagendra Kumar Yadav,स्वतन्त्र,IND,5,M,False,Gangai Yadav,आई एड,,Siraha,,,2-सिराहा-1,341173,36
342075,श्री नन्द साफी धोवी,Shri Nanda Safi Dhobi,स्वतन्त्र,IND,5,M,False,गौरी शंकर साफि,slc,,सिराहा भगवानपुर गाउँपालिका भगवानपुर,श्रीमती दयावती  साफी,,2-सिराहा-1,342075,67
342371,वालेश्वर दास तत्मा,Valeshvara Dasa Tatma,स्वतन्त्र,IND,4,M,False,रामफल दास तत्मा,slc,,सिराहा लहान नगरपालिका ,मिना देवी दास,,2-सिराहा-1,342371,51
340795,रामदेव ठाकुर,Ramdev Thakur,स्वतन्त्र,IND,1,M,False,Ghuran Thakur,SLC,SLC,Siraha,Shobha Kumari Thakur,,2-सिराहा-1,340795,42
341250,शिव शंकर यादव,Shiva Shankar Yadav,राष्ट्रिय स्वतन्त्र पार्टी,2528,39561,M,True,राम पृत  यादव,स्नातक,tu,सिराहा सुखीपुर नगरपालिका बिद्यानगर,यादव,छैन,2-सिराहा-2,341250,30
340877,राम चन्द्र यादव,Ram Chandra Yadav,नेपाली काँग्रेस,2583,12814,M,False,Ram Otar Yadav,S.L.C,बोर्ड नेपाल,Siraha,Ruso Devi Yadav,छैन,2-सिराहा-2,340877,54
341363,नवीन कुमार यादव,Nabin Kumar Yadav,नेपाल कम्युनिष्ट पार्टी (एकीकृत मार्क्सवादी लेनिनवादी),2598,6713,M,False,Tarani Prasad Yadav,प्रविन्ता प्रमाण  पत्र तह,tu,Siraha,Punita Kumari Yadav,छ,2-सिराहा-2,341363,51
340325,मुक्ति नारायण सिंह,Mukti Narayan Singh,नेपाली कम्युनिष्ट पार्टी,2557,3680,M,False,Shiv Kumar Singh,S.L.C,नेपाल बोर्ड,Siraha,,छ,2-सिराहा-2,340325,50
340477,स‌ंजीव कुमार यादव,Sanjiv Kumar Yadav,"जनता समाजवादी पार्टी, नेपाल",2542,3087,M,False,भरोसी  यादव,एम.एड,pu,सिराहा धनगढीमाई नगरपालिका जयपुर,गीता कुमारी यादव,छ,2-सिराहा-2,340477,39
341069,बिनोद कुमार यादव,Binod Kumar Yadav,जनमत पार्टी,2585,2360,M,False,Jageshwar Yadav,स्नातक,tu,Siraha,Chandrakala Devi Yadav,छैन,2-सिराहा-2,341069,56
340991,कपलेशवर यादव,Kapaleshavara Yadav,स्वतन्त्र,IND,349,M,False,देवसुन्दर यादव,S.L.C,नेपाल बोर्ड,सिराहा सुखीपुर नगरपालिका मोहनपुर,ललिता देवी यादव,छैन,2-सिराहा-2,340991,47
340965,राम कुमार यादव,Ram Kumar Yadav,नेपालका लागि नेपाली पार्टी,2524,211,M,False,Ras Lal Yadav,छैन,छैन,Siraha,Samala Kumari Yadav,छैन,2-सिराहा-2,340965,51
342343,ललित कुमार सिंह,Lalit Kumar Singh,उज्यालो नेपाल पार्टी,2566,173,M,False,Surya Narayan Singh,10+2,H.S.B,Saptari,Nilam Kumari Rai,छैन,2-सिराहा-2,342343,54
340086,श्‍याम किशो‍र साह हलुवाइ,Shyam Kishor Sah Haluwai,राष्ट्रिय प्रजातन्त्र पार्टी,2604,168,M,False,नारायण  साह,S.L.C,नेपाल बोर्ड,सिराहा धनगढीमाई नगरपालिका धनगढी,गिर्जा वती हलुवाइ,छैन,2-सिराहा-2,340086,74
340693,गंगा राम ठाकुर,Ganga Ram Thakur,श्रम संस्कृति पार्टी,2501,119,M,False,Jiv Lal Thakur,बिएड,tu,Siraha,Sujan Barahi,छैन,2-सिराहा-2,340693,62
341746,विल्टु यादव,Biltu Yadav,आम जनता पार्टी(एकल चुनाव चिन्ह),2581,92,M,False,Madhav Yadav,प्रविन्ता प्रमाण तह,T.U,Siraha,Ramsunair Devi Yadav,छैन,2-सिराहा-2,341746,61
340806,कौशल कुमार सिंह,Kaushal Kumar Singh,राष्ट्रिय मुक्ति पार्टी नेपाल(एकल चुनाव चिन्ह),2531,64,M,False,Yogendra Narayan Singh,स्नातक,tu,Siraha,Shunila Singh,छैन,2-सिराहा-2,340806,53
341489,विजय कुमार यादव,Bijay Kumar Yadav,स्वतन्त्र,IND,52,M,False,Ghutar Yadav,छैन,छैन,Siraha,Bimal Devi Yadav,छैन,2-सिराहा-2,341489,43
341852,सवुर लाल राम,Savur Lal Ram,बहुजन एकता पार्टी नेपाल(एकल चुनाव चिन्ह),2567,38,M,False,सरुप  दास,M. FIL,T.U,सिराहा धनगढीमाई नगरपालिका ,सरिता कुमारी -,छ,2-सिराहा-2,341852,52
340154,राज कुमार पासमान,Raj Kumar Pasman,नेपाल मजदुर किसान पार्टी,2578,30,M,False,बचकुन पासमान,साधारण लेखपढ,छैन,सिराहा सुखीपुर नगरपालिका शिवनगर,इन्द्रा देवी पासमान,छैन,2-सिराहा-2,340154,53
341954,अनश्वर कुमार महतो,Anshwar Kumar Mahto,स्वतन्त्र,IND,28,M,False,राम विलास महतो,छैन,छैन,सिराहा सुखीपुर नगरपालिका ,सोनी कुमारी महतो,छैन,2-सिराहा-2,341954,39
341548,राजेश्‍वर साह,Rajesh‍vara Sah,स्वतन्त्र,IND,16,M,False,पंची साह तेली,I.Com,tu,सिराहा सुखीपुर नगरपालिका बलही,दुलारी देवी साह,छ,2-सिराहा-2,341548,57
341129,शिव कुमार कामैत,Shiva Kumar Kamait,स्वतन्त्र,IND,14,M,False,प्रमेश्वर  कामैत,साधारण लेखपढ,छैन,सिराहा धनगढीमाई नगरपालिका ,बिन्देश्वरी देवी कामैत,छैन,2-सिराहा-2,341129,49
342090,जय प्रकास महतो,Jay Prakash Mahato,स्वतन्त्र,IND,13,M,False,गौरी  महतो,स्नातक ,T.U,सिराहा धनगढीमाई नगरपालिका जयपुर,अमिर कला महतो,छैन,2-सिराहा-2,342090,45
341590,रविन्द्र कुमार यादव,Rabindra Kumar Yadav,स्वतन्त्र,IND,13,M,False,Harihar Yadav,10+2,T.U,Siraha,Kalpana Kumari Yadav,छैन,2-सिराहा-2,341590,36
340748,उषा कुमारी यादव,Usha Kumari Yadav,स्वतन्त्र,IND,9,F,False,Ram Vilas Yadav,छैन,छैन,Siraha,Ram Pukar Yadav,छैन,2-सिराहा-2,340748,34
342149,राम गणेश यादव,Ram Ganesh Yadav,स्वतन्त्र,IND,8,M,False,Rajdev Yadav,10+2,H.S.B,Siraha,Rekha Yadav,छैन,2-सिराहा-2,342149,32
342047,उदय कुमार मगर,Uday Kumar Magar,स्वतन्त्र,IND,7,M,False,Tej Bahadur Magar,S.L.C,नेपाल बोर्ड,Siraha,,छैन,2-सिराहा-2,342047,38
340849,राज  कुमार  चौधरी ,Raj Kumar Chaudhary,स्वतन्त्र,IND,6,M,False,Gudari Chaudhary,S.L.C,नेपाल बोर्ड,Siraha,Sonu Chaudhary,छैन,2-सिराहा-2,340849,43
341919,रोविन यादव,Rovina Yadav,स्वतन्त्र,IND,5,M,False,बेचन  यादव,10+2,H.S.B,सिराहा नवराजपुर गाउँपालिका ,,छैन,2-सिराहा-2,341919,30
341979,रमेश कुमार यादव,Ramesh Kumar Yadav,स्वतन्त्र,IND,5,M,False,Kapileswar Yadav,10+2,H.S.B,Siraha,,छैन,2-सिराहा-2,341979,29
340647,शान्ती देवी यादव,Shanti Devi Yadav,स्वतन्त्र,IND,5,F,False,Gauri Yadav,छैन,छैन,Siraha,Jagarnath Yadav,छैन,2-सिराहा-2,340647,52
342298,कपलेश्‍वरी देवी साह,Kapalesh‍vari Devi Sah,स्वतन्त्र,IND,3,F,False,शिवु साह,साक्षर,छैन,सिराहा सुखीपुर नगरपालिका मोहनपुर,गेनी लाल साह,छैन,2-सिराहा-2,342298,45
342059,शम्भु कुमार यादव,Shambhu Kumar Yadav,राष्ट्रिय स्वतन्त्र पार्टी,2528,32249,M,True,Ram Sundar Raut Yadav,एम वि.वि.एस,chancho univarcity,Siraha,Aradhana Yadav,चिकित्सक र समाजसेवी,2-सिराहा-3,342059,41
340864,लिलानाथ श्रेष्ठ,Lilanath Shrestha,नेपाल कम्युनिष्ट पार्टी (एकीकृत मार्क्सवादी लेनिनवादी),2598,10156,M,False,Jit Bahadur Shrestha,स्नातक,TU,Siraha,Vishwa Shrestha,2037साल देखि राजनीतिक ,2-सिराहा-3,340864,68
341461,विश्‍वनाथ साह,Vish‍vanatha Sah,नेपाली कम्युनिष्ट पार्टी,2557,9942,M,False,सूर्य  साह,मास्टर डिग्री,TU,सिराहा गोलबजार नगरपालिका निपनियाँ,सीता  पोखरेल,राजनीतिक,2-सिराहा-3,341461,72
341723,सुभाष चन्द्र यादव,Subhash Chandra Yadav,नेपाली काँग्रेस,2583,9879,M,False,Chandra Narayan Yadav,M.D.,भारत बनारस,Siraha,Indu Kumari Yadav,चिकित्सक,2-सिराहा-3,341723,49
340534,असेश्वर यादव,Aseshvara Yadav,"जनता समाजवादी पार्टी, नेपाल",2542,5671,M,False,सहदेव  यादव,M.Sc. M.A,TU,सिराहा विष्णुपुर गाउँपालिका लक्ष्मीपुर,इला देवी यादव, राजनीतिक र किसान,2-सिराहा-3,340534,54
341998,रोहित महतो,Rohit Mahto,जनमत पार्टी,2585,820,M,False,गजाधर  महतो,sLC,मोहन मा.वि.रामनगर मिर्चैया,सिराहा गोलबजार नगरपालिका सुकदेव,मिना देवी महतो,समाजसेवी,2-सिराहा-3,341998,57
341169,श्रवण पासवान,Shravana Pasavan,उज्यालो नेपाल पार्टी,2566,570,M,False,दिपक  पासमान,स्नातक,TU,सिराहा सिरहा नगरपालिका ,,समाजसेवी,2-सिराहा-3,341169,26
342263,दिप कुमार लामा,Dip Kumar Lama,श्रम संस्कृति पार्टी,2501,287,M,False,Som Lal Tamang,sLC,श्री जनता माध्यविक विद्यालय चन्द्रलालपुर चोहर्बा,Siraha,Asha Kumari Lama,समाजसेवी,2-सिराहा-3,342263,50
340779,दिलीप कुमार पासमान,Dilip Kumar Pasman,स्वतन्त्र,IND,239,M,False,योग नारायण पासमान,sLC,श्री माध्यमिक विद्यालय भलुवाही सिराहा,सिराहा विष्णुपुर गाउँपालिका लक्ष्‍मीपुर प्र.म.,निर्जला  पासमान,समाजसेवी र कृषि,2-सिराहा-3,340779,47
339811,देव दयाल सिंह,Dev Dayal Singh,राष्ट्रिय प्रजातन्त्र पार्टी,2604,234,M,False,Ram Lakhan Mahato,नभएको,छैन,Siraha,Manju Kumari Singh,छैन,2-सिराहा-3,339811,47
340636,अरविन्द कुमार यादव,Aravinda Kumara Yadav,स्वतन्त्र,IND,113,M,False,जगदिश  यादव,B.A,Tu,सिराहा विष्णुपुर गाउँपालिका लक्ष्मीपुर,,राजनीतिक र कृषि,2-सिराहा-3,340636,33
341320,कमल राय,Kamal Raya,नेपाल कम्युनिस्ट पार्टी (माओवादी),2526,78,M,False,सहदेव  राय,sLC,च.मा.वि. सिराहा,सिराहा सिरहा नगरपालिका सिराहा,मलुका  राय,राजनीति र कृषि,2-सिराहा-3,341320,64
340379,पुजन कुमार सिंह,Pujan Kumar Singh,प्रगतिशील लोकतान्त्रिक पार्टी,2516,64,M,False,Maheshwar Singh, एम.ए.,Tu,Siraha,। । ।,राजनीति  र व्यवसाय तथा कृषि,2-सिराहा-3,340379,40
341630,बैजनाथ कामी,Baijnath Kami,स्वतन्त्र,IND,58,M,False,Bhutai Kami,९ कक्षा पास,सरस्वती मा.वि. तिरतिया जमदह,Siraha,Sangita Vishwakarma,समाजसे्वी,2-सिराहा-3,341630,55
341769,ज्ञानु देवी दनुवार,Jnyanu Devi Danuvar,आम जनता पार्टी(एकल चुनाव चिन्ह),2581,47,F,False,मानवीर  तामाङ्ग,साक्षर,,सिराहा नरहा गाउँपालिका पानवारी,ज्ञानदेव  सिंह दनुवार,समाजसेवी,2-सिराहा-3,341769,63
341254,रामचरित्र प्रसाद साह,Ramcharitra Prasad Sah,स्वतन्त्र,IND,22,M,False,Latu Sahu,sLC,र.ज.मा.वि. बल्ही सिराहा,Siraha,Shanti Devi Sah,कृषि र समाजसेवी,2-सिराहा-3,341254,58
341551,उमेश कुमार बराल,Umesh Kumar Baral,स्वतन्त्र,IND,20,M,False,Ramdayal Baral,sLC,श्री जनता माध्यमिक विद्यालय असनपुर गाोलबजार सिराहा,Siraha,Gita Sharma Baral,,2-सिराहा-3,341551,49
341207,अर्जुन कुमार यादव,Arjun Kumar Yadav,स्वतन्त्र,IND,19,M,False,Sahadev Yadav,sLC,च.मा.वि. सिराहा,Siraha,Radha Kumari Yadav,राजनीतिक  र कृषि,2-सिराहा-3,341207,44
341847,अशिष कुमार मण्डल,Ashish Kumar Mandal,स्वतन्त्र,IND,19,M,False,Surya Narayan Mandal,sLC,श्री ला.स.मा.वि. माडर,Siraha,Bibha Devi Mandal,समाजसेवी,2-सिराहा-3,341847,46
342467,इन्दिला कुमारी यादव,Indila Kumari Yadav,स्वतन्त्र,IND,16,F,False,Ram Lakhan Yadav,‌+2,ब्रजमोहन मा.वि. माडर सिराहा,Siraha,Nand Kishor Yadav,समाजसेवी,2-सिराहा-3,342467,33
342142,सोभित कुमार यादव,Shobit Kumar Yadav,स्वतन्त्र,IND,16,M,False,ललित कुमार यादव,BBs,TU,सिराहा सिरहा नगरपालिका सन्हैठा,फुल कुमारी यादव,२० वर्ष देखि राजनीतिक कर्मी,2-सिराहा-3,342142,42
342621,कृष्णा कुमार यादव,Krishna Kumar Yadav,स्वतन्त्र,IND,15,M,False,Jagdev Yadav,‌‌‍‌+2,ब्रजमोहन जनता मा.वि. माडर सिराहा,Siraha,,समाजसेवी,2-सिराहा-3,342621,31
340977,दिनेश यादव,Dinesh Yadav,स्वतन्त्र,IND,13,M,False,Kusheshwar Dhurjhar,Inter,TU,Siraha,Kumbhika Yadav,व्यापार,2-सिराहा-3,340977,39
341599,बिजय कुमार राम,Bijay Kumar Ram,स्वतन्त्र,IND,12,M,False,Badri Narayan Ram,M.A,TU,Siraha,Anjana Kumari Raya,समाजसेबी,2-सिराहा-3,341599,38
342665,नविन कुमार यादव,Navina Kumara Yadav,स्वतन्त्र,IND,8,M,False,राजेन्द्र  यादव,+२,जे.एम एकेडेमी सिराहा,सिराहा सिरहा नगरपालिका कटी,,शिक्षण पेशा,2-सिराहा-3,342665,36
342647,बब्लु कुमार यादव,Bablu Kumar Yadav,स्वतन्त्र,IND,8,M,False,Ram Babu Yadav,H.A,विराट हेल्थ कलेज,Siraha,,समाजसेवी,2-सिराहा-3,342647,27
341944,अंकित कुमार यादव,Ankit Kumar Yadav,स्वतन्त्र,IND,7,M,False,Ghanshyam Yadav,८ कक्षा,ब्रजमोहन मा.वि. माडर ,Siraha,,समाजसेवी,2-सिराहा-3,341944,26
342195,दुष्यन्त कुमार कर्ण,Dushyant Kumar Karna,स्वतन्त्र,IND,7,M,False,Jay Narayan Das Madhup,B.ed,TU,Siraha,Navin Kumari Karna,शिक्षण सेवा हाल अवकास,2-सिराहा-3,342195,51
341511,आनन्द विश्वकर्मा,Aananda Vishvakarma,स्वतन्त्र,IND,6,M,False,शिव दयाल विश्वकर्मा,+२,श्री जनता माध्यमिक विद्यालय गोलबजार सिराहा,सिराहा गोलबजार नगरपालिका ,पवित्रा  विश्वकर्मा,समासेवा,2-सिराहा-3,341511,37
342575,सुर्य देव यादव,Surya Dev Yadav,स्वतन्त्र,IND,6,M,False,Jaylal Yadav,साक्षर,,Siraha,Ratan Devi Yadav,समाजसेवी,2-सिराहा-3,342575,49
342104,से. जहुर -,Se. Jahur,स्वतन्त्र,IND,6,M,False,से. मजलुम,९ कक्षा पास,विहार,सिराहा सिरहा नगरपालिका रमौल,सरवरी  खातुन,समाजसेवी,2-सिराहा-3,342104,59
341676,राम पुकार कामती,Ram Pukar Kamati,स्वतन्त्र,IND,5,M,False,Brahm Dev Kamait,स्नातक,TU,Siraha,Sarita Kapar,समाजसे्वी,2-सिराहा-3,341676,39
341808,राकेश कुमार यादव,Rakesh Kumar Yadav,स्वतन्त्र,IND,5,M,False,Ram Ashish Yadav,स्नातक,TU,Siraha,Rinku Kumari Yadav,समाजसेबी,2-सिराहा-3,341808,34
341378,दीपेन्द्र कुमार यादव,Dipendara Kumar Yadav,स्वतन्त्र,IND,4,M,False,वीरेन्द्र कुमार यादव,स्नातक,TU,सिराहा गोलबजार नगरपालिका न्यायधिश टोल,नीलम कुमारी ढकाल (यादव),राष्ट्र समाचार समितको केन्द्रिय बोर्ड सदस्य पदमा काम गरेको अनुभव,2-सिराहा-3,341378,60
342680,रमेशचन्‍द्र शर्मा,Ramesh Chandra Sharma,स्वतन्त्र,IND,4,M,False,Laxman Thakur,sLC,च.मा.वि. सिराहा,Siraha,,समाजसेवी,2-सिराहा-3,342680,31
341034,प्रदिप कुमार श्रेष्ठ,Pradeep Kumar Shrestha,स्वतन्त्र,IND,3,M,False,हरि बहदुर श्रेष्ठ,inter,विहार,सिराहा गोलबजार नगरपालिका चौहर्वा,सुमिता  श्रेष्ठ,राजनीतिक,2-सिराहा-3,341034,43
342728,राजेश्‍वर यादव,Rajesh‍vara Yadav,स्वतन्त्र,IND,3,M,False,रुप लाल यादव,साक्षर,,सिराहा सिरहा नगरपालिका लगडी गदियानी,निरो देवी यादव,समाजसेवी,2-सिराहा-3,342728,74
341117,सुमित श्रेष्ठ,Sumit Shrestha,स्वतन्त्र,IND,3,M,False,Shyam Kumar Shrestha,मास्टर डिग्री,TU,Siraha,,राजनीति र व्यवसाय,2-सिराहा-3,341117,30
340942,जिवछ कुमार यादव,Jivachha Kumara Yadav,स्वतन्त्र,IND,2,M,False,राम सुन्दर यादव,HA,आई एच आर टी जनकपुर,सिराहा सिरहा नगरपालिका ,सुनिता कुमारी यादव,राजनीतिक र कृषि तथा construction work,2-सिराहा-3,340942,42
341884,मन्चन महतो,Manchan Mahato,स्वतन्त्र,IND,1,M,False,Ram Chandra Mahato,B.ed,TU,Siraha,Rajeshwari Kumar Singh,समाजसेवी,2-सिराहा-3,341884,49
341083,सतीश चन्द्र सिंह,Satish Chandra Singh,स्वतन्त्र,IND,1,M,False,Ganga Prasad Mahato,मास्तर डिग्री,TU,Siraha,,राजनीतिक र कृषि तथा व्यापार,2-सिराहा-3,341083,32
341713,तपेश्वर यादव,Tapeshvara Yadav,राष्ट्रिय स्वतन्त्र पार्टी,2528,36210,M,True,सत्यनारायण  यादव,सिभिल ईन्जीनियर,TU,सिराहा नरहा गाउँपालिका नरहा,,,2-सिराहा-4,341713,33
340961,अजय शंकर नायक,Ajay Shankar Nayak,नेपाली कम्युनिष्ट पार्टी,2557,7972,M,False,Ram Sharan ____ (Nayak),स्‍नातक,त्रि.वि.वि.,Siraha,Sanjila Kumari Gai Nayak,,2-सिराहा-4,340961,48
340417,बिरेन्द्र प्रसाद महतो,Birendra Prasad Mahato,जनमत पार्टी,2585,5041,M,False,Ram Ashis Sah,पि.एच.डी,रसिया,Siraha,Kriti Kumari Mahato,,2-सिराहा-4,340417,56
342560,धर्मनाथ प्रसाद साह,Dharmanath Prasad Sah,नेपाल कम्युनिष्ट पार्टी (एकीकृत मार्क्सवादी लेनिनवादी),2598,4227,M,False,Kasturi Sah,स्‍नातक कानुन,TU,Kathmandu,Raj Kumari Sah,,2-सिराहा-4,342560,65
341888,चन्द्र कला कुमारी यादव,Chandra Kala Kumari Yadav,नेपाली काँग्रेस,2583,4061,F,False,Rajendra Yadav,S.L.C,बर्छवा मा.वि. नरहा,Siraha,Ganesh Kumar Yadav,,2-सिराहा-4,341888,43
339524,राज किशोर यादव,Raj Kishor Yadav,"जनता समाजवादी पार्टी, नेपाल",2542,3484,M,False,Ganga Ram Yadav,स्‍नातक,पंजाप एयरक्राफ्ट ईन्जि. कलेज भारत (पंजाव),Siraha,Sarita Kumari Yadav,,2-सिराहा-4,339524,52
342261,भरत साह,Bharat Sah,स्वतन्त्र,IND,511,M,False,Vaijnath Sah Teli,९ पास,मोहन मा.वि.,Siraha, ,,2-सिराहा-4,342261,42
339452,सुभेन्द्र कुमार साह,Suvendra Kumar Sah,राष्ट्रिय प्रजातन्त्र पार्टी,2604,283,M,False,प्रमेश्‍वर  साह,स्‍नातक,TU,सिराहा कल्याणपुर नगरपालिका कल्याणपुर,रीना कुमारी साह,,2-सिराहा-4,339452,38
341327,बिश्‍वेन्द्र पासवान,Bishvendra Paswan,बहुजन शक्ति पार्टी,2536,279,M,False,विलट  पासवान,एल.एल.बि.,"पटना युनिर्वासिटि, भारत",सिराहा मिर्चैया नगरपालिका मटियर्वा,रामकुमारी देवी पासवान,,2-सिराहा-4,341327,65
342619,दिलिप कुमार महरा,Dilip Kumar Mahara,बहुजन एकता पार्टी नेपाल(एकल चुनाव चिन्ह),2567,241,M,False,विन्देश्‍वर  महरा,+2,युनिभर्सल एकेडेमी जनकपुर,सिराहा कल्याणपुर नगरपालिका रामपुरा,इन्दुर देवी महरा,,2-सिराहा-4,342619,40
340799,विनय प्रविण,Vinaya Pravin,उज्यालो नेपाल पार्टी,2566,207,M,False,जमुना साह तेली,एम.पि.ए.,TU,सिराहा कल्याणपुर नगरपालिका ,,,2-सिराहा-4,340799,39
342743,पंकज कुमार ठाकुर,Pankaj Kumar Thakur,श्रम संस्कृति पार्टी,2501,160,M,False,Kamal Kumar Thakur,‌+2,मोहन मा.वि. मिर्चैया,Siraha,,,2-सिराहा-4,342743,26
342709,मो र्इवराइन अन्सारी,Moibarain Ansari,स्वतन्त्र,IND,90,M,False,इनुस  मियाँ,+2,जनता उच्च माध्यमिक विद्यालय गोलबजार,सिराहा नरहा गाउँपालिका खोरिया,- - -,,2-सिराहा-4,342709,27
342748,जिवन  कुमार  मेहरा,Jeevan Kumar Mehara,नेपाल कम्युनिस्ट पार्टी (माओवादी),2526,57,M,False,विपतिया  मेहरा,s.l.c,मोहन मा.वि. मिर्चैया,सिराहा मिर्चैया नगरपालिका राघोपुर,,,2-सिराहा-4,342748,43
341652,रामेश्वर साह,Rameshvara Sah,नेपाल मजदुर किसान पार्टी,2578,42,M,False,राम भवन साह,साधारण लेखपढ,,सिराहा कल्याणपुर नगरपालिका बंगठीया,दलितिया देवी साह,,2-सिराहा-4,341652,66
342497,रुपेश कुमार मण्डल,Rupesh Kumar Mandal,स्वतन्त्र,IND,31,M,False,Shreedev Mandal,८ कक्षा,रामदुलारी मा.वि. कल्याणपुर,Siraha,,,2-सिराहा-4,342497,26
340180,किशोरी यादव,Kishori Yadav,स्वतन्त्र,IND,28,M,False,Bilat Yadav,S.L.C,कल्याणपुर मा.वि.,Siraha,Pramila Devi Yadav,,2-सिराहा-4,340180,53
341122,फुलदेव ठाकुर हजाम,Phuladeva Thakura Hajam,स्वतन्त्र,IND,27,M,False,वासुदेव  ठाकुर हजाम,स्‍नातक,बर्छवा कलेज,सिराहा मिर्चैया नगरपालिका मझौलिया,,,2-सिराहा-4,341122,47
342733,कुशेश्‍वर साह सुडी,Kuseshwor Sah Sudi,स्वतन्त्र,IND,25,M,False,शब्द लाता पंजियार,साक्षर,,सिराहा कल्याणपुर नगरपालिका भोक्राहा,किरण कुमारी साह सुडी,,2-सिराहा-4,342733,44
341029,आनिल साह,Anil Sah,स्वतन्त्र,IND,18,M,False,Ram Nath Sah,स्‍नातक,TU,Siraha,,,2-सिराहा-4,341029,25
342773,रमेश कुमार साह,Ramesh Kumar Sah,स्वतन्त्र,IND,17,M,False,Gauri Shankar Sah Kalal,+2,लर्ड बुद्द बिराटनगर,Siraha,Laxmi Kumari Sah,,2-सिराहा-4,342773,28
340733,विसेश्‍वर यादव,Visesh‍vara Yadav,स्वतन्त्र,IND,17,M,False,विल्टु गोहिवार यादव,S.L.C,जनता मा.वि.,सिराहा कर्जन्हा नगरपालिका मिरचैया,गायत्री देवी यादव,,2-सिराहा-4,340733,46
341185,सन्तोष महतो,Santosh Mahato,स्वतन्त्र,IND,17,M,False,Rajeshwar Mahato,+2,छिनमस्ता एजुकेश एकेडेमी राजविराज,Siraha,Sudha Devi,,2-सिराहा-4,341185,43
342698,नथुनिया सदा,Nathuniya Sada,स्वतन्त्र,IND,16,M,False,Sewata Sada,निरक्षर,,Siraha,Paraniya Kumari Devi Sada,,2-सिराहा-4,342698,64
342760,राजदेव यादव,Rajdev Yadav,स्वतन्त्र,IND,14,M,False,Siya Ram Yadav,९ कक्षा पास,,Siraha,Anita Devi Yadav,,2-सिराहा-4,342760,59
342750,उमेश कुमार राम,Umesh Kumar Ram,स्वतन्त्र,IND,13,M,False,Ram Lakhan Mochi,M.DE,रारा बहुमुखि क्यामपस धनुषा जनकपुर,Siraha,Asha Devi Ram,,2-सिराहा-4,342750,40
342211,कामेश्वर सिंह,Kameshvara Sinh,स्वतन्त्र,IND,12,M,False,फुदन  सिंह,बि.ए.,रामपुर चितवन,सिराहा कल्याणपुर नगरपालिका लक्ष्मीनियाँ,सुशिला कुमारी सिंह,,2-सिराहा-4,342211,63
342316,केदार विश्‍वकर्मा,Kedara Vish‍vakarma,स्वतन्त्र,IND,11,M,False,पदमे  मिजार,s.l.c,फुलकुमारी मा.वि.,सिराहा कर्जन्हा नगरपालिका बडहरा,मिना देवी विश्‍वकर्मा,,2-सिराहा-4,342316,47
341799,धनवीर कापैर केवट,Dhanavira Kapaira Kevat,स्वतन्त्र,IND,11,M,False,राम भरोस कापैर,सामान्य,,सिराहा मिर्चैया नगरपालिका मल्हनिया,जिवछी कुमारी कापैर,,2-सिराहा-4,341799,48
342124,सुशिल  कुमार  सिंह,Shushil Kumar Singh,स्वतन्त्र,IND,11,M,False,गंगाराम  महतो,स्‍नातक,TU,सिराहा कल्याणपुर नगरपालिका ,उषा कुमारी महतो,,2-सिराहा-4,342124,39
342745,योगेन्द्र प्रसाद महरा,Yogendra Prasad Mahara,स्वतन्त्र,IND,9,M,False,लक्ष्‍मी  महरा,१० कक्षा पास,मोहन मा.वि. मिर्चैया,सिराहा कर्जन्हा नगरपालिका गौताडी,अधाथिया देवी महरा,,2-सिराहा-4,342745,58
342766,राम वृक्ष महरा,Ram Vriksh Mehra,स्वतन्त्र,IND,7,M,False,ठिठर  महरा,साधारण लेखपढ,,सिराहा नरहा गाउँपालिका नरहा,मखनी देवी महरा,,2-सिराहा-4,342766,58
341388,विन्देश्वर महतो,Vindeshvara Mahato,स्वतन्त्र,IND,6,M,False,कपलेश्वर  महतो,आ.ए,भारत,सिराहा नरहा गाउँपालिका बर्छवा,इसैर देवी महतो,,2-सिराहा-4,341388,57
342592,भागेश्वर दास,Bhageshvara Das,स्वतन्त्र,IND,4,M,False,कारीचन  दास,S.L.C,रामदुलारी मा.वि. कल्याणपुर,सिराहा कल्याणपुर नगरपालिका विष्णुपर,सोना वती  दास,,2-सिराहा-4,342592,46
340101,रंजित कुमार यादव,Ranjit Kumar Yadav,स्वतन्त्र,IND,4,M,False,Chandeshwar Yadav,स्‍नातक,PU,Siraha,Anju Kumari Yadav,,2-सिराहा-4,340101,37
342718,जिवछ मोची,Jiwacha Mochi,स्वतन्त्र,IND,2,M,False,नन्दी  मोची,S.L.C,गोलबजार,सिराहा मिर्चैया नगरपालिका ,रामकुमारी देवी मोची,,2-सिराहा-4,342718,56
339522,जगदीश खरेल,Jagadisha Kharel,राष्ट्रिय स्वतन्त्र पार्टी,2528,32376,M,True,लोक नाथ खरेल,Bachelor,Nepal,दोलखा कालिन्चोक गाउँपालिका ,,,3-दोलखा-1,339522,36
339643,पार्वत गुरुङ,Parvata Gurung,नेपाल कम्युनिष्ट पार्टी (एकीकृत मार्क्सवादी लेनिनवादी),2598,17449,M,False,मकर ध्‍वज गुरुङ,Bachelor,Nepal,दोलखा गौरिशंकर गाउँपालिका काप्‍ती,सरस्‍वती  राई गुरुङ,,3-दोलखा-1,339643,57
340303,विशाल खड्का,Vishala Khadka,नेपाली कम्युनिष्ट पार्टी,2557,13065,M,False,वृष वहादुर खड्का,bachelor,nepal,दोलखा गौरिशंकर गाउँपालिका ,,,3-दोलखा-1,340303,44
341082,अजय बाबु शिवाकोटी,Ajaya Babu Shivakoti,नेपाली काँग्रेस,2583,12298,M,False,श्याम प्रसाद शिवाकोटी,Master,Nepal,दोलखा भिमेश्वर नगरपालिका ,,,3-दोलखा-1,341082,46
339379,निमा दोर्जे लामा,Nima Dorje Lama,उज्यालो नेपाल पार्टी,2566,1663,M,False,सुन्‍दोर्जे  लामा,10+2,nepal,काठमाडौं काठमाडौँ महानगरपालिका ,,,3-दोलखा-1,339379,43
339571,प्रविण कुमार थोकर/तामाङ्ग,Pravina Kumara Thokara/tamangg,राष्ट्रिय प्रजातन्त्र पार्टी,2604,1010,M,False,छत्र बहादुर तामाङ्ग,Bachelor,Nepal,दोलखा मेलुङ गाउँपालिका मणिडाँडा,गीता शाही ठकुरी,,3-दोलखा-1,339571,44
341818,कर्ण बहादुर फुयाल,Karna Bahadura Phuyal,स्वतन्त्र,IND,388,M,False,छत्र बहादुर फुयाल,sLc,Nepal,दोलखा तामाकोशी गाउँपालिका जौसारा,विन्दा  फुयाल,,3-दोलखा-1,341818,42
341033,हेप बहादुर थामी,Hepa Bahadura Thami,श्रम संस्कृति पार्टी,2501,381,M,False,मन बहादुर थामी,under slc,Nepal,दोलखा विगु गाउँपालिका शेर्पा आलाम्पु,भद्रि  थामी,,3-दोलखा-1,341033,56
340652,शुदर्शन कार्की,Shudarshana Karki,राष्ट्रिय परिवर्तन पार्टी,2568,356,M,False,नारायण विक्रम कार्की,Bachelor,Nepal,दोलखा शैलुङ गाउँपालिका चुल्ठे,रोजिता  कार्की,,3-दोलखा-1,340652,37
341889,राज कुमार लामिछाने,Raja Kumara Lamichhane,नेपाल कम्युनिस्ट पार्टी (माओवादी),2526,165,M,False,इन्द्र बहादुर लामिछाने,10+2,Nepal,दोलखा कालिन्चोक गाउँपालिका भदौरे,,,3-दोलखा-1,341889,33
341583,विनोद घिमिरे,Vinoda Ghimire,स्वतन्त्र,IND,160,M,False,लाल बहादुर घिमिरे,10+2,Nepal,दोलखा वैतेश्वर गाउँपालिका खरीस्वारा,,,3-दोलखा-1,341583,30
339341,कुमार तामाङ्ग,Kumara Tamangg,मंगोल नेशनल अर्गनाइजेसन,2511,103,M,False,राम बहादुर तामाङ्ग,10+2,nepal,दोलखा भिमेश्वर नगरपालिका चोथाङ्ग,,,3-दोलखा-1,339341,39
341317,गोपाल नेपाली,Gopala Nepali,"जनता समाजवादी पार्टी, नेपाल",2542,64,M,False,लाल बहादुर नेपाली,10+2,Nepal,दोलखा वैतेश्वर गाउँपालिका क्षेत्रपा,,,3-दोलखा-1,341317,31
341512,कमल खत्री,Kamala Khatri,प्रगतिशील लोकतान्त्रिक पार्टी,2516,60,M,False,राम कृष्ण के.सी.,10+2,Nepal,दोलखा भिमेश्वर नगरपालिका पिप्ल खत्रीगाउँ,,,3-दोलखा-1,341512,34
339306,विमला  श्रेष्ठ ,Vimala Shreshtha,नेपाल मजदुर किसान पार्टी,2578,40,F,False,कृष्ण  राज  श्रेष्ठ ,slc,nepal,भक्तपुर चाँगुनारायण नगरपालिका ,नारायण  लाल  श्रेष्ठ ,,3-दोलखा-1,339306,53
341380,माधव कोईराला खत्री,Madhava Koeerala Khatri,स्वतन्त्र,IND,33,M,False,हरि वहादुर खत्री,slc,Nepal,दोलखा शैलुङ गाउँपालिका ढारे,भगवती  कोईराला,,3-दोलखा-1,341380,37
342219,पुर्ण बहादुर शिवाकोटी,Purna Bahadura Shivakoti,स्वतन्त्र,IND,30,M,False,हरी लाल शिवाकोटी,साधारण,,दोलखा कालिन्चोक गाउँपालिका ,लक्ष्‍मी  शिवाकोटी,,3-दोलखा-1,342219,76
341969,सुक्र तमाङ्ग,Sukra Tamangg,आम जनता पार्टी(एकल चुनाव चिन्ह),2581,24,M,False,चक्र बहादुर तमाङ्ग,under slc,,दोलखा शैलुङ गाउँपालिका ,निम  तमाङ्ग,,3-दोलखा-1,341969,44
342272,सन्देश कोइराला,Sandesha Koirala,स्वतन्त्र,IND,20,M,False,राम बहादुर खत्री,10+2,Nepal,दोलखा शैलुङ गाउँपालिका ढाँड,,,3-दोलखा-1,342272,26
339358,हरि बोल बस्नेत,Hari Bola Basnet,स्वतन्त्र,IND,15,M,False,कृति बहादुर बस्‍नेत,10+2,nepal,दोलखा भिमेश्वर नगरपालिका साखिने,कल्पना  बस्नेत,,3-दोलखा-1,339358,49
341178,सुरेस उप्रेती,Suresa Upreti,स्वतन्त्र,IND,14,M,False,रामजी  उप्रेती,10+2,Nepal,दोलखा तामाकोशी गाउँपालिका गोपीखोला,सविता  उप्रेती,,3-दोलखा-1,341178,38
342032,सर्मीला  फुयाल चौलागाई,Sarmila Phuyala Chaulagaee,स्वतन्त्र,IND,13,F,False,देबि  प्रसाद  फुयाल ,slc,Nepal,दोलखा भिमेश्वर नगरपालिका ,दिपक   चौलागाई,,3-दोलखा-1,342032,28
339352,प्रकाश दहाल,Prakasha Dahal,स्वतन्त्र,IND,12,M,False,तिर्थ बहादुर खत्री,slc,nepal,दोलखा वैतेश्वर गाउँपालिका ,सरिता   दहाल,,3-दोलखा-1,339352,38
340617,संगीता श्रेष्‍ठ,Sangita Shresh‍th,स्वतन्त्र,IND,12,F,False,राम बहादुर श्रेष्‍ठ,साधारण,,दोलखा गौरिशंकर गाउँपालिका ज्ञण्जमु,टिका बहादुर श्रेष्‍ठ,,3-दोलखा-1,340617,39
340975,सुदिप  खड्‍का ,Sudipa Khad‍ka,स्वतन्त्र,IND,10,M,False,,10+2,Nepal,दोलखा मेलुङ गाउँपालिका खड्का थोक,कमला   खड्‍का ,,3-दोलखा-1,340975,33
340591,रमिला सार्की,Ramila Sarki,स्वतन्त्र,IND,9,F,False,गणेश बहादुर वयलकोटी सार्की,साधारण ,,दोलखा विगु गाउँपालिका धुर्सा,राउन्ने  सार्की,,3-दोलखा-1,340591,50
341705,पुस्कर कुमार अधिकारी,Puskara Kumara Adhikari,स्वतन्त्र,IND,8,M,False,नेत्र बहादुर अधिकारी,10+2,Nepal,दोलखा वैतेश्वर गाउँपालिका शितलवस्ती,,,3-दोलखा-1,341705,38
341431,महेन्द्र खड्का,Mahendra Khadka,स्वतन्त्र,IND,8,M,False,रमेश कुमार खड्का,Bachelor,Nepal,दोलखा तामाकोशी गाउँपालिका फेदि,,,3-दोलखा-1,341431,25
341648,भरत  कुमार  श्रेष्ठ,Bharata Kumara Shreshth,स्वतन्त्र,IND,7,M,False,कृष्ण  बहादुर  श्रेष्ठ,Bachelor,Nepal,दोलखा वैतेश्वर गाउँपालिका क्षत्रपा,भगवती   श्रेष्ठ,,3-दोलखा-1,341648,39
339722,रामकाजी लामा,Ramakaji Lama,स्वतन्त्र,IND,7,M,False,दल बहादुर तमाङ,Under SLC,Nepal,दोलखा भिमेश्वर नगरपालिका चोथाङ,राम माया तमाङ,,3-दोलखा-1,339722,49
341262,रिम बहादुर ओली,Rima Bahadura Oli,स्वतन्त्र,IND,5,M,False,ओकलाल  ओली,10+2,Nepal,दोलखा विगु गाउँपालिका नयाँघर,,,3-दोलखा-1,341262,33
340911,लुक दोर्जे शेर्पा,Luka Dorje Sherpa,स्वतन्त्र,IND,5,M,False,न्योदोर्जी  शेर्पा,10,Nepal,दोलखा जिरी नगरपालिका पोत्तले,सोमडोमा  शेर्पा,,3-दोलखा-1,340911,33
339325,सुमन थापा,Sumana Thapa,स्वतन्त्र,IND,5,M,False,तिर्थ बहादुर थापा,slc,nepal,दोलखा भिमेश्वर नगरपालिका गैराश्‍वारा,गीता भट्ट क्षेत्री (थापा),,3-दोलखा-1,339325,48
340091,कृष्ण हरी बुढाथोकी,Krishna Hari Budhathoki,राष्ट्रिय स्वतन्त्र पार्टी,2528,24808,M,True,गणेश बहादुर बुढाथोकी,Ph.D,त्रिभुवन वि.,रामेछाप मन्थली नगरपालिका ,सुजा  बुढाथोकी,वैकिङ्ग वित्तिय क्षेत्र सामाजिक मानवीय भूमिका अध्ययन अनुसन्धान,3-रामेछाप-1,340091,44
340239,माधव प्रसाद ढुंगेल,Madhav Prasad Dhungel,नेपाल कम्युनिष्ट पार्टी (एकीकृत मार्क्सवादी लेनिनवादी),2598,17609,M,False,Bodh Raj Dhungel,स्नाकोत्तर,त्रि.वि.,Ramechhap,Sarita Dhungel,,3-रामेछाप-1,340239,48
341939,राम चन्द्र खडका,Ram Chandra Khadka,नेपाली काँग्रेस,2583,16307,M,False,Bhakta Bahadur Khadka,स्नातक,त्रि.वि.,Ramechhap,Urmila Khadka,शिक्षण सामाजिक राजिनितिक,3-रामेछाप-1,341939,65
339706,श्याम कुमार श्रेष्‍ठ,Shyam Kumar Shrestha,नेपाली कम्युनिष्ट पार्टी,2557,13354,M,False,Tirtha Das Shrestha,M.A.,,Ramechhap,Tika Maya Shrestha,2048 सालदेखी राजनितिक सामाजिक क्षेत्रमा निरन्तर क्रियाशिल पार्टी केन्द्रीय कमिटिमा 13 वर्ष विभिन्न जिम्मेवारीमा रहेको,3-रामेछाप-1,339706,54
341242,दिप बहादुर योञ्जन,Dip Bahadur Yonjan,उज्यालो नेपाल पार्टी,2566,7201,M,False,Singh Bahadur Tamang,+2,,Ramechhap,,समाजसेवी सामाजिक अभियान्ता,3-रामेछाप-1,341242,42
340741,ढाल बहादुर खपाङ्गी मगर,Dhal Bahadur Khapangi Magar,श्रम संस्कृति पार्टी,2501,1336,M,False,Bhim Thapa,स्नातक,,Ramechhap,- - -,,3-रामेछाप-1,340741,37
339874,गोरे तामाङ,Gore Tamang,राष्ट्रिय प्रजातन्त्र पार्टी,2604,543,M,False,Thule Bahadur Tamang,साधारण,,Ramechhap,Rupa Maya Tamang,निर्माण व्यवसायी,3-रामेछाप-1,339874,60
340407,अर्जुन बहादुर थापा मगर,Arjun Bahadur Thapa Magar,राष्ट्रिय जनमोर्चा,2522,161,M,False,Min Bahadur Thapa Magar,साक्षर,,Ramechhap,Sant Maya Thapa Magar,,3-रामेछाप-1,340407,51
342126,यमुन बहादुर बस्नेत,Yamun Bahadur Basnet,नेपाल कम्युनिस्ट पार्टी (माओवादी),2526,156,M,False,Yagya Bahadur Basnet,slc,गौरी शंकर,Ramechhap,Kalpana Basnet,कानूनी राजनैतिक सामाजिक अनुभव,3-रामेछाप-1,342126,50
341413,बिरेन्द्र श्रेष्ठ,Birendra Shrestha,प्रगतिशील लोकतान्त्रिक पार्टी,2516,115,M,False,Indra Bahadur Shrestha,MAA-Phd M.Ed,त्रि.वि.,Ramechhap,Goma Shrestha,व्यवसाय समाजसेवा शिक्षणपेशा IT,3-रामेछाप-1,341413,43
340628,अरुण कार्की,Arun Karki,स्वतन्त्र,IND,98,M,False,Bhim Bahadur Karki,+2,श्री गौरीशंकर मा.वि.,Ramechhap,,,3-रामेछाप-1,340628,29
340907,यम बहादुर मोक्तान,Yam Bahadur Moktan,नेशनल रिपब्लिक नेपाल,2504,75,M,False,Singh Man Tamang,llm,,Ramechhap,Bimala Deula,,3-रामेछाप-1,340907,35
341491,सन्तोष घिमिरे,Santosh Ghimire,स्वतन्त्र,IND,61,M,False,Keshab Prasad Ghimire,+2,,Ramechhap,,,3-रामेछाप-1,341491,34
339396,केशरी श्रेष्‍ठ,Keshari Shrestha,नेपाल मजदुर किसान पार्टी,2578,56,F,False,Bhim Bahadur Shrestha,वि.एड,,Arghakhanchi,Umesh Lal Pradhan,,3-रामेछाप-1,339396,57
342376,विनोद घिसिङ,Binod Ghising,मंगोल नेशनल अर्गनाइजेसन,2511,56,M,False,Thulokanchha Tamang,एस एल सि,,Ramechhap,Dhanmaya Tamang,,3-रामेछाप-1,342376,35
341626,पदम बहादुर तामाङ,Padam Bahadur Tamang,आम जनता पार्टी(एकल चुनाव चिन्ह),2581,36,M,False,Bijule Tamang,एस एल सी,,Ramechhap,Purnima/Devi Tamang,शिक्षा राजनिति,3-रामेछाप-1,341626,46
341158,बाबु काँजी खड्का,Babu Kaji Khadka,स्वतन्त्र,IND,22,M,False,सन्त बहादुर खड्का,साधारण,,रामेछाप मन्थली नगरपालिका करमवोट,,,3-रामेछाप-1,341158,40
340281,धनेन्द्र कार्की,Dhanendra Karki,राष्ट्रिय स्वतन्त्र पार्टी,2528,16659,M,True,Tika Bahadur Karki,,,Sindhuli,,,3-सिन्धुली-1,340281,38
340576,प्रदिप कुमार कटुवाल क्षेत्री (के सी),Pradipa Kumara Katuvala Kshetri (ke Si),नेपाल कम्युनिष्ट पार्टी (एकीकृत मार्क्सवादी लेनिनवादी),2598,15875,M,False,रत्‍न बहादुर कटुवाल क्षेत्री (के सी),,,सिन्धुली फिक्कल गाउँपालिका माथिल्लो चनँटे,वाल कुमारी कार्की कटुवाल क्षेत्री (के सी),,3-सिन्धुली-1,340576,63
341357,उज्ज्वल प्रसाद वराल,Ujjvala Prasada Varal,नेपाली काँग्रेस,2583,15570,M,False,गंगा प्रसाद वराल,,,सिन्धुली कमलामाई नगरपालिका माथिल्लो रानिवास,समिता  कोईराला(बराल),,3-सिन्धुली-1,341357,59
340188,डेकेन्द्र प्रसाद सुवेदी,Dekendra Prasad Subedi,नेपाली कम्युनिष्ट पार्टी,2557,4708,M,False,Tek Prasad Subedi,,,Sindhuli,Yashoda Kumari Khahal (Subedi),,3-सिन्धुली-1,340188,56
340218,निम बहादुर मोक्तान,Nim Bahadur Moktan,श्रम संस्कृति पार्टी,2501,2596,M,False,Dudh Bahadur Moktan,,,Sindhuli,Hari Kumari Tamang,,3-सिन्धुली-1,340218,54
342362,मोति लाल तामाङ,Moto Lal Tamang,उज्यालो नेपाल पार्टी,2566,755,M,False,तिलक बहादुर तामाङ,,,सिन्धुली दुधौली नगरपालिका कुम्वीटार,धन कुमारी तामाङ,,3-सिन्धुली-1,342362,43
341297,राम नारायण अधिकारी,Ram Narayan Adhikari,राष्ट्रिय प्रजातन्त्र पार्टी,2604,510,M,False,Ram Lakhan Adhikari,,,Sindhuli,Babita Adhikari,,3-सिन्धुली-1,341297,41
340679,सन्तोष कुमार सुनुवार,Santosh Kumar Sunuwar,राष्ट्रिय परिवर्तन पार्टी,2568,223,M,False,Kamal Bahadur Sunuwar,,,Siraha,,,3-सिन्धुली-1,340679,39
341887,सुशिल हमाल,Sushil Hamal,नेपाल कम्युनिस्ट पार्टी (माओवादी),2526,167,M,False,Dak Bahadur Hamal,,,Sindhuli,,,3-सिन्धुली-1,341887,36
339368,सोम बहादुर घलान,Som Bahadur Ghalan,मंगोल नेशनल अर्गनाइजेसन,2511,161,M,False,Raj Jit Ghalan,,,Sindhuli,Dil Kumari Ghalan,,3-सिन्धुली-1,339368,43
339326,राजेन्द्र बखुन्छे,Rajendra Bakhunche,नेपाल मजदुर किसान पार्टी,2578,29,M,False,Sanu Krishnabahadur Bakhunchhe,,,Bhaktapur,Nani Chhori Bakhunchhe,,3-सिन्धुली-1,339326,54
342145,अमृत बहादुर विश्‍वकर्मा,Amrita Bahadura Vish‍vakarma,स्वतन्त्र,IND,27,M,False,ललित बहादुर विश्‍वकर्मा,,,सिन्धुली फिक्कल गाउँपालिका ओख्रेनी वेतिनी,खिन माया विश्‍वकर्मा,,3-सिन्धुली-1,342145,48
340203,आशिष गजुरेल,Aashish Gajurel,राष्ट्रिय स्वतन्त्र पार्टी,2528,17940,M,True,मुरारी  गजुरेल,मस्टर इन ट्रसपेटेसन सिटम ,टेकनिकल युनिर्भसिटि मिउनिक जर्मनी,सिन्धुली कमलामाई नगरपालिका ,अजिता  अधिकारी,,3-सिन्धुली-2,340203,44
340409,लेख नाथ दाहाल,Lekh Nath Dahal,नेपाली कम्युनिष्ट पार्टी,2557,14780,M,False,Lila Nath Dahal,आ ए,सुनकोशी बहुमुखि क्यापस 03,Sindhuli,Deepa Bohora/Dahal,,3-सिन्धुली-2,340409,49
340515,मनोज जंग थापा,Manoj Jung Thapa,नेपाल कम्युनिष्ट पार्टी (एकीकृत मार्क्सवादी लेनिनवादी),2598,11606,M,False,Dilip Jang Thapa,एस ल सी,श्री कमला मध्यामिक विद्यायल सिन्धुली ढुङ्ग्रेबास,Sindhuli,Sonalisa K.C. (Thapa),,3-सिन्धुली-2,340515,57
341107,सुशिला थिङ,Sushila Thing,नेपाली काँग्रेस,2583,6760,F,False,मर्दन सिंह थिङ,एम ए/ बी एल,त्रिभुवन विश्व विद्यालय,सिन्धुली कमलामाई नगरपालिका तल्लो बोहोरे,,,3-सिन्धुली-2,341107,50
341410,महेश्‍वर दाहाल,Mahesh‍vara Dahal,स्वतन्त्र,IND,586,M,False,इश्‍वरी प्रसाद दाहाल,स्नातक,त्रिभुवन विश्व विद्यालय,काठमाडौं काठमाडौँ महानगरपालिका गीताञ्जली मार्ग,सीता  अधिकारी (दाहाल),,3-सिन्धुली-2,341410,57
340326,इन्द्र बहादुर वि.क,Indra Bahadur B.K,श्रम संस्कृति पार्टी,2501,471,M,False,पृथी बहादुर कामी,बि. ए.ल ल बी,नेपाल ल क्मपस,सिन्धुली दुधौली नगरपालिका ,सोनाम  वि.क,,3-सिन्धुली-2,340326,42
341577,खड्ग बहादुर वाईवा,Khadga Bahadur Waiba,स्वतन्त्र,IND,458,M,False,कुल मान वाईवा,साधारण लेखपढ,महेन्द्र प्रा.वि,सिन्धुली घ्याङलेख गाउँपालिका शिखरपुर बेशी,कन्या माया वाईवा,,3-सिन्धुली-2,341577,68
339327,शान्त वीर लामा,Shanta Bir Lama,मंगोल नेशनल अर्गनाइजेसन,2511,432,M,False,Krishna Bahadur Lama,+2,सिन्धुली बहुमुख क्यापस,Sindhuli,Taramaya Tamang,,3-सिन्धुली-2,339327,43
340915,मुकुन्द प्रसाद गजुरेल,Mukunda Prasad Gajurel,राष्ट्रिय प्रजातन्त्र पार्टी,2604,249,M,False,लीला नाथ गजुरेल,पी एच डी,लेलिन ग्रण फइनान्स विश्व विद्यालय रसिया,सिन्धुली कमलामाई नगरपालिका ढुङ्ग्रेवास,शोभा गजुरेल,,3-सिन्धुली-2,340915,76
341757,बर्त्‍ये बहादुर राई,Batrya Bahadur Rai,नेपाल कम्युनिस्ट पार्टी (माओवादी),2526,163,M,False,तेज बहादुर राई,+2,जनता उच्च मा.वि,सिन्धुली हरिहरपुरगढी गाउँपालिका वखफर,,,3-सिन्धुली-2,341757,45
341226,निर्मल कुमार स्याङतान,Nirmal Kumar Syangtan,प्रगतिशील लोकतान्त्रिक पार्टी,2516,104,M,False,Jit Bahadur Tamang,+2,जनज्योति मा.वि फ्रोस्रेटार,Sindhuli, ,,3-सिन्धुली-2,341226,38
339349,रामेश्‍वरी कोजु,Rameshowri Koju,नेपाल मजदुर किसान पार्टी,2578,33,F,False,दामोदर  कोजु,स्नातकोत्तर,त्रिभुवन विश्व विद्यालय,भक्तपुर भक्तपुर नगरपालिका तौलाछें,,,3-सिन्धुली-2,339349,40
342630,माधव प्रसाद न्यौपाने,Madhav Prasad Neupane,स्वतन्त्र,IND,25,M,False,Umakanta Neupane,isc,सानोठिमी क्याम्पस,Sindhuli,Shrimati Shanta Neupane,,3-सिन्धुली-2,342630,74
342342,सरोज बि.क.,Saroj B.K.,स्वतन्त्र,IND,22,M,False,पदम बहादुर बि.क.,bbs,पिनाकल एकेडिमी,सिन्धुली कमलामाई नगरपालिका ,,,3-सिन्धुली-2,342342,37
341275,नर हरी पौडेल,Nar Hari Paudel,स्वतन्त्र,IND,20,M,False,Ganga Bahadur Paudel,एस एल सि,कमल मा.वि सिन्धुली,Khotang,Mira Karki Paudel,,3-सिन्धुली-2,341275,71
340358,राजन अछामी,Rajan Acchami,मितेरी पार्टी नेपाल,2530,12,M,False,हर्क बहादुर सार्की,slc,श्री दुर्घ मा.वि खाल्टे,सिन्धुली सुनकोशी गाउँपालिका सिमखेत,सुष्मा  अछामी,,3-सिन्धुली-2,340358,38
341166,किशोरी साह कमल,Kishori Saha Kamal,राष्ट्रिय स्वतन्त्र पार्टी,2528,29863,M,False,लक्ष्मी साहु सुडी,डिप्लोमा इन्जिनियरिङ्ग,पुलचौक इन्जिनियरिङ्ग क्याम्पस ललितपुर,धनुषा सबैला नगरपालिका ,अंजिला  साह,"कमल निर्माण सेवाको शेयर होल्डर भएर काम गरेको
पुर्व प्रदेश सभा सदस्य भई विकास निर्माण कार्यमा सहभागी भएको",2-धनुषा-1,341166,56
339549,मातृका प्रसाद यादव,Matrika Prasada Yadav,नेपाली कम्युनिष्ट पार्टी,2557,10430,M,True,अयोधी  यादव,आइ ऐड,,धनुषा सबैला नगरपालिका ,प्रर्मिला देवी यादव,,2-धनुषा-1,339549,67
341137,राम पलटन साह,Rama Palatana Sah,नेपाली काँग्रेस,2583,9502,M,False,शिवजी  साह,एस एल सी,,धनुषा मिथिला बिहारी नगरपालिका मिथिलेश्वर मौवाही,ललिता देवी साह,,2-धनुषा-1,341137,60
340982,रामचन्द्र मण्डल,Ramachandra Mandal,नेपाल कम्युनिष्ट पार्टी (एकीकृत मार्क्सवादी लेनिनवादी),2598,9315,M,False,परमेश्वर  मण्डल,मास्टर डिग्री,त्रिभुवन विश्व विद्यालय,धनुषा मिथिला बिहारी नगरपालिका ,मिथिला देवी मण्डल,"मा वि शिक्षक
ग्रामिन अभास कम्पनीको जि.एम.
मधेश प्रदेश सभाको सभामुख
दुइ कार्यकाल प्रदेश सभामा निर्वाचित धनुषा निर्वाचन क्षे. नं.1ख",2-धनुषा-1,340982,52
340747,दीपक कार्की,Dipaka Karki,"जनता समाजवादी पार्टी, नेपाल",2542,4145,M,False,खङ बहादुर भन्ने बलराम सिंह कार्की,एस एल सी,बुढालिङ्क स्कुल,धनुषा गणेशमान चारनाथ नगरपालिका भोटलेनी,अंजना  बस्नेत [कार्की],"पछिल्लो प्रतिनिधि सभा सदस्य
पार्टीको समन्वय समितिको सदस्य",2-धनुषा-1,340747,62
339940,मनोज मल्ल ठकुरी,Manoja Malla Thakuri,राष्ट्रिय प्रजातन्त्र पार्टी,2604,3729,M,False,हेम बहादुर मल्ल  ठकुरी ,SLC,जानकी मा.वि जनकपुर,धनुषा धनुषाधाम नगरपालिका सरसाटोल,प्रेक्षा  मल्ल,कृषि व्यवसाय,2-धनुषा-1,339940,56
340924,ब्रहमदेव महतो,Brahamadeva Mahato,जनमत पार्टी,2585,2404,M,False,शिवहार  महतो,स्नातक,गौरी क्याम्पस,धनुषा गणेशमान चारनाथ नगरपालिका लखनपुर,,"दश वर्ष Teaching
शिपमुलक तालिम लिइएको
सामाजिक अभियान्ता",2-धनुषा-1,340924,38
342508,महेश कुमार यादव,Mahesha Kumara Yadav,उज्यालो नेपाल पार्टी,2566,367,M,False,रामनाथ  यादव,BE,उतराखण्ड युनिभर्सिटी देहरादुन,धनुषा धनुषाधाम नगरपालिका ,,"समाजसेवा
समाज निर्माण",2-धनुषा-1,342508,33
340138,राज नारायण साह,Raja Narayana Sah,स्वतन्त्र,IND,320,M,False,राम करण साह सुडी,SLC,,धनुषा मिथिला बिहारी नगरपालिका रमौल,,,2-धनुषा-1,340138,33
341516,बिहारी राय अमात,Bihari Raya Amat,नेपाल कम्युनिस्ट पार्टी (माओवादी),2526,237,M,False,पलट  राय अमात,,,धनुषा धनुषाधाम नगरपालिका सिसमपुर,सुमारी देवी राय अमात,,2-धनुषा-1,341516,65
341373,शारदा देवी घिसिङग्,Sharada Devi Ghisingag,स्वतन्त्र,IND,156,F,False,सुक बहादुर थोकर,कक्षा ८,श्री त्रिभुवन मा.वि.चिसापानी,धनुषा धनुषाधाम नगरपालिका धारापानी,गुमान लाल घिसिङग्,,2-धनुषा-1,341373,47
342550,सतार मंसुर,Satara Mansur,नेपाल संघीय समाजवादी पार्टी(एकल चुनाव चिन्ह),2567,115,M,False,इद्रिस  मंसुर,साधारण लेखपढ,,धनुषा गणेशमान चारनाथ नगरपालिका गोदार,जिवछी  खातुन,गाँउघरको  व्यवहार,2-धनुषा-1,342550,38
342666,इन्द्रजित साफी,Indrajita Saphi,आम जनता पार्टी(एकल चुनाव चिन्ह),2581,110,M,False,विक्रम धोवि,Y,,धनुषा गणेशमान चारनाथ नगरपालिका भरतपुर, ,,2-धनुषा-1,342666,33
339788,परशुराम साह,Parashurama Sah,स्वतन्त्र,IND,80,M,False,राम किशुन साह,आइ ऐ,रा रा ब जनकपुर,धनुषा सबैला नगरपालिका सवैला,कुशमी देवी साह,राजनितिमा लगभग 25 वर्ष,2-धनुषा-1,339788,55
340643,राम बहादुर लामा,Rama Bahadura Lama,मंगोल नेशनल अर्गनाइजेसन,2511,76,M,False,पूर्ण बहादुर  तमाङ,,,धनुषा गणेशमान चारनाथ नगरपालिका राधापुर,,,2-धनुषा-1,340643,43
342599,रोशन कुमार साह,Roshana Kumara Sah,स्वतन्त्र,IND,61,M,False,राज कुमार साह,स्‍नातक,,धनुषा सबैला नगरपालिका रघुनाथपुर, ,आफै संचालक भएर काम काज गरेको,2-धनुषा-1,342599,37
341018,अजय भण्डारी,Ajaya Bhandari,स्वतन्त्र,IND,41,M,False,रामलोचन  माली,,,धनुषा धनुषाधाम नगरपालिका जुगेश्‍वरपुर,,,2-धनुषा-1,341018,36
341459,किरण कुमारी यादब,Kirana Kumari Yadab,स्वतन्त्र,IND,32,F,False,राजकुमार  यादब,+ २ पास,यादव मा.वि.वेलही धनुषा,धनुषा हंसपुर नगरपालिका वेल्ही,बटोही  यादब,"राजनितिक
समाजिक
महिला हिंस्सा",2-धनुषा-1,341459,46
342705,जय कृष्ण साह,Jaya Krishna Sah,स्वतन्त्र,IND,21,M,False,लक्षमी साह सुडी,एस एल सी,बरकुरवा,धनुषा सबैला नगरपालिका रघुनाथपुर,इन्द्रा कुमारी महासेठ,बेवसायी र निर्माणको काम,2-धनुषा-1,342705,54
341074,जगरनाथ मंडल,Jagaranatha Mandal,स्वतन्त्र,IND,19,M,False,रामभरोस  मंडल,एस एल सी,नेपाल बोर्ड,धनुषा हंसपुर नगरपालिका कठपुल्ला,अनिता देवी मंडल,,2-धनुषा-1,341074,50
342742,सुदिप कुमार यादव,Sudipa Kumara Yadav,स्वतन्त्र,IND,19,M,False,किशोरी  यादव,एस एल सी,,धनुषा धनुषाधाम नगरपालिका ,रंनु  देवी,,2-धनुषा-1,342742,37
342701,बद्री नारायण ठाकुर सोनार,Badri Narayana Thakura Sonar,इतिहासिक जनता पार्टी,2539,18,M,False,राम वृक्ष ठाकुर,आइ कम,पटना,धनुषा मिथिला बिहारी नगरपालिका भुतही,सिला कुमारी देवी,"समाजिक सेवा
राजनैतिक अनुभव
",2-धनुषा-1,342701,60
342412,चन्देश्‍वर दास तत्मा,Chandesh‍vara Dasa Tatma,स्वतन्त्र,IND,13,M,False,दशरथ दास तत्मा,८ पास,श्री मा वि भरतपुर,धनुषा गणेशमान चारनाथ नगरपालिका ,तारा देवी दास,,2-धनुषा-1,342412,51
342713,राम दुलारी महतो,Rama Dulari Mahato,स्वतन्त्र,IND,13,F,False,विपतीया  महतो,सामान्य,,धनुषा गणेशमान चारनाथ नगरपालिका केरावारी,राज किशोर महतो,,2-धनुषा-1,342713,36
342339,किरण कुमारी कापर,Kirana Kumari Kapar,स्वतन्त्र,IND,12,F,False,राम पदारथ कापर केवट,बि.एड,,धनुषा सबैला नगरपालिका ,,,2-धनुषा-1,342339,28
341554,राजेश कुमार सहनी,Rajesha Kumara Sahani,स्वतन्त्र,IND,10,M,False,राजेन्द्रा  सहनी,+2,HSEB,धनुषा धनुषाधाम नगरपालिका ,,,2-धनुषा-1,341554,29
342688,जितन राय अमात,Jitana Raya Amat,स्वतन्त्र,IND,8,M,False,महादेव राय अमात,एस एल सी,,धनुषा धनुषाधाम नगरपालिका ,अनिता देवी अमात,,2-धनुषा-1,342688,44
342474,औती कुमारी विश्वकर्मा,Auti Kumari Vishvakarma,स्वतन्त्र,IND,7,F,False,राज कुमार कामी,अनौपचारीक लेखपढ,,धनुषा गणेशमान चारनाथ नगरपालिका ,शुभ  वि. क.,,2-धनुषा-1,342474,36
342725,बाल कृष्ण यादव,Bala Krishna Yadav,स्वतन्त्र,IND,7,M,False,सुर्यनाथ  यादव,+2,,धनुषा धनुषाधाम नगरपालिका ,,,2-धनुषा-1,342725,26
342144,रामपृत दास तत्मा,Ramaprita Dasa Tatma,स्वतन्त्र,IND,7,M,False,बुलन  दास,प्राथमिक परिक्षा पास,,धनुषा मिथिला बिहारी नगरपालिका मिथिलेश्वर मौवाही,जानकी देवी दास,,2-धनुषा-1,342144,67
339611,विजय कुमार यादब,Vijaya Kumara Yadab,स्वतन्त्र,IND,7,M,False,भुषण  यादब,BA,RRM CAMPUS,धनुषा हंसपुर नगरपालिका वेल्‍ही,किरण कुमारी यादब,समाज सेवी,2-धनुषा-1,339611,56
341981,सुदिश मंडल,Sudisha Mandal,स्वतन्त्र,IND,7,M,False,महाबिर मंडल धानुक,८ पास,,धनुषा धनुषाधाम नगरपालिका ,लक्ष्मीनीया देवी मंडल,,2-धनुषा-1,341981,44
341899,मनमोहन प्रसाद यादव,Manamohana Prasada Yadav,स्वतन्त्र,IND,6,M,False,हरिश्चन्द्र प्रसाद हरिऔध,प्रविणता प्रमाणपत्र,उच्च मा वि शि,धनुषा सबैला नगरपालिका ,सुनिता  यादव,,2-धनुषा-1,341899,40
341321,रमेश्‍वर साहु सुडी,Ramesh‍vara Sahu Sudi,स्वतन्त्र,IND,6,M,False,सोभित साहु सुडी,कक्षा ९,श्री भानु मा.बस किसानपुर,धनुषा धनुषाधाम नगरपालिका मुलावारी,रामो कुमारी साह,,2-धनुषा-1,341321,59
339840,परिक्षण यादव,Parikshana Yadav,स्वतन्त्र,IND,5,M,False,बहादुर  यादव,SLC,,धनुषा धनुषाधाम नगरपालिका ,कला देवी यादवनी,,2-धनुषा-1,339840,63
342646,किरण कुमारी पासमान,Kirana Kumari Pasaman,स्वतन्त्र,IND,4,F,False,तेतरा पासमान,10 + 2,यज्ञभुमी क्याम्पस,धनुषा गणेशमान चारनाथ नगरपालिका ,दिनेश कुमार पासमान,"2 वर्ष शिक्षा सेवा अनुभव
चिकित्सक भएर काम गरेको
सामाजिक कार्य",2-धनुषा-1,342646,29
342736,पवन कुमार यादव,Pavana Kumara Yadav,स्वतन्त्र,IND,4,M,False,जीवन वनरैत यादव,सधारण लेखपढ,,धनुषा धनुषाधाम नगरपालिका ,अनिता  देवी,,2-धनुषा-1,342736,46
342373,लालेश्वर यादव,Laleshvara Yadav,स्वतन्त्र,IND,4,M,False,गणेशी  यादव,एस एल सि,मिथिला तिलक नन्दकुमारी मा वि झट्टियाही,धनुषा सबैला नगरपालिका इनर्वा,सजन  यादव,,2-धनुषा-1,342373,52
340215,सुमन विश्‍वकर्मा,Sumana Vish‍vakarma,स्वतन्त्र,IND,4,M,False,चन्‍द्रमान  विश्‍वकर्मा,BA,BD CAMPUS MIRCHAIYA,धनुषा गणेशमान चारनाथ नगरपालिका केराबारी,,,2-धनुषा-1,340215,34
341596,ककुलती कुमारी साह,Kakulati Kumari Sah,स्वतन्त्र,IND,3,F,False,राम एकवाल साह,एस एल सी,,धनुषा हंसपुर नगरपालिका ,संतोष कुमार साह,,2-धनुषा-1,341596,37
342579,सोचिन्दर यादव,Sochindara Yadav,स्वतन्त्र,IND,3,M,False,काजी  यादव,एस एल सी,,धनुषा गणेशमान चारनाथ नगरपालिका जुडीबजार,प्रमिला देवी यादव,,2-धनुषा-1,342579,56
342210,स‌ंजित कुमार साह,Sa‌njita Kumara Sah,स्वतन्त्र,IND,1,M,False,इन्द्रदेव साह सुडी,ब्याचलर इक्ट्रिक,सिन्गङ्गापुरबाट,धनुषा गणेशमान चारनाथ नगरपालिका गोदार,,इलेक्ट्रिक व्यापारको अनुभव,2-धनुषा-1,342210,38
339806,राम विनोद यादव,Rama Vinoda Yadav,राष्ट्रिय स्वतन्त्र पार्टी,2528,41637,M,True,तिलेश्वर यादव,10+2,राजर्षि जनक क्याम्पस,धनुषा जनकपुरधाम उपमहानगरपालिका कनकपट्टी,दिपमाला कुमारी,,2-धनुषा-2,339806,49
341263,दिनेश प्रसाद  यादव परसैला,Dinesha Prasada Yadava Parasaila,नेपाली काँग्रेस,2583,10198,M,False,शिवलाल परसैला यादव,प्रविणता प्रमाण पत्र,,धनुषा शहीदनगर नगरपालिका गोठकोयलपुर,उषा देवी यादव,,2-धनुषा-2,341263,57
340797,उमाशंकर अरगरिया,Umashankara Aragariya,नेपाल कम्युनिष्ट पार्टी (एकीकृत मार्क्सवादी लेनिनवादी),2598,10153,M,False,राजाराम अरगरिया यादव,स्नातक,रा.रा.व. क्याम्पस,धनुषा शहीदनगर नगरपालिका नाथपटी,निलम देवी अरगरिया,,2-धनुषा-2,340797,48
339448,राम चन्द्र झा,Rama Chandra Jha,नेपाली कम्युनिष्ट पार्टी,2557,8403,M,False,पुलकित  झा,एम.ए,,धनुषा कमला नगरपालिका लगमा,शुषमा देवी झा,,2-धनुषा-2,339448,71
340162,पशुपति यादव,Pashupati Yadav,"जनता समाजवादी पार्टी, नेपाल",2542,3830,M,False,विष्णु देव यादव,एम.ए.,टि.यु.,धनुषा कमला नगरपालिका माचि,पूजा कुमारी यादव,,2-धनुषा-2,340162,45
341734,सुरेन्द्र प्रसाद यादव,Surendra Prasada Yadav,जनमत पार्टी,2585,1177,M,False,ताराचन्द्र  यादव,PHD ,,धनुषा शहीदनगर नगरपालिका ,बविता  यादव,,2-धनुषा-2,341734,44
340430,जय नाथ अधिकारी,Jaya Natha Adhikari,स्वतन्त्र,IND,1081,M,False,राज कुमार मंडल,B.Tech,,धनुषा विदेह नगरपालिका बफै,,,2-धनुषा-2,340430,33
342331,लक्ष्‍मी मुखिया,Laksh‍mi Mukhiya,स्वतन्त्र,IND,579,M,False,गर्भु  मुखिया,एस.एल.सी.,,धनुषा औरही गाउँपालिका औरही,विनिता देवी मुखिया,,2-धनुषा-2,342331,40
341572,श्‍याम सुन्दर पजियार,Sh‍yama Sundara Pajiyar,नेपाल कम्युनिस्ट पार्टी (माओवादी),2526,293,M,False,शोभित  पजियार,B A,,धनुषा जनकपुरधाम उपमहानगरपालिका कनकपट्टी,कृष्णा देवी कुमारी पजियार,,2-धनुषा-2,341572,61
341379,महेश्वर मंडल,Maheshvara Mandal,राष्ट्रिय प्रजातन्त्र पार्टी,2604,203,M,False,जिबछ  मंडल,साक्षर,,धनुषा कमला नगरपालिका हथलेटबा,शुभकालादेवि  धानुक,,2-धनुषा-2,341379,60
342370,उमेश कुमार मण्डल,Umesha Kumara Mandal,नेपालका लागि नेपाली पार्टी,2524,104,M,False,राम शरण मणडल,10+2,,धनुषा हंसपुर नगरपालिका महाटोल,सुधिरा देवि मणडल,,2-धनुषा-2,342370,41
341997,उमेश दास,Umesha Das,स्वतन्त्र,IND,57,M,False,सुखरा  दास,एस.एल.सी.,,धनुषा औरही गाउँपालिका चक्कर,,,2-धनुषा-2,341997,41
342217,विनोद कुमार ठाकुर,Vinoda Kumara Thakur,राष्ट्रिय मुक्ति पार्टी नेपाल(एकल चुनाव चिन्ह),2531,56,M,False,लटु  ठाकुर,BE,,धनुषा विदेह नगरपालिका गोबराही,सरिता देवी ठाकुर,,2-धनुषा-2,342217,50
341665,अनिल कुमार यादव,Anila Kumara Yadav,स्वतन्त्र,IND,34,M,False,लक्ष्मेश्वर  यादव,BE,,धनुषा जनकपुरधाम उपमहानगरपालिका ,,,2-धनुषा-2,341665,28
341066,राम किशोर पासमान,Rama Kishora Pasaman,स्वतन्त्र,IND,33,M,False,जोगेन्‍द्र  पासमान,एस.एल.सी.,,धनुषा शहीदनगर नगरपालिका सिमराढी,गुलो देवी पासमान,,2-धनुषा-2,341066,43
342708,डोमी महरा चमार,Domi Mahara Chamar,स्वतन्त्र,IND,19,M,False,सुकना महरा चमार,एस.एल.सी.,,धनुषा शहीदनगर नगरपालिका नाथपटी,सुटि देवी महरा,,2-धनुषा-2,342708,59
341697,भोला यादव,Bhola Yadav,स्वतन्त्र,IND,17,M,False,जोगी  यादव,एस.एल.सी,,धनुषा औरही गाउँपालिका पछवारी टोल,सुनिता  देवी,,2-धनुषा-2,341697,56
342504,रामसागर यादब,Ramasagara Yadab,स्वतन्त्र,IND,17,M,False,कारी  यादब,एस.एल.सी.,,धनुषा शहीदनगर नगरपालिका छोटकि टोल सिमराढी गडी,सिबो देवी यादब,,2-धनुषा-2,342504,49
342317,अजय कुमार दास,Ajaya Kumara Das,स्वतन्त्र,IND,16,M,False,मंगल  दास,साक्षर,,धनुषा शहीदनगर नगरपालिका यदुकुहा,राज  देवी,,2-धनुषा-2,342317,33
340950,साधु शरण मोरवैता,Sadhu Sharana Moravaita,स्वतन्त्र,IND,13,M,False,भुल्‍ला  मोरवैता,अ हे व,ctevt,धनुषा कमला नगरपालिका लगमा,विभा कुमारी यादव,,2-धनुषा-2,340950,47
342302,राम प्रकाश यादव,Rama Prakasha Yadav,स्वतन्त्र,IND,12,M,False,श्रीसुब्बी  यादव,एस.एल.सी.,,धनुषा कमला नगरपालिका मंगाराह,रामसती देवी यादव,,2-धनुषा-2,342302,72
342276,रिंकु देवी मण्डल,Rinku Devi Mandal,स्वतन्त्र,IND,12,F,False,चन्देश्वर  मण्डल,कक्षा 10,,धनुषा विदेह नगरपालिका ,फुलगेन  मण्डल केवट,,2-धनुषा-2,342276,34
342457,ठकना पासमान,Thakana Pasaman,स्वतन्त्र,IND,11,M,False,छोटिया  पासमान,साक्षर,,धनुषा विदेह नगरपालिका गिद्धा,फुलकुमारी देवी पासमान,,2-धनुषा-2,342457,67
342030,शिव कुमार गोहिवार यादब,Shiva Kumara Gohivara Yadab,स्वतन्त्र,IND,10,M,False,भोला  गोहिवार यादब,एस.एल.सी.,,धनुषा शहीदनगर नगरपालिका डुमरिया,मंजुला  देवी,,2-धनुषा-2,342030,54
341905,सागर यादव,Sagara Yadav,स्वतन्त्र,IND,10,M,False,श्रीप्रसाद  यादव,10+2,,धनुषा शहीदनगर नगरपालिका ,,,2-धनुषा-2,341905,27
341841,अजय कुमार मरिक,Ajaya Kumara Marik,स्वतन्त्र,IND,9,M,False,राम प्रकाश मरिक (यादव),एस.एल.सी.,,धनुषा शहीदनगर नगरपालिका ,,,2-धनुषा-2,341841,30
341938,लाल बाबु मण्डल,Lala Babu Mandal,स्वतन्त्र,IND,9,M,False,मथुरा  मण्डल,bachelor,,धनुषा शहीदनगर नगरपालिका ,,,2-धनुषा-2,341938,26
339556,सन्तोष कुमार यादव मरिक,Santosha Kumara Yadava Marik,स्वतन्त्र,IND,9,M,False,महेन्द्र  मरिक,B.Ed.,त्रिभुवन विश्वविद्यालय,धनुषा कमला नगरपालिका भलुवाहा,,,2-धनुषा-2,339556,39
341428,मुकेश कुमार यादव,Mukesha Kumara Yadav,स्वतन्त्र,IND,8,M,False,राम सागर यादव,प्रविणता प्रमाण पत्र,,धनुषा जनकपुरधाम उपमहानगरपालिका शिवपुर,दुर्गा  यादव,,2-धनुषा-2,341428,50
341180,राम सुभेष मण्डल खत्वे,Rama Subhesha Mandala Khatve,स्वतन्त्र,IND,7,M,False,विलास मण्डल खत्वे,कक्षा 10,,धनुषा जनकपुरधाम उपमहानगरपालिका भोईल,अनिता देवी मण्डल,,2-धनुषा-2,341180,44
342492,भोला पासवान,Bhola Pasavan,स्वतन्त्र,IND,6,M,False,श्रि सिताराम  पासवान,एस.एल.सी.,,धनुषा शहीदनगर नगरपालिका नाथपट्टि,समुन्‍द्रि देवि पासवान,,2-धनुषा-2,342492,56
342439,सरोज कुमार महरा,Saroja Kumara Mahara,स्वतन्त्र,IND,5,M,False,जुलमा  महरा,एस.एल.सी.,,धनुषा विदेह नगरपालिका ,,,2-धनुषा-2,342439,29
342623,सुजित कुमार दास,Sujita Kumara Das,स्वतन्त्र,IND,5,M,False,शुशिल कुमार दास,मास्टर डिग्री,,धनुषा शहीदनगर नगरपालिका नेमुवाटोल,,,2-धनुषा-2,342623,38
342476,ज्ञान कुमार यादब,Jnyana Kumara Yadab,स्वतन्त्र,IND,4,M,False,राम लखन यादब,एस.एल.सी.,,धनुषा शहीदनगर नगरपालिका ,ककुल्‍टी देवी यादब,,2-धनुषा-2,342476,46
340296,मनिष झा,Manisha Jha,राष्ट्रिय स्वतन्त्र पार्टी,2528,43988,M,True,राम नारायण झा,Master in political Science,T.U.,धनुषा जनकपुरधाम उपमहानगरपालिका ,,"व्यवसायिक अनुभव, विभिन्न संस्थाहरुमा आबद्धता, पुर्व प्रतिनिधि सभा सदस्य",2-धनुषा-3,340296,45
341945,विमलेन्द्र निधि,Vimalendra Nidhi,नेपाली काँग्रेस,2583,16652,M,False,महेन्द्र नारायण निधि,MA poltical science,RaRaB,धनुषा नगराइन नगरपालिका नगराईन,अनामिका  उपासक निधि,राजनैतिक,2-धनुषा-3,341945,69
341057,जुली कुमारी महतो (महासेठ),Juli Kumari Mahato (mahasetha),नेपाल कम्युनिष्ट पार्टी (एकीकृत मार्क्सवादी लेनिनवादी),2598,9786,F,False,राम आशिष  शाह,Bachelor in sociology,India university,धनुषा जनकपुरधाम उपमहानगरपालिका ,रघुवीर  महासेठ,"राजनैतिक, संसदीय प्रकृयाको अनुभव, 1 पटक मन्त्री भएको",2-धनुषा-3,341057,49
339748,रामललित मंडल,Ramalalita Mandal,नेपाली कम्युनिष्ट पार्टी,2557,709,M,False,मुनि  मंडल,B.A.,"L.N. Mithila university Bihar, India",धनुषा नगराइन नगरपालिका लगमा पुर्वारि टोल,बेद कुमारी मंडल,"शिक्षण, लेखा, प्रशिक्षण",2-धनुषा-3,339748,51
340817,परमेश्‍वर साह सुडी,Paramesh‍vara Saha Sudi,"जनता समाजवादी पार्टी, नेपाल",2542,500,M,False,लक्ष्मी  साह सुडी,स्नातक,TU,धनुषा जनकपुरधाम उपमहानगरपालिका मनहरपुर,रिता देवी साह सुडी,"राजनीती, समाजसेवी",2-धनुषा-3,340817,58
340839,रोशन यादव,Roshana Yadav,स्वतन्त्र,IND,416,M,False,देव शरण यादव,Bachelor in computer Science,Delhi college of Management and Technology,धनुषा जनकपुरधाम उपमहानगरपालिका ,,Digital Marketing,2-धनुषा-3,340839,28
341566,दिवाकर कुमार साह,Divakara Kumara Sah,स्वतन्त्र,IND,398,M,False,उमेश प्रसाद साह,स्नातक,TU,सप्तरी राजविराज नगरपालिका गार्खाली टोल,,"पत्रकारिता, समाजसेवा",2-धनुषा-3,341566,33
342307,गोपाल प्रसाद साह,Gopala Prasada Sah,जनमत पार्टी,2585,381,M,False,लक्ष्मी  साह,SLC,,धनुषा जनकपुरधाम उपमहानगरपालिका मुसहरी,मिना देवी साह,"शिक्षा, व्यवसाय, समाज सेवा, राजनिति",2-धनुषा-3,342307,58
342409,सवनम खातुन साफी,Savanama Khatuna Saphi,राष्ट्र निर्माण दल नेपाल,2527,280,F,False,दरवारी साफी,सामान्य,,धनुषा जनकपुरधाम उपमहानगरपालिका लादो,मो जमसेद साफी,,2-धनुषा-3,342409,65
340032,सदाम हुसैन,Sadama Husain,श्रम संस्कृति पार्टी,2501,211,M,False,शेष  सलिम,SLC,Shree Google pd Bshaiya,धनुषा जनकपुरधाम उपमहानगरपालिका ,अवरिना  खातुन," व्यापार, समाजसेवी",2-धनुषा-3,340032,34
342033,हुसैन कवारी,Husaina Kavari,राष्ट्रिय प्रजातन्त्र पार्टी,2604,199,M,False,मौजे  कवारी,SLC,जानकी,धनुषा जनकपुरधाम उपमहानगरपालिका जानकीनगर,रौशन  खातुन,समाजिक कार्यकर्ता,2-धनुषा-3,342033,54
342556,अमरेन्द्र कुमार झा,Amarendra Kumara Jha,नेपाल जनता पार्टी,2507,150,M,False,उपेन्द्र नाथ झा,एम टेक (इनजीनियरिङ्ग),,धनुषा जनकपुरधाम उपमहानगरपालिका पिडरियामाइ टोल,पुनम  चोधरी,समाजिक क्षेत्रमा १५ बर्ष काम गरेको,2-धनुषा-3,342556,65
342092,सीताराम महतो,Sitarama Mahato,स्वतन्त्र,IND,109,M,False,खटर  महतो कोइरी,I.SC,India,धनुषा नगराइन नगरपालिका फुलगामा,चिन्ती कुमारी ,,2-धनुषा-3,342092,53
341649,श्याम किशोर साह,Shyama Kishora Sah,स्वतन्त्र,IND,100,M,False,हुकुम लाल साह,B.SC. Honours,Madhubani BIhar,धनुषा नगराइन नगरपालिका फुलगामा,रेणु कुमारी साह,समाजसेवा,2-धनुषा-3,341649,56
342230,प्रमोद कुमार साह,Pramoda Kumara Sah,उज्यालो नेपाल पार्टी,2566,89,M,False,भुवनेश्वर  प्रसाद साह कानु,Doctor,,महोत्तरी जलेश्वर नगरपालिका जलेश्वर,इन्दीला देवी साह,,2-धनुषा-3,342230,51
340446,चन्दन कुमार झा,Chandana Kumara Jha,नेपालका लागि नेपाली पार्टी,2524,84,M,False,धर्मविर  झा,B.com,Magad University India ,धनुषा जनकपुरधाम उपमहानगरपालिका ,साधना देवी झा,Medical sector,2-धनुषा-3,340446,45
342699,रमेन्द्र कुमार कर्ण,Ramendra Kumara Karn,नेपाल कम्युनिस्ट पार्टी (माओवादी),2526,81,M,False,सुर्यनारायण लाल कर्ण,10+2,Government of Nepal,धनुषा गणेशमान चारनाथ नगरपालिका वरमझिया,,,2-धनुषा-3,342699,34
340988,नवीन कुमार रंजन,Navina Kumara Ranjan,स्वतन्त्र,IND,26,M,False,राम दयाल मंडल,Diploma in civil Engineer,BIT Engineering Collage,धनुषा नगराइन नगरपालिका लगमा पुर्वारीटोल,,,2-धनुषा-3,340988,35
342746,प्रदिप विक्रम साह,Pradipa Vikrama Sah,आम जनता पार्टी(एकल चुनाव चिन्ह),2581,22,M,False,उपेन्द्र साह तेली,B.Tech,JNTU,रौतहट गरुडा नगरपालिका शिशवा,,"हाइर्डोपावर , वैकल्पिक उर्जा",2-धनुषा-3,342746,33
341204,अरबिन्द कुमार पासवान,Arabinda Kumara Pasavan,स्वतन्त्र,IND,21,M,False,राम वृक्ष पासवान,slc,Government of Nepal,धनुषा नगराइन नगरपालिका अकौरा,नगिना कुमारी पासवान,समाजसेवी,2-धनुषा-3,341204,51
342389,सुरैत मंडल,Suraita Mandal,स्वतन्त्र,IND,19,M,False,राम नारायण मंडल,SLC,,धनुषा धनौजी गाउँपालिका गौरदाहा,संगीता  देवी,,2-धनुषा-3,342389,43
340668,राजीव कुमार झा,Rajiva Kumara Jha,राष्ट्रिय मुक्ति पार्टी नेपाल(एकल चुनाव चिन्ह),2531,18,M,False,गंगेश  झा,P.Hd.,CMJ University Meghalay,धनुषा जनकपुरधाम उपमहानगरपालिका ,सोनी  झा,,2-धनुषा-3,340668,49
339875,अमित कुमार पाठक,Amita Kumara Pathak,स्वतन्त्र,IND,12,M,False,गोपाल  पाठक,B.B.S,T.U,धनुषा जनकपुरधाम उपमहानगरपालिका बाल्मिकीनगर,,व्यापार,2-धनुषा-3,339875,32
341504,राज कुमारी साह,Raja Kumari Sah,स्वतन्त्र,IND,12,F,False,दोरिख  गामी,SLC,श्री यज्ञ कुमार मा.वि. वलवा,धनुषा जनकपुरधाम उपमहानगरपालिका शहिदनगर,राम चन्द्र साह,"राजनीती, समाजसेवी",2-धनुषा-3,341504,50
341877,सीता देवी,Sita Devi,स्वतन्त्र,IND,12,F,False,वुधन  साह,SLC,Government of Nepal,धनुषा जनकपुरधाम उपमहानगरपालिका कपिलेश्वर,राम भगत पुर्वे,समाजसेवी,2-धनुषा-3,341877,40
342153,गंगा लक्ष्मी वैद्य,Ganga Lakshmi Vaidy,नेपाल मजदुर किसान पार्टी,2578,10,F,False,गोविन्द  वैद्य,Master in sociology,Government of Nepal,भक्तपुर भक्तपुर नगरपालिका बागिमला,,Teacher,2-धनुषा-3,342153,42
342499,आनन्द दास तत्मा,Aananda Dasa Tatma,स्वतन्त्र,IND,10,M,False,रघुनाथ दास तत्मा,Diploma in Civil Engineer,Nepal Tecnical Janakpur,धनुषा जनकपुरधाम उपमहानगरपालिका ,प्रियंका  दास,,2-धनुषा-3,342499,25
340667,नबोनाथ ठाकुर,Nabonatha Thakur,स्वतन्त्र,IND,9,M,False,पुष्कर नाथ ठाकुर,B.A.,Mithila University India,धनुषा जनकपुरधाम उपमहानगरपालिका मुरलि चौक,प्रेम लता ठाकुर,"राजनैतिक, व्यवसाय",2-धनुषा-3,340667,53
342720,कृष्ण कुमार सुल्तानिया,Krishna Kumara Sultaniya,स्वतन्त्र,IND,8,M,False,प्रमोद कुमार सुल्तानिया,BBS,TU,धनुषा जनकपुरधाम उपमहानगरपालिका शान्तिनगर,,,2-धनुषा-3,342720,35
341809,अजय कुमार यादव,Ajaya Kumara Yadav,स्वतन्त्र,IND,7,M,False,चन्देश्वर यादव,MCA,India,धनुषा मुखियापट्टी मुसहरनिया गाउँपालिका वेला,,,2-धनुषा-3,341809,39
342346,मुकेश यादव,Mukesha Yadav,स्वतन्त्र,IND,7,M,False,बेचन  यादव,,,धनुषा कमला नगरपालिका ,परमवती देवी यादव,,2-धनुषा-3,342346,49
342676,बिक्रम साह ,Bikrama Saha,स्वतन्त्र,IND,6,M,False,गुल चन्द्र साहु तेली,MBA,PU,धनुषा जनकपुरधाम उपमहानगरपालिका ,आरती कुमारी साह,व्यापार,2-धनुषा-3,342676,38
341365,भरत कुमार साह,Bharata Kumara Sah,स्वतन्त्र,IND,6,M,False,शिव नाथ साह,10+2,Model Maltipal Collage,धनुषा जनकपुरधाम उपमहानगरपालिका ,,,2-धनुषा-3,341365,31
341733,राज कुमार भण्डारी,Raja Kumara Bhandari,स्वतन्त्र,IND,6,M,False,सोनफी भण्डारी माली,I sc,Mitila University Darbhanga India ,धनुषा नगराइन नगरपालिका ,मंजु देवी भण्डारी,,2-धनुषा-3,341733,66
342524,सुनिल साह,Sunila Sah,स्वतन्त्र,IND,6,M,False,शिव शरण साह,B.Tech,India,धनुषा जनकपुरधाम उपमहानगरपालिका रामपुर,,व्यापार,2-धनुषा-3,342524,34
342073,हरि नारायण यादव,Hari Narayana Yadav,स्वतन्त्र,IND,6,M,False,शश्याम  यादव,SLC,,धनुषा जनकपुरधाम उपमहानगरपालिका ,आशा कुमारी यादव,,2-धनुषा-3,342073,46
341426,केवल ठाकुर,Kevala Thakur,स्वतन्त्र,IND,5,M,False,राम चरित्र ठाकुर,10+2,India,धनुषा जनकपुरधाम उपमहानगरपालिका विन्धी,राम दुलारी देवी,,2-धनुषा-3,341426,56
341195,राजु कुमार साह,Raju Kumara Sah,स्वतन्त्र,IND,4,M,False,गणेश  साह,MBS,Tribhuwan University,धनुषा जनकपुरधाम उपमहानगरपालिका ,निशा  जायसवाल,व्यापार,2-धनुषा-3,341195,42
341344,रामसरोज साह,Ramasaroja Sah,स्वतन्त्र,IND,4,M,False,यमुना प्रसाद साह,10+2,HSEB,धनुषा धनौजी गाउँपालिका वहुअर्वा,,कृषि,2-धनुषा-3,341344,34
342264,सुवदार यादव,Suvadara Yadav,स्वतन्त्र,IND,4,M,False,विजयलाल  यादव,समान्य लेखपढ,,धनुषा मुखियापट्टी मुसहरनिया गाउँपालिका मुखियापट्टी,अनरीया  देवी,,2-धनुषा-3,342264,75
341452,मनोज कुमार साह,Manoja Kumara Sah,स्वतन्त्र,IND,2,M,False,राम वृक्ष साह,10+2,Government of Nepal,धनुषा जनकनन्दिनी गाउँपालिका खजुरी,,समाजसेवी,2-धनुषा-3,341452,47
342109,विनोद कर्ण,Vinoda Karn,स्वतन्त्र,IND,2,M,False,वृज किशोर लाल कर्ण,Bcom,,धनुषा जनकपुरधाम उपमहानगरपालिका शहिदनगर,अनिता कुमारी कर्ण,,2-धनुषा-3,342109,56
341619,कृष्ण कुमार साह,Krishna Kumara Sah,स्वतन्त्र,IND,0,M,False,राम जुलुम साह,10+2,कन्टिरझा नमुना मा.वि. बभनगामा,धनुषा जनकपुरधाम उपमहानगरपालिका रामपुर,,"मजदुरी, कृषि आदि",2-धनुषा-3,341619,38
342296,मात्रिका प्रसाद दास,Matrika Prasada Das,स्वतन्त्र,IND,0,M,False,राम सरोज दास,10+2,Government of Nepal,धनुषा नगराइन नगरपालिका ,,,2-धनुषा-3,342296,28
341848,सीता देवी साह,Sita Devi Sah,स्वतन्त्र,IND,0,F,False,संतु साह सुडी,SLC,Government of Nepal,धनुषा जनकपुरधाम उपमहानगरपालिका ,महेन्द्र प्रसाद साह,समाजसेवी,2-धनुषा-3,341848,52
341797,राज  किशोर  महतो ,Raja Kishora Mahato,राष्ट्रिय स्वतन्त्र पार्टी,2528,48270,M,True,बद्री   महतो ,,,धनुषा बटेश्वर गाउँपालिका ,प्रमिला  कुमारी  महतो ,,2-धनुषा-4,341797,51
341109,महेन्द्र यादव,Mahendra Yadav,नेपाली काँग्रेस,2583,15809,M,False,दिप नारायण यादव,B.Sc.,ललित नारायण मिथिला युनिर्भसिटी (भारत),धनुषा लक्ष्मीनिया गाउँपालिका बनिगामा,विना  यादव,"समाजसेवा, मंत्री",2-धनुषा-4,341109,63
340467,रघुबीर महासेठ,Raghubira Mahaseth,नेपाल कम्युनिष्ट पार्टी (एकीकृत मार्क्सवादी लेनिनवादी),2598,11529,M,False,मखन  महासेठ,B.E.,"Birla Institute of Technology, Mesra, India",धनुषा जनकपुरधाम उपमहानगरपालिका ,जुली कुमारी महतो,"भुपु उपप्रधानमंत्री - २ पटक
कार्यवाहक प्रधानमंत्री",2-धनुषा-4,340467,64
340571,संजय कुमार महतो,Sanjaya Kumara Mahato,नेपाली कम्युनिष्ट पार्टी,2557,1336,M,False,विजय कुमार महतो,स्नातक तह,"त्रिभुवन विश्वविद्यालय, काठमाण्डाैं",धनुषा बटेश्वर गाउँपालिका निरसपुर,,सिभिल इन्जिनियरीङ्गका कार्यहरू,2-धनुषा-4,340571,32
341453,इन्द्रजित कुमार यादब,Indrajita Kumara Yadab,जनमत पार्टी,2585,568,M,False,सिताशरण  यादब,एस.एल.सी,"श्री जनता मा.वि., बनिनियाँ,गाेपालपुर",धनुषा मिथिला बिहारी नगरपालिका ,रिता कुमारी यादब,,2-धनुषा-4,341453,47
341223,कृष्ण चन्द्र प्रसाद साह,Krishna Chandra Prasada Sah,"जनता समाजवादी पार्टी, नेपाल",2542,516,M,False,शिव चन्द्र प्रसाद साह,पि.एच.डि.,"युनिर्भसिटी अफ काेलाेरेडाे, USA",धनुषा जनकपुरधाम उपमहानगरपालिका मुजेलिया,,,2-धनुषा-4,341223,63
340854,राम वावु साह हलुवाइ,Rama Vavu Saha Haluvai,राष्ट्रिय प्रजातन्त्र पार्टी,2604,299,M,False,शिवलाल  साह,प्रविणता प्रमाणपत्र,,धनुषा मिथिला बिहारी नगरपालिका तारापटी,लिलम देवी साह,"सामाजिक सहयोग
शिक्षक तालिम प्राप्त
विभिन्न संघसंस्थामा तालिम",2-धनुषा-4,340854,48
342022,जितेन्‍द्र दास,Jiten‍dra Das,राष्ट्रिय एकता दल,2548,172,M,False,हरि  दास,एस.एल.सी.,"श्री एस सत अाचार्य प्राइमरी कमर्स हाइ स्कुल, बसन्तपुर",धनुषा जनकपुरधाम उपमहानगरपालिका ,,,2-धनुषा-4,342022,31
340413,सूर्य प्रसाद लामा,Surya Prasada Lama,मंगोल नेशनल अर्गनाइजेसन,2511,119,M,False,मिन बहादुर लामा,स्नातक तह,"मल्टिपल क्याम्पस, पाटन",धनुषा क्षिरेश्वरनाथ नगरपालिका महेन्‍द्रनगर,काजु  कुमारी,"पशु चिकित्सक विज्ञान
अाधानिक कृषि व्यवस्था
समाजसेवा सामािजक कार्य",2-धनुषा-4,340413,62
341586,रामहृदय महतो,Ramahridaya Mahato,स्वतन्त्र,IND,104,M,False,राजाराम  महतो,एस.एल.सी.,जनता मा.वि. नक्टाझिज,धनुषा मिथिला नगरपालिका नकटाझीँझ,इन्दु  देवि,,2-धनुषा-4,341586,43
339962,देव नारायण शाह,Deva Narayana Shah,नेपाल कम्युनिस्ट पार्टी (माओवादी),2526,85,M,False,गोसाई  शाह तेली,I.Sc.,मिथिला जनता महाविद्यालय मधुबनी बिहार,धनुषा मिथिला नगरपालिका ढल्केवर,कल्पना कुमारी लामा,सामाजिक विषलेश्णऽ कृषिऽ मानवता सम्बन्धी,2-धनुषा-4,339962,59
342213,राकेश कुमार राय,Rakesha Kumara Ray,प्रगतिशील लोकतान्त्रिक पार्टी,2516,35,M,False,भोगेन्‍द्र राय अमात,+2,माेडेल मल्टिपल कलेज,धनुषा जनकपुरधाम उपमहानगरपालिका कुर्था,अमृता  देवी,स्वास्थ्य अनुसन्धान,2-धनुषा-4,342213,39
341494,विनोद कुमार यादव,Vinoda Kumara Yadav,स्वतन्त्र,IND,27,M,False,भोला  यादव,एस.एल.सी,,धनुषा लक्ष्मीनिया गाउँपालिका वनिगामा,संजु कुमारि यादव,समाजसेवी,2-धनुषा-4,341494,34
341716,बिरेन्द्र कुमार यादव,Birendra Kumara Yadav,स्वतन्त्र,IND,25,M,False,दुखी  यादव,एस.एल.सी.,"क्षीरेश्वर जनता मा.वि., महेन्द्रनगर, धनुषा",धनुषा क्षिरेश्वरनाथ नगरपालिका सखुवा महेन्द्रनगर,सुमिन्त्रा देवी यादव,,2-धनुषा-4,341716,44
341267,राम कुमार महतो कोइरी,Rama Kumara Mahato Koiri,स्वतन्त्र,IND,22,M,False,वासुदेव  महतो,प्रविणता प्रमाणपत्र,,धनुषा मिथिला नगरपालिका हरिहरपुर,शोभा देवी कोइरी,,2-धनुषा-4,341267,49
342584,सम्‍पत महतो कोइरि,Sam‍pata Mahato Koiri,आम जनता पार्टी(एकल चुनाव चिन्ह),2581,20,M,False,पंच लाल महतो,एम.ए.,रा.रा.ब.क्याम्पस,धनुषा मिथिला नगरपालिका नक्‍टाझिज,सविता  कुशवाहा,शिक्षण पेशा ३० वर्ष,2-धनुषा-4,342584,61
341861,प्रमोद कुमार यादव,Pramoda Kumara Yadav,स्वतन्त्र,IND,20,M,False,श्रीचन्द्र  यादव,+2,श्री जनता मा.वि. बनिनियाँ,धनुषा लक्ष्मीनिया गाउँपालिका वनिनिया,सिहन्ती  कुमारी,,2-धनुषा-4,341861,53
341950,जंग बहादुर यादव,Janga Bahadura Yadav,स्वतन्त्र,IND,19,M,False,सोनेलाल  यादव,प्रविणता प्रमाणपत्र,,धनुषा मिथिला बिहारी नगरपालिका पुरन्दाहा,वविता कुमारी यादव,,2-धनुषा-4,341950,45
340601,अनिल कुमार चौधरी,Anila Kumara Chaudhari,स्वतन्त्र,IND,17,M,False,राजदेव  चौधरी,प्रविणता प्रमाणपत्र,क्षीरेश्वर ज.उ.मा.वि.,धनुषा क्षिरेश्वरनाथ नगरपालिका कुचाइटोल,,"राजनीतिक, व्यवसाय",2-धनुषा-4,340601,29
341622,दिपेश कुमार यादव,Dipesha Kumara Yadav,स्वतन्त्र,IND,16,M,False,सुखदेव  यादव,प्रविणता प्रमाणपत्र,"गोगल प्रसाद मा.वि. स्कुल,बसहिया",धनुषा क्षिरेश्वरनाथ नगरपालिका ,,,2-धनुषा-4,341622,28
342609,राजेन्द्र कुमार यादव,Rajendra Kumara Yadav,स्वतन्त्र,IND,14,M,False,फुलगेन  यादव,एस.इ.इ.,मा.वि.ठेरा,धनुषा मिथिला बिहारी नगरपालिका ,अजिला देवी यादव,,2-धनुषा-4,342609,32
342446,राजकिशोर महरा,Rajakishora Mahara,स्वतन्त्र,IND,14,M,False,श्री गुलाचन  महरा,प्रविणता प्रमाणपत्र,"क्षीरेश्वर जनता उ.मा.वि., महेन्द्रनगर,धनुषा",धनुषा क्षिरेश्वरनाथ नगरपालिका चन्द्रपुर,प्रमिला देवी महरा,,2-धनुषा-4,342446,54
342391,महाविर यादव,Mahavira Yadav,राष्ट्रिय मुक्ति पार्टी नेपाल(एकल चुनाव चिन्ह),2531,13,M,False,सेनी  यादव,एस.एल.सी.,"श्री उच्च मा.वि. जगरूप साह रामकुमार साह विद्यालय, प्रशुराम ताेला",धनुषा मिथिला बिहारी नगरपालिका पुरनदाहा,सुन्दर देवी यादव,,2-धनुषा-4,342391,38
342312,मुकेश कुमार यादव,Mukesha Kumara Yadav,स्वतन्त्र,IND,12,M,False,हरि यादव,+2,"न्यू मिलिनियम कलेज, जनकपुर",धनुषा मिथिला बिहारी नगरपालिका अन्दुपट्टी,हिरा देवी यादव,,2-धनुषा-4,342312,35
342137,वौवेलाल यादव,Vauvelala Yadav,स्वतन्त्र,IND,12,M,False,राम प्रगास यादव,एस.एल.सी.,"श्री जनता मा.वि. बनिनिनया, गाेपालपुर, धनुषा",धनुषा लक्ष्मीनिया गाउँपालिका बनिनिया,,,2-धनुषा-4,342137,32
342241,दिपक यादव,Dipaka Yadav,स्वतन्त्र,IND,11,M,False,नविन  यादव,इन्जिनियरीङ्ग,,धनुषा जनकपुरधाम उपमहानगरपालिका शिवपुर,,,2-धनुषा-4,342241,31
340677,सतीश कुमार साह,Satisha Kumara Sah,स्वतन्त्र,IND,10,M,False,कैलाश प्रसाद साह,स्नाकोत्तर,त्रिभुवन विश्वविद्यालय,धनुषा जनकपुरधाम उपमहानगरपालिका ,पुजा कुमारी साह,संस्थाहरूमा दशाैं तहमा ५ वर्ष काम गरेकाे ।,2-धनुषा-4,340677,37
340909,जागेश्‍वर महतो कोइरी,Jagesh‍vara Mahato Koiri,स्वतन्त्र,IND,9,M,False,विन्देश्‍वर  महतो,एस.एल.सी.,"क्षीरेश्वर जनता मा.वि., महेन्द्रनगर,धनुषा",धनुषा मिथिला नगरपालिका कुसुमविसौना,सौतिल्या देवी कोइरी,गा.वि.स. उपाध्यक्ष भइ काम गरेकाे,2-धनुषा-4,340909,59
340969,नारायण वास्तोला,Narayana Vastola,स्वतन्त्र,IND,8,M,False,निल प्रसाद वास्तोला,एम.एड.,,धनुषा मिथिला नगरपालिका ढल्केवर,प्रेम कुमारी तिमल्सिना,,2-धनुषा-4,340969,40
342408,राज कुमार मह्‍तो,Raja Kumara Mah‍to,स्वतन्त्र,IND,8,M,False,बद्री  मह्‍तो,स्नातक,त्रि.वि.,धनुषा बटेश्वर गाउँपालिका ,नोलम कुमारी मह्‍तो,,2-धनुषा-4,342408,42
341396,हरि शंकर प्रसाद यादव,Hari Shankara Prasada Yadav,स्वतन्त्र,IND,7,M,False,मिथिला बिहारी यादव,S.L.C.,"क्षीरेश्वर जनता मा.वि., महेन्द्रनगर,धनुषा",धनुषा जनकपुरधाम उपमहानगरपालिका ,संगिता देवी यादव,समाजसेवामा लगनशील,2-धनुषा-4,341396,43
342063,मिथिलेश कुमार यादव,Mithilesha Kumara Yadav,स्वतन्त्र,IND,6,M,False,बिन्देश्वर  यादव,एस.एल.सी.,"श्री जनता मा.वि.,चन्दनपुर, सिन्धुली",धनुषा लक्ष्मीनिया गाउँपालिका सपही,आर्ती कुमारी देवी यादव,,2-धनुषा-4,342063,45
342278,राजेश कुमार यादव,Rajesha Kumara Yadav,स्वतन्त्र,IND,6,M,False,विर्जु  यादव,इन्जिनियरीङ्ग,"कुरूकक्षेत्र विश्वविद्यालय, हरियाणा, भारत",धनुषा लक्ष्मीनिया गाउँपालिका वनिगामा,,,2-धनुषा-4,342278,36
341915,राकेश चौधरी,Rakesha Chaudhari,स्वतन्त्र,IND,5,M,False,राम सुन्दर चौधरी,एस.एल.सी.,"श्री किशाेरी जनता मा.वि., हरिहरपुर",धनुषा बटेश्वर गाउँपालिका बरदोरिया,,,2-धनुषा-4,341915,36
340530,वाँवी कुमारी महतो,Vanvi Kumari Mahato,स्वतन्त्र,IND,5,F,False,राजेन्द्र प्रसाद महतो,S.L.C.,"जनता मा.वि., नक्टाझिज, धनुषा",धनुषा मिथिला नगरपालिका नकटाझिज,शत्रुधन  महतो,,2-धनुषा-4,340530,38
341834,हरि प्रसाद पौडेल,Hari Prasada Paudel,स्वतन्त्र,IND,5,M,False,शिव हरी पौडेल,एस.एल.सी.,क्षीरेश्वर जनता मा.वि.,धनुषा क्षिरेश्वरनाथ नगरपालिका काफ्ले टोल,विना कुमारी पौडेल,,2-धनुषा-4,341834,54
342098,राम हृदय यादब,Rama Hridaya Yadab,स्वतन्त्र,IND,3,M,False,राम नारायण यादब,बि.ए.,"न्यू मिलिनियम कलेज, जनकपुरधाम",धनुषा लक्ष्मीनिया गाउँपालिका बनिगामा,,,2-धनुषा-4,342098,37
341312,प्रमोद कुमार महतो,Pramod Kumar Mahato,राष्ट्रिय स्वतन्त्र पार्टी,2528,34636,M,True,Shiv Shankar Mahato,SLC,श्र‍ी मा.वि. गौशाला,Mahottari,Babita Mahato,"व्यापार, राजनीती, कृषि समेत",2-महोत्तरी-1,341312,40
340587,गिरिराज  मणी  पोखरेल,Giriraj Mani Pokharel,नेपाली कम्युनिष्ट पार्टी,2557,12624,M,False,Chandra Mani Pokhrel,स्नातकोत्तर तह व्यवस्थान र कानूनमा स्नातक,त्रिभुवन विश्वविद्यालय,Morang,,2064 र 2070 साल संविधान सभा सदस्य समेत,2-महोत्तरी-1,340587,68
339924,लक्ष्मी महताे काेइरी,Lakshmi Mahatae Kaeiri,नेपाल कम्युनिष्ट पार्टी (एकीकृत मार्क्सवादी लेनिनवादी),2598,6591,M,False,राम सुन्दर महतो,SLC,श्री मा.वि. नगौल,महोत्तरी गौशाला नगरपालिका निगौल,रामकुमारी  देबी,2079 सालमा नेकपा ऐमालेबाट प्रतिनिधि सभा सदस्य निर्वाचित,2-महोत्तरी-1,339924,61
340794,मुकेश राज काफ्ले,Mukesh Raj Kafle,नेपाली काँग्रेस,2583,6213,M,False,Rudra Prasad Kafle,विद्यावारिधी,त्रिभुवन विश्‍वविद्यालय,Kathmandu,Liza Pyakurel,इन्जिनियरिङ्ग पेशा र अध्यापन,2-महोत्तरी-1,340794,51
340031,लिला दियाली,Lila Diyali,श्रम संस्कृति पार्टी,2501,867,F,False,Padam Prasad Diyali,स्‍नातकोत्तर,रा.रा.ब. क्याम्पस गोलबजार सिराहा,Jhapa,,महिला अधिकार मानवअधिकार क्षेत्रमा ५ वर्ष सम्म काम गरेको अनुभव समेत,2-महोत्तरी-1,340031,45
341615,विरेन्द्र महतो,Birendra Mahato,जनमत पार्टी,2585,560,M,False,Rampukar Mahato,+2 पास,NEB,Mahottari,,राजनितीमा 10 वर्षको अनुभव,2-महोत्तरी-1,341615,27
342588,होम प्रसाद पोखरेल,Hom Prasad Pokharel,राष्ट्रिय प्रजातन्त्र पार्टी,2604,475,M,False,Akal Nath Pokhrel,+2 पास,श्री नवक्षितिज स्कुल,Mahottari,Januka Pokharel,समाजिक सेवा,2-महोत्तरी-1,342588,45
339993,योग नारायण महतो,Yog Narayan Mahato,"जनता समाजवादी पार्टी, नेपाल",2542,319,M,False,Shivaram Mahato,स्‍नातक,मगध युनभरसिटी पटना विहार,Mahottari,,जसपा नेपालमा 10 वर्ष देखि युवाको रुपमा सक्रिय सहभागिता,2-महोत्तरी-1,339993,45
342340,सुनैना देवी कोइरी,Sunaina Devi Koir,स्वतन्त्र,IND,190,F,False,सिहेश्‍वर  महतो,n,,महोत्तरी गौशाला नगरपालिका निगौल ठाकुर,विरेन्द्र  महतो,,2-महोत्तरी-1,342340,40
342270,शिव नारायण महतो,Shiva Narayan Mahato,स्वतन्त्र,IND,185,M,False,राम सेवक महतो,SLC,neb,महोत्तरी गौशाला नगरपालिका ,शिव् णरयन् महतो,समाजिक अभियन्ता,2-महोत्तरी-1,342270,26
342724,मनोज कुमार गुप्ता,Manoj Kumar Gupta,उज्यालो नेपाल पार्टी,2566,176,M,False,Ram Ashish Sah,+2 पास,NEB,Mahottari,,,2-महोत्तरी-1,342724,28
339469,रमेश कुमार सिंह दनुवार,Ramesh Kumar Singh Dunuwar,मंगोल नेशनल अर्गनाइजेसन,2511,94,M,False,हेम नारायण  सिंह दनुवार,सााधारण लेखपेढ,,महोत्तरी भँगाहा नगरपालिका धनषपुर,ईश्वर वती देवी दनुवार,मेघनाथ गोरहन्ना खानेपानी समितीको अध्यक्ष 2062 सालमा समेत,2-महोत्तरी-1,339469,70
339353,मणिराज निरौला,Maniraj Niraula,नेपाल कम्युनिष्ट पार्टी (संयुक्त),2601,54,M,False,Ayodhya Prasad Niroula,slc pass,श्री जनता मा.वि. डाँडाटोल विजलपुरा,Mahottari,Nirmala Niraula,,2-महोत्तरी-1,339353,52
341515,प्रेम बहादुर राना मगर,Prem Bahadur Rana Magar,स्वतन्त्र,IND,47,M,False,Karna Singh Rana Magar,  साधारण लेखपढ,   ,Mahottari,Tulsi Maya Lopchan,,2-महोत्तरी-1,341515,81
341387,मुकेश साह,Mukesh Sah,आम जनता पार्टी(एकल चुनाव चिन्ह),2581,36,M,False,Satya Narayan Sah,कक्षा 10,भेरुखी मा.वि. लोहारपट्टी,Mahottari,Kiran Kumari Sah,,2-महोत्तरी-1,341387,38
342536,जीवन कुमार मगर,Jivana Kumara Magar,स्वतन्त्र,IND,36,M,False,अर्न बहादुर खप्‍तरी,एस एल सी,,महोत्तरी गौशाला नगरपालिका गौशाला,,,2-महोत्तरी-1,342536,38
339938,सुरेन्द्र महतो,Surendra Mahato,स्वतन्त्र,IND,34,M,False,Ram Chandra Mahato,साधारण लेखपढ,,Mahottari,Shivshakti Devi Mahato,    ,2-महोत्तरी-1,339938,48
340318,सुनिल  कुमार  सिंह,Sunil Kumar Singh,स्वतन्त्र,IND,22,M,False,Shubha Narayan Singh, SLC,श्री मा.वि हाथिलेट,Mahottari,Bhawana Shrestha, ,2-महोत्तरी-1,340318,36
342684,निरु कुमारी,Niru Kumari,स्वतन्त्र,IND,18,F,False,Dhan Bahadur K.C.,एस एल सि पास,श्री त्रिभुवन मा.वि. गौशाला,Mahottari,,,2-महोत्तरी-1,342684,55
339367,कृष्ण श्‍वरी मानन्धर (दुवाल),Krishna Shwori Manandhar (Duwal),नेपाल मजदुर किसान पार्टी,2578,16,F,False,Ganesh Ram Manandhar (Duwal),,भक्तपुर बहुमुखी क्याम्पस,Bhaktapur,Sanjay Manandhar (Duwal),    ,2-महोत्तरी-1,339367,41
342239,परमेश्‍वर पासवान दुसाध,Paramesh‍vara Pasavana Dusadh,स्वतन्त्र,IND,14,M,False,मितन पासवान,साधारण लेखपढ,,महोत्तरी गौशाला नगरपालिका भरतपुर,दशरथिया देवी पासवान,समाजसेवा,2-महोत्तरी-1,342239,70
341201,सोमिन्द्र सार्की,Somindra Sarki,स्वतन्त्र,IND,13,M,False,Lata Sarki,स्नातक,त्रि.वि.,Mahottari,,,2-महोत्तरी-1,341201,32
341831,बौवे लाल महतो,Bauve Lala Mahato,स्वतन्त्र,IND,11,M,False,राम प्रसाद महतो,+2,जनता बहुमुखी क्याम्पस,महोत्तरी बर्दिबास नगरपालिका ,तारा कुमारी महतो,निर्माण कार्यको गुणस्तर परिक्षणमा 15 वर्षको अनुभव,2-महोत्तरी-1,341831,38
339879,सचिन महतो,Sachin Mahato,स्वतन्त्र,IND,9,M,False,Laxman Mahato Koiri,SLC ,श्री मा.वि. निगौल,Mahottari,Nilam Kumari Mahato,वि.सं. 2079 को नगरपालिका गौशाला महोत्तरीमा नगर प्रमुखको उम्मेदवार,2-महोत्तरी-1,339879,26
340828,सविता कुमारी देवी,Sabita Kumari Devi,स्वतन्त्र,IND,3,F,False,Rajaram Mahato Koiri,स्नातक,त्रिभुवन उ.मा.वि. गौशाला,Mahottari,Sanjay Kumar Mahato,"सामाजिक सेवा, कृषि र शिक्षा",2-महोत्तरी-1,340828,36
341190,दिपक कुमार साह,Dipaka Kumara Sah,राष्ट्रिय स्वतन्त्र पार्टी,2528,32722,M,True,राम गोपाल साह,मास्टर्स,institute of medicine (london school of Hygiene and tropical medicine),महोत्तरी महोत्तरी गाउँपालिका ,,"विश्‍व स्वास्थ्य संगठन, फ.एच. आई.360",2-महोत्तरी-2,341190,34
341460,शरत सिंह भण्डारी,Sharat Singh Bhandari,"जनता समाजवादी पार्टी, नेपाल",2542,10198,M,False,Jugeshwar Shah Kanu,स्नातक,"त्रिभुवन विश्‍व विद्यालय, नेपाल",Mahottari,Nanda Devi Sah,नेपाल सरकारको विभिन्‍न मन्त्रालयको मन्त्री भै कार्यभार सम्हाली कार्य गरेको अनुभव,2-महोत्तरी-2,341460,71
340662,किरण यादव,Kiran Yadav,नेपाली काँग्रेस,2583,9745,F,False,Ram Lagan Yadav,वि.ए.(स्नातक),त्रिभुवन विश्‍व विद्यालयःपदम कन्या क्यामपस,Mahottari,Muni Lal Yadav,"संविधान सभा सदस्य (2065-070)
प्रतिनिधि सभा सदस्य (2070-074)",2-महोत्तरी-2,340662,58
342118,कासिम नदाफ,Kasima Nadaph,नेपाल कम्युनिष्ट पार्टी (एकीकृत मार्क्सवादी लेनिनवादी),2598,3524,M,False,ओलि महमद नदाफ,,,महोत्तरी बलवा नगरपालिका ,कारो  खातुन,,2-महोत्तरी-2,342118,58
341828,लक्ष्मण कुमार यादव,Lakxman Kuar Yadav,नेपाली कम्युनिष्ट पार्टी,2557,737,M,False,जूगल किशोर यादव,स्नातकोत्तरोपाधि,त्रिभुवन विश्‍व विद्यालय,महोत्तरी भँगाहा नगरपालिका संग्रामपुर,,"सिभिल ईन्जियरिङ्ग सम्बन्धी निर्माण कार्यहरुमा पुलको लोड टेष्ट, पाइल लोड टेष्ट सम्बन्धी समाजशास्त्र कार्यालय सम्बन्धिी निर्माण कार्य तथा सिभिल लैव परिक्षण सम्बन्धी समेत।",2-महोत्तरी-2,341828,44
342212,जय कुमार पाण्डेय,Jay Kumar Pandeya,जनमत पार्टी,2585,463,M,False,विजय कुमार पाण्डेय,10+2,राजर्शी जनक क्यामपस जनकपुर-4,महोत्तरी एकडारा गाउँपालिका कोल्हुवा,,गै.स.स. मा पाँच वर्ष फिल्ड मोविलाइजरको रुपमा कार्य र प्राईभेट बोर्डिङ स्कुल शिक्षक,2-महोत्तरी-2,342212,31
342297,सकिन्‍दर महरा,Sakindar Mahara,स्वतन्त्र,IND,331,M,False,सितवा  चमार,+2,,महोत्तरी बलवा नगरपालिका ,विनिता  देवी,,2-महोत्तरी-2,342297,35
342258,तुफान नट,Tuphana Nat,राष्ट्र निर्माण दल नेपाल,2527,246,M,False,ताहीर नट,8 कक्षा ,,महोत्तरी बलवा नगरपालिका अध्‍यानपुर,सकीना नट,,2-महोत्तरी-2,342258,48
340192,राकेश मण्डल,Rakesh Mandal,उज्यालो नेपाल पार्टी,2566,222,M,False,Dip Narayan Mandal,स्नातकोत्तर,Lioining Medical Univercity China,Mahottari,Richa Mandal,स्वास्थ्य सेवामा 10 वर्ष,2-महोत्तरी-2,340192,42
342359,राज नारायण झा,Raj Narayan Jha,प्रगतिशील लोकतान्त्रिक पार्टी,2516,174,M,False,Ganga Prasad Jha,MBBS,थाइसेन मेडिकल युनुभर्सिटी चाइना,Mahottari,,"BHRC Hospital malagwa, sarlahi",2-महोत्तरी-2,342359,37
341112,रामलखन साह कानु,Ramlakhan Sah Kanu,राष्ट्रिय प्रजातन्त्र पार्टी,2604,157,M,False,Prithviman Singh Bhandari,सधारण,श्री लक्ष्मी प्रा. विद्यालय हतिसर्वा,Lalitpur,Rashmi Singh Bhandari,,2-महोत्तरी-2,341112,58
341315,आलम कवारि,Aalam Kawari,श्रम संस्कृति पार्टी,2501,105,M,False,सलिम  कवारि,SLC,,महोत्तरी बलवा नगरपालिका रौजा,रइमा  खातुन,,2-महोत्तरी-2,341315,39
341386,रमण कुमार कर्ण,Raman Kumar Karn,जनादेश पार्टी नेपाल(एकल चुनाव चिन्ह),2581,99,M,False,Chandra Kishore Lal Karna,BALLB,TU,Mahottari,Puja Kumari Datta,कानून व्यवसायी अधिवक्ता,2-महोत्तरी-2,341386,50
341032,राजेश प्रसाद साह,Rajesh Prashad Shah,स्वतन्त्र,IND,75,M,False,गणेश प्रसाद साह,8 कक्षा पास,,महोत्तरी भँगाहा नगरपालिका धर्मपुर,किरण देवी साह,,2-महोत्तरी-2,341032,43
340967,इदरिस मोमिन,Idris Momin,नेपाल कम्युनिष्ट पार्टी (संयुक्त),2601,32,M,False,Maimudin Momin,,,Mahottari,Gulshan Khatun,"खेतिहर मज्दुर, समाज सौवी",2-महोत्तरी-2,340967,58
342664,धनजय कुमार हाथी,Dhanjay Kumar Hathi,स्वतन्त्र,IND,31,M,False,बैधनाथ  हाथी,MBBS,TU,महोत्तरी पिपरा गाउँपालिका ,,वैंकिङ्ग क्षेत्रमा तथा समाज सेवा,2-महोत्तरी-2,342664,33
341895,बसन्त कुमार यादव,Basanta Kumar Yadav,स्वतन्त्र,IND,31,M,False,Shivachandar Yadav,SLC,श्री योग कुमार मा.वि. बलवा,Mahottari,Sarita Devi Yadav,,2-महोत्तरी-2,341895,36
342631,दुलरी देवी थारु,Dulari Devi Tharu,स्वतन्त्र,IND,30,F,False,Ram Autar Tharu,साधारण लेखपढ,,Mahottari,Vishnu Narayan Tharu,,2-महोत्तरी-2,342631,63
342423,भरत यादव,Bharat Yadav,स्वतन्त्र,IND,25,M,False,Chandeshwar Yadav,SLC,,Mahottari,,,2-महोत्तरी-2,342423,36
341724,इन्‍द्रेश सहनी मलाह,Indresh Sahani Malah,स्वतन्त्र,IND,22,M,False,Kamaldev Sahani Malah,SLC,,Mahottari,Rina Devi,,2-महोत्तरी-2,341724,31
341507,श्री राम सिंह दनुवार,Shri Rama Sinha Danuvar,स्वतन्त्र,IND,22,M,False,महिन्‍द्र राय सिंह दनुवार,SLC ,,महोत्तरी भँगाहा नगरपालिका हर्षपुर,निशा देवी सिंह,,2-महोत्तरी-2,341507,41
340113,जय किशोर साह,Jay Kishor Sah,स्वतन्त्र,IND,19,M,False,Sonai Sah,S.L.C.,नेपाल सरकार,Mahottari,Shushila Devi,स्थानिय क्षेत्रमा राजनितिक शिक्षाको अनुभव,2-महोत्तरी-2,340113,70
340521,राजी मण्डल,Raji Mandal,नेपाल मजदुर किसान पार्टी,2578,18,M,False,Juri Mandal,,,Mahottari,Shivo Devi Mandal,,2-महोत्तरी-2,340521,63
340447,राज गुरु यादव,Raj Guru Yadav,स्वतन्त्र,IND,16,M,False,Bharat Yadav,SLC,,Mahottari,,,2-महोत्तरी-2,340447,26
342535,विके आजाद दास,Vike Aajada Das,स्वतन्त्र,IND,16,M,False,राम प्रसाद दास तत्मा,SLC,,महोत्तरी बलवा नगरपालिका ,दुलारी देवी दास,10 बर्ष देखि राजनिति गरेको,2-महोत्तरी-2,342535,46
339554,कमल गुरुङ,Kamal Gurung,मंगोल नेशनल अर्गनाइजेसन,2511,14,M,False,Kulal Gurung,+2,,Dhading,Asha Gurung,,2-महोत्तरी-2,339554,47
340145,सतिश साह तेली,Satish Sah Teli,स्वतन्त्र,IND,11,M,False,Moti Lal Sah Teli,10+2,,Mahottari,Nisha Sah,,2-महोत्तरी-2,340145,59
342513,बिनिता देवी चौधरी,Reshma Devi,स्वतन्त्र,IND,10,F,False,Aaso Devi,साधारण लेखपढ,,Mahottari,Lal Bahadur Devi,,2-महोत्तरी-2,342513,47
342393,जिवेन्‍द्र यादव,Jivendra Yadav,स्वतन्त्र,IND,8,M,False,Bindeshwar Yadav,साक्षर,,Mahottari,Babita Devi,,2-महोत्तरी-2,342393,39
340879,महेश कुमार यादव,Mahesh Kumar Yadav,स्वतन्त्र,IND,8,M,False,Lal Babu Yadav,SLC,,Mahottari,,,2-महोत्तरी-2,340879,32
341865,दिलिप कुमार यादव,Dilip Kumar Yadav,स्वतन्त्र,IND,7,M,False,Dhanesar Yadav,SLC,श्री योग कुमार उच्च मा.वि. बलवा,Mahottari,Gita Devi,,2-महोत्तरी-2,341865,30
340285,प्रविण कुमार यादव,Prabin Kumar Yadav,स्वतन्त्र,IND,7,M,False,देवेन्द्र  यादव,SLC,,महोत्तरी लोहरपट्टी नगरपालिका वगडा,पुनिता देवी यादव,,2-महोत्तरी-2,340285,34
341553,महंथ सदा,Mahanth Sada,स्वतन्त्र,IND,7,M,False,Ram Singh Mushahar,8 कक्षा सम्म,,Mahottari,Binita Devi,,2-महोत्तरी-2,341553,44
342615,ललिता कुमारी मुसहर,Lalita Kumar Musahar,स्वतन्त्र,IND,5,F,False,सोने मुहसर सदा,साधारण,,महोत्तरी भँगाहा नगरपालिका ,रामहरी  सदा,,2-महोत्तरी-2,342615,37
340027,सत्‍य नारायन साह,Satya Narayan Sah,स्वतन्त्र,IND,5,M,False,Raj Kisor Sah,कक्षा 8 सम्म,,Mahottari,Ram Tola Devi,,2-महोत्तरी-2,340027,40
342173,अघनु पासमान,Adhanu Pasman,स्वतन्त्र,IND,4,M,False,राम लाल पासमान,,,महोत्तरी बलवा नगरपालिका बिचला,खैकी देबी पासमान,25 वर्ष देखि राजनिति गरेको,2-महोत्तरी-2,342173,74
342598,रेशमा देवी,Reshma Devi,स्वतन्त्र,IND,1,F,False,Aaso Devi,साधारण लेखपढ,,Mahottari,Lal Bahadur Devi,10 वर्ष देखि समाज सेवा गरेको,2-महोत्तरी-2,342598,40
340549,उज्‍ज्‍वल कुमार झा,Ujjawal Kumar Jha,राष्ट्रिय स्वतन्त्र पार्टी,2528,32451,M,True,मनोज कुमार झा,ईन्जिनियर,भि.टि.यू. वेलगाम,महोत्तरी एकडारा गाउँपालिका एकडारा,,,2-महोत्तरी-3,340549,33
341631,मुहमद रिजवान,Muhamada Rijavan,नेपाल संघीय समाजवादी पार्टी(एकल चुनाव चिन्ह),2567,5969,M,False,ऐनुल हक मिया,स्नातक,,सर्लाही मलंगवा नगरपालिका जिलानिया,विमला  अन्सारी तरन्नुम,,2-महोत्तरी-3,341631,58
340816,राम आधार कापर,Ram Aadhar Kapar,स्वतन्त्र,IND,4790,M,False,Ram Vilas Kapar,M.A.,"ललित नारायण युनिभरसिटी दरभंगा बिहार,भारत",Mahottari,Sushree Sangita Gyawali,"1IVLP-USA
2 Diploma-Canada
3 Disaster Praining-South Korea
4 Opportunity Collaboration_Mexico",2-महोत्तरी-3,340816,55
341917,बजरंग नेपाली,Bajrang Nepali,नेपाली काँग्रेस,2583,4342,M,False,Ganesh Tiwari Nepali,स्नातक,रा.रा.ब.क्याम्पस जनकपुर,Mahottari,Naidu Kumari Nepali,,2-महोत्तरी-3,341917,59
342133,मिनाक्षी ठाकुर,Minakshi Thakur,"जनता समाजवादी पार्टी, नेपाल",2542,3946,F,False,Mahantha Thakur,,,Sarlahi,,,2-महोत्तरी-3,342133,41
340033,हरि नारायण यादव,Hari Narayan Yadav,स्वतन्त्र,IND,3531,M,False,Ramvaran Yadav,स्नातक,त्रिभुवन विश्व विधालय,Mahottari,Sita Yadav,35 बर्ष देखि राजनितिमा सक्रिय,2-महोत्तरी-3,340033,63
340195,मनोज कुमार सिंह,Manoj Kumar Singh,नेपाल कम्युनिष्ट पार्टी (एकीकृत मार्क्सवादी लेनिनवादी),2598,1516,M,False,Devindra Prasad Singh,आई.ए.सी.,कुमर सिंह कालेज दरभंगा,Mahottari,Sarita Singh,"क कृषि
ख होटल व्यवसय",2-महोत्तरी-3,340195,54
342559,शम्भु कापर,Shambhu Kapar,स्वतन्त्र,IND,510,M,False,Maheshwar Kapar,,,Mahottari,Babita Devi,,2-महोत्तरी-3,342559,47
342587,अरविन्द ठाकुर,Arbind Thakur,जनमत पार्टी,2585,421,M,False,जयकाला  ठाकुर,,,महोत्तरी पिपरा गाउँपालिका ,नितु  पाण्डेय,,2-महोत्तरी-3,342587,48
340334,रंजित कुमार साह,Ranjit Kumar Sah,उज्यालो नेपाल पार्टी,2566,261,M,False,Raj Narayan Sah,वि.वि.ए.,पोखरा विश्वविधालय,Mahottari,,,2-महोत्तरी-3,340334,30
340948,राजकिशोर साह मेहत्तरी सुडी,Raj Kishor Sah Mehattari Sudi,नेपाली कम्युनिष्ट पार्टी,2557,243,M,False,Ram Bahadur Sah Mehattari Sudi,एस.एल.सी.,,Mahottari,Shila Kumari,,2-महोत्तरी-3,340948,69
342671,राजेश्वर रा्य,Rajeshwar Ray,राष्ट्रिय प्रजातन्त्र पार्टी,2604,223,M,False,Anaruda Raya,स्नातक,,Mahottari,Sunita Devi Raya,,2-महोत्तरी-3,342671,58
342215,राज नन्‍दन राय यादव,Raj Nandan Raya Yadav,स्वतन्त्र,IND,211,M,False,दरेश राय यादव,,,महोत्तरी जलेश्वर नगरपालिका अनकार,निरमाला  देवी,,2-महोत्तरी-3,342215,64
342011,मुस्ताक अहमद अंसारी,Mustak Ahamad Ansari,राष्ट्र निर्माण दल नेपाल,2527,142,M,False,मो.शमिमुदीन  अंसारी,,,महोत्तरी जलेश्वर नगरपालिका मुसलिम,सबनम  खातुन,,2-महोत्तरी-3,342011,46
342520,कैलाश महत्तो,Kailesh Mahato,आम जनता पार्टी(एकल चुनाव चिन्ह),2581,136,M,False,देव नारायण महत्तो,,,महोत्तरी सोनमा गाउँपालिका ,कंचन कुमारी महत्तो,,2-महोत्तरी-3,342520,53
341232,रंजन कुमार झा,Ranjan Kumar Jha,स्वतन्त्र,IND,97,M,False,Ugra Sheshar Jha,,,Dhanusha,,,2-महोत्तरी-3,341232,33
340279,विनय कुमार मिश्र,Binaya Kumar Mishra,नेपाल जनता पार्टी,2507,83,M,False,बद्री  पारशर,वि.कम.,विहार विश्व विधालय,महोत्तरी जलेश्वर नगरपालिका ,विमला  मिश्र,"(क) लेखा अनुभव/लेखा परिक्षण
(ख) समाज सेवा
(ग) समाजिक समस्या समाधानमा सहयोग",2-महोत्तरी-3,340279,73
342470,धिरेन्द्र कुमार शर्मा,Dhirendra Kumar Sharma,नेपाल कम्युनिष्ट पार्टी (संयुक्त),2601,75,M,False,Ram Padarath Raya,,,Mahottari,Mintu Kumar Sharma,,2-महोत्तरी-3,342470,54
339999,रजनिश राज पण्डेय,Rajnish Raj Pandey,नेपालका लागि नेपाली पार्टी,2524,64,M,False,रुद कुमार पाण्डेय,बिए.एल.एल.बी.,नेपाल ल क्याम्पस काठमान्डौ,रौतहट दुर्गा भगवती गाउँपालिका भलोहिया,,(क) समाजिक कार्य,2-महोत्तरी-3,339999,25
340631,मो.साविर नूरि,Mo.savira Nuri,श्रम संस्कृति पार्टी,2501,57,M,False,मो.इसाख  नदाफ,स्नातक,श्री रा.ना.अ.उच्च मा.वि.पिपरा,महोत्तरी पिपरा गाउँपालिका अलिपट्टी,सहिदा  खातुन,,2-महोत्तरी-3,340631,39
341110,बेचन मण्‍डल,Bechan Mandal,स्वतन्त्र,IND,57,M,False,Madan Mandal,,,Mahottari,Lalo Devi,,2-महोत्तरी-3,341110,63
342537,बेचन प्रसाद मेहतरी,Bechan Prasad Mehatari,स्वतन्त्र,IND,44,M,False,मालवर  मेहतरी,,,महोत्तरी जलेश्वर नगरपालिका ,राजवती  देवी,,2-महोत्तरी-3,342537,67
342577,नईम राईन,Naim Rain,स्वतन्त्र,IND,37,M,False,Hadish Rai,,,Mahottari,Jumeda Khatun,,2-महोत्तरी-3,342577,63
340784,श्‍याम किशोर सिंह,Shyam Kishor Singh,स्वतन्त्र,IND,34,M,False,Nathuni Singh,एस.एल.सी.,श्री भै.गु.लो.मा.वी.वथनाहा,Mahottari,Janak Dulari Devi,,2-महोत्तरी-3,340784,56
342527,घनश्याम झा,Ghyanshyam Jha,स्वतन्त्र,IND,30,M,False,भागरथ  झा,,,महोत्तरी एकडारा गाउँपालिका ,मिना  झा,,2-महोत्तरी-3,342527,64
342551,राकेश कुमार साह,Rakesh Kumar Sah,स्वतन्त्र,IND,28,M,False,Jagdish Sah Kanu,,,Mahottari,Kabita Devi Sah,,2-महोत्तरी-3,342551,48
340698,मोहन चौधरी,Mohan Chaudhary,स्वतन्त्र,IND,26,M,False,Prabhu Chaudhary,एस.एल.सी.,मा.वि.वसहिया जि.धनुषा,Mahottari,Mishila Devi,,2-महोत्तरी-3,340698,50
342614,मोहम्मद फिरोज असारी,Mohammada Phiroja Asari,स्वतन्त्र,IND,22,M,False,हैदर  अंसारी,,,महोत्तरी मनरा शिसवा नगरपालिका ,....  ...,,2-महोत्तरी-3,342614,25
340891,मुकेश राय,Mukesh Raya,स्वतन्त्र,IND,20,M,False,श्यामनारायण  राय,प्लस टु,,महोत्तरी जलेश्वर नगरपालिका पतैली,रिंकु  देवी,,2-महोत्तरी-3,340891,46
341810,राज किशोर यादव,Raj Kishor Sah Mehattari Sudi,स्वतन्त्र,IND,19,M,False,Ram Bahadur Sah Mehattari Sudi,,,Mahottari,Shila Kumari,,2-महोत्तरी-3,341810,48
341175,ववि कुमारी,Vavi Kumari,स्वतन्त्र,IND,16,F,False,आशनारायण  कापर,,,महोत्तरी जलेश्वर नगरपालिका ,विरेन्‍द्र  कापर,,2-महोत्तरी-3,341175,37
342602,सतिश कुमार शर्मा,Satish Kumar Sharma,स्वतन्त्र,IND,14,M,False,Upendra Sharma,,,Mahottari,,,2-महोत्तरी-3,342602,38
342101,नागेन्‍द्र ठाकुर,Nagnedra Thakur,स्वतन्त्र,IND,11,M,False,मानेश्‍वर  ठाकुर,,,महोत्तरी एकडारा गाउँपालिका एकडारा,यिनद्र  कुमारी,,2-महोत्तरी-3,342101,53
342395,रमण कुमार ठाकुर,Raman Kumar Thakur,स्वतन्त्र,IND,10,M,False,Vindeshwar Thakur Maithil,,,Mahottari,Pinki Kumari,,2-महोत्तरी-3,342395,45
342693,रामचन्द्र पासमान,Ranchandra Pasman,स्वतन्त्र,IND,9,M,False,सुकन  पासमान,,,महोत्तरी जलेश्वर नगरपालिका सुगा,शारदा  देवी,,2-महोत्तरी-3,342693,55
342325,अजय कुमार महतो,Ajay Kumar Mahato,स्वतन्त्र,IND,7,M,False,Kapildev Mahato,,,Mahottari,Rampukari Devi Mahato,,2-महोत्तरी-3,342325,54
342176,पवन कुमार यादव,Pawan Kumar Yadav,स्वतन्त्र,IND,7,M,False,Baldev Yadav,,,Mahottari,Sunita Devi Yadav,,2-महोत्तरी-3,342176,55
342634,बिजय कुमार मंडल,Bijay Kumar Mandal,स्वतन्त्र,IND,6,M,False,Kishori Mandal Dhanuk,,,Mahottari,Kailasiya Devi Mandal,,2-महोत्तरी-3,342634,44
342662,पंकज कुमार पाण्डेय,Pankaj Kumar Pandey,स्वतन्त्र,IND,5,M,False,Ram Mani Pandey,,,Mahottari,,,2-महोत्तरी-3,342662,33
341956,सुरेश कुमार साह,Suresh Kumar Sah,स्वतन्त्र,IND,5,M,False,Laxmi Sah,,,Mahottari,Sunita Debi,,2-महोत्तरी-3,341956,48
341058,रंजय कुमार मिश्र,Ranjay Kumar Mishra,स्वतन्त्र,IND,3,M,False,Nawal Kishore Mishra,स्नातक,,Mahottari,,,2-महोत्तरी-3,341058,54
341656,गौरी कुमारी,Gauri Kumari,राष्ट्रिय स्वतन्त्र पार्टी,2528,30132,F,True,Ram Ekwal Raya Yadav,I.Sc.,,Mahottari,Shivaji Yadav,,2-महोत्तरी-4,341656,54
339497,सुरेन्‍द्र कुमार यादव,Surendra Kumar Yadav,"जनता समाजवादी पार्टी, नेपाल",2542,8742,M,False,Ram Dayal Yadav,M.D. Medicine,state medical academy kirgystan,Mahottari,Renu Yadav,"मेडिकल अधिकृत वीर अस्पताल मयवौध काठमाडौं, मेडिकल अधिकृत मधेश विज्ञान प्रतिष्ठान जनकपुर, मेडिकल अधिकृत जानकी मेडिकल कलेज रमदैया धनुषा",2-महोत्तरी-4,339497,54
342218,महेन्‍द्र कुमार राय,Mahendra Kumar Raya,नेपाली काँग्रेस,2583,6944,M,False,राम परिछन राय,स्‍नातक,त्रिभुवन विश्वविद्यालय,महोत्तरी औरही नगरपालिका कविलाशा,सैल  देवी,"पूर्व राज्य मन्त्री
निवर्तमान साँसद",2-महोत्तरी-4,342218,66
341913,निलम अधिकारी,Neelam Adhikari,नेपाल कम्युनिष्ट पार्टी (एकीकृत मार्क्सवादी लेनिनवादी),2598,6192,F,False,जोगेन्द्र राय यादव,10+2,,महोत्तरी औरही नगरपालिका ,दिपेन्द्र कुमार यादव,संविधान सभा सदस्यमा निर्वाचनमा सहभागि भएको,2-महोत्तरी-4,341913,43
339702,भरत प्रसाद शाह,Bharat Prasad Shah,नेपाली कम्युनिष्ट पार्टी,2557,5336,M,False,Ram Ashish Sah,,,Mahottari,Dil Kumari Shah,"गा.वि.स. अध्यक्ष २०५४ सालमा
अंतरिम संसद २०६३ सालमा
संविधान सदस्य २०६४ सालमा
प्रदेश सभा सदस्य २ पटक",2-महोत्तरी-4,339702,53
342574,मनोज कुमार साह,Manoj Kumar Sah,जनमत पार्टी,2585,806,M,False,Bhikhari Prasad,आइ एसी,RRMY मधुरी यादव कौलेज सीतामढी बिहार,Mahottari,Nilam Kumari,,2-महोत्तरी-4,342574,50
342749,विनोद कुमार मंडल,Binod Kumar Mandal,स्वतन्त्र,IND,469,M,False,मोहित  मंडल,स्‍नातक,,महोत्तरी रामगोपालपुर नगरपालिका ,,,2-महोत्तरी-4,342749,27
342368,अमित कुमार सिंह,Amit Kumar Singh,उज्यालो नेपाल पार्टी,2566,172,M,False,Babu Saheb Singh,स्‍नातक,TU,Dhanusha,,स्वास्थ्य सेवामा ५ वर्ष,2-महोत्तरी-4,342368,36
342731,सुनिल कुमार सिंह,Sunil Kumar Singh,राष्ट्रिय प्रजातन्त्र पार्टी,2604,119,M,False,Chandeshwar Prasad Singh,१२ पास,बिहार,Mahottari,Rupam Singh,१० वर्ष राजनितिक,2-महोत्तरी-4,342731,56
342737,विजय कुमार साह,Vijaya Kumara Sah,स्वतन्त्र,IND,110,M,False,देबलाल  साह,स्‍नातक,,महोत्तरी औरही नगरपालिका ,प्रेमशिला  कुमारी,समाजिक सेवा गरेको,2-महोत्तरी-4,342737,41
340837,रासबिहारी मण्‍डल,Rasbihari Mandal,नेपाल कम्युनिष्ट पार्टी (संयुक्त),2601,108,M,False,Garbhu Mandal,10,श्री योग कुमार मा.वि. बलवा महोत्तरी,Mahottari,Mithila Devi,समाज सेवा,2-महोत्तरी-4,340837,57
342700,सिलम देवी यादव,Silam Devi Yadav,आम जनता पार्टी(एकल चुनाव चिन्ह),2581,94,F,False,Bharat Raya,SEE,टिमकिया स्कुल,Mahottari, ,समाजसेवा,2-महोत्तरी-4,342700,38
341397,संजय यादव,Sanjay Yadav,स्वतन्त्र,IND,45,M,False,Vasudev Raya Yadav,,,Mahottari,Punam Devi,समाजिक सेवा गरेको,2-महोत्तरी-4,341397,38
341478,बिकाउ साह,Bikau Sahu,स्वतन्त्र,IND,42,M,False,किसुन साह,एस एल सी,,महोत्तरी मनरा शिसवा नगरपालिका मनरा,अर्चना देवी साह,,2-महोत्तरी-4,341478,51
340331,राजन पासवान,Rajana Pasavan,स्वतन्त्र,IND,23,M,False,रघुनाथ  पासमान,+2 डिप्लोमा सिभिल,CTEVT,महोत्तरी साम्सी गाउँपालिका ,,"शिक्षक २ वर्ष
साइट सुभरभाइजर ५ वर्ष",2-महोत्तरी-4,340331,30
342747,राम विनोद यादव,Rama Vinoda Yadav,स्वतन्त्र,IND,20,M,False,रामदरेश यादव,SLC,,महोत्तरी सोनमा गाउँपालिका सुन्‍दरपुर,लिलम देवी यादव,,2-महोत्तरी-4,342747,48
339650,राज नारायण यादब,Raj Narayan Yadav,स्वतन्त्र,IND,17,M,False,निरंजन यादब,‌‌+2 Science,मधेपुरा कलेज मधेपुरा,महोत्तरी साम्सी गाउँपालिका संग्रामपुर,इन्‍दु कुमारी यादब,"कृषक, समाजिक अभियन्ता समाजिक परिचालक, समाज सेवी इत्यादी",2-महोत्तरी-4,339650,62
339622,अजय कुमार यादव,Ajay Kumar Yadav,स्वतन्त्र,IND,15,M,False,Indal Yadav,S.L.C.,श्री सोनफी दशै मा.वि. श्रीपुर,Mahottari,,"समाजसेवी, स्थानीय स्तरमा समाजिक कार्यमा संलग्न",2-महोत्तरी-4,339622,37
342765,गणेश ठाकुर लोहार,Ganesh Thakur Lohar,स्वतन्त्र,IND,15,M,False,Shrichan Dev Lohar,SLC,,Mahottari,Shila Devi Lohar,समाजसेवी,2-महोत्तरी-4,342765,52
342783,इन्‍द्र जीत दास,In‍dra Jita Das,स्वतन्त्र,IND,14,M,False,राम अशिष तत्‍मा,साक्षर,,महोत्तरी औरही नगरपालिका कविलासा,सजन कुमारी देवी,,2-महोत्तरी-4,342783,42
340746,कमलेश कुमार भण्डारी,Kamleshowr Kumar Bhandari,राष्ट्रिय जनता पार्टी नेपाल,2551,13,M,False,पलटन  भण्डारी,स्‍नातक,"श्री स.ज.मा.वि. सोनमा-२, +2 mit jnk, bachler rajarshi janak campus",महोत्तरी सोनमा गाउँपालिका ,,समाजिक संघ संस्थामा कार्य गरेको,2-महोत्तरी-4,340746,31
341806,दिपेन्‍द्र कुमार यादव,Dipendra Kumar Yadav,स्वतन्त्र,IND,13,M,False,Surendra Prasad Yadav,10+2,बिहार इन्टरमेडिएट काउन्सिल पटना,Mahottari,Sunita Kumari Yadav,,2-महोत्तरी-4,341806,50
342775,रमिना खातुन,Ramina Khatun,स्वतन्त्र,IND,13,F,False,Hanif Nadaf,साक्षर,प्राथमिक विद्यालय,Mahottari,Anwaru Nadaf,,2-महोत्तरी-4,342775,38
342645,सुकेश कुमार यादव,Sukesh Kumar Yadav,स्वतन्त्र,IND,10,M,False,Dinesh Raya,10‌‌+2,,Mahottari,-  ,,2-महोत्तरी-4,342645,26
342485,सुमित्रा कुमारी,Sumitra Kumari,मंगोल नेशनल अर्गनाइजेसन,2511,9,F,False,Viman Singh,साधारण,,Mahottari,Hari Tamang,सामुदायिक वन सचिवको रुपमा ५ वर्ष काम गरेको,2-महोत्तरी-4,342485,43
342334,गंगा प्रसाद यादब,Ganga Prasad Yadav,स्वतन्त्र,IND,8,M,False,बेचु   प्रसाद यादव,10+2,,महोत्तरी रामगोपालपुर नगरपालिका ,,,2-महोत्तरी-4,342334,27
342780,रिजबाना खातुन,Rijbana Khatun,स्वतन्त्र,IND,8,F,False,अलि हुसेन नदाफ,साक्षर,,महोत्तरी औरही नगरपालिका ,जमिर  नदाफ,,2-महोत्तरी-4,342780,30
342785,सत्‍यनारायण महरा,Satyanarayan Mahara,स्वतन्त्र,IND,8,M,False,शिवसरण महरा,साक्षर,,महोत्तरी रामगोपालपुर नगरपालिका रामगोपालपुर,शरदा देवी,,2-महोत्तरी-4,342785,58
342714,राजेन्‍द्र मण्‍डल खतबे,Rajendra Mandal Khatbe,स्वतन्त्र,IND,7,M,False,Vilas Khatbe,SLC,श्री सोन्फी दशे मा वि श्रीपुर,Mahottari,Shani Devi,,2-महोत्तरी-4,342714,55
342744,सिंहेश्वर खत्बे,Singheshwar Khatbe,स्वतन्त्र,IND,7,M,False,खटर  खत्बे,,,महोत्तरी औरही नगरपालिका ,राम शिकिल देवी,,2-महोत्तरी-4,342744,68
342400,महिन्दर पासमान,Mahindar Pasman,स्वतन्त्र,IND,6,M,False,हरिचन  पासमान,निरक्षर,,महोत्तरी मनरा शिसवा नगरपालिका कट्टी,मरनी  देवी,,2-महोत्तरी-4,342400,51
342787,शान्ति देवी,Shanti Devi,स्वतन्त्र,IND,6,F,False,Kariyal Sada,कक्षा ७ उतिर्ण,श्री चुल्हाइ प्रा वि सरपल्लो,Mahottari,Dashaiya Sada,कृषि समाजसेवा,2-महोत्तरी-4,342787,37
342761,हरदेब महरा चमार,Hardev Mahara Chamar,स्वतन्त्र,IND,6,M,False,रुपनारायण  महरा,,,महोत्तरी रामगोपालपुर नगरपालिका ,- - -,,2-महोत्तरी-4,342761,61
342285,शिव शंकर कुमार  शर्मा,Shiva Shankar Kumar Sharma,"जनता लोकतान्त्रिक पार्टी, नेपाल",2574,5,M,False,राम चन्द्र ठाकुर,10+2,,महोत्तरी रामगोपालपुर नगरपालिका ,- - -,,2-महोत्तरी-4,342285,26
340013,मनोज कुमार यादव,Manoj Kumar Yadav,स्वतन्त्र,IND,5,M,False,Ramnath Yadav,आधारभुत तह,श्री योग कुमार मा.वि. बलवा सरपल्लो,Mahottari,Rekha Devi Yadav,"निरन्तर समाज सेवा, समाजिक कार्यमा, सरसफाइ इत्यादी",2-महोत्तरी-4,340013,41
340919,हरिश्चन्द्र ठाकुर,Harishchandra Thakur,स्वतन्त्र,IND,4,M,False,Sonelal Thakur,S.L.C.,योग कुमार माध्यमिक वि.बलवा,Mahottari,Sunar Devi,"गा.वि.स. अध्यक्ष
गा.वि.स. वडा अध्यक्ष",2-महोत्तरी-4,340919,54
342793,नितिमा भण्डारी (कार्की),Nitima Bhandari (Karki),राष्ट्रिय स्वतन्त्र पार्टी,2528,44181,F,True,Laxman Karki,स्नातक तह ,old street college eustom (UK),Kathmandu,Chetnath Bhandari,,2-सर्लाही-1,342793,43
342571,शम्भु लाल श्रेष्ठ,Shambhu Lal Shrestha,नेपाली काँग्रेस,2583,7871,M,False,Gopi Lal Shrestha,स्नातक,नेपाल कमर्स क्याम्पस,Sarlahi,Saraswati Kumari Shrestha,"२०४९ र २०५४ मा गा.वि.स. अध्यक्ष, २०७० दोस्रो संविधान सभाको सदस्य ",2-सर्लाही-1,342571,64
340933,मनोज कुमार देबकोटा,Manoj Kumar Devkota,नेपाल कम्युनिष्ट पार्टी (एकीकृत मार्क्सवादी लेनिनवादी),2598,6101,M,False,Hemlal Devkota,आई.ए.,"महेन्द्र जनता मा.वि., विराटनगर",Sindhuli,Usha Kumari Sapkota,"ईश्वरपुर नगरपालिकाको ५ बर्ष नगर प्रमुख, पूर्व भक्तिपुर गा.वि.स.को उपाध्यक्ष ",2-सर्लाही-1,340933,54
342751,प्रमोद साह,Pramod Sah,नेपाली कम्युनिष्ट पार्टी,2557,5498,M,False,Ganesh Sah Teli,वि.ए.,रा.रा.ब. क्याम्पस,Sarlahi,Nira Devi Sah,"स्व.वि.यु. उपसभापति, पुर्व प्रतिनिधि सभा सदस्य",2-सर्लाही-1,342751,47
340395,राम प्रकाश चौधरी,Ram Prakash Chaudhary,"जनता समाजवादी पार्टी, नेपाल",2542,3991,M,False,Rajveer Chaudhary,,,Sarlahi,Ramwatti Devi Chaudhary,"प्रहरीमा सेवा, निवर्तमान संघीय सांसद",2-सर्लाही-1,340395,61
342723,छत्र बहादुर डुम्जन,Chhatra Bahadur Dumjan,उज्यालो नेपाल पार्टी,2566,1913,M,False,रत्‍न बहादुर डुम्जन,एस.एल.सी.,श्री म.आ.प.मा.वि. जलेश्वर,सर्लाही ईश्वरपुर नगरपालिका ,तिर्थ माया स्याङवा,सामाजिक अभियान्ता ,2-सर्लाही-1,342723,59
342786,श्रीन्जय महतो,Shrinjay Mahato,जनमत पार्टी,2585,848,M,False,Suresh Mahato,‌‌+2,जनज्योति सेकेन्डरी लालबन्दी,Sarlahi,,,2-सर्लाही-1,342786,34
342179,राजा राम पासवान,Raja Rama Pasavan,बहुजन एकता पार्टी नेपाल(एकल चुनाव चिन्ह),2567,624,M,False,सिकेन्द्र  पासवान,प्रविणता ,श्री चतुर्भुजेश्वर जनता मा.वि. सुखेपोखरी,सर्लाही लालबन्दी नगरपालिका ,ब्युट  कुमारी,,2-सर्लाही-1,342179,50
342350,सुर्य नारायण राय यादव,Surya Narayan Raya Yadav,राष्ट्रिय प्रजातन्त्र पार्टी,2604,601,M,False,फकिरा  राय,I.SC.,,सर्लाही हरिपुर नगरपालिका ,विन्दा देवी यादवनी,,2-सर्लाही-1,342350,68
340838,सुमन हरि अधिकारी,Sumar Hari Adhikari,श्रम संस्कृति पार्टी,2501,580,M,False,श्याम हरी अधीकारी,वि.एड.,चतुर्भुजेश्वर जनता मा.वि.,सर्लाही लालबन्दी नगरपालिका ,,,2-सर्लाही-1,340838,33
342753,रेवत कुमार अधिकारी,Rewar Kumar Adhikari,स्वतन्त्र,IND,359,M,False,प्रेम प्रसाद अधिकारी,‌+2,,सर्लाही लालबन्दी नगरपालिका ,सविता  अधिकारी,,2-सर्लाही-1,342753,44
342528,तैयव मन्सुर,Taiyab Mansur,राष्ट्र निर्माण दल नेपाल,2527,312,M,False,Islam Mansuri,साधरण,मोहनपुर,Sarlahi,Fatma Khatun,,2-सर्लाही-1,342528,43
342692,जितेन्द्र प्रसाद साह रौनियार,Jitendra Prasad Sah Rauniyar,नेपाल जनता संरक्षण पार्टी,2541,299,M,False,Ram Lakhan Sah Rauniyar,साधरण,ब्रह्मपुरी,Sarlahi,Shobha Devi Rauniyar,,2-सर्लाही-1,342692,62
342764,लुमडी प्रसाद धिमाल,Lumadi Prasad Dhimal,प्रगतिशील लोकतान्त्रिक पार्टी,2516,215,M,False,इन्द्र प्रसाद धिमाल,वि.एड.,रत्नराज्य क्याम्पस,सर्लाही लालबन्दी नगरपालिका ,अम्बिका  धिमाल (चौलागाई),कृषि सम्बन्धी ,2-सर्लाही-1,342764,57
342790,टेक बहादुर श्रेष्ठ,Tek Bahadur Shrestha,"राष्ट्रिय मुक्ति आन्दोलन, नेपाल",2591,163,M,False,Tika Lal Shrestha,साधारण,सरकारी विद्यालय,Sarlahi,,,2-सर्लाही-1,342790,30
342466,विकाश कुमार ठाकुर,Bikash Kumar Thakur,राष्ट्रिय मुक्ति पार्टी नेपाल(एकल चुनाव चिन्ह),2531,48,M,False,ओजेन्द्र  ठाकुर,एस.एल.सी.,"श्रीमती कृष्णादेवी जनता मा.वि., मलंगवा, सर्लाही",सर्लाही कविलासी नगरपालिका गैर बजार,,"पत्रकरिता, समाजसेवा, पर्यटन",2-सर्लाही-1,342466,34
342068,मो. अस्‍फाक,Mo. As‍phak,आम जनता पार्टी(एकल चुनाव चिन्ह),2581,39,M,False,जिम्‍दार  मिया,i.com.,महाविर जनता मा.वि.हरिपुर,सर्लाही हरिपुर नगरपालिका पशुपतिनगर,वेगम नाजबुन नेशा,"सरकारी सेवा निजामती, अवकाश प्राप्त ",2-सर्लाही-1,342068,61
342788,इनरजीत साह तेली,Inarajita Saha Teli,नेपाल जनता पार्टी,2507,37,M,False,गर्भू  साह तेल,s.l.c.,श्री दुर्गा जनता मा.वि. बबरगंज,सर्लाही ईश्वरपुर नगरपालिका करमोहान,रंभा देवि साह,ड्राइभिङ्ग,2-सर्लाही-1,342788,44
342771,अमृत लाल वोम्जन,Amrita Lala Vomjan,मंगोल नेशनल अर्गनाइजेसन,2511,36,M,False,सिंह लाल वोम्जन,,,सर्लाही लालबन्दी नगरपालिका एसी टोल,रुपा माया बोम्नज,,2-सर्लाही-1,342771,53
340004,रमाकान्त कापर,Ramakant Kapar,नेपाल मजदुर किसान पार्टी,2578,34,M,False,Arjun Kapar,कक्षा १० ,जलधर कमलदेव मा.वि. ब्रह्मपुरी,Sarlahi,Shriwatti Devi,श्री मरिचमान सिंह जनता मा.वि. व्यवस्थापन समिति सदस्य र कामत टोल सुधार समिति अध्यक्ष,2-सर्लाही-1,340004,54
342784,मोहन पासवान,Mohana Pasavan,स्वतन्त्र,IND,23,M,False,सुन्‍दर  पासवान,+2,जनज्योति मा.वि. सर्लाही ,सर्लाही लालबन्दी नगरपालिका पुनर्वास डी टोल,,,2-सर्लाही-1,342784,33
342627,अरुण कुमार महत्तो  सुडी,Arun Kumar Mahatto Sudi,स्वतन्त्र,IND,21,M,False,Yogendra Mahatto Sudi,+12 Science ,रा.रा.ब. क्याम्पस जनकपुर,Sarlahi,Pushpa Devi Mahatto,३८ बर्ष सार्वजनिक संस्थानमा काम गरेको,2-सर्लाही-1,342627,59
342673,गम्भीर हरी अधिकारी,Gambhir Hari Adhikari,स्वतन्त्र,IND,14,M,False,Ganesh Hari Adhikari,एस.एल.सी.,,Sarlahi,Lal Kumari Adhikari Niraula,,2-सर्लाही-1,342673,35
342794,राम दुलार महतो,Ram Dular Mahato,स्वतन्त्र,IND,10,M,False,Upendra Mahato Koiri,११,,Dhanusha,,,2-सर्लाही-1,342794,34
341876,रामपरिक्षण यादव,Ramparikshan Yadav,स्वतन्त्र,IND,8,M,False,Ramkhelaun Yadav Gwar,एस.एल.सी.,,Sarlahi,Sangita Adhikari,,2-सर्लाही-1,341876,44
342777,माधो पासवान दुसाध,Madho Paswan Dusad,स्वतन्त्र,IND,7,M,False,रामचन्द्र  पासवान,,,सर्लाही ईश्वरपुर नगरपालिका खैरा,शैल कुमारी पासवान,,2-सर्लाही-1,342777,39
341119,भरत  चौधरी ,Bharat Chaudhary,स्वतन्त्र,IND,6,M,False,Ram Ashish Chaudhary,साक्षर ,,Sarlahi,Sail Kumari Kalwar,,2-सर्लाही-1,341119,48
342792,राम कलास,Ram Kalash,स्वतन्त्र,IND,3,M,False,गगन देव चमार,साधारण,,सर्लाही चन्द्रनगर गाउँपालिका ,उर्मिला  देवी चमार,,2-सर्लाही-1,342792,54
341252,रबिन महतो,Rabin Mahato,राष्ट्रिय स्वतन्त्र पार्टी,2528,42512,M,True,रामपुकार महतो सुडी,१०+२ पास,"राजर्षि जनक क्याम्पस, जनकपुर",सर्लाही कविलासी नगरपालिका ,, ,2-सर्लाही-2,341252,38
341177,महिन्द्र राय यादव,Mahindra Raya Yadav,नेपाली कम्युनिष्ट पार्टी,2557,8523,M,False,शुभ करण यादव,एस.एल.सी. उतिर्ण,"त्रभुवन स्कुल, गौशाला, महित्तरी",सर्लाही हरिपुर्वा नगरपालिका ,ममता देवी यादव, ,2-सर्लाही-2,341177,88
342345,डा.सरोज कुमार,Da.saroja Kumar,नेपाली काँग्रेस,2583,7039,M,False,नागेन्द्र  कुमार,एम.बि.बि.एस,नेपाल मेडिकल कलेज  कोहलपुर,सर्लाही कौडेना गाउँपालिका ,राशु  रानी,,2-सर्लाही-2,342345,44
339711,राजेन्द्र महतो,Rajendra Mahato,राष्ट्रिय मुक्ति पार्टी नेपाल(एकल चुनाव चिन्ह),2531,5992,M,False,Khobhari Mahato,स्नातक,त्रिभुवन विश्वविद्यालय,Sarlahi,Shail Kumari Devi, ,2-सर्लाही-2,339711,67
342567,रजी अहमद,Raji Ahamad,नेपाल संघीय समाजवादी पार्टी(एकल चुनाव चिन्ह),2567,2283,M,False,शेष गनी अहमद,+२,राम सकल सिंह साइन्स कलेज सितामढी विहार,सर्लाही कौडेना गाउँपालिका ,,,2-सर्लाही-2,342567,34
342430,कृष्ण यादव,Krishna Yadav,नेपालका लागि नेपाली पार्टी,2524,2227,M,False,Ram Gopal Raya Yadav,,,Sarlahi,,,2-सर्लाही-2,342430,27
342240,नागेश्‍वर साह,Nagesh‍vara Sah,नेपाल कम्युनिष्ट पार्टी (एकीकृत मार्क्सवादी लेनिनवादी),2598,1463,M,False,बलिराम महतो सुडी,+2,HSEB Nepal,सर्लाही पर्सा गाउँपालिका ,राम कुमारी देवि,,2-सर्लाही-2,342240,46
340966,विपीन कापर,Vipina Kapar,जनमत पार्टी,2585,756,M,False,नारायण  कापर,स्‍नातक (बि.ई),बैङ्गलौर विश्वविद्यालय,सर्लाही ब्रह्मपुरी गाउँपालिका ,निर्मला  मंण्डल,"संयुक्त राष्ट्र संघ नेपाल
संयुक्त राष्ट्र संघ(UN) कंगो प्रजातान्त्रिक
संयुक्त राष्ट्र संघ(UN) हाइटी
",2-सर्लाही-2,340966,60
342291,भरत चौधरी,Bharat Chaudhary,"जनता समाजवादी पार्टी, नेपाल",2542,518,M,False,Satya Narayan Chaudhary,एस. एल.सी. नेपाल,,Sarlahi,Rina Devi Chaudhary,,2-सर्लाही-2,342291,41
342388,मनोज कुमार राय,Manoj Kumar Raya,स्वतन्त्र,IND,190,M,False,गंगाराम राय यादव,10+2,,सर्लाही मलंगवा नगरपालिका ,अर्चना  कुमारी,,2-सर्लाही-2,342388,40
341361,राज किशोर राय यादव,Raj Kishor Raya Yadav,राष्ट्रिय प्रजातन्त्र पार्टी,2604,143,M,False,जय नारायण राय यादव,S.L.C.,श्री के.ग.मा.वि. हरिपूर्वा,सर्लाही पर्सा गाउँपालिका संग्रामपुर,सुमिन्त्रा  देवी,सर्लाहीको धार्मीक र सास्कृती बिकासको लागी २०७४ साल देखी निरन्तर लागी राखेको छु ।,2-सर्लाही-2,341361,57
342689,उमेश कुमार सिंह,Umesh Kumar Singh,गतिशील लोकतान्त्रिक पार्टी,2571,104,M,False,Ram Narayan Singh,डिप्लोमा सिभिल ईन्जिनियर,ई.अ.संस्था पुल्चोक क्याम्पस,Sarlahi,Manju Singh,,2-सर्लाही-2,342689,61
340393,अब्दुल कुदुस मंसुरी,Abdul Kudush Mansuri,स्वतन्त्र,IND,103,M,False,कयुम  मंसुरी,साक्षर, ,सर्लाही मलंगवा नगरपालिका ,, ,2-सर्लाही-2,340393,31
340525,राम केवल राय,Ram Kebal Raya,स्वतन्त्र,IND,93,M,False,सुकलाल  राय,एस. एल.सी.,श्री ज. मा.वि. अग्वा,सर्लाही कविलासी नगरपालिका ,संगिता कुमारी देवी, ,2-सर्लाही-2,340525,44
342712,चन्द्र भुषण साह,Chandra Bhusan Sah,आम जनता पार्टी(एकल चुनाव चिन्ह),2581,92,M,False,सत्यनारायण  साह,राजनितिक शास्त्रमा  स्नातोक्तर (एल.एल.बी.),त्रि.वि.,सर्लाही ईश्वरपुर नगरपालिका ,,,2-सर्लाही-2,342712,33
342674,राम नरेश राम,Ram Naresh Ram,प्रगतिशील लोकतान्त्रिक पार्टी,2516,49,M,False,Chalitar Mahara,SLC,केशर गरिब मा.वि. हरिपुर्वा,Sarlahi,Gayatri Devi,,2-सर्लाही-2,342674,47
342533,तेज नारायण मुसहर,Tej Narayan Musahar,स्वतन्त्र,IND,48,M,False,Rebi Mushahar,साक्षर,,Sarlahi,Shidulari Majhi,,2-सर्लाही-2,342533,56
342682,रामबावु राय,Raj Kishor Raya Yadav,स्वतन्त्र,IND,39,M,False,जोगेन्‍द्र राय यादव,एस.एल.सी.,,सर्लाही पर्सा गाउँपालिका ,सुजिता कुमारी यादव,,2-सर्लाही-2,342682,47
341118,गुन्जेश्‍वर प्रसाद शाह,Gunjesh‍vara Prasada Shah,स्वतन्त्र,IND,32,M,False,नारायण साह तेली,प्रवोनता प्रमाण पत्र तह,T.U.,सर्लाही ब्रह्मपुरी गाउँपालिका ,फुल  कुमारी,  ,2-सर्लाही-2,341118,58
342719,चन्ेश्वर साह,Chaneshwar Sah,युनाईटेड नेपाल डिमोक्रयाटीक पार्टी,2561,25,M,False,टेटु साह तेली,,,सर्लाही ब्रह्मपुरी गाउँपालिका ,जितनी  देबी,,2-सर्लाही-2,342719,37
342660,राम नारायण राय,Ram Narayan Raya,स्वतन्त्र,IND,21,M,False,ध्‍यानी  राय,५,,सर्लाही मलंगवा नगरपालिका ,उर्मिला  देवी,,2-सर्लाही-2,342660,54
342486,दिपेश कुमार यादव,Dipesh Kumar Yadav,स्वतन्त्र,IND,20,M,False,Rajkumar Raya Yadav,Diploma in Pharmachy,इलाम,Sarlahi,,,2-सर्लाही-2,342486,25
342643,नागेन्द्र चौधरी,Nagendra Chaudhary,स्वतन्त्र,IND,17,M,False,Ram Vilas Chaudhary,SLC,,Sarlahi,,,2-सर्लाही-2,342643,27
340435,विरेन्द्र ठाकुर लोहार,Birendra Thakur Lohar,स्वतन्त्र,IND,17,M,False,राम एकवाल ठाकुर,साक्षर, ,सर्लाही कौडेना गाउँपालिका फुलपरासी,प्रमिला देवी ठाकुर, ,2-सर्लाही-2,340435,46
341035,कंचन चौधरी,Kanchan Chaudhary,स्वतन्त्र,IND,15,F,False,Kedar Chaudhary,साधारण लेखपढ, ,Sarlahi,Ramchandra Chaudhary, ,2-सर्लाही-2,341035,34
342611,राम अधिन राय,Ram Adhin Raya,स्वतन्त्र,IND,15,M,False,रुदल  राय,साधारण,,सर्लाही विष्णु गाउँपालिका ,भुइली  देवी,,2-सर्लाही-2,342611,70
342586,विकाउ राय,Bikau Raya,स्वतन्त्र,IND,15,M,False,चलितर  राय,साक्षर,,सर्लाही हरिपुर्वा नगरपालिका पोखरी,सविता देवी यादव,,2-सर्लाही-2,342586,48
340482,मनोज कुमार यादव,Manoj Kumar Yadav,स्वतन्त्र,IND,14,M,False,Bachche Lal Raya,आठ कक्षा पास मात्र,जन्ता मा.वि.ईनरवा कौडेना,Sarlahi,Vinita Devi Yadav,,2-सर्लाही-2,340482,35
342626,मनोज कुमार  यादव,Manoj Kumar Yadav,स्वतन्त्र,IND,8,M,False,Bachche Lal Raya,,,Sarlahi,Vinita Devi Yadav,,2-सर्लाही-2,342626,35
342156,राम नाथ साह,Ram Nath Sah,स्वतन्त्र,IND,7,M,False,Ram Swarup Sah,५ पास,,Sarlahi,Kiran Devi Sah,,2-सर्लाही-2,342156,45
342703,सत्य नारायण चौधरी कलवार,Satya Narayan Chaudhary Kalwar,स्वतन्त्र,IND,1,M,False,Chulhai Chaudhary,समान्य,,Sarlahi,Samindar Kumari,,2-सर्लाही-2,342703,62
339904,नरेन्द्र साह कलवार,Narendra Saha Kalavar,राष्ट्रिय स्वतन्त्र पार्टी,2528,46890,M,True,अनन्त साह कलवार,आइ ए,आर आर क्याम्पस जनकपुर,सर्लाही बरहथवा नगरपालिका ,दिपा लक्ष्मी साह,,2-सर्लाही-3,339904,53
340441,नारायण काजी श्रेष्‍ठ,Naryan Kaji Shrestha,नेपाली कम्युनिष्ट पार्टी,2557,13338,M,False,मेघ नारायण श्रेष्‍ठ,स्नाकोत्तर,त्रिभुवन विश्वविद्यालय,गोरखा सिरानचोक गाउँपालिका जौबारी,,"(क) संविधान सभा सदस्य । राष्ट्रिय सभा सदस्य
(ख) उपप्रधानमन्त्रि । परराष्ट्र मन्त्री, स्थानिय विकास मन्त्रि, भोतिक पुर्वाधार तथा यातायात मन्त्रि, गृहमन्त्रि नेपाल सरकार
",2-सर्लाही-3,340441,66
341765,विनोद कुमार खनाल,Binod Kumar Khanal,नेपाली काँग्रेस,2583,6624,M,False,ध्रुव नाथ खनाल,स्नातक,नेपाल ल क्याम्पस,सर्लाही बरहथवा नगरपालिका टिकुलीया,बिन्दा  कोईराल खनाल,"राजनिति
समाजसेवा",2-सर्लाही-3,341765,60
341134,हरि प्रसाद उप्रेती,Hari Prasad Upreti,नेपाल कम्युनिष्ट पार्टी (एकीकृत मार्क्सवादी लेनिनवादी),2598,5776,M,False,Govinda Prasad Upreti,स्नातक,जनज्योती मा.बि. चन्द्रपुर / ठाकुरराम बहुमुखी क्याम्पस / स्नातक सरस्वती बहुमुखी क्याम्पस,Sarlahi,Urmila Kumari Mainali,"१. संविधान सभा सदस्य
२. प्रतिनिधी सभा सदस्य
३. २ पटक रक्षामन्त्री भई कार्य गरेको । ",2-सर्लाही-3,341134,58
340618,त्रिभुवन कुमार सिंह,Tribhuwan Kumar Singh,उज्यालो नेपाल पार्टी,2566,2622,M,False,जुडी प्रसाद सिंह,B.E. / M.A.,manglore university / tribhuwan university,सर्लाही बरहथवा नगरपालिका बरहथवा,शोभा कुमारी महतो,"
(क) Site Engineer @Gulf country.

(ख) Quality Inspector @American oil company.

(३) Quality Superisor @ American oil company
",2-सर्लाही-3,340618,52
341268,जय प्रकश राय,Jay Prakash Raya,"जनता समाजवादी पार्टी, नेपाल",2542,766,M,False,दयाराम  राय,विद्यावारिधी,आन्ध्रा विश्वविद्यालय भारत,सर्लाही कविलासी नगरपालिका पचगछिया,सुनिता कुमारी राय,,2-सर्लाही-3,341268,44
340692,ढोलराम बारकोटी,Dholram Barkoti,राष्ट्रिय प्रजातन्त्र पार्टी,2604,478,M,False,Dhaka Bahadur Barkoti,एस एल सी ,श्री च.ज. शहिद गंगालाल मा.बि.,Sarlahi,Gita Shrestha Barkoti,,2-सर्लाही-3,340692,45
340289,वीर बहादुर रुम्बा,Bir Bahadur Rumba,मंगोल नेशनल अर्गनाइजेसन,2511,267,M,False,ईमान सिंह रुम्बा,+२,श्री क्यानेश्वर मा.बि.,सर्लाही बागमती नगरपालिका धरहरा,विपना रुम्बा,,2-सर्लाही-3,340289,36
340834,सुनिल प्रसाद गुप्ता,Suni Prasad Gupta,जनमत पार्टी,2585,260,M,False,महेन्द्र प्रसाद गुप्ता,वैचलर,nams college,सर्लाही कविलासी नगरपालिका ,बीणा  गुप्ता,स्वास्थ्य सम्बन्धी कार्यक्रम संचालन,2-सर्लाही-3,340834,44
341462,कृष्‍ण नन्दन राय,Krishna Nandan Raya,स्वतन्त्र,IND,154,M,False,सवाई  राय,आय एस सी ,नेपाल सरकार,सर्लाही कविलासी नगरपालिका विनगरा,श्रीपती देवी राय,समाजसेवी,2-सर्लाही-3,341462,60
341973,शिवदयाल महरा,Shivadayal Mahara,बहुजन एकता पार्टी नेपाल(एकल चुनाव चिन्ह),2567,151,M,False,लखन  महरा,आधारभुत शिक्षा,दुर्गा सरस्वती माध्यमिक विद्यालय ,सर्लाही बरहथवा नगरपालिका किसनपुर कटानी,अनिता देवी महरा,,2-सर्लाही-3,341973,40
342679,सबिउल शेष,Sabiul Shesh,प्रगतिशील लोकतान्त्रिक पार्टी,2516,144,M,False,Abbas Shesh,,,Sarlahi,,,2-सर्लाही-3,342679,30
342411,पवन कुमार महतो,Pawan Kumar Mahato,नेपाल कम्युनिस्ट पार्टी (माओवादी),2526,88,M,False,Dorik Mahato,एस एल सी ,जनसेवा मा.बि. घुर्कौली ,Sarlahi,Sangita Devi Mahato,"१. कृषि क्षेत्रमा लामो समयदेखि का‍म गरेको । 
२. सामाजिक संघ संस्था आदिमा रहेर समाज सेवा गरेको । ",2-सर्लाही-3,342411,37
342695,युवराज पाख्रिन,Yuvaraja Pakhrin,स्वतन्त्र,IND,84,M,False,आइ बहादुर पाख्रिन,,,सर्लाही बरहथवा नगरपालिका ,कल्‍पना  लामा,,2-सर्लाही-3,342695,51
342734,युवराज लुईटेल,Yuvaraja Lueetel,स्वतन्त्र,IND,33,M,False,दुर्गा प्रसाद लुईटैल,,,सर्लाही हरिवन नगरपालिका ,शिव कुमारी दाहाल,,2-सर्लाही-3,342734,54
342538,कृष्णा  कुमार  शाह,Krishna Kumar Shah,स्वतन्त्र,IND,18,M,False,Ram Pukar Sah,१२ पास,,Sarlahi,,,2-सर्लाही-3,342538,25
342722,मुकेश कुमार राय,Mukesh Kumar Raya,स्वतन्त्र,IND,17,M,False,रामेश्‍वर  राय,,,सर्लाही बरहथवा नगरपालिका मुर्तिया,मनतोरीया देबी राय,,2-सर्लाही-3,342722,39
342740,तजविज भण्डारी,Tajavija Bhandari,स्वतन्त्र,IND,15,M,False,चेतराज  भण्डारी,,,कैलाली गोदावरी नगरपालिका ,,,2-सर्लाही-3,342740,27
342448,रमा कोइराला,Rama Koirala,नेपाल मजदुर किसान पार्टी,2578,13,F,False,Komal Prasad Koirala,एस एल सी ,,Sarlahi,Santosh Gautam,,2-सर्लाही-3,342448,39
340925,राम बहादुर महतो कोइरी,Ram Bahadur Mahato Koir,प्रजातान्त्रिक पार्टी नेपाल,2582,13,M,False,रामअशिष  महतो कोइरी,slc, श्री जनता मा.बि. पकडी फेन्हरा,सर्लाही लालबन्दी नगरपालिका नवलपुर,सुनैना देवी कोइरी,सामाजिक सेवा ,2-सर्लाही-3,340925,53
342489,अनिल कुमार यादव,Anil Kumar Yadav,स्वतन्त्र,IND,12,M,False,Vinod Kumar Yadav,+2 ,,Sarlahi,,,2-सर्लाही-3,342489,30
340177,महेश राज दाहाल,Mahesh Raj Dahal,राष्ट्रिय मुक्ति पार्टी नेपाल(एकल चुनाव चिन्ह),2531,10,M,False,Tikaram Dahal,एम फिल / पिएचडी अध्ययनरत,त्रिभुवन विश्वविद्यालय,Chitwan,Prabha Dahal Subedi,"१. राष्ट्रिय अध्ययक्ष - २०११ नेपाल जेसिस
२. कार्यकारिणी अध्यक्ष - २०१५- २०१८
३. नेपाली राजदुत अष्ट्रेलिया - २०१९-२०२१
४. विकास तालिम अनुसन्धान परामर्शदाता ",2-सर्लाही-3,340177,53
342512,जय लाल सहनी,Jay Lal Sahani,स्वतन्त्र,IND,10,M,False,Bihari Sahani,साधारण,,Rautahat,Sunaina Devi,,2-सर्लाही-3,342512,63
340757,बैजु साह,Baiju Sah,स्वतन्त्र,IND,9,M,False,Soman Sah,एस एल सी ,महादेव जनता मा.बि. हरिवन,Sarlahi,,,2-सर्लाही-3,340757,45
342625,राम पृत महरा,Ram Prit Mahara,स्वतन्त्र,IND,9,M,False,मोहित  महरा,,,सर्लाही कविलासी नगरपालिका ,नगिया  देवी,,2-सर्लाही-3,342625,58
341856,सन्दिप थापा,Sandip Thapa,स्वतन्त्र,IND,7,M,False,Dharma Raj Thapa,मास्टर,श्री जनज्योती बहुमुखी क्याम्पस,Sindhuli,,सामाजिक अनुभव,2-सर्लाही-3,341856,28
342653,प्रमोद कुमार साह,Pramod Kumar Sah,स्वतन्त्र,IND,6,M,False,Ram Ishwor Sah,,,Sarlahi,Ranju Devi,,2-सर्लाही-3,342653,36
340527,लक्ष्मी कुमारी अधिकारी,Laxmi Kumari Adhikari,स्वतन्त्र,IND,6,F,False,Shambhu Bahadur Adhikari,एस एल सी ,HMG,Sarlahi,Ramesh Adhikari,,2-सर्लाही-3,340527,44
342607,राम चन्द्र चमार,Ram Chandra Chamar,स्वतन्त्र,IND,5,M,False,Jugeshwar Chamar,साक्षर,,Sarlahi,Sayal Kumari Devi,,2-सर्लाही-3,342607,65
342729,उमेश कुमार राय,Umesh Kumar Raya,स्वतन्त्र,IND,4,M,False,नथुनी  राय,,,सर्लाही कविलासी नगरपालिका ,मुन्द्रीका कुमारी देवी,,2-सर्लाही-3,342729,32
342102,डम्वर बहादुर खड्का,Dambar Bahadur Khadka,स्वतन्त्र,IND,3,M,False,Bhim Bahadur Khadka,+२ ,NEB,Sarlahi,,,2-सर्लाही-3,342102,27
342256,प्रमोद भट्टराई,Pramod Bhattarai,स्वतन्त्र,IND,3,M,False,Narayan Hari Bhattarai,एस एल सी ,जनता मा वि ,Sarlahi,Durga Devi Dulal,,2-सर्लाही-3,342256,50
342161,चन्दन राजवंशी,Chandan Rajbanshi,स्वतन्त्र,IND,2,M,False,Lalbihari Raya,सनातक,सर्लाही क्याम्पस,Sarlahi,,,2-सर्लाही-3,342161,25
342738,लोक बहादुर दर्लामी,Lok Bhadur Darlami,स्वतन्त्र,IND,1,M,False,भक्‍त बहादुर दर्लामी,,,सर्लाही बागमती नगरपालिका ,मुना माया दर्लामी,,2-सर्लाही-3,342738,60
340974,अमरेश कुमार सिह,Amaresh Kumar Singh,राष्ट्रिय स्वतन्त्र पार्टी,2528,35688,M,True,राम सागर सिह,p.hd.,,सर्लाही बलरा नगरपालिका बलरा गोट,,,2-सर्लाही-4,340974,55
341549,गगन कुमार थापा,Gagan Kumar Thapa,नेपाली काँग्रेस,2583,22831,M,False,Mahendra Kumar Thapa Chhetri,एम.ए.,,Kathmandu,Anjana K.C. (Thapa),,2-सर्लाही-4,341549,49
339944,अमनिश कुमार यादव,Amnish Kumar Yadav,नेपाल कम्युनिष्ट पार्टी (एकीकृत मार्क्सवादी लेनिनवादी),2598,9343,M,False,शिब पुजन राय,‍B.B.S.,,सर्लाही रामनगर गाउँपालिका ,,,2-सर्लाही-4,339944,27
340494,राकेश कुमार मिश्र,Rakesh Kumar Mishra,जनमत पार्टी,2585,1572,M,False,Bal Kishore Mishra,एम.ए राजनितिशास्त्र ,पत्रकारिक्ता ,Sarlahi,Nitu Pathak,"सुखी नेपाली समुद्ध नेपाल, सवायत मधेश प्रदेश सहित स्वराज स्थापनाका निमित ",2-सर्लाही-4,340494,52
341761,रजनिस राय,Rajnish Raya,नेपाली कम्युनिष्ट पार्टी,2557,1401,M,False,राम कैलास राय,MBBS,बंगलादेश,सर्लाही गोडैटा नगरपालिका ,,,2-सर्लाही-4,341761,32
340651,पीताम्वर सिंह कुशवाहा,Pitamvara Sinha Kushavaha,उज्यालो नेपाल पार्टी,2566,455,M,False,भगलु महतो कोइरी,माष्टर डिग्री ,,सर्लाही गोडैटा नगरपालिका ,ममता  कुशवाहा,,2-सर्लाही-4,340651,58
340873,हरिनन्दन कुमार रंजन,Harinandan Kumar Ranjan,बहुजन एकता पार्टी नेपाल(एकल चुनाव चिन्ह),2567,452,M,False,Akalu Ram Chamar,एमएड,,Sarlahi,,,2-सर्लाही-4,340873,36
341496,सचित्र सहनी,Sachitra Sahani,स्वतन्त्र,IND,410,M,False,Ram Charitra Sahani,,,Sarlahi,,,2-सर्लाही-4,341496,29
341132,रामचरित्र सहनी,Ramcharitra Sahani,प्रगतिशील लोकतान्त्रिक पार्टी,2516,299,M,False,Chaturi Sahani,बी.एड,,Sarlahi,Jaleshwari Devi,,2-सर्लाही-4,341132,61
341221,रामेश्‍वर राय यादव,Rameshowr Raya Yadav,"जनता समाजवादी पार्टी, नेपाल",2542,184,M,False,बिलट राय यादव,स्नातक,,सर्लाही चक्रघट्टा गाउँपालिका बेल्ही,गायत्री  यादव,,2-सर्लाही-4,341221,70
341162,ज्ञानेन्द्र प्रसाद कुशवाहा,Gyanendra Prasad Kushwaha,स्वतन्त्र,IND,113,M,False,Shubhanarayan Mahato,+२,,Sarlahi,,,2-सर्लाही-4,341162,29
341949,रामनाथ  प्रसाद  साह ,Ramnath Prasad Sah,नेपाल कम्युनिष्ट पार्टी (संयुक्त),2601,98,M,False,Dhanuk Sah,s.L.C.,,Sarlahi,Rubi Kumari,,2-सर्लाही-4,341949,42
340740,मुकेश प्रसाद कुशवाहा,Mukesh Prasad Kushwaha,स्वतन्त्र,IND,88,M,False,Satya Narayan Mahato,,,Sarlahi,,,2-सर्लाही-4,340740,34
342639,रिंकी कुमारी साह,Rinki Kumari Sah,आम जनता पार्टी(एकल चुनाव चिन्ह),2581,72,F,False,Amarendra Sah,,,Sarlahi,Sunil Kumar Gupta,,2-सर्लाही-4,342639,40
341088,प्रदीप कुमार झा,Pradip Kumar Jha,राष्ट्रिय प्रजातन्त्र पार्टी,2604,70,M,False,Shribhagya Narayan Jha,,,Sarlahi,Sanju Kumari Jha,,2-सर्लाही-4,341088,46
342271,उदय कान्‍त मिश्र,Uday Kant Mishra,राष्ट्रिय मुक्ति पार्टी नेपाल(एकल चुनाव चिन्ह),2531,45,M,False,Bhuwaneshwar Mishra,,,Sarlahi,Kiran Mishra,,2-सर्लाही-4,342271,55
342194,अजय ओझा,Ajay Ojha,स्वतन्त्र,IND,22,M,False,Jogi Ojha,,,Sarlahi,Papi Kumari Ojha,,2-सर्लाही-4,342194,53
341687,नरेन्द्र प्रसाद सिंह,Nrendra Prasad Singh,स्वतन्त्र,IND,19,M,False,बैजनाथ प्रसाद सि‌ह,,,सर्लाही धनकौल गाउँपालिका ,मनोरमा  कुमारी,,2-सर्लाही-4,341687,51
341709,निलेश कुमार यादव,Nilesh Kumar Yadav,स्वतन्त्र,IND,17,M,False,Setanarayan Raya,,,Sarlahi,,,2-सर्लाही-4,341709,34
342696,जय शंकर सिंह कुशवाहा,Jay Shankar Singh Kushwaha,स्वतन्त्र,IND,16,M,False,Maheshwar Mahato,,,Sarlahi,,,2-सर्लाही-4,342696,33
342590,महेश मंडल धानुक,Mahesh Mandal Dhanuk,स्वतन्त्र,IND,16,M,False,Gulabi Mandal Dhanuk,,,Sarlahi,Kanti Devi,,2-सर्लाही-4,342590,38
342686,शुलपानी झा,Shulpani Jha,स्वतन्त्र,IND,15,M,False,Surendra Jha,,,Sarlahi,,,2-सर्लाही-4,342686,31
341826,रमण मिश्र,Raman Mishra,स्वतन्त्र,IND,13,M,False,Kali Kanta Mishra,,,Sarlahi,,,2-सर्लाही-4,341826,38
342677,धिरज ठाकुर,Dhiraj Thakur,स्वतन्त्र,IND,12,M,False,Ram Sogarath Thakur,,,Sarlahi,,,2-सर्लाही-4,342677,33
341801,राम प्रवेश यादव,Ram Prabesh Yadav,स्वतन्त्र,IND,12,M,False,राश नारायण राय,,,सर्लाही गोडैटा नगरपालिका बकैनिया,सुन्द्रिका  यादव,,2-सर्लाही-4,341801,47
342541,गनेश प्रसाद सिंह,Ganesh Prasad Singh,स्वतन्त्र,IND,11,M,False,Upendra Singh,,,Sarlahi,Punam Devi,,2-सर्लाही-4,342541,70
342163,छोटेलाल कुमार यादव,Chotelal Kumar Yadav,स्वतन्त्र,IND,10,M,False,Shiv Prasad Raya Yadav,,,Sarlahi,,,2-सर्लाही-4,342163,27
342015,कमलेश मण्डल,Kamlesh Mandal,स्वतन्त्र,IND,9,M,False,Abadh Mandal,,,Sarlahi,,,2-सर्लाही-4,342015,38
341464,संतोष कुमार निषाद,Santosh Kumar Nisad,स्वतन्त्र,IND,8,M,False,राज किशोर कापड,,,सर्लाही बलरा नगरपालिका ,,,2-सर्लाही-4,341464,29
340787,अमित रंजन सिंह,Amit Ranjan Singh,स्वतन्त्र,IND,7,M,False,Ramprem Singh,,,Sarlahi,Nisa Kumari Singh,,2-सर्लाही-4,340787,37
341985,चुन चुन भण्डारी,Chun Chun Bhandari,स्वतन्त्र,IND,7,M,False,Bhola Bhandari,,,Sarlahi,Kaushila Devi,,2-सर्लाही-4,341985,48
341585,मधुमाला कुमारी यादव,Madhumala Kumari Yadav,स्वतन्त्र,IND,7,F,False,Shivpujan Raya Yadav,,,Sarlahi,,,2-सर्लाही-4,341585,30
340999,शिव प्रसाद साह,Shiva Prasad Sah,स्वतन्त्र,IND,7,M,False,जगदिश  साह,,,सर्लाही बसबरीया गाउँपालिका ,निर्मला देवी साह,,2-सर्लाही-4,340999,58
342356,अम्बुज प्रसाद साह,Ambuj Prasad Sah,स्वतन्त्र,IND,5,M,False,Ram Vilas Sah,,,Sarlahi,Bindu Sah,,2-सर्लाही-4,342356,41
342506,विक्रम यादव,Vikrama Yadav,स्वतन्त्र,IND,5,M,False,रामेश्वर राय यादव,,,सर्लाही चक्रघट्टा गाउँपालिका ,नितु कुमारी यादव,,2-सर्लाही-4,342506,41
342134,लखेन्द्र महतो,Lakhendra Mahato,स्वतन्त्र,IND,4,M,False,Udichan Mahato,,,Sarlahi,Sunita Devi Mahato,,2-सर्लाही-4,342134,40
342386,संजिव कुमार पासवान,Sanjiv Kumar Paswan,स्वतन्त्र,IND,4,M,False,Newalal Hazari,,,Sarlahi, ,,2-सर्लाही-4,342386,31
340399,अरविन्द कुमार ठाकुर,Arbind Kumar Thakur,स्वतन्त्र,IND,3,M,False,सुरेन्द्र नारायण ठाकुर,s.l.c.,,सर्लाही गोडैटा नगरपालिका ,रुवी  देवी,,2-सर्लाही-4,340399,48
340518,मोहन आचार्य,Mohan Acharya,नेपाली काँग्रेस,2583,10656,M,True,Ananta Acharya,,,Rasuwa,Rachana Acharya,,3-रसुवा-1,340518,48
339492,बसन्त भट्ट,Basant Bhatta,राष्ट्रिय स्वतन्त्र पार्टी,2528,5571,M,False,इन्द्र प्रसाद भट्ट,स्नातक,,रसुवा उत्तरगया गाउँपालिका छाप,,,3-रसुवा-1,339492,31
341095,प्रेम बहादुर तामाङ,Prem Bahadur Tamang,नेपाल कम्युनिष्ट पार्टी (एकीकृत मार्क्सवादी लेनिनवादी),2598,4688,M,False,Hari Bahadur Tamang,,,Rasuwa,Dawa Mendo Tamang,,3-रसुवा-1,341095,47
341930,मान बहादुर तमाङ,Man Bahadur Tamang,उज्यालो नेपाल पार्टी,2566,1453,M,False,टासी दोर्जे तामाङ,,,रसुवा आमाछोदिङमो गाउँपालिका गोल्जुङ,ल्हज्युम ग्याल्मु घले,,3-रसुवा-1,341930,44
341237,माधव प्रसाद लामिछाने,Madhav Prasad Lamichhane,नेपाली कम्युनिष्ट पार्टी,2557,953,M,False,Ramkrishna Lamichhane,,,Rasuwa,Yuva Kumari Lamichhane,,3-रसुवा-1,341237,48
339928,विनोद थिङ,Binod Thing,मंगोल नेशनल अर्गनाइजेसन,2511,474,M,False,भिम बहादुर थिङ,+2,,रसुवा उत्तरगया गाउँपालिका ,,,3-रसुवा-1,339928,26
340206,हरि प्रसाद घिमिरे,Hari Prasad Ghimire,राष्ट्रिय प्रजातन्त्र पार्टी,2604,57,M,False,Rikheshwar Ghimire,,,Rasuwa,Krishna Maya Ghimire,,3-रसुवा-1,340206,68
340442,होम प्रसाद आचार्य,Hom Prasad Acharya,नेपाल कम्युनिस्ट पार्टी (माओवादी),2526,50,M,False,Danda Raj Acharya,,,Rasuwa,Laxmi Acharya,,3-रसुवा-1,340442,40
341319,सागर लामा,Sagar Lama,स्वतन्त्र,IND,14,M,False,Suk Bahadur Tamang,,,Rasuwa,,,3-रसुवा-1,341319,32
340755,चित्र कुमारी देवकोटा,Chitra Kumari Devkota,स्वतन्त्र,IND,12,F,False,Khuwa Prasad Ghimire,,,Rasuwa,Som Prasad Devkota,,3-रसुवा-1,340755,39
341492,दावा साङ्वो तामाङ,Dawa Sangwo Tamang,प्रगतिशील लोकतान्त्रिक पार्टी,2516,10,M,False,छेवाङ  थोक्रा,,,रसुवा नौकुण्ड गाउँपालिका सर्स्यु,सीता  गलान,,3-रसुवा-1,341492,38
341569,दावा मिङमर तामाङ्ग,Dawa Mingmar Tamang,स्वतन्त्र,IND,3,M,False,Pema Chhiring Tamang,,,Rasuwa,Renjen Dolma Tamang,,3-रसुवा-1,341569,35
342066,आसिका तामाङ,Aashika Tamang,राष्ट्रिय स्वतन्त्र पार्टी,2528,39128,F,True,विरलाल तामाङ,नर्सिङ,ग्रिनतारा नर्सिङ क्याम्पस,धादिङ गजुरी गाउँपालिका ,,,3-धादिङ-1,342066,37
340810,भुमि प्रसाद त्रिपाठी,Bhumi Prasad Tripathi,नेपाल कम्युनिष्ट पार्टी (एकीकृत मार्क्सवादी लेनिनवादी),2598,15032,M,False,Ganga Datta Tripathi,MA/BL,TU,Dhading,Kalpana Upreti (Tripathi),"अधिवक्‍ता, संसदिय अनुभव ",3-धादिङ-1,340810,60
340320,राजेन्द्र प्रसाद पाण्डे,Rajendra Prasad Pandey,नेपाली कम्युनिष्ट पार्टी,2557,14709,M,False,नेत्रराज  पाण्डे,स्‍नातकोत्तर,त्रिभुवन विस्व विद्यालय,धादिङ गजुरी गाउँपालिका छेपाङ्ग,सीता  पाण्डे,2078 वागमती प्रदेश मुख्यमन्त्री ,3-धादिङ-1,340320,69
341441,कृष्ण रिजाल,Krishna Rijal,नेपाली काँग्रेस,2583,10080,M,False,Megh Nath Rijal,स्‍नातकोत्तर,नेपाल संस्कृत विश्‍व विद्यालय,Dhading,Anita Adhikari,उप-प्राध्यापक,3-धादिङ-1,341441,43
339404,सुमन तामाङ,Suman Tamang,मंगोल नेशनल अर्गनाइजेसन,2511,468,M,False,Aitaman Tamang,HSEB,कामना इन्टरनेशनल क्याम्पस,Dhading,,..,3-धादिङ-1,339404,32
341318,गिता प्रसाद आचार्य,Geeta Prasad Acharya,राष्ट्रिय प्रजातन्त्र पार्टी,2604,425,M,False,Angksha Nath Acharya,SLC,महाकाली मा.वि.तसर्पु,Dhading,Khet Kumari Acharya,,3-धादिङ-1,341318,69
341172,श्‍यामराजा पाण्डे,Shyanraja Pandey,उज्यालो नेपाल पार्टी,2566,274,M,False,भिमकेशर  पाण्डे,स्‍नातक,TU,काठमाडौं काठमाडौँ महानगरपालिका कृष्ण मार्ग,कल्पना कुमारी पन्त,"राजनितिक, सामाजिक, पत्रकारिता, उद्योगी/व्यावसायी",3-धादिङ-1,341172,56
341628,निरन्‍जन संजेल,Niranjan Sanjel,स्वतन्त्र,IND,176,M,False,Dhruva Sanjel,10,महेन्द्रोदय मा.वि. धुनिवेशी,Kathmandu,Devi Adhikari,,3-धादिङ-1,341628,44
341675,प्रलाद सिलवाल,Pralada Silaval,श्रम संस्कृति पार्टी,2501,147,M,False,चुडामणी  सिलवाल,HSEB,हैटोडा स्कुल अफ म्यानेजमेन्ट,धादिङ सिद्धलेक गाउँपालिका कुटिडाँडा,.  .,,3-धादिङ-1,341675,30
340204,कुमार बहादुर तामाङ,Kumar Bahadur Tamang,नेपाल कम्युनिस्ट पार्टी (माओवादी),2526,116,M,False,Sukra Bir Tamang,SLC,महेधर्म मा.वि. धुनिवेशी -3,Dhading,Aiti Maya Tamang,समाज सेवा,3-धादिङ-1,340204,53
341028,डम्‍बर बहादुर लिम्‍बु,Dambar Bahadur Limbu,संयुक्त नागरिक पार्टी,2521,60,M,False,Jit Bahadur Laja,10 कक्षा,,Tehrathum,Sara Limbu,,3-धादिङ-1,341028,61
342618,जालपा देवि रेग्‍मी,Jalpa Devi Regmi,आम जनता पार्टी(एकल चुनाव चिन्ह),2581,58,F,False,हरि प्रसाद पण्‍डित,HSEB,मछिन्द्र मा.वि. धुनिवेशी,धादिङ थाक्रे गाउँपालिका धार्के छाप,मधुसुदन  रेग्‍मी,,3-धादिङ-1,342618,42
340892,राजन प्रसाद रेग्मी,Rajan Prasad Regmi,प्रगतिशील लोकतान्त्रिक पार्टी,2516,49,M,False,Krishna Prasad Regmi,SLC,मछिन्द्र मा.वि. धुनिवेशी-7,Dhading,Rajani Regmi,राजनिति,3-धादिङ-1,340892,50
342403,राजेश भट्टराई,Rajesh Bhattarai,स्वतन्त्र,IND,38,M,False,Raju Bhattarai,स्नातकोत्तर,शंकरदेव,Dhading,-  -,,3-धादिङ-1,342403,25
342493,तपन उप्रेती,Taun Upreti,स्वतन्त्र,IND,23,M,False,डम्बर बहादुर उप्रेती,master,TU,धादिङ धुनीबेंशी नगरपालिका कटुञ्जे,कमला  उप्रेती,,3-धादिङ-1,342493,49
339377,चन्द्र देवी बासुकला (लासिवा),Chandra Devi Basukala (Lasiwa),नेपाल मजदुर किसान पार्टी,2578,17,F,False,जुजु भाई बासुकला,,,भक्तपुर भक्तपुर नगरपालिका ब्यासी,गौतम प्रसाद लासिवा,,3-धादिङ-1,339377,54
342357,केशव प्रसाद रुपाखेती,Keshab Prasad Rupakheti,स्वतन्त्र,IND,17,M,False,रमण  रुपाखेती,HSEB,काठमाण्डौ क्याम्पस,धादिङ थाक्रे गाउँपालिका अच्मारो,शुभद्रा  रुपाखेती,,3-धादिङ-1,342357,44
342306,हरि भण्डारी,Hari Bhandari,स्वतन्त्र,IND,10,M,False,Ramchandra Bhandari,HSEB,बागेश्‍वरी मा.वि.,Dhading,Bhawani Thapa,,3-धादिङ-1,342306,36
341573,दिपक तामाङ,Dipaka Tamang,स्वतन्त्र,IND,4,M,False,मोहन सिं तामाङ,SLC,कुशादेवी मा.वि. काभ्रे,धादिङ गल्छी गाउँपालिका ,देवी  गुरुङ तामाङ,,3-धादिङ-1,341573,46
340960,धुर्वप्रसाद पाण्‍डे,Dhurbaprasad Pandey,स्वतन्त्र,IND,4,M,False,सानुबाबु  पाण्‍डे,स्‍नातक,जनमैत्री बहुमुखी क्याम्पस,धादिङ बेनीघाट रोराङ्ग गाउँपालिका बिशालटार,रश्‍मिला  सिलवाल,,3-धादिङ-1,340960,40
342678,धर्मराज नेपाल,Dharmaraj Nepal,स्वतन्त्र,IND,4,M,False,चेतनाथ  नेपाल,SLC,nepal army school,धादिङ सिद्धलेक गाउँपालिका ,सान्ति  नेपाल,सामाजिक काम,3-धादिङ-1,342678,54
341234,अर्जुन प्रसाद अर्याल,Arjun Prasad Aryal,स्वतन्त्र,IND,2,M,False,Ram Prasad Aryal,HSEB,सरस्वती क्याम्पस काठमाण्डौ,Dhading,Sarita Dahal Aryal,,3-धादिङ-1,341234,53
342443,कृष्‍ण प्रसाद अधिकारी,Krishna Prasad Adhikari,स्वतन्त्र,IND,0,M,False,Chetnath Adhikari,MBS,शंकरदेेव,Dhading,,,3-धादिङ-1,342443,35
340512,वोध नारायण श्रेष्‍ठ,Bodh Narayan Shrestha,राष्ट्रिय स्वतन्त्र पार्टी,2528,26145,M,True,Khadka Narayan Shrestha,MS,,Dhading,Bhoj Kumari Shrestha,,3-धादिङ-2,340512,56
340121,रमेश प्रसाद धमला,Ramesh Prasad Dhamala,नेपाली काँग्रेस,2583,20279,M,False,Surya Prasad Dhakal,स्नातक,त्रिभुवन विश्वविद्यालय,Dhading,Meena Simkhada Dhamala,"राजनितिक तथा सामाजिक क्षेत्रमा निरन्तर क्रियाशील, विगत ३० वर्षदेखि पर्यटन क्षेत्रमा सेवा र शिक्षा, स्वास्थ्य, बालबालिका र सामुदायिक क्षेत्रमा सेवा",3-धादिङ-2,340121,59
340205,धन बहादुर घले,Dhan Bahadur Ghale,नेपाल कम्युनिष्ट पार्टी (एकीकृत मार्क्सवादी लेनिनवादी),2598,10084,M,False,Chandra Bahadur Ghale,,,Dhading,Bina Kumari Ghale,,3-धादिङ-2,340205,51
341179,राम बहादुर भण्डारी,Ram Bahadur Bhandari,नेपाली कम्युनिष्ट पार्टी,2557,9036,M,False,Indra Bahadur Bhandari,कक्षा १० पास,,Dhading,Sumitra Bhandari,,3-धादिङ-2,341179,66
341345,सुरेश रिजाल,Suresh Rijal,राष्ट्रिय प्रजातन्त्र पार्टी,2604,1504,M,False,Gopinath Rijal,+2,,Dhading,Rashmi Rijal,,3-धादिङ-2,341345,49
341575,अमिर तामाङ,Amir Tamang,उज्यालो नेपाल पार्टी,2566,886,M,False,Iman Singh Tamang,10+2,VS niketan,Dhading,Nisma Tamang,व्यापार,3-धादिङ-2,341575,39
341142,दिपक अधिकारी,Dipak Adhikari,स्वतन्त्र,IND,502,M,False,Khadka Bahadur Adhikari,10,,Dhading,Laxmi Adhikari,,3-धादिङ-2,341142,40
339685,सन्तोष कुमार तमाङ,Santosh Kumar Tamang,मंगोल नेशनल अर्गनाइजेसन,2511,462,M,False,Veg Bahadur Tamang,,,Dhading,,"क.अध्यक्ष-मंगोल नेशनल अर्गनाइजेशन जिल्ला सथा धादिङ २०७५२०७७
ख. बागमती प्रदेश सदस्य- मंगोल नेशनल अर्गनाइजेशन बागमती प्रदेश समाज २०७७-२०८०
केन्द्रिय सदस्य-मंगोल नेशनल अर्गनाईजेशन केन्द्रिय सदस्य २०८०-२०८२",3-धादिङ-2,339685,34
339437,टासी लामा तामाङ,Tashi Lama Tamang,श्रम संस्कृति पार्टी,2501,269,M,False,Inden Lama Tamang,10+2,,Dhading,,,3-धादिङ-2,339437,52
340437,विर बहादुर तामाङ,Bir Bahadur Tamang,प्रगतिशील लोकतान्त्रिक पार्टी,2516,142,M,False,थिर बहादुर तामाङ,माध्यमिक तह,निरञ्जाना माध्यमिक विद्यालय,धादिङ नेत्रावती डबजोङ गाउँपालिका माथिल्लो पोखरा,सरिता  तामाङ,,3-धादिङ-2,340437,46
340931,कृष्ण बहादुर घतानी,Krishna Bahadur Ghatani,नेपाल कम्युनिस्ट पार्टी (माओवादी),2526,121,M,False,Bir Bahadur Kami,+2,,Dhading,,राजनितिकमा लागेको १५ वर्ष।,3-धादिङ-2,340931,36
340761,देवेन्द्र गैरे,Devendra Gaire,संयुक्त नागरिक पार्टी,2521,116,M,False,Chandre Sarki,दिक्षीत ,JSN College,Dhading,Kumari Gaire,"शिक्षा, कृषि, प्रचारक",3-धादिङ-2,340761,43
339618,सुसन तामाङ,Susan Tamang,मितेरी पार्टी नेपाल,2530,39,M,False,Karna Bahadur Tamang,,,Dhading,Dhan Maya Tamang,,3-धादिङ-2,339618,40
340373,प्रिया भट्ट,Priya Bhatta,नेपाल मजदुर किसान पार्टी,2578,35,F,False,शिव प्रसाद भट्ट,+2,प्रभात मा.वि.,भक्तपुर भक्तपुर नगरपालिका ,मनिष  गोरा,शिक्षण पेशा,3-धादिङ-2,340373,29
340827,रुद्र बहादुर गेलाङ मगर,Rudra Bahadur Gelang Magar,स्वतन्त्र,IND,27,M,False,Sher Bahadur Gelang Magar,स्नातक(व्यवस्थापन),"सरस्वती बहुमुखी क्याम्पस, ठमेल।",Dhading,Phul Maya Gelang Magar,"शिक्षण सेवा-१३ वर्ष(स्थायी),
१८ वर्ष राजनितिक(संघर्ष)",3-धादिङ-2,340827,52
341872,नोरमान तामाङ,Norman Tamang,"जनता समाजवादी पार्टी, नेपाल",2542,18,M,False,Thamsi Tamang,SLC,मुक्राप देवी मा.वि.,Dhading,,"गहना निर्माण""सुन चाँदी""",3-धादिङ-2,341872,49
341411,दामोदर रिजाल,Damodar Rijal,स्वतन्त्र,IND,17,M,False,Yuva Raj Rijal,स्नातक,त्रिभुवन विश्वविद्यालय,Dhading,Radhika Rijal,"व्यवसायीक,
सामाजीक
राजनैतिक, शैक्षिक",3-धादिङ-2,341411,36
340685,नन्‍द प्रसाद काप्री,Nanda Prasad Kapri,आम जनता पार्टी(एकल चुनाव चिन्ह),2581,15,M,False,Khada Nanda Kapri,ISC/AHM,Birendra multiple college chitwan,Dhading,Chameli Bagale,द्वन्द्द व्यवस्थापक प्रशिक्षक,3-धादिङ-2,340685,49
341911,नक्‍कले मगर,Nakalle Magar,नेशनल रिपब्लिक नेपाल,2504,14,M,False,टंक बहादुर मगर,,,धादिङ नीलकण्ठ नगरपालिका मश्राइछाप,,हाल पढाई गर्दै। विकास निर्माण सम्बन्धी राम्रो काम गर्ने छु।,3-धादिङ-2,341911,36
341270,शिवराज सापकोटा,Shivraj Sapkota,स्वतन्त्र,IND,13,M,False,Sharmadatta Sapkota,स्नातक,,Dhading,Shanti Kumari Tiwari,,3-धादिङ-2,341270,56
342001,भरत ढुं‌गाना,Bharat Dhungana,स्वतन्त्र,IND,11,M,False,Jit Bahadur Dhungana,SLC,निलकण्ठ मा.वि.धादिङ।,Dhading,Satya Devi Dhungana,समाजसेवी।,3-धादिङ-2,342001,48
340593,कृष्‍ण प्रसाद कोइराला,Krishna Prasad Koirala,स्वतन्त्र,IND,8,M,False,Pitambar Koirala,T.S.L.C,,Dhading,Radhika Koirala,,3-धादिङ-2,340593,52
341014,उज्वल श्रेष्ठ,Ujwal Shrestha,स्वतन्त्र,IND,7,M,False,Potlal Shrestha,+2,बुढिगण्डकी क्याम्पस,Dhading,,"Leadership
accounting",3-धादिङ-2,341014,29
341298,शिव निधि खनाल,Shiv Nidhi Khanal,स्वतन्त्र,IND,1,M,False,Chuda Mani Khanal,SLC,,Dhading,Sujana Khanal,,3-धादिङ-2,341298,56
340093,विक्रम तिमिल्सिना,Bikram Timilsina,राष्ट्रिय स्वतन्त्र पार्टी,2528,22609,M,True,कृष्ण प्रसाद तिमिल्सिना,बिध्यावारिधी,"ग्रिफित विश्वविध्यालय, अष्ट्रेलिया",नुवाकोट पञ्चकन्या गाउँपालिका बानियाटार,मञ्जु  गैरे तिमिल्सिना,"अध्यापन, अनुसन्धान, मिडिया, समाजसेवा",3-नुवाकोट-1,340093,43
341419,प्रकाश शरण महत,Prakash Sharan Mahat,नेपाली काँग्रेस,2583,18597,M,False,Khadga Bahadur Mahat,बिध्यावारिधी,युलिनियस युनिभर्सिटी अमेरिका,Nuwakot,Bina Mahat,"अर्थमन्त्री, उर्जामन्त्री योजना आयोगको सदस्य",3-नुवाकोट-1,341419,66
340293,हित बहादुर तामाङ,Hit Bahadur Tamang,नेपाली कम्युनिष्ट पार्टी,2557,13377,M,False,Maite Tamang,एस.एल.सी,slc,Nuwakot,Visu Maya Tamang,"40 सालदेखीको राजनिति, पुर्व मन्त्री",3-नुवाकोट-1,340293,62
340914,बद्री मैनाली,Badri Mainali,नेपाल कम्युनिष्ट पार्टी (एकीकृत मार्क्सवादी लेनिनवादी),2598,8932,M,False,Medha Bahadur Mainali,स्नातक,टि.यु.,Nuwakot,Nirmala Kumari Dhungana,"ब्यापार, व्यवसाय, समाजसेवा ।",3-नुवाकोट-1,340914,49
341903,अमित तमाङ,Amit Tamang,उज्यालो नेपाल पार्टी,2566,2063,M,False,Sarki Tamang,आठ कक्षा,,Nuwakot,Sapana Lama,ब्यवसाय,3-नुवाकोट-1,341903,39
340371,बिमल थापा,Bimal Thapa,राष्ट्रिय प्रजातन्त्र पार्टी,2604,756,M,False,Uday Bahadur Thapa,प्लस टु,टि.यु.,Nuwakot,Ambika Thapa,पुर्व जिल्ला विकास समितिको सदस्य,3-नुवाकोट-1,340371,60
340790,दावा फेन्‍जु लामा / तामाङ,Dava Phen‍ju Lama / Tamang,श्रम संस्कृति पार्टी,2501,288,M,False,धन बहादुर लामा / तामाङ,एस एल सि,slc,नुवाकोट ककनी गाउँपालिका कटुन्‍जे,,bisiness,3-नुवाकोट-1,340790,35
340490,कुमार राना मगर,Kumar Rana Magar,मंगोल नेशनल अर्गनाइजेसन,2511,159,M,False,Ram Bahadur Rana Magar,प्लस टु,उच्च शिक्षा परिषद,Nuwakot,Alisa Tamang,राजनिति,3-नुवाकोट-1,340490,32
340245,महेन्द्र तामाङ,Mahendra Tamang,नेपाल कम्युनिस्ट पार्टी (माओवादी),2526,156,M,False,Dal Bahadur Tamang,प्लस टु पास,टि.यु.,Nuwakot,,राजनिति समाज सेवा,3-नुवाकोट-1,340245,36
339980,राजन गौतम,Rajan Gautam,प्रगतिशील लोकतान्त्रिक पार्टी,2516,88,M,False,Yadu Kumar Gautam,साक्षर,,Nuwakot,Durga Devi Neupane/Gautam,,3-नुवाकोट-1,339980,44
340578,संजिव गुरुङ,Sanjiv Gurung,स्वतन्त्र,IND,63,M,False,Dev Bahadur Gurung,साधारण लेखपढ,,Nuwakot,Kalpana Gurung,श्रम गर्न जानेको,3-नुवाकोट-1,340578,43
339796,रविन्द्र डंगोल,Rabindra Dangol,नेपाल मजदुर किसान पार्टी,2578,50,M,False,शिव बहादुर डंगोल,स्नाकोत्तर,टि.यु.,नुवाकोट लिखु गाउँपालिका थानसिङ,निता  श्रेष्ठ,शिक्षण पेशा,3-नुवाकोट-1,339796,39
342253,राजु थापा,Raju Thapa,स्वतन्त्र,IND,49,M,False,Min Bahadur Thapa,प्लस टु,टि.यु.,Nuwakot, ,बैदेशिक व्यापार,3-नुवाकोट-1,342253,36
339559,रामेश्‍वर भण्डारी,Rameshwar Bhandari,स्वतन्त्र,IND,29,M,False,Tanka Bahadur Bhandari,स्नाकोत्तर,टि.यु.,Nuwakot,Pramila Bhandari,शिक्षण पेशा र वकालत,3-नुवाकोट-1,339559,50
342426,होम बहादुर राई,Hom Bahadur Rai,"जनता समाजवादी पार्टी, नेपाल",2542,24,M,False,Thulo Kanchha Rai,साक्षर,,Nuwakot,Lalita Rai,समाजसेवी,3-नुवाकोट-1,342426,50
342162,माधव थापा,Madhav Thapa,स्वतन्त्र,IND,20,M,False,Mohan Bahadur Thapa,एस.एल.सी,slc,Nuwakot,Mira Kumari Karki/Thapa,,3-नुवाकोट-1,342162,36
340439,चेपे तामाङ,Chepe Tamang,स्वतन्त्र,IND,14,F,False,Lal Bahadur Tamang,साधारण लेखपढ,,Nuwakot,Buddhe Tamang,समाजसेवी,3-नुवाकोट-1,340439,48
339432,विबेक सिलवाल,Vibeka Silaval,मितेरी पार्टी नेपाल,2530,6,M,False,हरि सिंह सिलवाल,slc पास,slc,बाँके नेपालगञ्ज उपमहानगरपालिका रामनगर,मेरी  थापा, कराते खेलाडी,3-नुवाकोट-1,339432,41
341708,अचुत्तम लामिछाने,Achuttam Lamichhane,राष्ट्रिय स्वतन्त्र पार्टी,2528,32054,M,True,Shiv Prasad Upadhyaya (Lamichhane),विद्यावारिधी,योङ्ग ईन विश्वविद्यालय (दक्षिण कोरिया),Rautahat,Santoshi Aryal (Lamichhane),"अध्यापन, प्रशिक्षण, अनुसन्धान, खेलकुद",3-नुवाकोट-2,341708,48
340902,जगदिश्‍वर नरसिंह के.सी.,Jagadish‍vara Narasinha Ke.si.,नेपाली काँग्रेस,2583,15503,M,False,भगवान सिंह खत्री,स्नातक,सरस्वती क्याम्पस काठमाडौं,नुवाकोट दुप्चेश्वर गाउँपालिका राउतवेशी,ज्योती  के.सी.,"संविधानसभा सदस्य 2064 देखि, सभापति नेपाली कांग्रेस नुवाकोट 2057-2079, जिल्ला विकास समिति सदस्य, नुवाकोट 2048-2058।",3-नुवाकोट-2,340902,59
340613,केशव राज पाण्डे,Keshav Raj Pandey,नेपाल कम्युनिष्ट पार्टी (एकीकृत मार्क्सवादी लेनिनवादी),2598,8285,M,False,परसु राम पाण्डे,स्नाकोत्तर,त्रि वि,नुवाकोट बेलकोटगढी नगरपालिका दाङमै,विष्णु माया पाण्डे,"पूर्व प्रदेश सभा सदस्य, पूर्व प्रदेश मन्त्री।",3-नुवाकोट-2,340613,61
340386,हिरानाथ खतिवडा,Hiranath Khatiwada,नेपाली कम्युनिष्ट पार्टी,2557,6720,M,False,Pokhari Prasad Khatiwada,प्रविणता तह,त्रि वि वि,Nuwakot,Ishwari Khatiwada,"2042 सालदेखि राजनैतिक सामाजिक कार्यमा आबद्ध, 2074/2079 मा निर्वाचित बाग्मति प्रदेश सभआ",3-नुवाकोट-2,340386,58
341160,ज्ञानेन्द्र घले,Gyanendra Ghale,उज्यालो नेपाल पार्टी,2566,2750,M,False,Bharat Bahadur Ghale,स्नाकोत्तर तह,"महिडोल युनिभर्सिटी, थाईल्याण्ड",Nuwakot,,विश्व स्वास्थ्य संगठनमा उच्च पदमा रही 20 बर्ष भन्दा बढी काम गरेको ।,3-नुवाकोट-2,341160,57
340196,झनक प्याकुरेल,Jhanak Pyakurel,राष्ट्रिय प्रजातन्त्र पार्टी,2604,775,M,False,Khadga Bahadur Pyakurel,स्नातक,पिपुल्स कलेज,Nuwakot,Nani Maiya Pyakurel,"दुग्ध संस्थान बोर्ड सदस्य, जिविस सभापति, राप्रपा केन्द्रीय  सह महामनत्री, पार्टी निर्वाचन कमिटीको सह संयोजक",3-नुवाकोट-2,340196,57
339331,रेन्छेन तामाङ,Renchen Tamang,मंगोल नेशनल अर्गनाइजेसन,2511,426,M,False,Ram Bahadur Tamang,उच्च मा.वि.,,Nuwakot,,,3-नुवाकोट-2,339331,34
340474,विनोद कुमार तामाङ,Binod Kumar Tamang,श्रम संस्कृति पार्टी,2501,396,M,False,उत्तम कुमार तामाङ,+2,त्रीभुवन त्रीशुली मावि,नुवाकोट विदुर नगरपालिका ,,कृषक उत्पादन,3-नुवाकोट-2,340474,30
339900,नवराज ढुङगाना,Navaraj Dhungana,नेपाल कम्युनिस्ट पार्टी (माओवादी),2526,90,M,False,तारा नाथ ढुङगाना,माध्यमिक तह,त्रिभुवन त्रिशुली मा.वि.,नुवाकोट विदुर नगरपालिका चारघरे,सावित्री ढुङगाना,,3-नुवाकोट-2,339900,48
339407,किरण तिमसेना,Kiran Timsena,नेपाल कम्युनिष्ट पार्टी (संयुक्त),2601,52,M,False,Nav Raj Timsina,माध्यमिक तह,,Nuwakot,,,3-नुवाकोट-2,339407,30
341211,सुवाश भट्ट,Subash Bhatta,नेपाल मजदुर किसान पार्टी,2578,28,M,False,केशब  भट्ट,+2,महेन्द्र मावि,नुवाकोट लिखु गाउँपालिका ,,,3-नुवाकोट-2,341211,29
342300,मान सिं गदाईली,Mana Sin Gadaeeli,आम जनता पार्टी(एकल चुनाव चिन्ह),2581,11,M,False,विर बहादुर सुनार,साधारण लेखपढ,,नुवाकोट तारकेश्वर गाउँपालिका सालविसुन,मखमली  गदाईली,,3-नुवाकोट-2,342300,54
340716,रन्‍जु न्‍यौपाने,Ranju Neupane,राष्ट्रिय स्वतन्त्र पार्टी,2528,15455,F,True,Bali Neupane,स्नातकोत्तर,,Morang,,,3-काठमाडौं-1,340716,30
342172,प्रबल  थापा क्षेत्री ,Prabal Thapa Chhetri,नेपाली काँग्रेस,2583,6364,M,False,Pradip Thapa,स्नातकोत्तर,,Kathmandu,,,3-काठमाडौं-1,342172,42
339576,रवीन्द्र मिश्र,Rabindra Mishra,राष्ट्रिय प्रजातन्त्र पार्टी,2604,3972,M,False,मनुज बाबु मिश्र,स्नातकोत्तर,,ललितपुर ललितपुर महानगरपालिका ,सारीका  कार्की,,3-काठमाडौं-1,339576,60
339901,मोहन राज रेग्मी,Mohan Raj Regmi,नेपाल कम्युनिष्ट पार्टी (एकीकृत मार्क्सवादी लेनिनवादी),2598,1618,M,False,Rishi Raj Regmi,स्नातक,,Kathmandu,Pavitra Adhikari Regmi,,3-काठमाडौं-1,339901,56
340777,मंग लाल श्रेष्‍ठ,Mang Lal Shrestha,उज्यालो नेपाल पार्टी,2566,466,M,False,Lal Bahadur Shrestha,MSC/BE Civil,,Kavrepalanchowk,Rukmani Shrestha,,3-काठमाडौं-1,340777,55
341063,समिर  लामा तामाङ ,Samir Lama Tamang,श्रम संस्कृति पार्टी,2501,426,M,False,Sukuman Tamang,स्नातक,,Kavrepalanchowk,Smriti Gurung,,3-काठमाडौं-1,341063,39
340466,मेनुका भण्डारी,Menuka Bhandari,नेपाली कम्युनिष्ट पार्टी,2557,345,F,False,Mojnath Bhandari,स्नातक,,Sindhuli,Sagar Bhattarai,,3-काठमाडौं-1,340466,38
341274,कुशल खत्री,Kushal Khatri,स्वतन्त्र,IND,84,M,False,Man Bahadur Khatri,स्‍नातक,,Rukum (East), ,,3-काठमाडौं-1,341274,39
340337,सागर जोशी,Sagar Joshi,स्वतन्त्र,IND,60,M,False,Siddhi Krishna Joshi,M Pharmacy,,Kathmandu,,,3-काठमाडौं-1,340337,40
339780,सुरेन्द्र प्रसाद ढकाल,Surendra Prasad Dhakal,स्वतन्त्र,IND,52,M,False,Basu Dev Dhakal,DR. MA,,Kathmandu,,,3-काठमाडौं-1,339780,67
340900,असिम मान सिंह वस्नयात,Asim Man Singh Basnyat,स्वतन्त्र,IND,50,M,False,ताजमान सिंह वस्नयात,BBS,,काठमाडौं काठमाडौँ महानगरपालिका ,स्मृती  वस्नयात,,3-काठमाडौं-1,340900,41
341135,रमिला ज्याख्व(सुवाल),Ramila Jyakha (Suwal),नेपाल मजदुर किसान पार्टी,2578,45,F,False,पूर्ण नारायण ज्याख्व,स्‍नातक,,भक्तपुर भक्तपुर नगरपालिका वोलाछे,तुल्सी राम सुवाल,,3-काठमाडौं-1,341135,41
341316,सबिन सिग्देल,Sabin Sigdel,प्रगतिशील लोकतान्त्रिक पार्टी,2516,31,M,False,Sitaram Sigdel,स्‍नाकोत्तर,,Kathmandu,,,3-काठमाडौं-1,341316,33
340830,प्रकाश नायजु,Prakash Nayaju,"जनता समाजवादी पार्टी, नेपाल",2542,27,M,False,Pramod Vijaya,प्रविणता प्रमाणपत्र तह,,Makwanpur,Shashi Nayaju,,3-काठमाडौं-1,340830,47
341395,धनराज शाही,Dhanraj Shahi,नेपाल कम्युनिस्ट पार्टी (माओवादी),2526,20,M,False,Motilal Shahi,विएड,,Kalikot,Basanti Shahi,,3-काठमाडौं-1,341395,38
342081,इन्द्र प्रसाद श्रेष्ठ,Indra Prasad Shrestha,राष्ट्रिय मुक्ति पार्टी नेपाल(एकल चुनाव चिन्ह),2531,15,M,False,Jujubhai Shrestha,डिप्लोमा,,Kathmandu,Chandrawati Shrestha,,3-काठमाडौं-1,342081,65
342502,कुमार शाही,Kumar Shahi,स्वतन्त्र,IND,15,M,False,Sher Bahadur Shahi,+2,,Kavrepalanchowk,,,3-काठमाडौं-1,342502,34
339489,कमल कोइराला,Kamal Koirala,स्वतन्त्र,IND,11,M,False,Bishnu Prasad Koirala,स्नातकोत्तर,पूर्वाञ्चल विश्व विधालय,Morang,Laxmi Thapa,,3-काठमाडौं-1,339489,39
340248,शम्भु पोखरेल,Shambhu Pokharel,स्वतन्त्र,IND,7,M,False,Umanath Pokharel,PHD,,Sarlahi,Karuna Kumari Kandel,,3-काठमाडौं-1,340248,42
341530,सुरेन्‍द्र पाण्‍डे,Surendra Pandey,समावेशी समाजवादी पार्टी,2590,5,M,False,टिका नाथ पाण्‍डे,एसएलसी,,नवलपरासी (बर्दघाट सुस्ता पूर्व) कावासोती नगरपालिका ,,,3-काठमाडौं-1,341530,28
340065,राज कुमार बजगाई,Raj Kumar Bajgain,स्वतन्त्र,IND,3,M,False,मुक्ती नाथ बजगाई,प्रविणता प्रमाणपत्र तह,,काभ्रेपलाञ्चोक बनेपा नगरपालिका पिपलबोट,,,3-काठमाडौं-1,340065,36
341987,राज कुमार लिम्‍बु,Raj Kumar Limbu,मितेरी पार्टी नेपाल,2530,2,M,False,Uttam Limbu,साक्षर,,Morang,Babi Tamang,,3-काठमाडौं-1,341987,45
341472,कमल सुवेदी,Kamal Subedi,जनादेश पार्टी नेपाल(एकल चुनाव चिन्ह),2581,2,M,False,Rajendra Bahadur Subedi,व्याचलर कर्मश,,Kathmandu,,,3-काठमाडौं-1,341472,34
342419,किरण शाह,Kiran Shah,स्वतन्त्र,IND,2,M,False,Baidhyanath Bahadur Shah,स्‍नातक,,Kathmandu,Lata Shah,,3-काठमाडौं-1,342419,54
342337,रमेश प्रसाद जोशी,Ramesh Prasad Joshi,स्वतन्त्र,IND,2,M,False,Jagat Prasad Joshi,स्‍नातकोत्तर,,Kailali,Bandana Prasai,,3-काठमाडौं-1,342337,49
340007,राजु भुजेल,Raju Bhujel,स्वतन्त्र,IND,1,M,False,Dhan Bahadur Bhujel,साक्षर,,Dolakha,Sabitra Bhujel,,3-काठमाडौं-1,340007,40
339825,शान्ती श्रेष्ठ,Shanti Shrestha,स्वतन्त्र,IND,1,F,False,Hari Bahadur Pradhan,साक्षर,,Chitwan,,,3-काठमाडौं-1,339825,52
342385,संगित बम्म,Sangita Bamm,स्वतन्त्र,IND,1,M,False,मकर बहादुर बम्म,+2,,बझाङ केदारस्युँ गाउँपालिका पैयातोला,,,3-काठमाडौं-1,342385,29
340585,अर्जुन बहादुर शाही,Arjun Bahadur Shahi,नेपाल जनसेवा पार्टी,2599,0,M,False,Hasta Bahadur Shahi,स्नातकोत्तर,,Achham,,,3-काठमाडौं-1,340585,27
341881,सुनिल के.सी.,Sunila Ke.si.,राष्ट्रिय स्वतन्त्र पार्टी,2528,34238,M,True,श्री बहादुर के.सी.,+2,HSEB,काठमाडौं काठमाडौँ महानगरपालिका निखिलेश्‍वर मार्ग,मिना  के.सी.,,3-काठमाडौं-2,341881,43
341940,कबिर शर्मा,Kabir Sharma,नेपाली काँग्रेस,2583,8874,M,False,Murari Prasad Phuyal,स्‍नातकोत्तर ,त्रिभुवन विश्‍वविद्यालय,Kathmandu,,,3-काठमाडौं-2,341940,37
339804,कुन्ती देवी पोखरेल(उपाध्याय),Kunti Devi Pokharel (Upadhyay),राष्ट्रिय प्रजातन्त्र पार्टी,2604,5210,F,False,Bal Krishna Pokhrel,स्‍नातकोत्तर ,त्रिभुवन विश्‍वविद्यालय,Nawalparasi (East),Rajendra Prasad Pandit (Upadhyaya),,3-काठमाडौं-2,339804,38
339642,मणिराम फुयाल,Maniram Phuyal,नेपाल कम्युनिष्ट पार्टी (एकीकृत मार्क्सवादी लेनिनवादी),2598,4759,M,False,Guna Prasad Phuyal,एम.एड. (बि.कम.),त्रिभुवन विश्‍वविद्यालय,Kathmandu,Kamala Phuyal,"१. २३ वर्ष अध्यापन
२. ५ वर्ष प्रदेश सभा सदस्य 
३. शिक्षक/प्रशिक्षक 
४. आन्तरिक लेखा परिक्षक ",3-काठमाडौं-2,339642,60
339990,नितेश पौडेल,Nitesh Paudel,नेपाली कम्युनिष्ट पार्टी,2557,1912,M,False,इश्वरी प्रसाद पौडेल,स्‍नातक ,त्रिभुवन विश्‍वविद्यालय ,काठमाडौं काठमाडौँ महानगरपालिका फूलबारी मार्ग,,,3-काठमाडौं-2,339990,38
340674,पवन पोखरेल,Pawan Pokharel,उज्यालो नेपाल पार्टी,2566,895,M,False,Teknath Pokharel,स्‍नातकोत्तर ,,Bhaktapur,Junu Karki,१. पर्यटन व्यवसाय ,3-काठमाडौं-2,340674,45
342035,मुकुन्द कार्की,Mukunda Karki,श्रम संस्कृति पार्टी,2501,588,M,False,Bhola Karki,एस.एल.सी.+ प्रवीणता प्रमाणपत्र सम्म अध्ययन ,कोटेश्‍वर बहुमुखी क्याम्पस,Kathmandu,Kusum Regmi Karki,१. समाजसेवी ,3-काठमाडौं-2,342035,45
341304,अनुप बोहरा,Anup Bohara,राष्ट्रिय परिवर्तन पार्टी,2568,226,M,False,Sundar Bohora,वि.वि.ए. ,London Metro University,Kathmandu,,"१. ५-६ वटा विजनेश सेक्टर काम गरेको 
२. पाँच  सय जनालाई रोजगारी दिएको 
३. सामाजिक काम गरेको ",3-काठमाडौं-2,341304,34
339422,शर्मिला माली,Sharmila Mali,नेपाल मजदुर किसान पार्टी,2578,68,F,False,Ragi Bir Mali,कक्षा १०,नेपाल सरकार ,Kathmandu,Bal Gopal Banmala,,3-काठमाडौं-2,339422,45
339836,बाल चन्द्र श्रेष्‍ठ,Bal Chandra Shrestha,प्रगतिशील लोकतान्त्रिक पार्टी,2516,53,M,False,Gentle Man Shrestha,"LLM, CA, MBA, MA (ECO)",त्रिभुवन विश्‍वविद्यालय,Kathmandu,Rosy Shrestha,"१. संचालक राष्ट्रिय वाणिज्य बैंक 
२. भिन्तुना सहकारी संस्था अध्यक्ष
३. वरिष्ठ सि.ए. 
४. विषय विशेषज्ञ त्रि.वि.",3-काठमाडौं-2,339836,56
340406,प्रकास बुढाथोकी,Prakash Budhathoki,नेपाल कम्युनिस्ट पार्टी (माओवादी),2526,35,M,False,मन वहादुर बुढाथोकी,आठ पास ,"श्री भगवती मा.वि., साँखु",काठमाडौं शंखरापुर नगरपालिका कठनचोक,गोमा  थापा बुढाथोकी,,3-काठमाडौं-2,340406,45
340078,आनन्द सिंखडा,Anand Sinkhada,जय मातृभूमि पार्टी,2510,29,M,False,गणेश प्रसाद सिंखडा,एस.एल.सी.,नेपाल सरकार,काठमाडौं कागेश्वरी मनोहरा नगरपालिका थली,पोतकुमारी  सिंखडा,"१.राजनीति
२.कृषि",3-काठमाडौं-2,340078,71
342358,राज कुमार श्रेष्‍ठ,Raj Kumar Shrestha,स्वतन्त्र,IND,20,M,False,Gun Narayan Shrestha,स्‍नातकोत्तर,त्रि.वि.,Kathmandu,,,3-काठमाडौं-2,342358,36
339378,उपेन्द्र कार्की,Upendra Karki,नेपाल कम्युनिष्ट पार्टी (संयुक्त),2601,18,M,False,बहादुर  कार्की,एम.ए.,त्रिभुवन विश्वविद्यालय ,काठमाडौं काठमाडौँ महानगरपालिका श्रृंखला गल्ली,एन्जेला  थापा कार्की,"1. बैकिङ्ग क्षेत्रको अनुभव
2. ४६ वर्षको राजनीतिक अनुभव  ",3-काठमाडौं-2,339378,62
341382,त्रिलोक बहादुर चन्द,Trilok Bahadur Chanda,स्वतन्त्र,IND,17,M,False,दानी  चन्द,एम.ए./वि.एल.,त्रि.वि.,काठमाडौं काठमाडौँ महानगरपालिका महादेवस्थान मार्गे,किरण  प्रसाई (चन्द),"१. वकालत / एडभोकेट/लयर
२. समाजसेवी
३. खेलकुद
४. पत्रकारिता",3-काठमाडौं-2,341382,50
340461,तिलक बहादुर मगर,Tilak Bahadur Magar,आम जनता पार्टी(एकल चुनाव चिन्ह),2581,14,M,False,Santaman Magar,आई.ए.,त्रिभुवन विश्‍वविद्यालय,Bhaktapur,Kunti Maya Jogi,,3-काठमाडौं-2,340461,55
342255,नर्वदा कुमारी भट्टराई,Narvada Kumari Bhattarai,राष्ट्रिय मुक्ति पार्टी नेपाल(एकल चुनाव चिन्ह),2531,8,F,False,सूर्य प्रसाद पोख्रेल,दश कक्षा ,"जनता माध्यमिक विद्यालय, उदयपुर",काठमाडौं काठमाडौँ महानगरपालिका डिल्ली बजार,डोलेन्द्र राज भट्टराई,१. विभिन्‍न समयमा राजनीतिक दलको महिला भातृ संगठनहरुमा बसी काम गरेको।,3-काठमाडौं-2,342255,53
341830,बिस्वास बस्नेत,Biswas Basnet,स्वतन्त्र,IND,8,M,False,Krishna Bahadur Basnet,एम.वि.वि.एस,"Dhaka University, bangaladesh",Sindhupalchowk,,,3-काठमाडौं-2,341830,26
341149,विरेन्द्र कुमार साह,Birendra Kumar Sah,स्वतन्त्र,IND,8,M,False,सत्य नारायण साह,+2,बागमती सामुदायिक क्याम्पस,सिराहा सिरहा नगरपालिका ,रन्जना कुमारी साह,"१. समाजसेवा 
२. व्यवसाय 
३. विभिन्‍न वैदेशिक भ्रमण",3-काठमाडौं-2,341149,47
339543,रुपक सिंखडा,Rupak Sinkhada,स्वतन्त्र,IND,7,M,False,Navaraj Sinkhada,साक्षर ,,Kathmandu,,१. सामाजिक अभियन्ता ,3-काठमाडौं-2,339543,46
340742,तिर्थ राज पौडेल,Tirtha Raj Paudel,स्वतन्त्र,IND,6,M,False,गणेश कुमार पौडेल,जनरल मेडिसिन /फार्मेसी,नेपाल स्वास्थ्य विज्ञान प्रतिष्ठान,काठमाडौं कागेश्वरी मनोहरा नगरपालिका अर्याल गाउँ,,"१. नेतृत्व
 २. समाजसेवा
३. भाषा संस्कृती 
४. अर्थतन्त्र  ",3-काठमाडौं-2,340742,45
341601,मञ्जु लामा,Manju Lama,स्वतन्त्र,IND,5,F,False,Narayan Bahadur Lama,+2,बानेश्‍वर क्याम्पस ,Sindhupalchowk,Rajiv Lama,,3-काठमाडौं-2,341601,41
339764,अर्जुन ढुंगाना,Arjun Dhungana,स्वतन्त्र,IND,4,M,False,Krishna Prasad Dhungana,एस.एल.सी.,नेपाल सरकार,Kathmandu,Nirmala Dhungana,,3-काठमाडौं-2,339764,51
342321,रुपक बस्ताकोटी,Rupak Bastakoti,स्वतन्त्र,IND,4,M,False,Chetnath Bastakoti,स्‍नातक,त्रि.वि.,Kathmandu,,,3-काठमाडौं-2,342321,36
342303,कृष्ण बहादुर खत्री,Krishna Bahadur Khatri,त्रिमूल नेपाल,2505,3,M,False,Nar Bahadur Khatri,साधारण,नेपाल सरकार,Dolakha,,,3-काठमाडौं-2,342303,42
341036,टप वहादुर थापा,Tap Bahadur Thapa,स्वतन्त्र,IND,3,M,False,सिद्धि वहादुर थापा,सामान्य ,,काठमाडौं कागेश्वरी मनोहरा नगरपालिका काडाँघारी,वच्ची  थापा,१. समाजसेवा ,3-काठमाडौं-2,341036,71
341228,सिता तिवारी,Sita Tiwari,स्वतन्त्र,IND,2,F,False,Gopikrishna Neupane,+2,महेन्द्र मा.वि. विर्तामोड ,Jhapa,Baburam Tiwari,,3-काठमाडौं-2,341228,47
342180,इरा श्रेष्‍ठ,Ira Shrestha,स्वतन्त्र,IND,1,F,False,Chandra Bahadur Shrestha,साक्षर ,,Kathmandu,Bal Krishna Shrestha,,3-काठमाडौं-2,342180,48
339690,राजु नाथ पाण्डे,Raju Nath Pandey,राष्ट्रिय स्वतन्त्र पार्टी,2528,18757,M,True,आेज लाल पाण्डे,स्नातकोत्तर,त्रिभुवन विश्वविद्यालय,काठमाडौं काठमाडौँ महानगरपालिका सामाखुशी,ग‌गा  पन्त,जनप्रशासन,3-काठमाडौं-3,339690,55
340200,कुलमान घिसिङ्,Kulman Ghising,उज्यालो नेपाल पार्टी,2566,11171,M,False,Kripa Singh Tamang,"MBA, ME",त्रिभुवन विश्वविद्यालय,Ramechhap,Dipa Tamang,,3-काठमाडौं-3,340200,55
341618,रमेश अर्याल,Ramesh Aryal,नेपाली काँग्रेस,2583,6000,M,False,Laxman Prasad Aryal,स्नातक,त्रिभुवन विश्वविद्यालय,Kathmandu,Gita Adhikari Aryal,पूर्व वडा अध्यक्ष,3-काठमाडौं-3,341618,59
340062,रामेश्‍वर फुयाल,Rameshwar Phuyal,नेपाल कम्युनिष्ट पार्टी (एकीकृत मार्क्सवादी लेनिनवादी),2598,3816,M,False,Som Prasad Phuyal,स्नातकोत्तर,त्रिभुवन विश्वविद्यालय,Kathmandu,Subhadra Phuyal,,3-काठमाडौं-3,340062,63
340737,सुन्दर राम बोहरा,Sundar Ram Bohara,राष्ट्रिय प्रजातन्त्र पार्टी,2604,841,M,False,Shyam Bahadur Bohora,विद्यावारिधि,"सिंघानिया विश्वविद्यालय, भारत",Kathmandu,Pushpa Thapa,"अध्यापन, परामर्शदाता",3-काठमाडौं-3,340737,53
339813,निरज लामा,Niraj Lama,नेपाली कम्युनिष्ट पार्टी,2557,518,M,False,Ratna Vajra Lama,लेखपढ,,Kathmandu,Nisha Lama,,3-काठमाडौं-3,339813,45
339941,सुवाश घिसीङ,Subash Ghising,श्रम संस्कृति पार्टी,2501,347,M,False,Jit Lal Tamang,+२ उत्तीर्ण,,Ramechhap,,,3-काठमाडौं-3,339941,30
340288,केशव नेपाल,Keshav Nepal,स्वतन्त्र,IND,265,M,False,Rina Nath Nepal,SLC,,Kathmandu,Rinku Nepal,,3-काठमाडौं-3,340288,47
340491,शेखर नाथ आचार्य,Shekhar Nath Acharya,नेपाल कम्युनिस्ट पार्टी (माओवादी),2526,55,M,False,Yadu Kumar Acharya,SLC,,Sindhupalchowk,Sharda Acharya,,3-काठमाडौं-3,340491,60
339394,सुरेश कुमार ढुङ्गाना,Suresh Kumar Dhungana,स्वतन्त्र,IND,27,M,False,Gehendra Bahadur Dhungana,विद्यावारिधि,दिल्ली विश्वविद्यालय,Kathmandu,Priti Dhungana,प्राध्यापक डाक्टर,3-काठमाडौं-3,339394,63
339765,मदन श्रेष्ठ,Madan Shrestha,नेपाल मजदुर किसान पार्टी,2578,26,M,False,Nani Babu Shrestha,प्रमाणपत्र तह,,Kathmandu,Mohan Devi Shrestha,,3-काठमाडौं-3,339765,56
339374,कुल बहादुर लामा,Kul Bahadur Lama,मंगोल नेशनल अर्गनाइजेसन,2511,20,M,False,Bhakta Bahadur Lama,१० कक्षा पास,,Parsa,Tika Maya Lama,,3-काठमाडौं-3,339374,57
339459,श्रीकृष्‍ण वराल,Shrikrish‍na Varal,स्वतन्त्र,IND,15,M,False,विष्‍णु प्रसाद वराल,१० पास,,काठमाडौं गोकर्णेश्वर नगरपालिका बराल गाउँ,लक्ष्‍मी  सापकोटा (वराल),,3-काठमाडौं-3,339459,47
341778,बाबु काजी कार्की,Babu Kaji Karki,नेपाल कम्युनिष्ट पार्टी (संयुक्त),2601,13,M,False,Khadga Bahadur Karki,SLC,,Ramechhap,Rita Karki,,3-काठमाडौं-3,341778,43
340144,सज्‍जन आचार्य,Sajjan Acharya,स्वतन्त्र,IND,13,M,False,Raghu Nath Acharya,इन्जिनियरिङ्गमा स्नातक,Advanced College of Engineering and Management,Kathmandu,,,3-काठमाडौं-3,340144,39
339723,प्रनिल ध्वज कार्की,Pranil Dhwaj Karki,"जनता समाजवादी पार्टी, नेपाल",2542,11,M,False,Devdhwoj Karki,प्रमाणपत्र तह,,Kathmandu,Munu Karki,खेलकुद विज्ञ,3-काठमाडौं-3,339723,62
339505,शेखर अर्याल,Shekhar Aryal,प्रगतिशील लोकतान्त्रिक पार्टी,2516,10,M,False,Shankar Prasad Aryal,विद्यावारिधि,त्रिभुवन विश्वविद्यालय,Kathmandu,,अनुुसन्धानकर्ता तथा शिक्षण,3-काठमाडौं-3,339505,47
340684,राम कृष्‍ण पुजारी,Ram Krishna Pujari,स्वतन्त्र,IND,7,M,False,Shyamcha Pujari,८ पास,,Kathmandu,Chanchali Pujari,,3-काठमाडौं-3,340684,49
340971,प्रेम छिरी शेर्पा,Prem Chhiri Sherpa,नेशनल रिपब्लिक नेपाल,2504,2,M,False,Sang Sherpa,+2,,Dolakha,Manu Gurung,,3-काठमाडौं-3,340971,43
340824,रुप सागर देवी,Rup Sagar Devi,आम जनता पार्टी(एकल चुनाव चिन्ह),2581,2,F,False,दीन बन्धु मिश्र,SLC,,रौतहट बौधीमाई नगरपालिका सरमुजवा,नर्मदेश्‍वर  उपाध्याय,,3-काठमाडौं-3,340824,50
342431,प्रदिप काफ्ले,Pradipa Kaphle,स्वतन्त्र,IND,2,M,False,मिन बहादुर काफ्ले मगर,SLC,,काठमाडौं गोकर्णेश्वर नगरपालिका आत्तरखेल,,,3-काठमाडौं-3,342431,35
342480,जित बहादुर तामाङ,Jit Bahadur Tamang,मितेरी पार्टी नेपाल,2530,1,M,False,रण बहादुर तामाङ,७ पास,,काभ्रेपलाञ्चोक नमोबुद्ध नगरपालिका पात्ले गाउँ,रत्‍न माया तामाङ,,3-काठमाडौं-3,342480,68
340660,पुकार बम,Pukar Bam,राष्ट्रिय स्वतन्त्र पार्टी,2528,29142,M,True,Tara Bahadur Bam,,,Kailali,,,3-काठमाडौं-4,340660,38
341929,सचिन तिमल्सेना,Sachin Timilsena,नेपाली काँग्रेस,2583,8824,M,False,सुरेन्द्र कुमार तिमल्सेना,,,काठमाडौं काठमाडौँ महानगरपालिका ,,,3-काठमाडौं-4,341929,33
341885,राजन भट्टराई,Rajan Bhattarai,नेपाल कम्युनिष्ट पार्टी (एकीकृत मार्क्सवादी लेनिनवादी),2598,5733,M,False,Tanka Nath Bhattarai,,,Kathmandu,Gita Gautam Bhattarai,,3-काठमाडौं-4,341885,57
340380,सुरेन्द्र राज भण्डारी,Surendra Raj Bhandari,राष्ट्रिय प्रजातन्त्र पार्टी,2604,2025,M,False,Shri Tarksha Dip Bhandari,,,Taplejung,,,3-काठमाडौं-4,340380,63
339619,झनक बहादुर अधिकारी,Jhanak Bahadur Adhikari,उज्यालो नेपाल पार्टी,2566,1034,M,False,Ram Bahadur Adhikari,,,Kavrepalanchowk,Vidya Adhikari Regmi,,3-काठमाडौं-4,339619,45
339948,बरुण अमात्य,Barun Amatya,श्रम संस्कृति पार्टी,2501,756,M,False,Yadab Kumar Amatya,,,Kathmandu,,,3-काठमाडौं-4,339948,39
340590,इन्द्र कुमार भुसाल,Indra Kumar Bhusal,नेपाली कम्युनिष्ट पार्टी,2557,657,M,False,Khadga Bahadur Bhusal,,,Sankhuwasabha,,,3-काठमाडौं-4,340590,40
341139,विनोद बाबु प्रधान,Binod Babu Pradhan,स्वतन्त्र,IND,102,M,False,गोपाल प्रधान,,,काठमाडौं काठमाडौँ महानगरपालिका कुमारीटोल,,,3-काठमाडौं-4,341139,57
340985,अर्चन शम्शेर राणा,Archan Shumsher Rana,स्वतन्त्र,IND,83,M,False,मछेन्द्र शम्शेर राणा,,,काठमाडौं काठमाडौँ महानगरपालिका नक्साल,रचना  राणा,,3-काठमाडौं-4,340985,43
339342,आशा लाल श्रेष्‍ठ,Aasha Lal Shrestha,नेपाल मजदुर किसान पार्टी,2578,56,M,False,पूर्ण बहादुर श्रेष्‍ठ,,,काठमाडौं बुढानिलकण्ठ नगरपालिका वासिक,बिष्णु माया श्रेष्‍ठ,,3-काठमाडौं-4,339342,58
340821,पुजन गजुरेल,Pujan Gajurel,स्वतन्त्र,IND,40,M,False,Padam Nath Gajurel,,,Sindhupalchowk,,,3-काठमाडौं-4,340821,29
342405,करिस्मा  खरेल ,Karisma Kharel,नेपाल कम्युनिस्ट पार्टी (माओवादी),2526,31,F,False,Gopinath Kharel,,,Kavrepalanchowk,Pasang Sherpa,,3-काठमाडौं-4,342405,42
342460,संजिव दर्जी,Sanjiv Darji,स्वतन्त्र,IND,29,M,False,Durga Darji,,,Morang,Sushila Darji,,3-काठमाडौं-4,342460,58
339736,केम्श सिंह,Kemsh Singh,जनादेश पार्टी नेपाल(एकल चुनाव चिन्ह),2581,22,M,False,Kamal Prasad Koiri,Y,,Kathmandu, ,,3-काठमाडौं-4,339736,25
339590,छवि बहादुर खनाल,Chhabi Bahadur Khanal,राष्ट्रिय जनमोर्चा,2522,20,M,False,Bhim Bahadur Khanal,,,Arghakhanchi,Gayatri/Basanta Khanal,,3-काठमाडौं-4,339590,56
339318,श्‍याम कुमार भट्रराई खत्री,Shyam Kumar Bhattaaarai Khatri,नेपालका लागि नेपाली पार्टी,2524,18,M,False,रेशम बहादुर खत्री,,,काभ्रेपलाञ्चोक भुम्लु गाउँपालिका ठाडो कोत्का,मिना  भट्रराई,,3-काठमाडौं-4,339318,70
341712,दीपेन्द्र कुमार काफ्ले,Dipendra Kumar Kafle,स्वतन्त्र,IND,18,M,False,Ganga Prasad Kafle,,,Okhaldhunga,Laxmi Kumari Neupane Kafle,,3-काठमाडौं-4,341712,54
342589,दत्त बुढा,Datta Budha,प्रगतिशील लोकतान्त्रिक पार्टी,2516,16,M,False,Nand Budha,,,Humla,Vishnu Budha,,3-काठमाडौं-4,342589,34
341490,सिता तामाङ्ग,Sita Tamang,मंगोल नेशनल अर्गनाइजेसन,2511,16,F,False,Karna Bahadur Tamang,,,Dhanusha,Nanu Ram Tamang,,3-काठमाडौं-4,341490,58
341296,राजन पुरी,Rajan Puri,जय मातृभूमि पार्टी,2510,11,M,False,Dhanaranaj Puri,,,Kavrepalanchowk,,,3-काठमाडौं-4,341296,31
339826,प्रेम कुमार राई,Prem Kumar Rai,मितेरी पार्टी नेपाल,2530,9,M,False,Balajit Rai,,,Khotang,Samala Rai,,3-काठमाडौं-4,339826,48
340460,देवराज पौडेल,Devaraj Paudel,स्वतन्त्र,IND,9,M,False,शिव प्रसाद पौडेल,,,मकवानपुर हेटौडा उपमहानगरपालिका न्युरेनी चिसापानी,,,3-काठमाडौं-4,340460,34
339792,मदन देव आचार्य,Madan Dev Acharya,स्वतन्त्र,IND,9,M,False,Shiv Prasad Acharya,,,Kathmandu,Uma Devi Acharya,,3-काठमाडौं-4,339792,87
342613,मनोज अधिकारी,Manoj Adhikari,स्वतन्त्र,IND,8,M,False,Bharat Raj Adhikari,,,Kathmandu,Yashoda Adhikari,,3-काठमाडौं-4,342613,39
339908,मुस्कान पौडेल,Muskan Paudel,युनाईटेड नेपाल डिमोक्रयाटीक पार्टी,2561,7,M,False,जिवनलाल  शर्मा,,,काठमाडौं काठमाडौँ महानगरपालिका ,,,3-काठमाडौं-4,339908,57
339409,चेत बहादुर आले,Chet Bahadur Ale,राष्ट्रिय जनमुक्ति पार्टी,2605,7,M,False,Dhan Bahadur Ale,,,Dhankuta,Netra Kumari Ale,,3-काठमाडौं-4,339409,51
341789,केदार बहादुर कार्की,Kedar Bahadur Karki,स्वतन्त्र,IND,5,M,False,Prithi Bahadur Karki,,,Okhaldhunga,Lochana Karki,,3-काठमाडौं-4,341789,58
342188,आशिष श्रेष्‍ठ,Ashish Shrestha,स्वतन्त्र,IND,2,M,False,Gyan Bahadur Shrestha,,,Kathmandu,Bhawani Shrestha,,3-काठमाडौं-4,342188,40
340670,सस्मित पोखरेल,Sasmit Pokharel,राष्ट्रिय स्वतन्त्र पार्टी,2528,30737,M,True,Ramesh Kumar Pokhrel,स्नातक,Kathmandu University,Kathmandu,Susmita Adhikari,"पूर्व सहायक विज्ञ, शहरी योजना आयोग, का.म.पा.
पूर्व सल्लाहकार, का.म.पा. प्रमुख",3-काठमाडौं-5,340670,29
340646,प्रदीप पौडेल,Pradipa Paudel,नेपाली काँग्रेस,2583,9159,M,False,डिल्ली रमण पौडेल,स्नाकोत्तर,त्रिभुवन विश्वविद्यालय,तनहुँ शुक्लागण्डकी नगरपालिका गणपते,,पूर्व स्वास्थ्य मन्त्री,3-काठमाडौं-5,340646,50
340085,इश्वर पोखरेल,Ishwar Pokharel,नेपाल कम्युनिष्ट पार्टी (एकीकृत मार्क्सवादी लेनिनवादी),2598,4701,M,False,शिव राज पोखरेल,स्नातक,त्रिभुवन विश्‍वविद्यालय,काठमाडौं टोखा नगरपालिका कुवँर कोलनी,मिरा  पोखरेल (ध्वजु),,3-काठमाडौं-5,340085,72
339359,कमल थापा,Kamal Thapa,राष्ट्रिय प्रजातन्त्र पार्टी,2604,1922,M,False,Chhatra Bahadur Thapa,स्नाकोत्तर,,Kathmandu,Pralita Thapa,,3-काठमाडौं-5,339359,70
339536,श्रीराम गुरुङ,Shreeram Gurung,उज्यालो नेपाल पार्टी,2566,1228,M,False,लाल बहादुर गुरुङ,स्नाकोत्तर,पूर्वाञ्‍चल विश्‍वविद्यालय,संखुवासभा खाँदवारी नगरपालिका ,,15 years in Media in Hospitality Management.,3-काठमाडौं-5,339536,43
340227,अमित थापा,Amit Thapa,श्रम संस्कृति पार्टी,2501,769,M,False,Bam Bahadur Thapa,+2,,Kathmandu,Ganga Thapa,,3-काठमाडौं-5,340227,38
339912,कल्पना शर्मा,Kalpana Sharma,नेपाली कम्युनिष्ट पार्टी,2557,574,F,False,Dinanath Sharma,"स्नाकोत्तर (LL.M., MPA)","त्रिभुवन विश्‍वविद्यालय, पूर्वाञ्‍चल विश्‍वविद्यालय",Baglung,Somnath Sapkota,,3-काठमाडौं-5,339912,48
339845,शाेभा लाल श्रेष्ठ,Prava Shrestha,नेपाल मजदुर किसान पार्टी,2578,574,M,False,ज्वाहरि लाल श्रेष्ठ,SLC,,काठमाडौं टोखा नगरपालिका इकुलाग,सरिता  श्रेष्ठ,,3-काठमाडौं-5,339845,54
340866,नीशा अधिकारी,Nisha Adhikari,गतिशील लोकतान्त्रिक पार्टी,2571,91,F,False,Khang Bahadur Adhikari,स्नाकोत्तर,त्रिभुवन विश्‍वविद्यालय,Kathmandu,,"कार्यक्रम प्रस्तोता, कान्तिपुर टिभी
चलचित्र निर्माता
सामाजिक, राजनीतिक अभियान्ता",3-काठमाडौं-5,340866,39
339569,धर्म डंगोल,Dharma Dangol,स्वतन्त्र,IND,77,M,False,Siddhi Lal Dangol,स्नाकोत्तर,त्रिभुवन विश्‍वविद्यालय,Kathmandu,Rita Dangol,,3-काठमाडौं-5,339569,49
340986,ज्ञानेन्द्र प्रजापती,Gyanendra Prajapati,नेपाल कम्युनिस्ट पार्टी (माओवादी),2526,71,M,False,Purna Bhai Prajapati,SLC,,Kathmandu,Urmila Prajapati,,3-काठमाडौं-5,340986,42
339743,विष्‍णु श्रेष्‍ठ,Bishnu Shrestha,प्रगतिशील लोकतान्त्रिक पार्टी,2516,50,M,False,पूर्ण लाल श्रेष्‍ठ,आई.कम.,त्रिभुवन विश्‍वविद्यालय,काठमाडौं टोखा नगरपालिका धापासी,सानु माया श्रेष्‍ठ,,3-काठमाडौं-5,339743,48
340397,अशोक विक्रम जि सी,Ashoka Vikrama Ji Si,राष्ट्रिय जनमोर्चा,2522,49,M,False,मोहन वि जि सी,"MA., M.Sc.",Delhi University,काठमाडौं बुढानिलकण्ठ नगरपालिका ,विनु  के सी,,3-काठमाडौं-5,340397,54
340448,स्याम काजी सुनुवार,Shyam Kaji Sunuwar,संयुक्त नागरिक पार्टी,2521,45,M,False,Dhan Bahadur Sunuwar,प्रविणता तह,,Kathmandu,,,3-काठमाडौं-5,340448,36
340315,बसन्त राज कुँवर,Basanta Raj Kuwnwar,जय मातृभूमि पार्टी,2510,33,M,False,श्याम राज कुँवर,स्नातक,त्रिभुवन विश्‍वविद्यालय,काठमाडौं बुढानिलकण्ठ नगरपालिका बुढानिलकण्ठ,पुजा  कुँवर,,3-काठमाडौं-5,340315,66
341246,क्यामुना मिजार,Kyamuna Mijar,स्वतन्त्र,IND,29,F,False,Arjun Mijar,SLC,,Kathmandu,Kedar Mijar,,3-काठमाडौं-5,341246,38
340368,निमेस खनाल,Nimesh Khanal,नेपाल कम्युनिष्ट पार्टी (संयुक्त),2601,27,M,False,उदय प्रसाद खनाल,स्नातक, त्रिभुवन विश्‍वविद्यालय,काठमाडौं काठमाडौँ महानगरपालिका महाराजगंज,सैलु  खनाल,,3-काठमाडौं-5,340368,53
341557,युवराज काफ्ले,Yuvaraja Kaphle,नेपाल कम्युनिष्ट पार्टी (माक्र्सवादी)(एकल चुनाव चिन्ह),2512,16,M,False,कुस्माखर  काफ्ले,स्नातक (आर्युवेद),,रूपन्देही सैनामैना नगरपालिका बासगढी,सरस्‍वती  काफ्ले(भुसाल),चिकित्सा क्षेत्र,3-काठमाडौं-5,341557,54
341089,दानिन्द्र जोशी,Danindra Joshi,"जनता समाजवादी पार्टी, नेपाल",2542,15,M,False,Buddha Bahadur Joshi,स्नातक,त्रिभुवन विश्‍वविद्यालय,Dolakha,Renu Shrestha,,3-काठमाडौं-5,341089,49
339777,कोमल  पौडेल,Komal Paudel,आम जनता पार्टी(एकल चुनाव चिन्ह),2581,10,F,False,टिका   पौडेल,एम्.फिल. (अन्तर्राष्ट्रिय सम्बन्ध),त्रिभुवन विश्‍वविद्यालय,गुल्मी मुसिकोट नगरपालिका ,जिवलाल   पौडेल,,3-काठमाडौं-5,339777,64
341031,मिरा गुरुङ,Shreeram Gurung,मंगोल नेशनल अर्गनाइजेसन,2511,6,F,False,श्रीराम  गुरुङ,+2,,धादिङ नेत्रावती डबजोङ गाउँपालिका मार्पाक,सन्त बहादुर गुरुङ,,3-काठमाडौं-5,341031,46
339818,रमेश तामाङ,Ramesh Tamang,त्रिमूल नेपाल,2505,6,M,False,Phurba Tamang,,,Dolakha,,,3-काठमाडौं-5,339818,47
340949,ढक बहादुर कार्की,Dhak Bahadur Karki,स्वतन्त्र,IND,6,M,False,Man Bahadur Karki,स्नाकोत्तर,त्रिभुवन विश्‍वविद्यालय,Parbat,,"सामाजिक, शिक्षण, पर्यटन क्षेत्रको अनुभव",3-काठमाडौं-5,340949,55
341341,रमिता सापकोटा,Ramita Sapkota,स्वतन्त्र,IND,5,F,False,Ashwini Kumar Sapkota,स्नाकोत्तर,त्रिभुवन विश्‍वविद्यालय,Kavrepalanchowk,,,3-काठमाडौं-5,341341,37
341293,प्रभा श्रेष्‍ठ,Prava Shrestha,स्वतन्त्र,IND,3,F,False,मोहन कुमार श्रेष्‍ठ,प्रविणता तह,,काठमाडौं टोखा नगरपालिका शान्ति बस्ती,सुरेन्द्र कुमार श्रेष्‍ठ,,3-काठमाडौं-5,341293,46
342290,शिशिर  खनाल ,Shishir Khanal,राष्ट्रिय स्वतन्त्र पार्टी,2528,27916,M,True,Surya Bhakta Khanal,स्नातकोत्तर,"University of Wishconsin, USA",Kathmandu,Achyuta Adhikari,"सर्वोदय श्रमदान अभियान (श्रीलंका, नेपाल, अमेरिका) २००५-२०१२
टिच फर नेपाल २०१२-२०१९
नीतिशाला/तुलसीपुर उपमहानगरपालिका २०२३-२०२५
प्रतिनिधि सभा सदस्य काठमाडौं ६ २०२३-२०२५",3-काठमाडौं-6,342290,47
341403,कृष्‍ण वानियाँ क्षेत्री,Krish‍na Vaniyan Kshetri,नेपाली काँग्रेस,2583,6667,M,False,लाल बहादुर वानियाँ,प्रविणता पत्र तह,त्रिभुवन विश्वविद्यालय,काठमाडौं टोखा नगरपालिका ,झुनु मैया वानियाँ,समाजसेवा,3-काठमाडौं-6,341403,61
341299,अमन कुमार मास्के,Aman Kumar Maskey,नेपाल कम्युनिष्ट पार्टी (एकीकृत मार्क्सवादी लेनिनवादी),2598,4518,M,False,ओम प्रकाश श्रेष्ठ,स्नातकोत्तर,त्रिभुवन विश्वविद्यालय,काठमाडौं तारकेश्वर नगरपालिका फुटुङ,सुमित्रा  अधिकारी,,3-काठमाडौं-6,341299,53
341133,उद्धव राज भेटुवाल,Uddav Raj Bhetuwal,राष्ट्रिय प्रजातन्त्र पार्टी,2604,1321,M,False,मदन  भेटुवाल,स्नातकोत्तर,,काठमाडौं तारकेश्वर नगरपालिका भेटुवालथोक,,,3-काठमाडौं-6,341133,36
339889,हेम लाल शर्मा,Hem Lal Sharma,नेपाली कम्युनिष्ट पार्टी,2557,1260,M,False,Nand Lal Sharma,Master,Tribhuvan University,Baglung,Devi Sharma,"क) २०७० मा काठमाडौं क्षेत्र नं. ६ को उम्मेदवार
ख) स्ववियू सभापती २०६५, त्रि.वि.
ग) राजनैतिक क्षेत्रमा संलग्न
घ) विभिन्न सामाजिक संघ संस्थामाा आवध्दता",3-काठमाडौं-6,339889,56
341804,वारिस धरेल,Varisa Dharel,उज्यालो नेपाल पार्टी,2566,857,M,False,हरि प्रसाद धरेल,स्नातक,,काठमाडौं टोखा नगरपालिका महादेवटार,,पर्यटन क्षेत्रमा लामो अनुभव,3-काठमाडौं-6,341804,36
341579,लवली थापा,Labali Thapa,श्रम संस्कृति पार्टी,2501,448,F,False,हरि बहादुर थापा,"MBBS, Master","Noron Sichuan Medical College,LISU",काठमाडौं टोखा नगरपालिका ,,"समाजिक अभियान्ता 
व्यवसाय",3-काठमाडौं-6,341579,42
339593,इन्द्र कुमारी बज्राचार्य,Indra Kumari Bajracharya,नेपाल मजदुर किसान पार्टी,2578,230,F,False,Ashakaji Bajracharya,SLC,SLC Board,Lalitpur,Kancha Bajracharya,,3-काठमाडौं-6,339593,47
341719,सुक्र बहादुर लामा,Sukra Bahadur Lama,नेपाल कम्युनिस्ट पार्टी (माओवादी),2526,24,M,False,Krishna Bahadur Lama,slc,shakti Ma vi Nuwakot,Nuwakot,Shanta Maya Lama,"समाजसेवा
",3-काठमाडौं-6,341719,44
339450,जगत प्रसाद रेग्मी,Jagat Prashad Regmi,राष्ट्रिय जनमोर्चा,2522,20,M,False,नारायण प्रसाद रग्मी,12 pass,,दैलेख भगवतीमाई गाउँपालिका सुन्दर,बिण्णा  रग्मी,२०५० साल देखि निरन्तर समाज सेवामा समर्पित,3-काठमाडौं-6,339450,50
341477,गिरी राज अर्याल,Giri Raj Aryal,प्रगतिशील लोकतान्त्रिक पार्टी,2516,19,M,False,Govinda Prasad Aryal,educated,,Nuwakot,Mina Aryal,,3-काठमाडौं-6,341477,50
340993,रोम लाल गिरी,Rom Lal Giri,जय मातृभूमि पार्टी,2510,18,M,False,Ruku Giri,Bsc. Ag.,IAASTV,Gulmi,Haripriya Giri,"२१ वर्ष कृषि बैंकमा जागिर
१३ वर्ष नेपाल भ्रमण
(आत्मनिर्भर र योजनामा नेपाल) लेखक",3-काठमाडौं-6,340993,61
340481,अम्‍विका कुमारी कार्की,Ambika Kumari Karki,स्वतन्त्र,IND,17,F,False,Jay Bahadur Karki,SLC,प्रयागेश्वर मा. वि. रामेछाप,Ramechhap,Padam Bahadur Shahi Thakuri,समाज सेवा,3-काठमाडौं-6,340481,47
342500,सफलता बोगटी,Safalta Bogati,आम जनता पार्टी(एकल चुनाव चिन्ह),2581,8,F,False,केशव बहादुर बोगटी,स्नातकोत्तर,त्रिभुवन विश्वविद्यालय,नुवाकोट लिखु गाउँपालिका भट्टथोक,,,3-काठमाडौं-6,342500,31
342085,सरोज थपलिया,Saroj Thapaliya,स्वतन्त्र,IND,7,M,False,Ram Sharan Thapaliya,स्नातकोत्तर,त्रिभुवन विश्वविद्यालय,Nuwakot,,,3-काठमाडौं-6,342085,37
341932,उद्धव प्रसाद मिश्र,Uddav Prasad Mishra,प्रजातान्त्रिक पार्टी नेपाल,2582,6,M,False,रामकृष्‍ण  मिश्र,IA,Amarjyoti Ma vi Nuwakot,नुवाकोट पञ्चकन्या गाउँपालिका बेसीकेरी,गौरी  तिमिल्‍सीना,"राजनीतिक
चलचित्र्
टेलिचलचित्र
निर्देशक",3-काठमाडौं-6,341932,49
342754,बल बहादुर के.सी,Bala Bahadura Ke.si,स्वतन्त्र,IND,6,M,False,इन्द्र बहादुर के.सी,slc,ग्राम सेवा मा. वि.,काठमाडौं तारकेश्वर नगरपालिका काभ्रेस्थली,लक्ष्मी  के.सी,भूमि सम्बन्धी अनुभव,3-काठमाडौं-6,342754,68
341081,इन्दिरा थापा,Indira Thapa,राष्ट्रिय मुक्ति पार्टी नेपाल(एकल चुनाव चिन्ह),2531,5,F,False,Vasudev Khanal,SLC,,Kathmandu,Sudam Thapa,समाजसेवा,3-काठमाडौं-6,341081,61
342046,संगम अर्याल,Sangam Aryal,स्वतन्त्र,IND,5,M,False,Ram Prasad Aryal,स्नातक,,Dhading,-  -,समाज सेवा,3-काठमाडौं-6,342046,30
340569,राम कुमार घिमिरे,Ram Kumar Ghimire,स्वतन्त्र,IND,3,M,False,Arjun Kumar Ghimire,Master,Trichandra,Morang,Ganga Dhakal,,3-काठमाडौं-6,340569,56
340951,गणेश पराजुली,Ganesh Parajuli,राष्ट्रिय स्वतन्त्र पार्टी,2528,27805,M,True,Bhumi Raj Parajuli,स्नातक,,Khotang,Rina Bajracharya (Parajuli),,3-काठमाडौं-7,340951,46
341689,प्रमोद हरि गुरागाई,Pramod Hari Guragain,नेपाली काँग्रेस,2583,3982,M,False,Ram Prasad Guragai,स्नताकोत्तर,,Nuwakot,Krishna Adhikari,,3-काठमाडौं-7,341689,51
341092,वसन्त प्रसाद मानन्धर,Basanta Prasad Manandhar,नेपाली कम्युनिष्ट पार्टी,2557,3667,M,False,Dev Narayan Manandhar,स्नातक (बि.कम),,Kathmandu,Indira Panta,,3-काठमाडौं-7,341092,54
341121,प्रकाश श्रेष्ठ,Prakash Shrestha,नेपाल कम्युनिष्ट पार्टी (एकीकृत मार्क्सवादी लेनिनवादी),2598,3544,M,False,Kisan Shrestha,स्नातक अध्ययनरत,,Kathmandu,Samita Tamang (Shrestha),,3-काठमाडौं-7,341121,47
340878,विमला लामा,Bimala Lama,उज्यालो नेपाल पार्टी,2566,1383,F,False,भरत बहादुर लामा,bachelor running,,सिन्धुपाल्चोक सुनकोशी गाउँपालिका गैरिघर टोल,हस्त बहादुर लामा,,3-काठमाडौं-7,340878,37
341483,लाल कुमार लामा,Lal Kumar Lama,राष्ट्रिय प्रजातन्त्र पार्टी,2604,1381,M,False,Jit Bahadur Lama,10,,Kathmandu,Ketari Maya Lama,,3-काठमाडौं-7,341483,65
339370,मणिराम बहादुर प्रधान,Maniram Bahadur Pradhan,श्रम संस्कृति पार्टी,2501,446,M,False,Narayan Bahadur Pradhan,स्नातक वाणिज्य शास्त्र,,Kathmandu,Piyi Liyo,,3-काठमाडौं-7,339370,59
340190,गणेश माया डंगोल,Ganesh Maya Dangol,नेपाल मजदुर किसान पार्टी,2578,97,F,False,Ganesh Lal Shrestha,कक्षा ९,,Kathmandu,Shailendra Dangol,,3-काठमाडौं-7,340190,50
340444,दिपक मानन्धर,Dipak Manandhar,नेपाल कम्युनिस्ट पार्टी (माओवादी),2526,78,M,False,Laxmi Das Manandhar,कक्षा दस पास,,Kathmandu,,,3-काठमाडौं-7,340444,60
341187,अमिन रत्न ताम्राकार,Amin Ratna Tamrakar,प्रगतिशील लोकतान्त्रिक पार्टी,2516,75,M,False,Dharma Ratna Tamrakar,एस एल सि,,Kathmandu,Nirjana Tuladhar,,3-काठमाडौं-7,341187,46
341527,भरत पौडेल,Bharat Paudel,स्वतन्त्र,IND,50,M,False,तोय नाथ पौडेल,SLC,,काठमाडौं नागार्जुन नगरपालिका हल्चोक,चन्डीका  पौडेल पाण्डे,,3-काठमाडौं-7,341527,48
340141,शर्मिला फुयाल,Sharmila Phuyal,स्वतन्त्र,IND,34,F,False,Arjun Prasad Phuyal,"M. PHIL Economics, BBA LLB",,Kathmandu,,,3-काठमाडौं-7,340141,39
340923,बुद्धि प्रसाद रेग्मी,Buddhi Prasad Regmi,स्वतन्त्र,IND,32,M,False,Netra Narayan Regmi,bachelor,,Syangja,Sharda Paudel Regmi,,3-काठमाडौं-7,340923,47
342017,विनोद कुमार गुरुङ,Binod Kumar Gurung,राष्ट्रिय एकता दल,2548,29,M,False,प्रेम बहादुर गुरुङ,साक्षर,,गोरखा बारपाक सुलिकोट गाउँपालिका ,सुनिता  तामाङ,,3-काठमाडौं-7,342017,47
340731,गुण बहादुर बन्जारा क्षेत्री,Gun Bahadur Banjara Chhetri,नेपाल कम्युनिष्ट पार्टी (संयुक्त),2601,13,M,False,Nain Bahadur Banjara,SLC,,Gorkha,Chini Maya Banjara,,3-काठमाडौं-7,340731,68
342495,प्रदिप भट्टराइ,Pradeep Bhattarai,आम जनता पार्टी(एकल चुनाव चिन्ह),2581,13,M,False,दण्डपानी  भट्टराइ,स्नातक,,धादिङ ज्वालामूखी गाउँपालिका मजुवाटार,- - -,,3-काठमाडौं-7,342495,28
340068,बाबु राम लामा,Babu Ram Lama,"जनता समाजवादी पार्टी, नेपाल",2542,9,M,False,Maite Singh Lama,SLC,,Kathmandu,Anandi Lama,,3-काठमाडौं-7,340068,59
339762,दिर्ध कुमार श्रेष्‍ठ,Dirgha Kumar Shrestha,राष्ट्रिय जनमोर्चा,2522,9,M,False,चाम नारायण श्रेष्‍ठ,,,काठमाडौं टोखा नगरपालिका जलविनायक,विष्‍णु कुमारी श्रेष्‍ठ,,3-काठमाडौं-7,339762,51
341161,बैकुण्ठ फुयाल,Baikuntha Phuyal,जय मातृभूमि पार्टी,2510,8,M,False,Manorath Phuyal,+ २,,Kathmandu,Rita Phuyal,,3-काठमाडौं-7,341161,54
341657,दिपीन पन्त,Dipin Panta,राष्ट्रिय मुक्ति पार्टी नेपाल(एकल चुनाव चिन्ह),2531,8,M,False,कृष्ण हरि पन्त,स्नातक,,तनहुँ आँबुखैरेनी गाउँपालिका मार्कीचोक,सृजना  लोहनी,,3-काठमाडौं-7,341657,35
341942,अन्जला बज्राचार्य,Anjala Bajracharya,स्वतन्त्र,IND,7,F,False,Amrit Ratna Shakya,एस एल सि पास,,Kathmandu,Anil Ratna Bajracharya,,3-काठमाडौं-7,341942,48
341280,प्रकाश  कुँवर,Prakash Kunwar,स्वतन्त्र,IND,7,M,False,Bal Bahadur Kunwar,एस एल सी,,Lamjung,,,3-काठमाडौं-7,341280,52
341727,सुजिता श्रेष्ठ,Sujita Shrestha,स्वतन्त्र,IND,5,F,False,Laxmi Das Shrestha,BA LLB,,Kathmandu,,,3-काठमाडौं-7,341727,45
342050,अमन श्रेष्ठ,Aman Shrestha,स्वतन्त्र,IND,4,M,False,Arjun Shrestha,स्नातक,,Kathmandu,,,3-काठमाडौं-7,342050,26
342221,पुष्प बानियाँ,Puspa Baniya,स्वतन्त्र,IND,4,M,False,बुद्दि बहादुर बानिया,+2,,काठमाडौं काठमाडौँ महानगरपालिका ,,,3-काठमाडौं-7,342221,27
341890,सुमन  पुतुवार  / महर्जन ,Suman Putuwar Maharjan,स्वतन्त्र,IND,3,M,False,लाटा   पुतुवार  / महर्जन ,+2,,काठमाडौं तारकेश्वर नगरपालिका गुहेश्‍वरी,,,3-काठमाडौं-7,341890,35
341212,सबिता गमाल,Sabita Gamal,स्वतन्त्र,IND,3,F,False,Bir Bahadur Gamal,स्नातक,,Makwanpur,Dhan Krishna Gamal,,3-काठमाडौं-7,341212,45
340972,विराज भक्त श्रेष्ठ,Biraj Bhakta Shrestha,राष्ट्रिय स्वतन्त्र पार्टी,2528,24592,M,True,Vikas Shrestha,Bachelor,SANN International College,Kathmandu,Srishti Singh Bhandari,"सांसद (प्रदेश सभा), सांसद (प्रतिनिधि सभा), मन्त्रि (पूर्व), सामाजिक सेवा",3-काठमाडौं-8,340972,44
340369,सुमन सायमी,Suman Shayami,नेपाली कम्युनिष्ट पार्टी,2557,3217,M,False,जिवन राज मानन्धर,+2,Tribhuvan University,काठमाडौं काठमाडौँ महानगरपालिका कालिमाटी,अनु  सायमी,व्यापार,3-काठमाडौं-8,340369,52
341100,सपना राजभण्डारी,Sapana Rajbhandari,नेपाली काँग्रेस,2583,2835,F,False,Govinda Rajbhandari,स्‍नातकोत्तर,Tribhuvan University,Kathmandu,Navindra Raj Joshi,"२०७५ सालमा समानुपातिकतर्फ प्रतिनिधि सभा सदस्य निर्वाचित, २०४८ साल देखि नेपाली काङ्ग्रेसको सक्रिय रूपमा विभिन्न पदमा रही काम गरेको",3-काठमाडौं-8,341100,59
339822,राजेश शाक्य,Rajesh Shakya,नेपाल कम्युनिष्ट पार्टी (एकीकृत मार्क्सवादी लेनिनवादी),2598,1909,M,False,Dharma Ratna Shakya,Bachelor,Tribhuvan University,Kathmandu,Mira Shakya,"२०५४ स्थानीय निर्वाचित कामनपा १९ वडा को सदस्य, २०७४ बागमती प्रदेशको प्रदेश सभाको सदस्य",3-काठमाडौं-8,339822,58
340159,नबिन शाही,Nabin Shahi,राष्ट्रिय प्रजातन्त्र पार्टी,2604,1909,M,False,Laxmi Bahadur Shahi,IA,Tribhuvan University,Kathmandu,Rekha Sapkota Shahi,"सामाजिक क्षेत्र, व्यवसायिक",3-काठमाडौं-8,340159,50
340131,राजन खड्गी,Rajan Khadgi,उज्यालो नेपाल पार्टी,2566,1033,M,False,Raju Khadgi,+2,क्यामबिर्ज कलेज,Kathmandu,,"सम्पदा अभियन्ता, सामाजिक अभियन्ता",3-काठमाडौं-8,340131,32
339329,शिव सुन्दर कर्माचार्य,Shiva Sundar Karmacharya,श्रम संस्कृति पार्टी,2501,281,M,False,श्‍याम सुन्दर कर्माचार्य,Diploma in Electronics Engineering,,काठमाडौं काठमाडौँ महानगरपालिका तब्ब मार्ग,सुनिता  श्रेष्‍ठ,,3-काठमाडौं-8,339329,41
342661,छत्र कुमार पाख्रिन,Chhatra Kumar Pakhrin,"राष्ट्रिय मुक्ति आन्दोलन, नेपाल",2591,203,M,False,शंखलाल  तमाङ,,Bharat,दोलखा कालिन्चोक गाउँपालिका ,रुपा   सुवाल,समाज सेवा,3-काठमाडौं-8,342661,43
342136,सुनिता महर्जन,Sunita Maharjan,स्वतन्त्र,IND,179,F,False,Shyam Sundar Maharjan,साक्षर,मंगलोदय माध्यमिक विद्यालय,Kathmandu,Sandhir Kumar Maharjan,,3-काठमाडौं-8,342136,38
340553,बन्दना श्रेष्ठ,Bandana Shrestha,नेपाल मजदुर किसान पार्टी,2578,90,F,False,Shyam Bahadur Shrestha,S.L.C,"विद्या मन्दिर माध्यमिक विद्यालय, नैकाप",Kathmandu,Karan Kumar Magar,,3-काठमाडौं-8,340553,42
339587,दिनेश शाहि,Dinesh Shahi,नेपाल जनता संरक्षण पार्टी,2541,71,M,False,Ashta Bahadur Shahi,+2,T.U,Kathmandu,Sarika Shahi,"समाजसेवामा उल्लेखित सेवा हासिल गरेको, पशु अधिकारको बारेमा काम गरेको",3-काठमाडौं-8,339587,49
339659,सलाम सिंह लामा,Salam Singh Lama,नेपाल कम्युनिस्ट पार्टी (माओवादी),2526,19,M,False,Daulat Singh Tamang,S.L.C,"श्री प्रभा माध्यमिक विद्यालय, काभ्रे",Kavrepalanchowk,Sarita Tamang,व्यापार,3-काठमाडौं-8,339659,54
339883,खगेश रंजितकार,Khagesh Ranjitkar,आम जनता पार्टी(एकल चुनाव चिन्ह),2581,13,M,False,Singh Bahadur Ranjitkar,IA,देउराली मल्टिपल क्याम्पस,Kathmandu,Sadhana Ranjitkar,"पूर्व सेना सुवेदार पेनशन, दोस्रो संविधान सभा सदस्य उम्मेदवार, प्रतिनिधि सभा सदस्य उम्मेदवार, २०७४, सेक्युरिटी कम्पनी सञ्‍चालन गरेको",3-काठमाडौं-8,339883,56
341742,सरोज राज बैद्म,Saroj Raj Baidhya,"जनता समाजवादी पार्टी, नेपाल",2542,9,M,False,श्‍याम राज बैद्म,S.L.C,,काठमाडौं काठमाडौँ महानगरपालिका झोछे,कुसुम मुखिया बैद्म,जसपा नेपाल युवा संघ,3-काठमाडौं-8,341742,48
342157,शुशिला नेपाली,Shushila Nepali,स्वतन्त्र,IND,9,F,False,Ram Bhakta Nepali,+2,Tribhuvan University,Kathmandu,,,3-काठमाडौं-8,342157,44
342730,रेशम  वहादुर सुनार,Resham Bahadur Sunar,संयुक्त नागरिक पार्टी,2521,8,M,False,Chandra Bahadur Sunar,१०,,Sindhupalchowk,Suk Maya Sunar,,3-काठमाडौं-8,342730,57
342459,विजय डंगोल,Vijaya Dangol,नेपाल संघीय समाजवादी पार्टी(एकल चुनाव चिन्ह),2567,8,M,False,विष्णु  डंगोल,+2,जन प्रभात उच्च माध्यमिक विद्यालय,काठमाडौं काठमाडौँ महानगरपालिका ,रेनु  डंगोल,"राजनैतिक समाजसेवी, आयुर्वेदिक उपचार, व्यवसायी",3-काठमाडौं-8,342459,50
339455,मुक्‍ती नाथ शर्मा,Mukti Nath Sharma,राष्ट्रिय मुक्ति पार्टी नेपाल(एकल चुनाव चिन्ह),2531,8,M,False,Ganesh Prasad Sharmal,S.L.C,नेपाल युवक मा.वि,Kathmandu,Sushma Sharma,समाजसेवा,3-काठमाडौं-8,339455,57
340236,विकाश खड्गी,Bikash Khadgi,स्वतन्त्र,IND,7,M,False,कृष्‍ण प्रसाद खड्गी,SLC,शान्ति निकुञ्ज निकेतन विद्यालय,काठमाडौं काठमाडौँ महानगरपालिका चुन्ने पाखा गल्ली,कविता  खड्गी,,3-काठमाडौं-8,340236,54
342418,राजेन्द्र प्रसाद शाह,Rajendra Prasad Shah,नेपाल कम्युनिष्ट पार्टी (संयुक्त),2601,5,M,False,Ramvilash Shah,बी.एल,Tribhuvan University,Sarlahi,Sanjha Devi Shah,,3-काठमाडौं-8,342418,68
342087,तुलसा श्रेष्ठ महर्जन,Tulasha Shrestha Maharjan,स्वतन्त्र,IND,4,F,False,राम कृष्ण श्रेष्ठ,Master Degree,Tribhuvan University,काठमाडौं काठमाडौँ महानगरपालिका चंखु मार्ग,शान्त कुमार महर्जन,,3-काठमाडौं-8,342087,38
342052,मुना न्यौपाने (पाण्डे),Muna Neupane (Pandey),स्वतन्त्र,IND,4,F,False,मित्र प्रसाद न्यौपाने,S.L.C,"हिमालय माध्यमिक विद्यालय, झापा, दमक",सुनसरी बराहक्षेत्र नगरपालिका ,गायत्री प्रसाद पाण्डे,,3-काठमाडौं-8,342052,36
340686,डोल प्रसाद अर्याल,Dol Prasad Aryal,राष्ट्रिय स्वतन्त्र पार्टी,2528,35093,M,True,Boj Raj Aryal,,,Dhading,Ambika K.C.,,3-काठमाडौं-9,340686,51
342487,नानु मैया बास्तोला,Nanu Maiya Bastola,नेपाली काँग्रेस,2583,5460,F,False,Tulsi Ram Bastola,,,Udayapur,,,3-काठमाडौं-9,342487,44
339778,अजय क्रान्‍ती शाक्‍य,Ajay Kranti Shakya,नेपाल कम्युनिष्ट पार्टी (एकीकृत मार्क्सवादी लेनिनवादी),2598,4580,M,False,Ratna Kaji Shakya,विद्यावारिधी,,Kathmandu,Anjan Shakya,,3-काठमाडौं-9,339778,57
340531,दिल कुमार कार्की,Dil Kumar Karki,राष्ट्रिय प्रजातन्त्र पार्टी,2604,1457,M,False,Krishna Bahadur Karki,स्‍नातक तह,,Kathmandu,,,3-काठमाडौं-9,340531,40
341510,रामेश्‍वर श्रेष्ठ,Ramesh‍vara Shreshth,उज्यालो नेपाल पार्टी,2566,1426,M,False,हरि बहादुर श्रेष्ठ,स्‍नातक,,काठमाडौं काठमाडौँ महानगरपालिका ह्‍यूमत,,,3-काठमाडौं-9,341510,55
340718,राधा कृष्ण महर्जन,Radha Krishna Maharjan,नेपाली कम्युनिष्ट पार्टी,2557,1328,M,False,Nati Maharjan,स्‍नातक,,Kathmandu,Subhadra Maharjan,,3-काठमाडौं-9,340718,54
339767,शान्त महर्जन,Shanta Maharjan,नेपाल मजदुर किसान पार्टी,2578,443,M,False,Mangal Das Maharjan,,,Kathmandu,Chandeshwari Maharjan,,3-काठमाडौं-9,339767,43
340231,बलराम श्रेष्ठ,Balram Shrestha,श्रम संस्कृति पार्टी,2501,331,M,False,गोविन्द  श्रेष्ठ,,,काठमाडौं काठमाडौँ महानगरपालिका पुतली मार्ग,रजनी  श्रेष्ठ,,3-काठमाडौं-9,340231,49
340485,माईला लामा,Maila Lama,नेपाल कम्युनिस्ट पार्टी (माओवादी),2526,183,M,False,Jit Bahadur Tamang Lama,साक्षर,,Kathmandu, ,,3-काठमाडौं-9,340485,53
340930,पंच कुमारी मानन्धर,Pancha Kumari Manandhar,स्वतन्त्र,IND,69,F,False,Bekha Narayan Manandhar,PHD,,Kathmandu,Hari Narayan Manandhar,,3-काठमाडौं-9,340930,82
340382,राजु रोक्का,Raju Rokka,प्रगतिशील लोकतान्त्रिक पार्टी,2516,64,M,False,Maila Rokka,SLC,,Kathmandu,Manisha Rokka,,3-काठमाडौं-9,340382,48
339565,रोसन दानी,Roshan Dani,राष्ट्रिय जनमोर्चा,2522,62,M,False,Hari Krishna Dani,,,Kathmandu,,,3-काठमाडौं-9,339565,34
339606,अनुप मुनि बज्राचार्य,Anup Muni Bajrachrya,जय मातृभूमि पार्टी,2510,62,M,False,अष्‍ट मुनि बज्राचार्य,+२,,काठमाडौं काठमाडौँ महानगरपालिका लगनटोल,,,3-काठमाडौं-9,339606,40
340769,एन्जिस राज प्रसाई,Enjisa Raja Prasaee,नेपाल कम्युनिष्ट पार्टी (संयुक्त),2601,29,M,False,कूल प्रसाद प्रसाई,Bachelor,,काठमाडौं काठमाडौँ महानगरपालिका ,,,3-काठमाडौं-9,340769,30
339979,ईरस श्रेष्‍ठ,Eras Shrestha,आम जनता पार्टी(एकल चुनाव चिन्ह),2581,23,M,False,राज भक्त श्रेष्‍ठ,PCL,,काठमाडौं काठमाडौँ महानगरपालिका मयलवारी,,,3-काठमाडौं-9,339979,42
341704,सुमित्रा श्रेष्ठ,Sumitra Shrestha,स्वतन्त्र,IND,17,F,False,Madhav Narayan Shrestha,एस.एल.सी.,,Kathmandu,Sharan Bahadur Shrestha,,3-काठमाडौं-9,341704,54
342299,रणवीर क्षेत्री सिंह,Ranavira Kshetri Sinh,"जनता समाजवादी पार्टी, नेपाल",2542,8,M,False,रतन  क्षेत्री सिंह,+2,,काठमाडौं काठमाडौँ महानगरपालिका त्रिपुरेश्वर,सबिना  खत्री,,3-काठमाडौं-9,342299,50
340134,धर्मराज गुरुङ,Dharmaraj Gurung,मंगोल नेशनल अर्गनाइजेसन,2511,6,M,False,श्री राम गुरुङ,१० पास,,धादिङ खनियाबास गाउँपालिका ,सिता  गुरुङ,,3-काठमाडौं-9,340134,51
340074,मदन डंगोल,Mdan Dangol,राष्ट्रिय मुक्ति पार्टी नेपाल(एकल चुनाव चिन्ह),2531,6,M,False,श्याम डंगोल,+2,,काठमाडौं काठमाडौँ महानगरपालिका फसिगां, ,,3-काठमाडौं-9,340074,27
341473,जुध्‍द बहादुर कार्की,Juddha Bahadur Karki,स्वतन्त्र,IND,6,M,False,Udha Bahadur Karki,SLC,,Kathmandu,Tara Karki,,3-काठमाडौं-9,341473,55
341750,हरि प्रसाद घिमिरे,Hari Prasad Ghimire,स्वतन्त्र,IND,6,M,False,Gunaraj Ghimire,,,Chitwan,Khum Kumari Ghimire,,3-काठमाडौं-9,341750,59
341542,मदन पोखरेल,Madan Pokharel,मितेरी पार्टी नेपाल,2530,5,M,False,Thaneshwar Pokharel,+२ पास,,Palpa,,,3-काठमाडौं-9,341542,35
341786,पुन माया महर्जन,Pun Maya Maharjan,स्वतन्त्र,IND,4,F,False,Sanubhai Maharjan,आधारभूत,,Kathmandu,Jit Bahadur Maharjan,,3-काठमाडौं-9,341786,55
341909,मधु सुदन शर्मा,Madhu Sudan Sharma,स्वतन्त्र,IND,2,M,False,Bhavani Prasad Sharma,BA,,Rolpa,Tejinder Kaur (Sharma),,3-काठमाडौं-9,341909,63
340506,प्रदिप विष्‍ट,Pradip Bista,राष्ट्रिय स्वतन्त्र पार्टी,2528,37469,M,True,कृष्ण बहादुर विष्‍ट,Intermediate in commerce,पिपोल्स क्याम्पस,काठमाडौं कीर्तिपुर नगरपालिका दूधपोखरी,पविता  विष्‍ट के.सी.,"व्यवसायिक, राजनीतिक, समाजिक कार्य",3-काठमाडौं-10,340506,51
341965,हिमाल कार्की,Himal Karki,नेपाली काँग्रेस,2583,8100,M,False,Lok Bahadur Karki,+2,त्रिभुवन विश्वविद्यालय,Kathmandu,Sunita Karki,,3-काठमाडौं-10,341965,55
340054,विनोद श्रेष्‍ठ,Binod Shrestha,नेपाल कम्युनिष्ट पार्टी (एकीकृत मार्क्सवादी लेनिनवादी),2598,4864,M,False,नर्सि  श्रेष्‍ठ,I. Com,नेपाल कमर्श क्याम्पस,काठमाडौं चन्द्रागिरी नगरपालिका इमाखेल,जय देवी श्रेष्‍ठ,"नेकपा एमालेको पोलिटव्यूरो सदस्य, नेपाल ट्रेड युनियन महासंघको अध्यक्ष, दक्षिण एसियाली ट्रेड युनियन महासंघको उपाध्यक्ष",3-काठमाडौं-10,340054,61
341002,रुपा महर्जन [श्रेष्‍ठ],Rupa Maharjan (Shrestha),नेपाली कम्युनिष्ट पार्टी,2557,2648,F,False,दिलिप महर्जन,+2,शहीद स्मारक कलेज,काठमाडौं चन्द्रागिरी नगरपालिका मूल सडक,सुचेन्‍द्र  श्रेष्‍ठ,,3-काठमाडौं-10,341002,45
340851,बल राम थापा,Bal Ram Thapa,राष्ट्रिय प्रजातन्त्र पार्टी,2604,2239,M,False,Bhairav Bahadur Thapa,,,Kathmandu,Renu Thapa,,3-काठमाडौं-10,340851,50
340842,राकेश न्यौपाने,Rakesh Neupane,उज्यालो नेपाल पार्टी,2566,927,M,False,Sudarshan Khatri,स्नातक,नेशनल मेडिकल कलेज,Bara,Sapana Pakhrin,,3-काठमाडौं-10,340842,34
339769,धन बहादुर श्रेष्‍ठ,Dhan Bahadur Shrestha,श्रम संस्कृति पार्टी,2501,528,M,False,Krishna Bahadur Shrestha,Phd Doctor,Tianjin Medical University China,Kathmandu,,ग्रिन सिटी अस्पतालमा कार्यरत,3-काठमाडौं-10,339769,35
342198,बिनोद बुढाथोकी,Binod Budhathoki,स्वतन्त्र,IND,482,M,False,Indra Bahadur Budhathoki,‌+2,त्रिभुवन विश्वविद्यालय,Kathmandu,Sunita Pandit (Budhathoki),,3-काठमाडौं-10,342198,39
339503,विन्द्रा महर्जन,Vindra Maharjan,नेपाल मजदुर किसान पार्टी,2578,293,F,False,हरि शरण महर्जन,SLC,जनसेवा मा.वि.,काठमाडौं कीर्तिपुर नगरपालिका पाँगा ढोकासी,सुर्य मान महर्जन,,3-काठमाडौं-10,339503,51
341918,देव कुमार श्रेष्‍ठ,Dev Kumar Shrestha,स्वतन्त्र,IND,171,M,False,Hari Prasad Shrestha,SLC,श्री भैरव काली मा वि,Lamjung,Juni Maya Shrestha,,3-काठमाडौं-10,341918,49
339733,केशवराज अर्याल,Keshavraj Aryal,प्रगतिशील लोकतान्त्रिक पार्टी,2516,75,M,False,Khageshwar Aryal Aryal,स्नातकोत्तर,त्रिभुवन विश्वविद्यालय,Chitwan,Sumitra Ghimire,"पत्रकारिता, कानून व्यवसायी, सामाजिक अभियन्ता",3-काठमाडौं-10,339733,55
339886,राम कुमार भोम्‍जन,Ram Kumar Bhomjan,नेपाल कम्युनिस्ट पार्टी (माओवादी),2526,65,M,False,Kanchha Bhomjan,SLC,श्री कृष्ण मा.वि.,Kathmandu,Hira Maya Bomjan,"शिक्षक, समाजसेवी, इलेक्ट्रिकल कामहरू",3-काठमाडौं-10,339886,39
339332,अम्बर वहादुर पौडेल,Ambar Bahadur Paudel,राष्ट्रिय जनमोर्चा,2522,36,M,False,चेत वहादुर पौडेल,१०,नेपाल सरकार,काठमाडौं कीर्तिपुर नगरपालिका ट्याङला,शुसिला  पौडेल,,3-काठमाडौं-10,339332,62
340404,कबिता पुडासैनी (अधिकारी),Kabita Pudasaini (Adhikari),स्वतन्त्र,IND,29,F,False,Vishwanath Pudasaini,+2,मनमोहन मेमोरियल उ मा वि,Kathmandu,Madhusudan Adhikari,,3-काठमाडौं-10,340404,45
341846,विक्रम पाण्डे क्षेत्री,Vikrama Pande Kshetri,जय मातृभूमि पार्टी,2510,22,M,False,लंक बहादुर पाण्डे,10,आर्मी शिक्षण,काठमाडौं चन्द्रागिरी नगरपालिका ,बिजुला  पाण्डे,,3-काठमाडौं-10,341846,58
342351,राज कुमार गिरी,Raj Kumar Giri,स्वतन्त्र,IND,21,M,False,Ram Bahadur Giri,स्नातक,त्रिभुवन विश्वविद्यालय,Kathmandu,Mita Giri,,3-काठमाडौं-10,342351,52
342167,दिपक राज पाण्डे,Dipaka Raja Pande,स्वतन्त्र,IND,19,M,False,श्याम प्रसाद पाण्डे,स्नातक,त्रिभुवन विश्वविद्यालय,काठमाडौं कीर्तिपुर नगरपालिका अमृतनगर,,,3-काठमाडौं-10,342167,40
339626,राम रुम्बा,Ram Rumba,मंगोल नेशनल अर्गनाइजेसन,2511,18,M,False,Buddhi Man Rumba,8,,Kathmandu,Suprina Lama Rumba,,3-काठमाडौं-10,339626,40
340804,पुर्ण चन्द्र पौडेल,Purna Chandra Paudel,समावेशी समाजवादी पार्टी,2590,12,M,False,रामेश्‍वर  पौडेल,+2,अरूणोदय उच्च मा वि फेदी रामेछाप,काठमाडौं लिखु तामाकोशी गाउँपालिका पुलु,सृजना  आचार्य,,3-काठमाडौं-10,340804,46
341220,अनुज प्रधान,Anuj Pradhan,स्वतन्त्र,IND,9,M,False,Nidas Man Pradhan,स्नातकोत्तर,त्रिभुवन विश्वविद्यालय,Kathmandu,Bina Maharjan (Pradhan),"सामाजिक कार्य, राजनीतिक अध्ययन, अन्तराष्ट्रिय सम्बन्ध तथा कुटनितिक अध्ययन",3-काठमाडौं-10,341220,52
341167,भागरीत साह,Bhagarit  Sah,"जनता समाजवादी पार्टी, नेपाल",2542,8,M,False,Rajdev Sah,BA LLB ,,Bara,Bachchi Devi Sah,,3-काठमाडौं-10,341167,46
340122,कृष्ण कुमारी नेपाली,Krishna Kumari Nepali,स्वतन्त्र,IND,7,F,False,Kanchha Nepali,साधारण लेखपढ,,Kathmandu,Hari Sharan Nepali,,3-काठमाडौं-10,340122,63
342222,कुमार खाकी श्रेष्ठ,Kumar Khaki Shrestha,स्वतन्त्र,IND,6,M,False,Chandra Kala Khaki Shrestha,B.com,त्रिभुवन विश्वविद्यालय,Taplejung,Jamba Khaki,,3-काठमाडौं-10,342222,54
340738,सुलोचना परियार,Sulochana Pariyar,स्वतन्त्र,IND,6,F,False,Saila Pariyar,साधारण,,Kathmandu,,,3-काठमाडौं-10,340738,51
339914,मिन बहादुर बुढाथोकी,Min Badhaur Budhathoki,स्वतन्त्र,IND,4,M,False,सम्मर बहादुर बुढाथोकी,SLC,"हिमालय मा.वि. खाँदवारी, संखुवासभा",काठमाडौं कीर्तिपुर नगरपालिका किर्तिनगर,रीता बुढाथोकी,"समाजसेवी, रोजगार व्यवसायमा संलग्न",3-काठमाडौं-10,339914,49
339461,रुकेश रन्जित,Rukesh Ranjit,राष्ट्रिय स्वतन्त्र पार्टी,2528,33436,M,True,Rajaram Ranjit,एम.बि.ए,विनायका मिसन युनिभर्सिटि,Bhaktapur,Sarita Phaiju,"सेल्स म्यानेजर 
स्वरोजगार व्यापार तथा  व्यवसाय",3-भक्तपुर-1,339461,46
339896,प्रेम सुवाल,Prem Suwal,नेपाल मजदुर किसान पार्टी,2578,28147,M,False,हरि भक्त सुवाल,एम.बि.एस. अध्ययन,"शंकरदेव क्याम्पस, मीनभवन क्याम्पस, थापाथली क्याम्पस, बासु मावि, शारदा मावि","भक्तपुर भक्तपुर नगरपालिका चोछें,व्यासि",नारायण देवी सुवाल,"भक्तपुर नगरपालिका वडा नं. ९ वडा अध्यक्ष, २०३९ र २०४४
भक्तपुर न.पा. प्रमुख २०५४
संविधान सभा सदस्य, २०७०
प्रतिनिधिसभा सदस्य, २०७४ र २०७९",3-भक्तपुर-1,339896,65
340847,किरण न्यौपाने,Kiran Neupane,नेपाली काँग्रेस,2583,4282,M,False,Lila Nath Neupane,एल.एल.बि.,नेपाल ल क्याम्पस,Bhaktapur,Babita Neupane,कानुन व्यवसायी,3-भक्तपुर-1,340847,51
339693,सोम प्रसाद मिश्र,Som Prasad Mishra,नेपाल कम्युनिष्ट पार्टी (एकीकृत मार्क्सवादी लेनिनवादी),2598,3721,M,False,Mukti Nath Mishra,स्नातकोत्तर,त्रिभुवन विश्ववविद्यालय,Kailali,Mandara Mishra,"चाँगुनारायण नगरपालिकाको नगर प्रमुख (२०७४)
अध्यापन
सामाजिक अभियान
विविध",3-भक्तपुर-1,339693,62
340128,भरत बहादुर खड्का,Bharat Bahadur Khadka,राष्ट्रिय प्रजातन्त्र पार्टी,2604,2472,M,False,Dhan Bahadur Khadka,स्नातकोत्तर(एम.पि.ए.),त्रिभुवन विश्वविद्यालय,Sarlahi,Anuradha Khadka,नेतृत्वकर्ता ,3-भक्तपुर-1,340128,63
340453,हरि राम लवजू,Hari Ram Lawaju,नेपाली कम्युनिष्ट पार्टी,2557,1177,M,False,राम भक्त लवजू,एल एल एम/ एम ए,पुर्वाञ्चल विश्वविद्यालय/ त्रिभुवन विश्वविद्यालय,भक्तपुर भक्तपुर नगरपालिका तचपाल (मको),लक्ष्मी केशरी लवजू,कानून व्यवसायी अधिवक्ता भई २६ वर्ष ,3-भक्तपुर-1,340453,52
339750,रमेश बल्ल,Ramesh Balla,उज्यालो नेपाल पार्टी,2566,558,M,False,नारायण काजी बल्ल,10+2 ,भक्तपुर बहुमुखी क्याम्पस,भक्तपुर भक्तपुर नगरपालिका तेखाचो,अमिता  श्रेष्‍ठ,फर्निचर,3-भक्तपुर-1,339750,44
340079,इश्‍वरी प्रसाद पैयानी,Ishwori Prasad Paiyani,राष्ट्रिय जनमोर्चा,2522,334,M,False,Bhuwa Nanda Padhya,10 कक्षा उर्तीण,.............,Gulmi,Hari Kala Paiyani,.........................,3-भक्तपुर-1,340079,63
341126,बिष्णु हरि न्हिसुतु,Bishnu Hari Nhisutu,श्रम संस्कृति पार्टी,2501,310,M,False,Bishnu Bhakta Nhisutu,एस.एल.सी.,शिक्षा निकेतन मा.वि. भक्तपुर,Bhaktapur,,लेखापढी कानूनी ,3-भक्तपुर-1,341126,47
340671,श्याम सुन्दर शिल्पकार,Shyam Sundar Shilpakar,"जनता समाजवादी पार्टी, नेपाल",2542,124,M,False,Kanchha Shilpakar,slc,विद्यार्थी निकेतन,Bhaktapur,Dhan Laxmi Shilpakar,..................,3-भक्तपुर-1,340671,46
342209,रबि खाइजु,Rabi Khaiju,प्रगतिशील लोकतान्त्रिक पार्टी,2516,95,M,False,Gopa Ram Khaiju,एस.एल.सी,"सुर्योदय माध्यमिक विद्यालय, भक्तपुर",Bhaktapur,,.....................,3-भक्तपुर-1,342209,47
340780,चन्द्र मान कोजू,Chandra Man Koju,नेपाल कम्युनिस्ट पार्टी (माओवादी),2526,68,M,False,चन्द्र लाल कोजू,एस.एल.सी. उत्तीर्ण,सुर्यदय मा.वि. भक्तपुर,भक्तपुर भक्तपुर नगरपालिका ब्यासी,चन केशरी दुवाल (कोजू),"सवारी चालक
कृषि उत्पादन 
सामाजिक संस्थामा नेतृत्वदायी भुमिका (समाजसेवा)",3-भक्तपुर-1,340780,47
340582,सुरेश कोजु,Suresh Koju,स्वतन्त्र,IND,43,M,False,Kanchha Koju,स्नातक ,बागेश्वरी कलेज,Bhaktapur,,हस्तकालको अनुभव,3-भक्तपुर-1,340582,35
339648,देबेन्द्र ठाकुर,Devendra Thakur,आम जनता पार्टी(एकल चुनाव चिन्ह),2581,38,M,False,रामा  ठाकुर लोहार,slc,रौतहट पथरा बुधराम मा.वि.,रौतहट मौलापुर नगरपालिका ,मधु मायाँ ठाकुर,.................,3-भक्तपुर-1,339648,50
341196,दामोदर काफ्ले,Damodar Kafle,नेपाल कम्युनिष्ट पार्टी (संयुक्त),2601,26,M,False,Lila Nath Kafle,आई.ए. उत्तीर्ण,भक्तपुर क्याम्पस भक्तपुर,Bhaktapur,Ambika Kafle,"व्यवसायिक 
सामाजिक संघसंस्था
३५ वर्षको राजनैतिक अमनुभव
",3-भक्तपुर-1,341196,48
340381,राजु श्रेष्ठ,Raju Shrestha,स्वतन्त्र,IND,25,M,False,Krishna Bahadur Shrestha,स्नातक,त्रिभुवन विश्वविद्यालय,Bhaktapur,,........................,3-भक्तपुर-1,340381,33
339608,राजेश्वरी प्रजापती ,Rajeshowri Prajapati,स्वतन्त्र,IND,23,F,False,पर्शुराम   प्रजापती ,स्नातकतह,कादम्बरी ममोरियल कलेज,भक्तपुर भक्तपुर नगरपालिका तौलछे,,.................,3-भक्तपुर-1,339608,29
340712,बाल कृष्ण खाइतु,Bal Krishna Khaitu,स्वतन्त्र,IND,21,M,False,Badri Prasad Khaiju,मा.वि.,मा.वि.,Bhaktapur,Ganesh Laxmi Khaitu,....................,3-भक्तपुर-1,340712,49
340620,दिपक कुमार पोखरेल,Deepak Kumar Pokharel,नेपालका लागि नेपाली पार्टी,2524,17,M,False,रत्‍न प्रसाद पोखरेल,एल.एल.बि.,त्रिभुवन विश्वविद्यालय,भक्तपुर चाँगुनारायण नगरपालिका ,तारा  बराल,..................,3-भक्तपुर-1,340620,49
339484,सुजिता बुढाथोकी,Sujita Budhathoki,स्वतन्त्र,IND,12,F,False,Uttam Kumar Budhathoki,bachelor,.......,Kathmandu,Prem Bhandari,.............,3-भक्तपुर-1,339484,37
340558,दशरथ थापा,Dasrath Thapa,स्वतन्त्र,IND,11,M,False,अमर बहादुर थापा,मा. वि.,सरस्वती विद्यागृह,भक्तपुर चाँगुनारायण नगरपालिका नालाछाप,मूँया  थापा,"राजनीतिक
सामाजिक",3-भक्तपुर-1,340558,52
339793,सुदिप न्यौपाने,Sudip Neupane,स्वतन्त्र,IND,9,M,False,Achyut Prasad Neupane,साधारण,चा.न.पा. ३ भक्तपुर,Bhaktapur,Saraswati Neupane,"राजनीति
कृषि
व्यवसायी
सामाजिक सेवा ",3-भक्तपुर-1,339793,44
339585,विष्‍णु राम दुमरु,Bishnu Ram Dumaru,स्वतन्त्र,IND,7,M,False,कृष्ण कुमार दुमरु,कक्षा 9,.................,भक्तपुर भक्तपुर नगरपालिका इनाचो,श्याम लक्ष्मी दुमरु,..................,3-भक्तपुर-1,339585,55
340295,पुन्य राम सुवाल,Punya Ram Suwal,स्वतन्त्र,IND,6,M,False,Sita Ram Suwal,7 pass ,..................................,Bhaktapur,,.............................,3-भक्तपुर-1,340295,32
340493,सावित्री न्यौपाने,Savitri Nyaupane,मितेरी पार्टी नेपाल,2530,5,F,False,कृष्ण बहादुर थापा,7 कक्षा ,पदम कन्या मा.वि.,भक्तपुर चाँगुनारायण नगरपालिका राम नगर,नवराज  न्यौपाने,......................,3-भक्तपुर-1,340493,44
340060,राजीव खत्री,Rajiv Khatri,राष्ट्रिय स्वतन्त्र पार्टी,2528,42334,M,True,Dedraj Khatri,,,Kathmandu,,,3-भक्तपुर-2,340060,39
339487,महेश बस्नेत,Mahesh Basnet,नेपाल कम्युनिष्ट पार्टी (एकीकृत मार्क्सवादी लेनिनवादी),2598,10996,M,False,Purna Bahadur Basnet,,,Bhaktapur,Ambika Bhandari,,3-भक्तपुर-2,339487,51
341495,कविर राणा,Kavir Rana,नेपाली काँग्रेस,2583,8401,M,False,कोमल विक्रम राणा,,,भक्तपुर सूर्यविनायक नगरपालिका देवडोल,नन्दु  देउजा(राणा),,3-भक्तपुर-2,341495,58
340272,रमेश व‌ैद्य,Ramesha Va‌aidy,नेपाल मजदुर किसान पार्टी,2578,3753,M,False,श्याम बहादुर वैद्य,,,भक्तपुर मध्यपुर थिमी नगरपालिका ,,,3-भक्तपुर-2,340272,39
339597,राम प्रसाद सापकोटा,Ram Prasad Sapkota,नेपाली कम्युनिष्ट पार्टी,2557,1323,M,False,Durga Prasad Sapkota,,,Sindhupalchowk,Goma Ale,,3-भक्तपुर-2,339597,45
341000,बिक्रम थापा,Bikram Thapa,राष्ट्रिय प्रजातन्त्र पार्टी,2604,1224,M,False,Achyut Thapa,,,Bhaktapur,,,3-भक्तपुर-2,341000,37
340166,अर्जुन बासु,Arjun Bashu,श्रम संस्कृति पार्टी,2501,665,M,False,गणेश लाल बासु,,,भक्तपुर सूर्यविनायक नगरपालिका ,सम्सेला  बासु,,3-भक्तपुर-2,340166,54
339871,जित राम लामा,Jita Rama Lama,उज्यालो नेपाल पार्टी,2566,619,M,False,हर्क राम लामा,,,भक्तपुर सूर्यविनायक नगरपालिका ,कमला  लामा,,3-भक्तपुर-2,339871,51
341524,आनन्द कार्की,Ananda Karki,स्वतन्त्र,IND,175,M,False,Krishna Bahadur Karki,,,Bhaktapur,Sarita Karki,,3-भक्तपुर-2,341524,41
341823,प्रकाश राज ढुङ्गेल,Prakash Raj Dhungel,नेपाल कम्युनिस्ट पार्टी (माओवादी),2526,46,M,False,Basu Dev Dhungel,,,Bhaktapur,Lalita Dhungel,,3-भक्तपुर-2,341823,60
340544,साजन ढकाल,Sajan Dhakal,स्वतन्त्र,IND,41,M,False,Kedar Dhakal,,,Kavrepalanchowk,,,3-भक्तपुर-2,340544,32
340944,जन्मदेव जैसी,Janmadev Jaisi,प्रगतिशील लोकतान्त्रिक पार्टी,2516,30,M,False,जक्तिराम  जैसी,,,कालिकोट सान्नी त्रिवेणी गाउँपालिका लुसा,चन्दु  जैसी,,3-भक्तपुर-2,340944,47
341271,जानुका पाठक ,Januka Pathak,नेपाल जनसेवा पार्टी,2599,23,F,False,Gokul Pathak,,,Dhading,,,3-भक्तपुर-2,341271,33
339768,राजेश बाडे,Rajesh Bade,नेपालका लागि नेपाली पार्टी,2524,20,M,False,Ganesh Man Bade,,,Bhaktapur,Rita Manandhar (Wade),,3-भक्तपुर-2,339768,38
339821,वाल कृष्ण थापा,Bal Krishna Thapa,स्वतन्त्र,IND,18,M,False,Ganesh Bahadur Thapa,,,Bhaktapur,Maina Thapa,,3-भक्तपुर-2,339821,54
341784,अर्चना भट्टराई,Archana Bhattarai,स्वतन्त्र,IND,17,F,False,Ganesh Prasad Bhattari,,,Morang,Prakash Chandra Ghimire,,3-भक्तपुर-2,341784,54
340036,पेम्बा घले,Pemba Ghale,मंगोल नेशनल अर्गनाइजेसन,2511,15,M,False,Sarki Ghale,,,Rasuwa,,,3-भक्तपुर-2,340036,27
341427,नबिन श्रेष्‍ठ,Nabin Shrestha,"जनता समाजवादी पार्टी, नेपाल",2542,12,M,False,Niranjan Bahadur Shrestha,,,Bhaktapur,Ram Debi Shrestha,,3-भक्तपुर-2,341427,44
341471,देवकुमारी साह,Dekumari Sah,आम जनता पार्टी(एकल चुनाव चिन्ह),2581,10,F,False,कुलदिप  साह,,,रौतहट मौलापुर नगरपालिका ,रामवावु  साह,,3-भक्तपुर-2,341471,48
341955,मनोज लामा,Manoj Lama,स्वतन्त्र,IND,8,M,False,Khalnima Dhorje Lama,,,Ramechhap,Samita Gurung Lama,,3-भक्तपुर-2,341955,38
341578,सविन महत,Savina Mahat,स्वतन्त्र,IND,8,M,False,यादब  महत,,,भक्तपुर सूर्यविनायक नगरपालिका महत गाउँ,,,3-भक्तपुर-2,341578,39
341977,सुर्वण थापा,Survana Thapa,स्वतन्त्र,IND,8,M,False,मोहन राज थापा,,,भक्तपुर सूर्यविनायक नगरपालिका बस्नेत टोल,,,3-भक्तपुर-2,341977,48
339935,राकेश श्रेष्‍ठ,Rakesh Shrestha,त्रिमूल नेपाल,2505,7,M,False,Narayan Babu Shrestha,,,Bhaktapur,Mangal Laxmi Shrestha,,3-भक्तपुर-2,339935,47
341714,लोक कृष्ण दाहाल,Lok Krishna Dahal,नेपाल कम्युनिष्ट पार्टी (संयुक्त),2601,5,M,False,Tej Prasad Dahal,,,Bhaktapur,,,3-भक्तपुर-2,341714,34
339987,ओम कृष्ण कुटु,Om Krishna Kutu,स्वतन्त्र,IND,3,M,False,Laxmi Bahadur Kutu,,,Bhaktapur,,,3-भक्तपुर-2,339987,36
341543,रेणु श्रेष्ठ,Renu Shrestha,स्वतन्त्र,IND,3,F,False,Hem Krishna Shrestha,,,Bhaktapur,Ganga Man Khape Shrestha,,3-भक्तपुर-2,341543,40
340897,नविन कुमार महत,Nabin Kumar Mahat,स्वतन्त्र,IND,2,M,False,Dhan Bahadur Mahat,,,Ramechhap,Kabita Mahat,,3-भक्तपुर-2,340897,39
339691,लक्ष्मी वास्तोला पौडेल,Lakshmi Bastola Paudel,स्वतन्त्र,IND,2,F,False,डोर बहादुर पौडेल,,,भक्तपुर मध्यपुर थिमी नगरपालिका ,लक्ष्मीप्रसाद  वास्तोला,,3-भक्तपुर-2,339691,40
342010,अनिता भट्टराई,Anita Bhattarai,स्वतन्त्र,IND,1,F,False,Jib Kumar Bhattari,,,Morang,Sushil Ghimire,,3-भक्तपुर-2,342010,45
341659,प्रदिप कुमार रुपाखेती,Pradip Kumar Rupakheti,स्वतन्त्र,IND,1,M,False,Kedar Prasad Sharma Rupakheti,,,Bhaktapur,Goma Lamichhane,,3-भक्तपुर-2,341659,43
339415,मधु प्रकाश साहुखल,Madhu Prakash Sahukhal,स्वतन्त्र,IND,1,M,False,Chandra Prakash Sahu,,,Bhaktapur,,,3-भक्तपुर-2,339415,40
339425,श्याम कृष्ण धुख्वा,Shyan Krishna Dhukhwa,स्वतन्त्र,IND,1,M,False,बुद्धि बहादुर धुख्वा,,,भक्तपुर सूर्यविनायक नगरपालिका खिउ टोल,लक्ष्मी  धुख्वा,,3-भक्तपुर-2,339425,54
341868,बुद्ध रत्न महर्जन,Budda Ratna Maharjan,राष्ट्रिय स्वतन्त्र पार्टी,2528,23373,M,True,मंगल मान महर्जन,वि.ए.,रत्न राज्य क्याम्पस,ललितपुर महालक्ष्मी नगरपालिका सिद्धिरोड,सुमित्रा  महर्जन,इन्जिनियरिङ्ग/सामाजिक संस्थामा काम गरेको,3-ललितपुर-1,341868,47
341966,उदय शंशेर ज.ब.राणा,Udaya Shanshera Ja.ba.rana,नेपाली काँग्रेस,2583,13520,M,False,सागर शम्शेर राणा,एम.ए.,"Cornell University, New York, USA)",ललितपुर ललितपुर महानगरपालिका कोपुण्डोल,उर्वशी सिंह राणा,पूर्व राज्यमन्त्री,3-ललितपुर-1,341966,56
340092,चेत नाथ संजेल,Chet Nath Sanjel,नेपाल कम्युनिष्ट पार्टी (एकीकृत मार्क्सवादी लेनिनवादी),2598,6546,M,False,Khem Raj Sanjel,एस.एल.सी.,"सरस्वती मा.वि., ठेचो",Lalitpur,Radhika Sanjel,प्रदेश सभा सदस्य,3-ललितपुर-1,340092,60
341623,पदम कुमार लामा,Padam Kumar Lama,उज्यालो नेपाल पार्टी,2566,2686,M,False,Man Bahadur Gole,एस.एल.सी.,महेन्द्र मा.वि.,Lalitpur,,,3-ललितपुर-1,341623,41
341358,सुनिल महर्जन,Sunil Maharjan,नेपाली कम्युनिष्ट पार्टी,2557,1964,M,False,Ram Bahadur Maharjan,स्नातक,एभरेष्‍ट थ्योलोजिकल इन्टिच्यूट,Lalitpur,Saru Maharjan,,3-ललितपुर-1,341358,50
340863,सजिना कार्की,Sajina Karki,राष्ट्रिय प्रजातन्त्र पार्टी,2604,652,F,False,Krishna Bahadur Chhetri,,,Lalitpur,,,3-ललितपुर-1,340863,35
342642,गौतम थापा,Gautam Thapa,श्रम संस्कृति पार्टी,2501,221,M,False,Dambar Bahadur Magar,साधारण,,Jhapa,Lila Kumari Rai,,3-ललितपुर-1,342642,44
340904,भिमसेन घिमिरे,Bhimsen Ghimire,नेपाल कम्युनिस्ट पार्टी (माओवादी),2526,173,M,False,Chetnath Ghimire,आई.ए.,पाटन संयुक्त क्याम्पस,Lalitpur,Sabitri Timilsina (Ghimire),सामाजिक कार्य/हाइड्रो संचालन,3-ललितपुर-1,340904,44
341787,सनोज महत,Sanoj Mahat,पिपुल फर्ष्ट पार्टी,2552,83,M,False,Ganga Ram Mahat,स्नातक,"सेठ आनन्दराम जयप्रिया कलेज, कोलकत्ता, भारत",Lalitpur,Narapati Sintan,उद्‍मसिलता,3-ललितपुर-1,341787,41
340471,सुरेश मार्पा,Suresh Marpa,मंगोल नेशनल अर्गनाइजेसन,2511,59,M,False,Vipai Dev Marpa,८,महाङ्काल मा.वि.,Lalitpur,Sita Marpa,,3-ललितपुर-1,340471,38
339657,सरिता गोसाई  देसार,Sarita Goshai Deshar,नेपाल मजदुर किसान पार्टी,2578,52,F,False,तुल्सी दास गोसाई,एस.एल.सी.,आदर्श आजाद मा.वि.,ललितपुर गोदावरी नगरपालिका एकु,शैसव  देसार,,3-ललितपुर-1,339657,45
341525,गणेश बहादुर वल तामाङ,Ganesh Bahadur Bal Tamang,स्वतन्त्र,IND,39,M,False,Harka Singh Bal Tamang,आई.कम,"महेन्द्ररत्न क्याम्पस, ताहाचल",Kathmandu,Kumari Lama,सामाजिक अभियन्ता,3-ललितपुर-1,341525,70
341309,राधा कृष्ण बस्नेत,Radha Krishna Basnet,स्वतन्त्र,IND,39,M,False,Dambar Bahadur Basnet,१२,उदय खर्क मा.वि.,Lalitpur,Bhagawati Basnet,सामाजिक कार्य,3-ललितपुर-1,341309,42
340253,अशोक थापा,Ashok Thapa,स्वतन्त्र,IND,35,M,False,Giri Bahadur Thapa Chhetri,१२,जनजागृति मा.वि.,Lalitpur,,,3-ललितपुर-1,340253,42
339390,रोहित कुमार बास्तोला,Rohit Kumar Bastola,प्रगतिशील लोकतान्त्रिक पार्टी,2516,33,M,False,Vednath Bastola,स्नातक,त्रिभुवन विश्वविद्यालय,Solukhumbu,,,3-ललितपुर-1,339390,37
342170,संजय घिसिङ तामाङ,Sanjay Ghising Tamang,नेशनल रिपब्लिक नेपाल,2504,33,M,False,Sant Lal Lama,12,मगर गाउँ मा.वि.,Lalitpur,Sarita Ghising Tamang,संघ संस्थाको कार्य समितिमा रही कार्य गरेको,3-ललितपुर-1,342170,38
341458,सरोज कुमार बिष्ट,Saroj Kumar Bista,स्वतन्त्र,IND,17,M,False,Arjun Bahadur Bista,स्नातक,त्रि.वि.,Lalitpur,,विभिन्‍न संघ संस्थाहरूमा काम गरेको,3-ललितपुर-1,341458,36
341148,महाविर स्याङतान तामाङ,Mahabir Syangtan Tamang,"जनता समाजवादी पार्टी, नेपाल",2542,16,M,False,सानु बुद्धि बहादुर स्याङतान,साधारण,,ललितपुर कोन्ज्योसोम गाउँपालिका गोलडाडा,सानुकान्छी  स्याङतान,होटल व्यवसायी,3-ललितपुर-1,341148,48
339888,अमृत नाथ बजगाई,Amrit Nath Bajgai,नेपाल कम्युनिष्ट पार्टी (संयुक्त),2601,11,M,False,निल प्रसाद बजगाई,आई.ए.,"नमुना मछिन्द्र क्याम्पस, लगनखेल",ललितपुर महाङ्काल गाउँपालिका ,रमा  बजगाई,"शिक्षण, व्यपार",3-ललितपुर-1,339888,47
341009,धर्मराज बोहरा,Dharmaraj Bohara,स्वतन्त्र,IND,11,M,False,जङ्ग बहादुर वि.सी.,पि.एच.डि.,त्रि.वि.,रुकुम (पश्चिम भाग) मुसिकोट नगरपालिका छिङ्ग,,अध्ययन/अनुसन्धान,3-ललितपुर-1,341009,34
341205,विशाल तामाङ,Bishal Tamang,स्वतन्त्र,IND,9,M,False,सानु  तामाङ,साधारण,,ललितपुर गोदावरी नगरपालिका झ्यालुन्टार,शान्ती  तामाङ,,3-ललितपुर-1,341205,46
342281,सर्मिला बुढाथोकी,Sarmila Budhathoki,स्वतन्त्र,IND,9,F,False,राम बहादुर बुढाथोकी,१२,वंशगोपाल उच्च मा.वि.,ललितपुर गोदावरी नगरपालिका ,पुष्ष राज घिमिरे,,3-ललितपुर-1,342281,34
341264,डाल नाथ तिमल्सिना,Dal Nath Timalsena,स्वतन्त्र,IND,6,M,False,सोम नाथ तिमल्सिना,एस.एस.सि.,महाङ्काल मा.वि.,ललितपुर महाङ्काल गाउँपालिका छेपारेडाडाँ,सिता  तिमल्सिना,स्थानीय जनप्रतिनिधि,3-ललितपुर-1,341264,50
342458,किरण महर्जन,Kiran Maharjan,आम जनता पार्टी(एकल चुनाव चिन्ह),2581,3,M,False,Chandra Bahadur Maharjan,१०,बालकुमारी मा.वि.,Lalitpur,Usha Dangol,,3-ललितपुर-1,342458,61
341406,भरत दुलाल,Bharat Dhulal,स्वतन्त्र,IND,3,M,False,ओम प्रसाद दुलाल,एस.एल.सी.,सरस्वती मा.वि.,ललितपुर गोदावरी नगरपालिका भुल्डोल,राधिका  दुलाल,सामाजिक अभियन्ता,3-ललितपुर-1,341406,47
340547,तिलक बहादुर भेालन,Tilak Bahadur Bholan,स्वतन्त्र,IND,2,M,False,Lal Bir Bhalon,वि.ए.,जे.एम.सि.,Makwanpur,Dipika Ghalan,सामाजिक कार्य,3-ललितपुर-1,340547,39
340322,राम खड्का,Ram Khadka,स्वतन्त्र,IND,1,M,False,Akkal Khadka,स्नाकोत्तर,त्रि.वि.,Lalitpur,,सामाजिक अभियन्ता,3-ललितपुर-1,340322,30
342477,देबेन्द्र सिहं,Debendra Sihan,स्वतन्त्र,IND,0,M,False,हिरामान  सिहं,८ कक्षा,,ललितपुर गोदावरी नगरपालिका शान्तिबन,,,3-ललितपुर-1,342477,26
340217,जगदिश खरेल,Jagadish Kharel,राष्ट्रिय स्वतन्त्र पार्टी,2528,39491,M,True,Siddhi Prasad Kharel,masters,,Dolakha,,,3-ललितपुर-2,340217,43
341171,प्रेम कृष्ण महर्जन,Prem Krishna Maharjan,नेपाली काँग्रेस,2583,7420,M,False,Tej Lal Maharjan,slc,,Lalitpur,Rum Maharjan,,3-ललितपुर-2,341171,59
340026,राजा राम तण्डुकार,Raja Ram Tandukar,उज्यालो नेपाल पार्टी,2566,5547,M,False,Ganga Ram Tandukar,masters,,Lalitpur,Bimala Malakar (Tandukar),,3-ललितपुर-2,340026,52
340388,प्रेम बहादुर महर्जन,Prem Bahadur Maharjan,नेपाल कम्युनिष्ट पार्टी (एकीकृत मार्क्सवादी लेनिनवादी),2598,4536,M,False,Chir Kaji Maharjan,Masters,,Lalitpur,Nani Maya Maharjan,,3-ललितपुर-2,340388,59
339911,रघुवर राज थापा,Raghubar Raj Thapa,राष्ट्रिय प्रजातन्त्र पार्टी,2604,1760,M,False,Keshar Bahadur Thapa,masters,,Lalitpur,Amala Tamrakar,,3-ललितपुर-2,339911,56
340354,राजेन्द्र अमात्य,Rajendra Amatya,नेपाली कम्युनिष्ट पार्टी,2557,1217,M,False,Kaji Lal Amatya,+2,,Lalitpur,Urmila Baniya,,3-ललितपुर-2,340354,53
342139,सरोज राई,Saroj Rai,श्रम संस्कृति पार्टी,2501,608,M,False,Rasaman Rai,साक्षर,,Udayapur, ,,3-ललितपुर-2,342139,38
339586,चिरी मैया महर्जन (लाखाजु),Chiri Maiya Maharjan (Lakhaju),नेपाल मजदुर किसान पार्टी,2578,207,F,False,Bhuyucha Maharjan,BBS,,Lalitpur,Rajesh Lakhaju,,3-ललितपुर-2,339586,47
339805,उमङ्ग के.सी,Umangga Ke.si,स्वतन्त्र,IND,99,M,False,शिव हरि के.सी,‌+2,,ललितपुर महालक्ष्मी नगरपालिका इमाडोल,,,3-ललितपुर-2,339805,35
339458,अष्ट राज बज्राचार्य,Asra Raj Bajracharya,नेपाल कम्युनिस्ट पार्टी (माओवादी),2526,87,M,False,आशा काजि बज्राचार्य,साक्षर,,ललितपुर ललितपुर महानगरपालिका भिन्छेवहाल,निल शोभा बज्राचार्य,,3-ललितपुर-2,339458,53
339747,कृष्ण महर्जन,Krishna Maharjan,प्रगतिशील लोकतान्त्रिक पार्टी,2516,73,M,False,Kish Lal Maharjan,bachelor in engineering ,,Lalitpur,Subhadra Danuwar Maharjan,,3-ललितपुर-2,339747,32
342324,मंगल कृष्ण श्रेष्ठ,Mangal Krishna Shrestha,स्वतन्त्र,IND,55,M,False,Nhucche Bahadur Shrestha,bachelor,,Lalitpur,Sabina Shrestha,,3-ललितपुर-2,342324,54
340269,बाबु राज बज्राचार्य,Babu Raj Bajracharya,स्वतन्त्र,IND,47,M,False,Punya Raj Bajracharya,+2,,Lalitpur,Mina Shakya,,3-ललितपुर-2,340269,58
341923,ओम राज बज्राचार्य,Om Raj Bajracharya,स्वतन्त्र,IND,41,M,False,Yuva Raj Bajracharya,slc,,Lalitpur,Sangita Bajracharya,,3-ललितपुर-2,341923,49
341663,रीहीणि कस्ती,Rihini Kasti,"जनता समाजवादी पार्टी, नेपाल",2542,29,F,False,Surya Bahadur Nemakul,साक्षर,,Bhaktapur,Dhan Krishna Kasti,,3-ललितपुर-2,341663,54
339854,रमेश आचार्य,Ramesh Acharya,नेपाल कम्युनिष्ट पार्टी (संयुक्त),2601,24,M,False,Pushpa Lal Acharya,Mphil,,Sunsari,,,3-ललितपुर-2,339854,37
340436,कृष्ण महर्जन,Krishna Maharjan,मंगोल नेशनल अर्गनाइजेसन,2511,20,M,False,Kish Lal Maharjan,slc,,Lalitpur,Subhadra Danuwar Maharjan,,3-ललितपुर-2,340436,44
342203,लखिन्द्र कुमार साह,Lakjhindra Kumar Sah,आम जनता पार्टी(एकल चुनाव चिन्ह),2581,14,M,False,देवनारायण  साह,‌+2,,रौतहट माधव नारायण नगरपालिका ,,,3-ललितपुर-2,342203,29
342093,खेम प्रसाद श्रेष्ठ,Khem Prasad Shrestha,नेशनल रिपब्लिक नेपाल,2504,10,M,False,Brisha Bahadur Shrestha,bachelor,,Morang,Jamuna Shrestha,,3-ललितपुर-2,342093,64
340167,डोलेन्द्र राज भट्टराई,Dolendra Raj Bhattarai,राष्ट्रिय मुक्ति पार्टी नेपाल(एकल चुनाव चिन्ह),2531,9,M,False,Uma Kant Bhattari,‌+2,,Saptari,Narvada Kumari Bhattarai,,3-ललितपुर-2,340167,54
341986,कृष्ण खड्का,Krishna Khadka,स्वतन्त्र,IND,9,M,False,Hari Bahadur Khadka,bachelor,,Lalitpur,,,3-ललितपुर-2,341986,40
341854,रविन्द्र अमात्य,Rabindra Amatya,स्वतन्त्र,IND,7,M,False,काजी लाल अमात्य,slc,,ललितपुर महालक्ष्मी नगरपालिका आल टोल,रचना  अमात्य,,3-ललितपुर-2,341854,47
340528,रबिराज पौडेल,Rabiraj Paudel,स्वतन्त्र,IND,3,M,False,केशव राज  पौडेल,bachelor,,ललितपुर महालक्ष्मी नगरपालिका ,,,3-ललितपुर-2,340528,44
341547,तोसीमा कार्की,Tosima Karki,राष्ट्रिय स्वतन्त्र पार्टी,2528,43096,F,True,Padam Bahadur Karki,एम बि बि एस,काठमाडौं विश्वविद्यालय,Nawalparasi (East),,प्रतिनिधि सभा सदस्य,3-ललितपुर-3,341547,36
342051,जितेन्द्र कुमार श्रेष्ठ,Jitendra Kumar Shrestha,नेपाली काँग्रेस,2583,9045,M,False,Narendra Narayan Shrestha,एस एल सी,त्री पद्म स्कुल,Lalitpur,Sajana Joshi Shrestha,अर्वुध रोग निवारण सदस्य,3-ललितपुर-3,342051,58
341869,राज काजी महर्जन,Raj Kaji Maharjan,नेपाली कम्युनिष्ट पार्टी,2557,6022,M,False,Bekha Ram Maharjan,स्नातकोत्तर तह,त्रिभुवन विश्वविद्यालय,Lalitpur,Gyani Laxmi Maharjan,२०५८ सालमा पाटन संयुक्त क्याम्पसको स्ववियु उप-सभापति २०६४ सालमा संविधान सभा-सदस्य २०७४ सालमा बागमती प्रदेश सभा सदस्य नेपाली कम्युनिष्ट पार्टीको केन्द्रिय सदस्य,3-ललितपुर-3,341869,48
341646,सन्दन थापा मगर,Sandan Thapa Magar,नेपाल कम्युनिष्ट पार्टी (एकीकृत मार्क्सवादी लेनिनवादी),2598,3297,M,False,Rajendra Thapa Magar,स्नातक,पाटन संयुक्त क्याम्पस,Lalitpur,Yashodha Thapa Magar,उल्लेख नभएको,3-ललितपुर-3,341646,46
341442,सबिन कुमार खड्का,Sabin Kumar Khadka,राष्ट्रिय प्रजातन्त्र पार्टी,2604,2037,M,False,Dashrath Khadka Chhetri,SLC,नेपाल सरकार,Lalitpur,Anjana Khadka,उल्लेख नभएको,3-ललितपुर-3,341442,52
342200,ऋतुवर्तन राई,Ritubartan Rai,श्रम संस्कृति पार्टी,2501,1472,M,False,राम बहादुर राई,साक्षर,साकेला मावि,खोटाङ साकेला गाउँपालिका ,शान्ती  राई,किरात राई यायोखा अध्यक्ष,3-ललितपुर-3,342200,46
342028,विजय पन्त,Vijaya Pant,उज्यालो नेपाल पार्टी,2566,1320,M,False,तारा नन्द पन्त,"B.sc MBBS, MBA","TU,KU,PU",ललितपुर ललितपुर महानगरपालिका धापाखेल,,चिकित्सक भक्तपुर अस्पताल इमा क्लिनिक देवीचौर Consultation at various institutes स्वा.चौकी शिक्षक नेम इन्चिस्टिउ विभिन्न कलेज।,3-ललितपुर-3,342028,35
340338,रमिला महर्जन,Ramila Maharjan,नेपाल मजदुर किसान पार्टी,2578,191,F,False,Ram Gopal Maharjan,प्रविणता प्रमाणपत्र,त्रिभुवन विश्वविद्यालय,Lalitpur,Nani Babu Maharjan,उल्लेख नभएको,3-ललितपुर-3,340338,41
341070,खगेन्द्र महर्जन,Khagendra Maharjan,नेपाल कम्युनिस्ट पार्टी (माओवादी),2526,127,M,False,Krishna Bahadur Maharjan,SLC,प्राईभेट,Lalitpur,Buddha Laxmi Maharjan,सामान्य व्यवसायिक अनुभव सामाजिक सेवा,3-ललितपुर-3,341070,44
341924,अशोज कुमार महर्जन,Ashok Kumar Maharjan,स्वतन्त्र,IND,92,M,False,कान्छा  महर्जन,M.A political science/PHD sclor,T.U.,ललितपुर ललितपुर महानगरपालिका न्हयोवु,शर्मिला  शाक्य(महर्जन),शिक्षक कृषि ब्यवसाय,3-ललितपुर-3,341924,42
341747,निल गोविन्द महर्जन,Nil Govinda Maharjan,राष्ट्रिय जनमोर्चा,2522,70,M,False,Krishna Bahadur Singh,एस एल सी,एस एल सी,Kathmandu,Ratna Maya Maharjan,उल्लेख नभएको,3-ललितपुर-3,341747,74
341951,बिष्णु राज खड्का,Bishnu Raj Khadka,प्रगतिशील लोकतान्त्रिक पार्टी,2516,56,M,False,Ganesh Bahadur Khadka,कक्षा १०,महेन्द्र भृकुटी मा.वि.,Lalitpur,Bhawana Dangol (Khadka),जावलाखेल युवा क्लव कोषाध्यक्ष,3-ललितपुर-3,341951,47
341772,श्याम बहादुर राई,Shyama Bahadura Raee,संयुक्त नागरिक पार्टी,2521,56,M,False,कुल बहादुर राई,10+2,श्री जनप्रिय मा वि,रौतहट गुजरा नगरपालिका राई टोल,साबित्री  राई,व्यापार खेती किसान चालक कलाकार,3-ललितपुर-3,341772,45
340941,रुपेस शाह,Rupesh Shah,स्वतन्त्र,IND,39,M,False,कैलाश प्रसाद शाह,स्नातक,ऐपेक्स कलेज पोखरा विश्वविद्यालय,काठमाडौं टोखा नगरपालिका ,,उल्लेख नभएको,3-ललितपुर-3,340941,36
341725,कृष्ण देवि महर्जन,Krishna Devi Maharjan,"जनता समाजवादी पार्टी, नेपाल",2542,31,F,False,Krishna Bahadur Maharjan,10+2,हिल टप उच्च माध्यामिक विद्यालय,Lalitpur,Krishna Man Maharjan,विभिन्न संघसस्थामा सम्लघ्न शिप हासिल,3-ललितपुर-3,341725,42
341544,अन्जु कारन्जीत (थापा),Anju Karanjit (Thapa),स्वतन्त्र,IND,21,F,False,Govind Lal Karanjit,10+2,TU,Lalitpur,Purushottam Thapa,उल्लेख नभएको,3-ललितपुर-3,341544,36
341645,दिल कुमार महर्जन,Dil Kumar Maharjan,मंगोल नेशनल अर्गनाइजेसन,2511,20,M,False,Saila Maharjan,8 pass,सरकारी स्कुल,Lalitpur,,उल्लेख नभएको,3-ललितपुर-3,341645,44
340469,यज्ञ प्रसाद पन्त,Yagya Prasad Pant,नेपाल कम्युनिष्ट पार्टी (संयुक्त),2601,15,M,False,Buddhi Prasad Pant,स्नातक ,त्रिभुवन विश्वविद्यालय,Kavrepalanchowk,,खेलकद सेफ अन्तर्राष्ट्रिय निर्णायक ,3-ललितपुर-3,340469,42
342115,राधे श्याम खड्का,Radhe Shyam Khadka,स्वतन्त्र,IND,8,M,False,Gahendra Bahadur Khadka,B.A,T.U,Lalitpur,Rupa Khadka,समाज सेवा,3-ललितपुर-3,342115,49
341858,बिमर्श मिश्र,Bimarsha Mishra,स्वतन्त्र,IND,3,M,False,पूर्ण प्रसाद मिश्र,वि इ,इ अ स,झापा मेचीनगर नगरपालिका ईट्टाभट्टा,-  ,उल्लेख नभएको,3-ललितपुर-3,341858,27
341324,मधु कुमार चौलागाई,Madhu Kumara Chaulagaee,राष्ट्रिय स्वतन्त्र पार्टी,2528,29618,M,True,रामचन्द्र  चौलागाई,स्नातक,,काभ्रेपलाञ्चोक चौंरीदेउराली गाउँपालिका ,तारा देवी चौलागाई,,3-काभ्रेपलाञ्चोक-1,341324,56
340501,गुणराज मुक्तान,Gunaraja Muktan,नेपाली काँग्रेस,2583,19166,M,False,जित बहादुर मुक्तान,M phill,,काभ्रेपलाञ्चोक रोशी गाउँपालिका शिखरपुर,रविना  लामा,,3-काभ्रेपलाञ्चोक-1,340501,40
341073,दिन नाथ गौतम,Dina Natha Gautam,नेपाली कम्युनिष्ट पार्टी,2557,14184,M,False,भव नाथ गौतम,+२,,काभ्रेपलाञ्चोक चौंरीदेउराली गाउँपालिका छघर,अम्‍बिका  गौतम,,3-काभ्रेपलाञ्चोक-1,341073,62
340414,अमि तामाङ,Ami Tamang,नेपाल कम्युनिष्ट पार्टी (एकीकृत मार्क्सवादी लेनिनवादी),2598,13814,M,False,च्याङ्बा  तामाङ,+2,,काभ्रेपलाञ्चोक रोशी गाउँपालिका ताङलिङ,अनिशा  श्रेष्‍ठ,,3-काभ्रेपलाञ्चोक-1,340414,44
341589,योगेन्द्र  लामा ,Yogendra Lama,उज्यालो नेपाल पार्टी,2566,7403,M,False,सिंह  ध्वज  लामा , SLC,,काभ्रेपलाञ्चोक तेमाल गाउँपालिका तिनपिप्ले,संगिता   घले ,,3-काभ्रेपलाञ्चोक-1,341589,38
341513,नवराज सत्याल,Navaraja Satyal,राष्ट्रिय प्रजातन्त्र पार्टी,2604,699,M,False,बाबु राम सत्याल,स्नातक,,काभ्रेपलाञ्चोक नमोबुद्ध नगरपालिका कात्तिके,शोभा  अर्याल,,3-काभ्रेपलाञ्चोक-1,341513,44
341278,धिराज लामा,Dhiraja Lama,श्रम संस्कृति पार्टी,2501,287,M,False,विर बहादुर तामाङ्ग,slc,,काभ्रेपलाञ्चोक भुम्लु गाउँपालिका ,हेम कुमारी तामाङ्ग,,3-काभ्रेपलाञ्चोक-1,341278,45
340906,राजेश कुमार श्रेष्ठ,Rajesha Kumara Shreshth,स्वतन्त्र,IND,169,M,False,कृष्ण दास श्रेष्ठ,+2,,काभ्रेपलाञ्चोक पनौती नगरपालिका पमाडीटोल,शान्ती  रंजितकार (श्रेष्ठ),,3-काभ्रेपलाञ्चोक-1,340906,60
339664,कमल बहादुर  लामा (तामाङ) ,Kamala Bahadura Lama (tamanga),मंगोल नेशनल अर्गनाइजेसन,2511,156,M,False,काजी  मान तामाङ ,slc,slc board,काभ्रेपलाञ्चोक तेमाल गाउँपालिका शिवनारायण,कान्छी  माया  तामाङ ,,3-काभ्रेपलाञ्चोक-1,339664,41
341770,कान्छा तामाङ,Kanchha Tamang,नेपाल कम्युनिस्ट पार्टी (माओवादी),2526,149,M,False,इन्द्र बहादुर तामाङ,स्नातक,,काभ्रेपलाञ्चोक धुलिखेल नगरपालिका फस्कोट,सीता  भुजेल,,3-काभ्रेपलाञ्चोक-1,341770,47
341999,रत्‍न लामा,Rat‍na Lama,संयुक्त नागरिक पार्टी,2521,114,M,False,कृष्ण बहादुर लामा,+२,,काभ्रेपलाञ्चोक नमोबुद्ध नगरपालिका दारीमवोट,,,3-काभ्रेपलाञ्चोक-1,341999,41
342122,जीवन लामा,Jivana Lama,स्वतन्त्र,IND,94,M,False,राम वहादुर लामा,+२,,काभ्रेपलाञ्चोक नमोबुद्ध नगरपालिका सिम्ले,रिया रोनारिओ देना लामा,,3-काभ्रेपलाञ्चोक-1,342122,37
340172,मान बहादुर तामाड,Mana Bahadura Tamad,"जनता समाजवादी पार्टी, नेपाल",2542,71,M,False,साईला  तामाड,simple,,काभ्रेपलाञ्चोक तेमाल गाउँपालिका ,जीती  तामाड,,3-काभ्रेपलाञ्चोक-1,340172,45
340574,ज्ञानेन्द्र कुमार श्रेष्ठ,Jnyanendra Kumara Shreshth,प्रगतिशील लोकतान्त्रिक पार्टी,2516,56,M,False,लोक बहादुर श्रेष्ठ,+2,,काभ्रेपलाञ्चोक नमोबुद्ध नगरपालिका काक्रेबजार,,,3-काभ्रेपलाञ्चोक-1,340574,46
339343,राजु  तामाङ ,Raju Tamanga,नेपाल मजदुर किसान पार्टी,2578,52,M,False,बुद्ध  बहादुर  तामाङ ,,,काभ्रेपलाञ्चोक मण्डनदेउपुर नगरपालिका लुवागाउँ,,,3-काभ्रेपलाञ्चोक-1,339343,26
340312,बिनोद लामा,Binoda Lama,समावेशी समाजवादी पार्टी,2590,50,M,False,इमान ध्वज लामा,bachlor,tu,काभ्रेपलाञ्चोक चौंरीदेउराली गाउँपालिका ,,,3-काभ्रेपलाञ्चोक-1,340312,43
339902,भरत तामाङ,Bharata Tamang,नेशनल रिपब्लिक नेपाल,2504,35,M,False,जित बहादुर तामाङ,slc,slc board,काभ्रेपलाञ्चोक तेमाल गाउँपालिका सौँरा टोल,,,3-काभ्रेपलाञ्चोक-1,339902,34
341883,युवराज चौलागाई,Yuvaraja Chaulagaee,स्वतन्त्र,IND,7,M,False,तारा नाथ चौलागाई,I.Com,,काठमाडौं काठमाडौँ महानगरपालिका गोपीकृष्ण मार्ग,शुभकान्ता  चौलागाई,,3-काभ्रेपलाञ्चोक-1,341883,55
339525,बदन कुमार भण्डारी,Badana Kumara Bhandari,राष्ट्रिय स्वतन्त्र पार्टी,2528,53344,M,True,चुरा बहादुर भण्डारी,+2,HSEB,काभ्रेपलाञ्चोक भुम्लु गाउँपालिका ,,पत्रकारिता/ ब्यवसायी,3-काभ्रेपलाञ्चोक-2,339525,33
340524,मधु प्रसाद आचार्य,Madhu Prasada Aachary,नेपाली काँग्रेस,2583,17868,M,False,धुर्व प्रसाद आचार्य,स्नातकोत्तर,TU,काभ्रेपलाञ्चोक पनौती नगरपालिका वल्‍थली,कमला  पन्‍त,पार्टीको पोलिसि र ट्रनिङमा,3-काभ्रेपलाञ्चोक-2,340524,61
339988,अशोक कुमार ब्याञ्जु श्रेष्ठ,Ashoka Kumara Byanyju Shreshth,नेपाल कम्युनिष्ट पार्टी (एकीकृत मार्क्सवादी लेनिनवादी),2598,13940,M,False,वच्चु नाथ ब्याञ्जु,BA,TU,काभ्रेपलाञ्चोक धुलिखेल नगरपालिका दुटोल,मञ्जु  ब्याञ्जु श्रेष्ठ,पुर्व मेयर,3-काभ्रेपलाञ्चोक-2,339988,54
341012,बसुन्धरा हुमागाई,Basundhara Humagaee,नेपाली कम्युनिष्ट पार्टी,2557,8107,M,False,नारायण प्रसाद हुमागाई,I A,TU,काभ्रेपलाञ्चोक पनौती नगरपालिका कलातीछाप,अम्बिका  हुमागाई,प्रदेश सभा सदस्य,3-काभ्रेपलाञ्चोक-2,341012,55
340306,ज्योत्सना सैजु,Jyotsana Saiju,उज्यालो नेपाल पार्टी,2566,3749,F,False,ज्योती प्रकाश सैजु,BA कम्प्युटर इन्जिनियरिङ ,KU,काभ्रेपलाञ्चोक बनेपा नगरपालिका भोटमार्ग,विपिन  कायष्ठ,ब्यवसाय,3-काभ्रेपलाञ्चोक-2,340306,41
342166,रन्जीव श्रेष्ठ,Ranjiva Shreshth,राष्ट्रिय प्रजातन्त्र पार्टी,2604,1125,M,False,भिम सुन्दर श्रेष्ठ,स्नातकोत्तर,TU,काभ्रेपलाञ्चोक धुलिखेल नगरपालिका वसपार्क,,दैवि प्रकोप सम्वन्धी,3-काभ्रेपलाञ्चोक-2,342166,43
339321,मुना तामाङ,Muna Tamang,नेपाल मजदुर किसान पार्टी,2578,428,F,False,कृष्‍ण बहादुर तामाङ,MA, TU,काभ्रेपलाञ्चोक मण्डनदेउपुर नगरपालिका गैरीगाउँ,,शिक्षण,3-काभ्रेपलाञ्चोक-2,339321,37
342232,टंक बहादुर लामा,Tanka Bahadura Lama,श्रम संस्कृति पार्टी,2501,400,M,False,ज्ञान ध्वज लामा,स्नातकोत्तर,TU,काभ्रेपलाञ्चोक रोशी गाउँपालिका डुमल,करुना  थापा,शिक्षण,3-काभ्रेपलाञ्चोक-2,342232,45
340432,कान्छा राम घिसिङ,Kanchha Rama Ghising,नेपाल कम्युनिस्ट पार्टी (माओवादी),2526,146,M,False,कृष्ण बहादुर तामाङ,साधारण लेखपढ,,काभ्रेपलाञ्चोक मण्डनदेउपुर नगरपालिका छाप,,कृषी,3-काभ्रेपलाञ्चोक-2,340432,37
342107,रमेश बहादुर घर्ति क्षेत्री,Ramesha Bahadura Gharti Kshetri,प्रगतिशील लोकतान्त्रिक पार्टी,2516,144,M,False,कुल बहादुर घर्ति क्षेत्री,साक्षर,,काभ्रेपलाञ्चोक भुम्लु गाउँपालिका ,नमिता  के.सी. घर्ति क्षेत्री,कृषी,3-काभ्रेपलाञ्चोक-2,342107,35
340908,आसा तामाङ,Aasa Tamang,स्वतन्त्र,IND,59,F,False,शंखर  तामाङ,+2,HSEB,काभ्रेपलाञ्चोक पनौती नगरपालिका कलाँती,,राजनीती,3-काभ्रेपलाञ्चोक-2,340908,29
340675,सूवर्ण विक्रम थापा,Suvarna Vikrama Thapa,राष्ट्रिय जनमोर्चा,2522,39,M,False,शिवजी  थापा,SLC,SLC BOard,काभ्रेपलाञ्चोक बनेपा नगरपालिका कोटथुम्का,शारदा  थापा,सामाजिक सेवा,3-काभ्रेपलाञ्चोक-2,340675,54
340247,रकम लामा (तामाङ),Rakama Lama (tamanga),"जनता समाजवादी पार्टी, नेपाल",2542,32,M,False,बिर बहादुर तामाङ,SLC,SLC Board,काभ्रेपलाञ्चोक भुम्लु गाउँपालिका डिलमुनी,सोनु  राई (लामा),ब्यवसाय,3-काभ्रेपलाञ्चोक-2,340247,40
340610,राजन थापा,Rajana Thapa,नेपाल कम्युनिष्ट पार्टी (संयुक्त),2601,32,M,False,तेज बहादुर थापा,I L,TU,भक्तपुर मध्यपुर थिमी नगरपालिका लोकन्थली,ज्ञानु  थापा,पर्यटन,3-काभ्रेपलाञ्चोक-2,340610,56
339436,डिल्लीप्रसाद न्यौपाने,Dilliprasada Nyaupane,स्वतन्त्र,IND,31,M,False,बुद्धिप्रसाद न्यौपाने,स्नातकोत्तर,TU,काभ्रेपलाञ्चोक पाँचखाल नगरपालिका बगाल्डिही, ,कानून ब्यवसायी,3-काभ्रेपलाञ्चोक-2,339436,38
340826,उमेश तामाङ,Umesha Tamang,मंगोल नेशनल अर्गनाइजेसन,2511,28,M,False,अशोक  तामाङ,९ कक्षा,श्री कालिका माध्यामिक विद्यालय,काभ्रेपलाञ्चोक पाँचखाल नगरपालिका पाल्कु,,सेफ,3-काभ्रेपलाञ्चोक-2,340826,28
341614,उमेस थापा,Umesa Thapa,स्वतन्त्र,IND,26,M,False,प्रेम बहादुर थापा,स्नातक,TU,काभ्रेपलाञ्चोक भुम्लु गाउँपालिका थापाटोल,,पत्रकारिता,3-काभ्रेपलाञ्चोक-2,341614,30
341827,सीता राम मैनाली,Sita Rama Mainali,स्वतन्त्र,IND,21,M,False,बेनी प्रसाद मैनाली,SLC,SLC Board,काभ्रेपलाञ्चोक पाँचखाल नगरपालिका भिमसेनस्थान,सुजता  मैनाली,कृषी,3-काभ्रेपलाञ्चोक-2,341827,42
340088,सुकमान  तामाड,Sukamana Tamad,नेशनल रिपब्लिक नेपाल,2504,15,M,False,व्रथा   तामाङ,साधारण लेखपढ,,काभ्रेपलाञ्चोक धुलिखेल नगरपालिका स्याङतान टोल,डोल्मा   तामाङ ,बैदेशिक रोजगारी,3-काभ्रेपलाञ्चोक-2,340088,54
342279,विष्णु कुमार श्रेष्‍ठ,Vishnu Kumara Shresh‍th,स्वतन्त्र,IND,13,M,False,नर मान श्रेष्‍ठ,साक्षर,,काभ्रेपलाञ्चोक नमोबुद्ध नगरपालिका छत्रेवा‌झ,कविता  श्रेष्‍ठ,कृषी,3-काभ्रेपलाञ्चोक-2,342279,52
341536,गणेश प्रसाद अधिकारी,Ganesha Prasada Adhikari,स्वतन्त्र,IND,11,M,False,बद्री प्रसाद अधिकारी,स्नातक,TU,काभ्रेपलाञ्चोक पाँचखाल नगरपालिका धारापारी,,--,3-काभ्रेपलाञ्चोक-2,341536,36
341213,हरी बहादुर थापा,Hari Bahadura Thapa,मितेरी पार्टी नेपाल,2530,10,M,False,चक्र बहादुर थापा,साक्षर,,सिन्धुली सुनकोशी गाउँपालिका हरिपुर,,पुर्व प्रहरी ,3-काभ्रेपलाञ्चोक-2,341213,41
341904,लेनिन  विष्‍ट ,Lenina Vish‍ta,स्वतन्त्र,IND,8,M,False,श्याम  काजी  विष्‍ट ,MA,TU,काभ्रेपलाञ्चोक बनेपा नगरपालिका विष्‍ट गाउ,,सामाजिक अभियन्ता/पुर्व वालसेना,3-काभ्रेपलाञ्चोक-2,341904,38
341738,केशवराज तिमल्सिना,Keshavaraja Timalsina,स्वतन्त्र,IND,4,M,False,बेल प्रसाद तिमल्सिना,SLC,SLC BOARD,काभ्रेपलाञ्चोक बेथानचोक गाउँपालिका थली,,सामाजिक कार्य,3-काभ्रेपलाञ्चोक-2,341738,28
341908,भरत प्रसाद पराजुली,Bharata Prasada Parajuli,राष्ट्रिय स्वतन्त्र पार्टी,2528,24412,M,True,देव ऋषि पराजुली,,,सिन्धुपाल्चोक बलेफी गाउँपालिका कुनेचौर,,,3-सिन्धुपाल्चोक-1,341908,57
340875,माधव सापकोटा,Madhava Sapakota,नेपाली कम्युनिष्ट पार्टी,2557,17327,M,False,हरि प्रसाद सापकोटा,,,सिन्धुपाल्चोक चौतारा साँगाचोकगढी नगरपालिका साहुटोल,देव कुमारी सापकोटा,,3-सिन्धुपाल्चोक-1,340875,44
341791,सरेश नेपाल,Saresha Nepal,नेपाल कम्युनिष्ट पार्टी (एकीकृत मार्क्सवादी लेनिनवादी),2598,11961,M,False,भक्त बहादुर नेपाल,,,सिन्धुपाल्चोक सुनकोशी गाउँपालिका स्वाँरा,कल्याणी  नेपाल,,3-सिन्धुपाल्चोक-1,341791,65
341717,जंग बहादुर लामा,Janga Bahadura Lama,नेपाली काँग्रेस,2583,11293,M,False,हर्क लाल लामा,,,सिन्धुपाल्चोक जुगल गाउँपालिका धुर्सगाउँ,धन लक्ष्मी लामा,,3-सिन्धुपाल्चोक-1,341717,48
340554,प्रताप लामा,Pratapa Lama,उज्यालो नेपाल पार्टी,2566,2421,M,False,जुजु मान तामाङ,,,सिन्धुपाल्चोक वाह्रविसे नगरपालिका सानोपँलाती,शान्ति  लामा,,3-सिन्धुपाल्चोक-1,340554,59
339581,राम मणी न्यौपाने,Rama Mani Nyaupane,राष्ट्रिय प्रजातन्त्र पार्टी,2604,490,M,False,पुष्ट मणी न्यौपाने,,,भक्तपुर चाँगुनारायण नगरपालिका ,टिका  न्यौपाने,,3-सिन्धुपाल्चोक-1,339581,58
339383,दावा लामा,Dava Lama,मंगोल नेशनल अर्गनाइजेसन,2511,340,M,False,सङगे  लामा,,,सिन्धुपाल्चोक जुगल गाउँपालिका गोल्‍चे,रुक माया लामा,,3-सिन्धुपाल्चोक-1,339383,37
340256,फुर्वा तामाङ,Phurva Tamang,श्रम संस्कृति पार्टी,2501,282,M,False,डिल बहादुर तामाङ,,,सिन्धुपाल्चोक चौतारा साँगाचोकगढी नगरपालिका ,सम्झना  तामाङ,,3-सिन्धुपाल्चोक-1,340256,32
340764,समिर श्रेष्ठ,Samira Shreshth,नेपाल कम्युनिस्ट पार्टी (माओवादी),2526,201,M,False,हिरा  श्रेष्ठ,,,सिन्धुपाल्चोक जुगल गाउँपालिका ,,,3-सिन्धुपाल्चोक-1,340764,33
341164,दावा ग्याम्छो लामा,Dava Gyamchho Lama,राष्ट्रिय जनमोर्चा,2522,92,M,False,धन बहादुर तामाङ,,,सिन्धुपाल्चोक लिसंखु पाखर गाउँपालिका ,कान्छी  लामा,,3-सिन्धुपाल्चोक-1,341164,65
339476,गिता देवी कर्माचार्य,Gita Devi Karmachary,नेपाल मजदुर किसान पार्टी,2578,56,F,False,वयान बहादुर कर्माचार्य,,,भक्तपुर चाँगुनारायण नगरपालिका ,सिताराम  सायजु,,3-सिन्धुपाल्चोक-1,339476,54
342739,पासाङ शेर्पा,Pasanga Sherpa,"जनता समाजवादी पार्टी, नेपाल",2542,55,F,False,नुर्बु  शेर्पा,,,सिन्धुपाल्चोक त्रिपुरासुन्दरी गाउँपालिका खाजिलुङ,,,3-सिन्धुपाल्चोक-1,342739,34
342013,सन्त कुमार तामाङ,Santa Kumara Tamang,स्वतन्त्र,IND,39,M,False,छत्र बहादुर तामाङ,,,सिन्धुपाल्चोक वाह्रविसे नगरपालिका ,माया  तामाङ,,3-सिन्धुपाल्चोक-1,342013,52
339790,पासाङ्ग तामाङ्ग,Pasangga Tamangg,आम जनता पार्टी(एकल चुनाव चिन्ह),2581,31,M,False,बाबु लाल तामाङ्ग,,,सिन्धुपाल्चोक लिसंखु पाखर गाउँपालिका ,सोभा  तामाङ्ग,,3-सिन्धुपाल्चोक-1,339790,47
341326,असोक बहादुर श्रेष्‍ठ,Asoka Bahadura Shresh‍th,नागरिक सर्वोच्चता पार्टी नेपाल(एकल चुनाव चिन्ह),2537,29,M,False,चेत बहादुर श्रेष्‍ठ,,,सिन्धुपाल्चोक लिसंखु पाखर गाउँपालिका गण्श टोल,निर्मला  श्रेष्‍ठ,,3-सिन्धुपाल्चोक-1,341326,46
341521,पदम बहादुर तामाङ,Padama Bahadura Tamang,स्वतन्त्र,IND,22,M,False,कामि सिं तामाङ,,,सिन्धुपाल्चोक बलेफी गाउँपालिका लप्से,राम माया तामाङ,,3-सिन्धुपाल्चोक-1,341521,58
342511,राजन सुन्चुरी,Rajana Sunchuri,मितेरी पार्टी नेपाल,2530,20,M,False,लक्ष्मण  सुन्चुरी,,,सिन्धुपाल्चोक सुनकोशी गाउँपालिका ,विना  सुन्चुरी,,3-सिन्धुपाल्चोक-1,342511,31
342280,सानु तामाङ,Sanu Tamang,स्वतन्त्र,IND,17,M,False,पहल मान तामाङ,,,सिन्धुपाल्चोक वाह्रविसे नगरपालिका राम्चे,कुमारी  तामाङ,,3-सिन्धुपाल्चोक-1,342280,48
340921,युवराज दुलाल,Yuvaraja Dulal,नेपाली कम्युनिष्ट पार्टी,2557,21699,M,True,गुरु प्रसाद दुलाल,masters,,सिन्धुपाल्चोक चौतारा साँगाचोकगढी नगरपालिका पौवा,पार्वती  दुलाल,,3-सिन्धुपाल्चोक-2,340921,43
342079,वंशलाल तामाङ,Vanshalala Tamang,नेपाली काँग्रेस,2583,19146,M,False,हवल बहादुर तामाङ,MA,,सिन्धुपाल्चोक ईन्द्रावती गाउँपालिका नवलपुर,माइली   तामाङ,,3-सिन्धुपाल्चोक-2,342079,62
341470,शेर बहादुर तामाङग,Shera Bahadura Tamangag,नेपाल कम्युनिष्ट पार्टी (एकीकृत मार्क्सवादी लेनिनवादी),2598,15926,M,False,प्रताप सिं तामाङग,Masters,,सिन्धुपाल्चोक मेलम्ची नगरपालिका सिन्धु घुसेनी,उषा कला राई,,3-सिन्धुपाल्चोक-2,341470,56
342380,झलक कुमार श्रेष्‍ठ,Jhalaka Kumara Shresh‍th,राष्ट्रिय स्वतन्त्र पार्टी,2528,14019,M,False,वीर वहादुर श्रेष्‍ठ,SLC,,सिन्धुपाल्चोक लिसंखु पाखर गाउँपालिका गणेश थान,सावित्री  श्रेष्‍ठ (पाण्‍डे),,3-सिन्धुपाल्चोक-2,342380,47
339975,गोपी कृष्ण चौलागाई,Gopi Krishna Chaulagaee,राष्ट्रिय प्रजातन्त्र पार्टी,2604,1681,M,False,बद्री प्रसाद चौलागाई,Engineer,,सिन्धुपाल्चोक मेलम्ची नगरपालिका शान्तिनगर,,,3-सिन्धुपाल्चोक-2,339975,35
340374,राम सिं तामाङ,Rama Sin Tamang,उज्यालो नेपाल पार्टी,2566,1238,M,False,राम लामा तामाङ,SLC,,सिन्धुपाल्चोक हेलम्बु गाउँपालिका इसिङ,मन सानी तामाङ,,3-सिन्धुपाल्चोक-2,340374,38
339483,कर्णविर स्यांवु लामा,Karnavira Syanvu Lama,मंगोल नेशनल अर्गनाइजेसन,2511,159,M,False,कर्पु स्याँवु लामा,साक्षर,,सिन्धुपाल्चोक पाँचपोखरी थाङपाल गाउँपालिका ,,,3-सिन्धुपाल्चोक-2,339483,39
340176,भानु श्रेष्ठ,Bhanu Shreshth,श्रम संस्कृति पार्टी,2501,129,M,False,लाल बहादुर श्रेष्ठ,SLC,,सिन्धुपाल्चोक सुनकोशी गाउँपालिका ,,,3-सिन्धुपाल्चोक-2,340176,36
341935,सोमान लामा,Somana Lama,नेपाल कम्युनिस्ट पार्टी (माओवादी),2526,121,M,False,कर्पु  लामा,SLC,,सिन्धुपाल्चोक मेलम्ची नगरपालिका डब्ल्याङ,गोमा  लामा,,3-सिन्धुपाल्चोक-2,341935,42
341106,मिङमर तामाङ,Mingamara Tamang,राष्ट्रिय मुक्ति पार्टी नेपाल(एकल चुनाव चिन्ह),2531,99,M,False,वीर बहादुर तामाङ,bachelor,,सिन्धुपाल्चोक हेलम्बु गाउँपालिका ,आरती देवी तामाङ,,3-सिन्धुपाल्चोक-2,341106,52
341783,सेर वहादुर तामाङ,Sera Vahadura Tamang,नागरिक सर्वोच्चता पार्टी नेपाल(एकल चुनाव चिन्ह),2537,47,M,False,सञ्च वहादुर तामाङ,SLC,,सिन्धुपाल्चोक मेलम्ची नगरपालिका खानीगाउँ,कौशिला  तामाङ,,3-सिन्धुपाल्चोक-2,341783,56
342595,दावा छिरिङ शेर्पा,Dava Chhiringa Sherpa,संघीय लोकतान्त्रिक राष्ट्रिय मञ्च,2550,29,M,False,करे  शेर्पा,10 pass,,सिन्धुपाल्चोक वाह्रविसे नगरपालिका ताङसीङ,मोती माया शेर्पा,,3-सिन्धुपाल्चोक-2,342595,49
342515,विजु श्रेष्ठ,Viju Shreshth,स्वतन्त्र,IND,25,M,False,विष्णु कुमार श्रेष्ठ,Phd. in Electrical Engineering,,सिन्धुपाल्चोक चौतारा साँगाचोकगढी नगरपालिका चिलउने,,,3-सिन्धुपाल्चोक-2,342515,40
342557,दिपक ढकाल,Dipaka Dhakal,स्वतन्त्र,IND,24,M,False,रेवती प्रसाद ढकाल,HSEB,,सिन्धुपाल्चोक मेलम्ची नगरपालिका ढकालखहरे,जमुना  चापागाई,,3-सिन्धुपाल्चोक-2,342557,39
339649,म्हेन्दो तामाङ,Mhendo Tamang,नेपाल मजदुर किसान पार्टी,2578,17,F,False,कृष्ण वहादुर तामाङ,स्नातक,,काभ्रेपलाञ्चोक मण्डनदेउपुर नगरपालिका गैरिगाउँ,,,3-सिन्धुपाल्चोक-2,339649,29
339791,गणेश बहादुर श्रेष्ठ,Ganesha Bahadura Shreshth,आम जनता पार्टी(एकल चुनाव चिन्ह),2581,11,M,False,मिन बहादुर श्रेष्ठ,सामान्य लेखपढ,,सिन्धुपाल्चोक चौतारा साँगाचोकगढी नगरपालिका गैरीगाउँ,चित्र कुमारी श्रेष्ठ,,3-सिन्धुपाल्चोक-2,339791,60
341261,सुन्‍दर अधिकारी,Sun‍dara Adhikari,स्वतन्त्र,IND,11,M,False,रुद्र बहादुर अधिकारी,,,काठमाडौं कागेश्वरी मनोहरा नगरपालिका पिपल डाडाँ,,,3-सिन्धुपाल्चोक-2,341261,35
342260,महेश कुँवर,Mahesha Kunvar,मितेरी पार्टी नेपाल,2530,4,M,False,शम्भु  कुँवर,10 pass,,सिन्धुपाल्चोक सुनकोशी गाउँपालिका भिमेस्थान,सावित्री  कुँवर,,3-सिन्धुपाल्चोक-2,342260,40
339633,प्रकाश गौतम,Prakash Gautam,राष्ट्रिय स्वतन्त्र पार्टी,2528,36033,M,True,Dhan Bahadur Gautam,स्नातक,त्रिभुवन विश्वविद्यालय,Kavrepalanchowk,Roshni Bhattarai Gautam,समाज सेवा र होटल व्यवसाय,3-मकवानपुर-1,339633,37
341087,महालक्ष्मी उपाध्याय(डिना),Mahalaxmi Upadhyay (Dina),नेपाली काँग्रेस,2583,14038,F,False,Ishwori Datta Aryal,स्‍नातकोत्तर,त्रि.वि.,Kathmandu,Dinesh Upadhyaya,,3-मकवानपुर-1,341087,61
339717,रामेश्‍वर राना मगर,Rameshwar Rana Magar,नेपाल कम्युनिष्ट पार्टी (एकीकृत मार्क्सवादी लेनिनवादी),2598,12783,M,False,Jaman Bahadur Rana,प्रविणता प्रमाणपत्र तह,त्रिभुवन विश्वविद्यालय,Makwanpur,Purna Maya Thapa Magar,"समाजसेवा, पूर्व जिविस सभापति समेत",3-मकवानपुर-1,339717,63
340438,बिजय गौतम,Bijay Gautam,नेपाली कम्युनिष्ट पार्टी,2557,10788,M,False,Lok Nath Gautam,स्‍नात्तकोतर,त्रि.वि.,Kavrepalanchowk,,,3-मकवानपुर-1,340438,40
341292,सुरेन्द्र लामा,Surendra Lama,उज्यालो नेपाल पार्टी,2566,10205,M,False,Kanchha Lama,Computer Engineering,T.U.,Makwanpur,,IT sector,3-मकवानपुर-1,341292,36
340025,दिपक बहादुर सिंह,Dipak Bahadur Singh,राष्ट्रिय प्रजातन्त्र पार्टी,2604,4574,M,False,Mohan Bahadur Singh,स्‍नातक,त्रि.वि.,Makwanpur,Nilam Singh,"जि.वि.स.सभापती
जलस्रोत उर्जा र सिंचाई राज्यमन्त्री
2079 प्रतिनिधि सभा निर्वाचित सदस्य",3-मकवानपुर-1,340025,64
339302,विद्या श्रेष्‍ठ (महर्जन),Bidya Shrestha Maharjan,श्रम संस्कृति पार्टी,2501,1024,F,False,Vishnu Lal Shrestha,स्नातकोतर,त्रिभुवन विश्वविद्यालय,Kathmandu,Shirish Maharjan,,3-मकवानपुर-1,339302,49
340560,टिका प्रसाद चौलागाई,Tika Prasad Chaulagain,स्वतन्त्र,IND,534,M,False,Balbhad Chaulagai,SLC,BOARD OF NEPAL,Bara,Sita Pokharel (Chaulagain),,3-मकवानपुर-1,340560,64
339366,युवराज लामा,Yuvaraj Lama,मंगोल नेशनल अर्गनाइजेसन,2511,359,M,False,दर्शन बहादुर स्याङतान,SLC,Board of Nepal,मकवानपुर मकवानपुरगढी गाउँपालिका बेलधारी,,,3-मकवानपुर-1,339366,43
340803,महेश नेपाली,Mahesh Nepali,नेपाल कम्युनिस्ट पार्टी (माओवादी),2526,108,M,False,Ram Bahadur Nepali,साधरण लेखपढ,,Makwanpur,,समाजसेवा र जनवादी गायक,3-मकवानपुर-1,340803,38
339856,रंजना सुवाल मगजु,Ranjana Suwal Magaju,नेपाल मजदुर किसान पार्टी,2578,51,F,False,Ganesh Bahadur Suwal,साक्षर,,Bhaktapur,Vishnu Bhakta Magaju,,3-मकवानपुर-1,339856,54
339555,तेज प्रसाद उप्रेती,Tej Prasad Upreti,प्रगतिशील लोकतान्त्रिक पार्टी,2516,50,M,False,Ganga Prasad Upreti,स्नातक,त्रिभुवन विश्वविद्यालय,Makwanpur,Amrita Singh Thakuri,"NRN Korea उपाध्यक्ष
नेपाल जेसिज राष्ट्रिय उपाध्यक्ष समेत",3-मकवानपुर-1,339555,41
339946,मठु पुलामी मगर,Mathu Pulami Magar,स्वतन्त्र,IND,30,M,False,Lal Bahadur Pulami Magar,साधारण लेखपढ,,Makwanpur,Suntali Pulami Magar,,3-मकवानपुर-1,339946,51
341165,दिपक सिन्तान,Dipak Sintan,जनता समाजवादी पार्टी(एकल चुनाव चिन्ह),2531,28,M,False,Chitra Bahadur Sintan,साधारण लेखपढ,,Makwanpur,,कृषि,3-मकवानपुर-1,341165,34
341737,रुपक लामा,Rupak Lama,"जनता समाजवादी पार्टी, नेपाल",2542,24,M,False,Chiniya Man Lama,12 पास,HSEB,Makwanpur,Marina Lama,,3-मकवानपुर-1,341737,47
339598,अमिक परियार,Amik Pariyar,स्वतन्त्र,IND,23,M,False,Bal Bahadur Pariyar,10+2,Board of Nepal,Makwanpur,Sangita Dangol,कृषी पशुपंक्षी तथा मत्स्य पालन तथा विक्री केन्द्र र गार्मेन्ट व्यवसाय,3-मकवानपुर-1,339598,46
342266,प्रमिला कुमारी खतिवडा,Pramila Kumari Khatiwada,स्वतन्त्र,IND,23,F,False,Govinda Prasad Adhikari,+2 pass,HSEB,Makwanpur,Vishnu Prasad Khatiwada,,3-मकवानपुर-1,342266,42
341336,ज्ञान सागर लामा,Rupak Lama,स्वतन्त्र,IND,19,M,False,Chiniya Man Lama,SLC,Board of Nepal,Makwanpur,Marina Lama,,3-मकवानपुर-1,341336,55
339819,राजाराम बोगटी,Rajarama Bogati,स्वतन्त्र,IND,9,M,False,राजन बहादुर बोगटी,10,Board of Nepal,मकवानपुर हेटौडा उपमहानगरपालिका कान्‍तीराजथ पथ,,"2074 सालमा मेयर उम्मेदवार
2070 समानुपाती सभासद् उम्मेदवार
",3-मकवानपुर-1,339819,38
340316,अमर दंगाल,Amar Dangal,स्वतन्त्र,IND,8,M,False,Gyan Prasad Dangal,12,नेपाल वोर्ड,Makwanpur,Bimala Dangal,"नेपाली सेनामा १८ वर्ष काम गरेको, संघिय क्षेत्रमा १५ वर्ष काम गरेको र व्यवसायिक क्षेत्रमा ५ वर्ष लगातार ५ वर्ष काम गरेको",3-मकवानपुर-1,340316,41
341219,सुशिला सुवेदी,Sushila Subedi,स्वतन्त्र,IND,8,F,False,Chek Bahadur Dahal,स्‍नातक,त्रि.वि.,Makwanpur,Deepak Kumar Subedi,सामाजिक कार्यमा संलग्‍नता समेत,3-मकवानपुर-1,341219,39
339354,राकेश कुमार शर्मा,Rakesh Kumar Sharma,स्वतन्त्र,IND,5,M,False,Madhav Prasad Adhikari,S.L.C,Board of Nepal,Bardiya,Vishnu Sharma,"प्रशासनिक, समाजसेवासमेत  सम्बन्धी अनुभव",3-मकवानपुर-1,339354,55
341351,राज कुमार खड्का,Raj Kumar Khadka,स्वतन्त्र,IND,1,M,False,Chandra Bahadur Khadka,10+2,HSEB,Makwanpur,,,3-मकवानपुर-1,341351,42
339629,प्रशान्त उप्रेती,Prashant Upreti,राष्ट्रिय स्वतन्त्र पार्टी,2528,30050,M,True,Ramchandra Upreti,स्‍नातक,नेपाल पर्यटन तथा होटन व्यवस्थापन प्रतिष्ठान,Makwanpur,,,3-मकवानपुर-2,339629,25
339753,महेश कुमार वर्तौला,Mahesh Kumar Bartaula,नेपाल कम्युनिष्ट पार्टी (एकीकृत मार्क्सवादी लेनिनवादी),2598,18846,M,False,गोविन्‍द बहादुर वर्तौला,"माष्टर्स डिग्री (एम.बि.एस., एम.ए, LLB)",त्रिभुवन विश्वविद्यालय,मकवानपुर भीमफेदी गाउँपालिका ढुङग्‍यान,- - -,"प्रतिनिधी सभा सदस्य
सचेतक, प्रमुख सचेतक र मुख्य सचेतकको भुमिका निर्वाह, सदस्य कानून न्याय तथा मानव अधिकार समिति, सदस्य संसदीय सुनुवाई समिति, 
",3-मकवानपुर-2,339753,43
341127,वुद्ध लामा,Buddha Lama,नेपाली काँग्रेस,2583,15056,M,False,Maila Lama,बि.ए.,त्रिभुवन विश्वविद्यालय,Makwanpur,,,3-मकवानपुर-2,341127,58
340454,लव शेर विष्ट,Lava Shera Visht,नेपाली कम्युनिष्ट पार्टी,2557,12492,M,False,बासुदेव  विष्ट,आई ए,रत्न राज्य क्याम्पस,मकवानपुर थाहा नगरपालिका ,कमला  पाण्डे,,3-मकवानपुर-2,340454,54
341283,प्रविन कुमार स्याङतान,Prabin Kumar Syangtan,उज्यालो नेपाल पार्टी,2566,6237,M,False,Krishna Bahadur Syangtan,स्‍नातक (बि.डि.एस),चितवन मेडिकल कलेज,Makwanpur,,"भरतपुर अस्पताल
नमोबुद्ध डेन्टल क्लिनिक
चितवन मेडीकल कलेज",3-मकवानपुर-2,341283,30
339338,युनेश लामा सिंतान,Yunesh Lama Sintan,श्रम संस्कृति पार्टी,2501,932,M,False,Padam Bahadur Lama,स्‍नातक,मकवानपुर बहुमुखि क्याम्पस ,Makwanpur,,,3-मकवानपुर-2,339338,34
340110,राम बहादुर थोकर,Ram Bahadur Thokar,राष्ट्रिय प्रजातन्त्र पार्टी,2604,785,M,False,Hira Lal Thokar,10+2,भुटनदेवी मा.वि.,Makwanpur,Ratna Tamang,"हङ्गकङ्ग, तामाङ्ग घेदुङ्ग संघको सदस्य",3-मकवानपुर-2,340110,59
340922,राम घलान,Ram Ghalan,नेपाल कम्युनिस्ट पार्टी (माओवादी),2526,361,M,False,Durga Bahadur Ghalan,एम.ए.,मकवानपुर बहुमुखि क्याम्पस,Makwanpur,Sanumaya Muktan,"राजनितिक अनुभव
सामान्य व्यवसायिक
समाज सेवा",3-मकवानपुर-2,340922,36
339401,हिरा लाल स्याङतान,Hira Lal Syangtan,मंगोल नेशनल अर्गनाइजेसन,2511,260,M,False,Sanuman Bahadur Syangtan,६ कक्षा अध्ययन,सरकारी विद्यालय,Makwanpur,Maili Maya Syangtan,,3-मकवानपुर-2,339401,55
341910,सितामाया बल,Sitamaya Bal,स्वतन्त्र,IND,204,F,False,Shyam Bahadur Bal,एस.एल.सी.,नेपाल बोर्ड,Makwanpur,Dil Bahadur Syangtan,,3-मकवानपुर-2,341910,38
339563,निर बहादुर सिन्‍तान,Nir Bahadur Sintan,राष्ट्रिय जनमोर्चा,2522,131,M,False,Jay Bahadur Sintan,१०+२,जनकल्याण मा.वि. पालुङ्ग,Makwanpur,,,3-मकवानपुर-2,339563,34
339603,सन्तोष विष्ट,Santosh Bista,प्रगतिशील लोकतान्त्रिक पार्टी,2516,72,M,False,बासु  विष्ट,स्‍नातकोत्तर,त्रिभुवन विश्वविद्यालय,मकवानपुर थाहा नगरपालिका बाहुनगाउ,,"दश वर्ष देखि पत्रकारिता
उपसचिव वा सो सरहको अनुभव",3-मकवानपुर-2,339603,40
339462,शुभ  राज प्रजा,Shubha Raj Praja,संयुक्त नागरिक पार्टी,2521,57,M,False,Suk Lal Praja,१०  पास,निर्मल बस्ती मा.वि.,Makwanpur,Ganga Maya Praja,,3-मकवानपुर-2,339462,36
339892,सरोज तामाङ,Saroj Tamang,नेपाल मजदुर किसान पार्टी,2578,42,M,False,Dhan Bahadur Tamang,10+2,बागेश्वरी कलेज,Bhaktapur,,,3-मकवानपुर-2,339892,38
342427,सूर्य राई,Surya Rai,आम जनता पार्टी(एकल चुनाव चिन्ह),2581,23,M,False,Ran Bahadur Rai,साधारण लेखपढ,,Makwanpur,Tara Rai,,3-मकवानपुर-2,342427,48
339957,प्रतिक्षा बानिया,Pratiksha Baniya,स्वतन्त्र,IND,21,F,False,लक्ष्मण  बानिया,10+2,मकवानपुर बहुमुखि क्याम्पस,मकवानपुर हेटौडा उपमहानगरपालिका ,,"ब्युटिसियन, सिलाई बुनाई",3-मकवानपुर-2,339957,31
341533,छविलाल वाईवा,Chhavilala Vaeeva,जनता समाजवादी पार्टी(एकल चुनाव चिन्ह),2531,15,M,False,खड्ग बहादुर वाइवा,साधारण,,मकवानपुर हेटौडा उपमहानगरपालिका ,अमृता  वाइवा,,3-मकवानपुर-2,341533,60
342164,सुर्य तामाङ बल,Surya Tamang Bal,नेशनल रिपब्लिक नेपाल,2504,14,M,False,Som Singh Bal,स्‍नातक,त्रिभुवन विश्वविद्यालय,Makwanpur,Nirmala Ghising,,3-मकवानपुर-2,342164,39
341191,अमृत बल,Amrit Bal,स्वतन्त्र,IND,12,M,False,Ram Bahadur Bal,साक्षर,,Makwanpur,Rita Bal,,3-मकवानपुर-2,341191,42
339798,कृष्‍ण राम श्रेष्‍ठ,Krishna Ram Shrestha,स्वतन्त्र,IND,7,M,False,Lok Bahadur Shrestha,साक्षर,,Chitwan,Rozina Shrestha,,3-मकवानपुर-2,339798,51
340022,रमेश आचार्य,Ramesh Acharya,स्वतन्त्र,IND,2,M,False,Dil Bahadur Acharya,साक्षर,,Makwanpur,,,3-मकवानपुर-2,340022,47
341836,राजेश कुमार चौधरी,Rajesha Kumara Chaudhari,राष्ट्रिय स्वतन्त्र पार्टी,2528,28946,M,True,सिता राम साह,इन्टरमेडियट,बिहार बोर्ड भारत,रौतहट दुर्गा भगवती गाउँपालिका गंगापिप्रा,किरण कुमारी देवी,"राजनीतिमा 10 बर्ष देखि कार्यरत रहेको
कृषि सम्बन्धी अनुभव भएको",2-रौतहट-1,341836,54
340390,अजय कुमार गुप्‍ता,Ajaya Kumara Gup‍ta,नेपाल कम्युनिष्ट पार्टी (एकीकृत मार्क्सवादी लेनिनवादी),2598,10693,M,False,बाबुलाल प्रसाद गुप्‍ता,एस.एल.सी ,श्री जुद्ध मा.बि. गौर,रौतहट गौर नगरपालिका दोस्तीया,विमल  गुप्‍ता,,2-रौतहट-1,340390,51
341696,अनिल कुमार झा,Anila Kumara Jha,नेपाली काँग्रेस,2583,8574,M,False,प्रेम नारायण झा,स्‍नातक अध्ययन,,रौतहट दुर्गा भगवती गाउँपालिका मत्सरी,डिम्पल कुमारी झा,"पूर्व मन्धी नेपाल सरकार
प्रतिनिधि सभा सदस्य 2074-2079
संबिधान सभा सदस्य 2065-2069
",2-रौतहट-1,341696,58
340541,माधव कुमार नेपाल,Madhava Kumara Nepal,नेपाली कम्युनिष्ट पार्टी,2557,7669,M,False,मंगल कुमार उपाध्याय,स्‍नातक तह,ठाकुरराम बहुमुखी क्यामपस बिरगंज,रौतहट गौर नगरपालिका ,गायत्री  आचार्य (नेपाल),"पटक पटक प्रतिनिधि सभा सदस्य निर्वाचित, पूर्व प्रधानमन्त्री, राष्ट्रिय सभा सदस्य, ",2-रौतहट-1,340541,72
340719,योगेन्द्र राय यादव,Yogendra Raya Yadav,"जनता समाजवादी पार्टी, नेपाल",2542,6846,M,False,शिव नारायण राय यादव,स्‍नातक,TU,रौतहट राजदेवी नगरपालिका झुनखुनवा,ओनिता  यादव,प्रदेश सभा निर्वाचन २०७४ का रौतहट क्षेत्र नं.1 ख बाट बिजयी,2-रौतहट-1,340719,48
340449,देवेन्द्र मिश्र,Devendra Mishr,जनमत पार्टी,2585,881,M,False,विश्वनाथ  मिश्र,एम.ए. राजनितिक सास्त्र बि.एड,TU,रौतहट दुर्गा भगवती गाउँपालिका मत्सरी,सुधा  मिश्र,,2-रौतहट-1,340449,69
339974,त्रिभुवन साह,Tribhuvana Sah,आम जनता पार्टी(एकल चुनाव चिन्ह),2581,751,M,False,मनोहर  साह,स्‍नातक,TU,रौतहट बौधीमाई नगरपालिका सरमुजवा,चिन्ता कुमारी साह,समाज सेवा,2-रौतहट-1,339974,50
342469,सुनिल प्रसाद कुसवाह,Sunila Prasada Kusavah,सार्वभौम नागरिक पार्टी,2520,343,M,False,ओमप्रकाश  महतो,स्‍नातक तह,TU,रौतहट राजदेवी नगरपालिका ,,राजनितिक,2-रौतहट-1,342469,38
341974,संजय कुमार यादव,Sanjaya Kumara Yadav,जन अधिकार पार्टी,2540,341,M,False,लालबाबु  राय,स्‍नातक तह,TU,रौतहट दुर्गा भगवती गाउँपालिका पचरुखी,प्रतिमा  यादव,,2-रौतहट-1,341974,36
342517,राम किशोर ठाकुर,Rama Kishora Thakur,स्वतन्त्र,IND,229,M,False,रामरेखा ठाकुर लोहार,,,रौतहट राजदेवी नगरपालिका मुडबलवा,मालती  देवी,,2-रौतहट-1,342517,44
341086,श्री मदन शाह,Shri Madana Shah,राष्ट्रिय प्रजातन्त्र पार्टी,2604,155,M,False,महराज  शाह,बि.ए.,,रौतहट ईशनाथ नगरपालिका ,रन्जिता  खड्का शाह,,2-रौतहट-1,341086,54
341384,राजाराम मुखिया,Rajarama Mukhiya,प्रगतिशील लोकतान्त्रिक पार्टी,2516,91,M,False,मुखा  मुखिया,साक्षर,,रौतहट माधव नारायण नगरपालिका भेलही,सगरी देवी मुखिया,रजनितिक,2-रौतहट-1,341384,55
342735,प्रभा कुमारी सिंह,Prabha Kumari Sinh,राष्ट्र निर्माण दल नेपाल,2527,73,F,False,रामाश्रय  सिंह,B.ED,TU,रौतहट वृन्दावन नगरपालिका गम्हरीया विर्ता,शत्रुध्न  कुंवर,सोशल वर्कर,2-रौतहट-1,342735,50
342549,जाजुल देवान,Jajula Devan,नेपाल संघीय समाजवादी पार्टी(एकल चुनाव चिन्ह),2567,62,M,False,मोसदी मिया देवान,साक्षर,,रौतहट गढीमाई नगरपालिका धनाडी,,,2-रौतहट-1,342549,46
342247,श्याम वावु प्रसाद,Shyama Vavu Prasad,स्वतन्त्र,IND,62,M,False,विन्देश्‍वर साह सोनार,SLC,,रौतहट गौर नगरपालिका महादेवपट्टी,पूनम  देवी,,2-रौतहट-1,342247,34
340938,मो तनवीर अखतर मिकरानी,Mo Tanavira Akhatara Mikarani,राष्ट्रिय मुक्ति पार्टी नेपाल(एकल चुनाव चिन्ह),2531,60,M,False,मो सकील अख्तर मिकरानी,८ पास,मित्रा मेमोरियल सेकेन्डरी स्कूल गौर,रौतहट राजदेवी नगरपालिका कटरबन,सुजिता कुमारी,,2-रौतहट-1,340938,37
342565,उमेश कुमार शाह,Umesha Kumara Shah,उज्यालो नेपाल पार्टी,2566,58,M,False,जै मंगल साह तेली,स्‍नातक तह,TU,रौतहट माधव नारायण नगरपालिका भेल्ही,निर्मला कुमारी .,,2-रौतहट-1,342565,33
342624,र‌ंजित  कुमार  पटेल,Ra‌njita Kumara Patel,जय मातृभूमि पार्टी,2510,29,M,False,जय  नारायण  जयसवाल ,स्‍नातक तह,TU,रौतहट यमुनामाई गाउँपालिका ,रिंकु   पटेल,10 बर्ष शिक्षण पेशाको,2-रौतहट-1,342624,32
340233,बैद्यनाथ प्रसाद चौधरी,Baidyanatha Prasada Chaudhari,नेपाल मजदुर किसान पार्टी,2578,22,M,False,अनुप साह चौधरी,एस.एल.सी,,रौतहट माधव नारायण नगरपालिका दिपही,रंजु  देवी,,2-रौतहट-1,340233,51
342049,संजय कुमार यादव,Sanjaya Kumara Yadav,नेपाली जनता दल,2595,22,M,False,नन्द किशोर राय यादव,SLC,,रौतहट गढीमाई नगरपालिका सिंगारवन,मंजु कुमारी देवी,,2-रौतहट-1,342049,37
342201,सरोज कुमार कुशवाहा,Saroja Kumara Kushavaha,स्वतन्त्र,IND,21,M,False,नन्दलाल महतो कैरी,स्‍नातक ताह,TU,रौतहट राजदेवी नगरपालिका हजमिनिया,,,2-रौतहट-1,342201,41
340648,संजीव कुमार यादव,Sanjiva Kumara Yadav,स्वतन्त्र,IND,17,M,False,राममालिक राय यादव,स्‍नातक,रौतहट मध्य बहुमुखी क्यामस गरुडा,रौतहट माधव नारायण नगरपालिका माधोपुर,,,2-रौतहट-1,340648,39
341253,रामकृत साह,Ramakrita Sah,स्वतन्त्र,IND,15,M,False,शुभ नारायण साह तेली,स्‍नातक,TU,रौतहट माधव नारायण नगरपालिका भेलही,ममता  साह,समाजसेवा,2-रौतहट-1,341253,49
342600,अमृता कुमारी यादव,Amrita Kumari Yadav,स्वतन्त्र,IND,12,F,False,महेश कुमार राय,साक्षर,,रौतहट माधव नारायण नगरपालिका ,रामनरेश राय यादव,,2-रौतहट-1,342600,30
342581,अभिषेक मिश्र,Abhisheka Mishr,स्वतन्त्र,IND,12,M,False,मनोज कुमार मिश्र,स्‍नातक तह,TU,रौतहट राजदेवी नगरपालिका वसतपुर,,,2-रौतहट-1,342581,31
339799,लक्ष्‍मेश्‍वर नारायण साह,Laksh‍mesh‍vara Narayana Sah,स्वतन्त्र,IND,10,M,False,सिताराम साह तेली,डिल्लोमा इन्जनियरिङ्ग,CTEVT,रौतहट गौर नगरपालिका विद्यापति नगर,रिना कुमारी साह,,2-रौतहट-1,339799,48
342420,दिनेश राय,Dinesha Ray,स्वतन्त्र,IND,9,M,False,जग्गा राय यादव,SLC,,रौतहट राजदेवी नगरपालिका वसतपुर,ललिता  देवी,समाज सेव,2-रौतहट-1,342420,55
341900,राजु कुमार मुखिया,Raju Kumara Mukhiya,स्वतन्त्र,IND,8,M,False,रामऔतार मुखिया विन,+2,Hseb,रौतहट गौर नगरपालिका ,,कम्प्यूटर टेक्निसियन,2-रौतहट-1,341900,33
341625,मृणाल कुमार शाह,Mrinala Kumara Shah,स्वतन्त्र,IND,7,M,False,परमात्‍मा प्रसाद तैली,+2,बिरगंज कम्रेस क्यामपस,रौतहट माधव नारायण नगरपालिका खेसरहिया,स्‍वेता माहेश्‍वरी शाह,समाज सेवा,2-रौतहट-1,341625,39
342658,राम सेवक राय,Rama Sevaka Ray,स्वतन्त्र,IND,7,M,False,भिखर  राय,,,रौतहट दुर्गा भगवती गाउँपालिका छतौना,चुनीया देवी यादव,,2-रौतहट-1,342658,55
340987,बिबेक चौधरी,Bibeka Chaudhari,स्वतन्त्र,IND,5,M,False,अनिरुद्ध कुमार चौधरी,स्‍नातक,TU,रौतहट दुर्गा भगवती गाउँपालिका ,,,2-रौतहट-1,340987,26
342375,रामानन्द शर्मा,Ramananda Sharma,स्वतन्त्र,IND,5,M,False,योगेन्द्र राय राजभाट,सामान्य लेखपढ,,रौतहट यमुनामाई गाउँपालिका गोट,रानी  देवी,सामाजिक तथा राजनितिक सेवा सम्बन्धी,2-रौतहट-1,342375,41
341766,राधेश्याम साह तेली,Radheshyama Saha Teli,स्वतन्त्र,IND,5,M,False,रामकृत साह तेली,+2,hseb,रौतहट यमुनामाई गाउँपालिका जेठरहिया,रन्जु  तेली,समाजसेवी,2-रौतहट-1,341766,38
342113,राम नरेश राय  यादव,Rama Naresha Raya Yadav,स्वतन्त्र,IND,4,M,False,पनिलाल राय यादव,SLC,,रौतहट माधव नारायण नगरपालिका ,अमृता कुमारी यादव,,2-रौतहट-1,342113,46
341454,ईन्‍दु देवी गुप्‍ता,Een‍du Devi Gup‍ta,स्वतन्त्र,IND,3,F,False,सत्‍यनारायण प्रसाद बनिया,एस.एल.सी,भारत बिहार,रौतहट गौर नगरपालिका दोस्तीया,रामकृष्‍ण प्रसाद गुप्‍ता,,2-रौतहट-1,341454,55
342640,शम्भु प्रसाद,Shambhu Prasad,स्वतन्त्र,IND,3,M,False,सत्यनारायण राय कुर्मी,SLC,,रौतहट गौर नगरपालिका टिकुलिया,प्रतिमा  देवी,समाजसेवा,2-रौतहट-1,342640,49
341176,दिनेश कुमार यादव,Dinesha Kumara Yadav,स्वतन्त्र,IND,1,M,False,जयनारायण राय यादव,इन्टरमिडिएट,बिहार इन्टरमिडिएट शिक्षा परिषद,रौतहट राजदेवी नगरपालिका पथरा,शोभा कुमारी यादव,,2-रौतहट-1,341176,41
342159,मुनिन्द्र कुमार ठाकुर,Munindra Kumara Thakur,स्वतन्त्र,IND,1,M,False,मारकन्डे  ठाकुर,स्‍नातक तह,ठाकुरराम बहुमुखी क्यामपस बिरगंज पर्सा,रौतहट गौर नगरपालिका सिर्सिया,निशा कुमारी ठाकुर,,2-रौतहट-1,342159,53
342449,रवि अर्चनम् वर्मा,Ravi Archanam Varma,स्वतन्त्र,IND,1,M,False,रवीन्द्र कुमार वर्मा,सामान्य लेखपढ,,रौतहट राजदेवी नगरपालिका ब्रम्हपुरी,,,2-रौतहट-1,342449,44
340266,मो. फिरदोश आलम,Mo. Phiradosha Aalam,नेपाली काँग्रेस,2583,29528,M,True,मोह्म्मद आफताब आलम,एम.बि.बि.एस.,"बोलान मेडिकल कालेज, पाकिस्तान",रौतहट राजपुर नगरपालिका राजपुर फरहदवा,,"चिकित्सकिय सेवा, प्रहरी सेवामा (प्रहरी निरीक्षक प्राविधिक तर्फ) 3 वर्षको अनुभव",2-रौतहट-2,340266,39
340983,किरण कुमार साह,Kirana Kumara Sah,नेपाली कम्युनिष्ट पार्टी,2557,18442,M,False,हजारि साह तेली,स्‍नातक तह,गौरीशंकर यादव रौतहट क्याम्पस गौर,रौतहट राजपुर नगरपालिका ,शर्मिला  कोइराला,,2-रौतहट-2,340983,48
341641,शेख सगिर,Shekha Sagir,राष्ट्रिय स्वतन्त्र पार्टी,2528,9325,M,False,शेख  भोजु,स्‍नात्तक,त्रिभुवन विश्व विद्यालय,रौतहट परोहा नगरपालिका ,शम्सिदा  बेगम,विभिन्न शैक्षिक संस्थामा अध्यापन गरेको,2-रौतहट-2,341641,45
341580,रामअशिष राय यादव,Ramaashisha Raya Yadav,"जनता समाजवादी पार्टी, नेपाल",2542,2960,M,False,तेजा राय यादव,प्रविणता प्रमाण पत्र,"श्री जय किसान मा.वि. धरहरी, रौतहट",रौतहट देवाही गोनाही नगरपालिका गोट,नगिना  देवी,,2-रौतहट-2,341580,51
340428,महम्मद अतिउल्लाह,Mahammada Atiullah,नेपाल कम्युनिष्ट पार्टी (एकीकृत मार्क्सवादी लेनिनवादी),2598,2382,M,False,शेख  जलील,Proficiency Certificate Level (PCL),बन बिज्ञान अन्धययन संस्थान हेटौडा,रौतहट राजपुर नगरपालिका हजमिनिया,असगरी  वेगम,,2-रौतहट-2,340428,54
341928,श्रीभगवान राउत कुर्मी,Shribhagavana Rauta Kurmi,आम जनता पार्टी(एकल चुनाव चिन्ह),2581,1825,M,False,सरवजित राउत कुर्मी,SLC,,रौतहट बौधीमाई नगरपालिका मटिअर्वा,फुलवदन  कुर्मी,,2-रौतहट-2,341928,45
342140,सुरेन्द्र प्रसाद जयसवाल,Surendra Prasada Jayasaval,प्रगतिशील लोकतान्त्रिक पार्टी,2516,859,M,False,राजेन्द्र प्रसाद जयसवाल,BA,,रौतहट बौधीमाई नगरपालिका बौद्धा,कविता  जयसवाल,संबैधानिक सभा सदस्य 2070,2-रौतहट-2,342140,45
341990,सोनु कुशवाहा,Sonu Kushavaha,जनमत पार्टी,2585,276,M,False,रामप्रवेश  महतो,BSC in Computing And Information Techn,Philips university Lamias STR,रौतहट बौधीमाई नगरपालिका अजगैवी,,,2-रौतहट-2,341990,28
342196,राज  कुमार  यादव ,Raja Kumara Yadava,नेपाल जनता पार्टी,2507,102,M,False,मोहन  राय  यादव ,8 कक्षा,श्री जनता मा.वि. औरैया,रौतहट ईशनाथ नगरपालिका लक्ष्‍मिनीया,,,2-रौतहट-2,342196,32
342444,रविन्द्र साह,Ravindra Sah,राष्ट्रिय प्रजातन्त्र पार्टी,2604,85,M,False,सुकदेव साह तेली,SLC,,रौतहट राजपुर नगरपालिका राजपुर फरहदवा,रानी  देवी,,2-रौतहट-2,342444,42
340766,नेक महम्मद,Neka Mahammad,राष्ट्रिय जनमोर्चा,2522,76,M,False,रफीक  देवान,,,रौतहट राजपुर नगरपालिका अकोलवा,सगीरा  खातुन,,2-रौतहट-2,340766,67
342594,रामाकान्त प्रसाद पटेल,Ramakanta Prasada Patel,उज्यालो नेपाल पार्टी,2566,64,M,False,रामभरोस प्रसाद जैसवार,+2,जनता माध्यमिक विद्यालय उमजन बारा,"रौतहट बौधीमाई नगरपालिका इनरवा,",,,2-रौतहट-2,342594,25
339546,शेख अमिरुल हक,Shekha Amirula Hak,नेपाल मजदुर किसान पार्टी,2578,44,M,False,शेख अब्दुल अजीज,साक्षर,,रौतहट देवाही गोनाही नगरपालिका करुनिया,फतमा  खातुन,,2-रौतहट-2,339546,72
342313,दिलिप प्रसाद जैसवाल,Dilipa Prasada Jaisaval,स्वतन्त्र,IND,38,M,False,लालबाबू प्रसाद कलवार,SLC,,रौतहट परोहा नगरपालिका बसन्तपट्टी,विभा जैसवाल देवी,,2-रौतहट-2,342313,42
342496,संजय सहनी,Sanjaya Sahani,राष्ट्रिय मुक्ति पार्टी नेपाल(एकल चुनाव चिन्ह),2531,31,M,False,चूल्लाई  सहनी,8 pass,,रौतहट ईशनाथ नगरपालिका बञ्जरहा,तेतरी  देवी,,2-रौतहट-2,342496,38
340551,मो. इम्रान असलम,Mo. Imrana Asalam,स्वतन्त्र,IND,18,M,False,मो. जावेद असलम,10+2,राजपुर मा.वि.,रौतहट राजपुर नगरपालिका ,,बैदेशिक रोजगार काम गरेको अनुभव,2-रौतहट-2,340551,35
339885,शेख राहिल अहमद,Shekha Rahila Ahamad,स्वतन्त्र,IND,15,M,False,मो.  मोइन,एस.एल.सी.,,रौतहट राजपुर नगरपालिका राजपुर फरहदवा,नुरसिदा  खातुन,,2-रौतहट-2,339885,38
342564,मो. नसिम अख्तर,Mo. Nasima Akhtar,स्वतन्त्र,IND,13,M,False,शेख  याकुव,SLC,,रौतहट राजपुर नगरपालिका कुडिया,अंगुस्तरी  खातून,,2-रौतहट-2,342564,42
342397,मनोज कुमार बैठा,Manoja Kumara Baitha,स्वतन्त्र,IND,12,M,False,दिपलाल   बैठा ,SLC,श्री अनहोतीलाल मा.वि. बसन्तपट्टि,रौतहट बौधीमाई नगरपालिका ,सकुन्‍तला   देवी ,,2-रौतहट-2,342397,31
341832,जैलाल प्रसाद कुशवाहा,Jailala Prasada Kushavaha,स्वतन्त्र,IND,10,M,False,सुखलाल  महतो,+2,सारध मा.वि. पिपरीया,रौतहट बौधीमाई नगरपालिका बंकुल,रीना कुमारी महतो,,2-रौतहट-2,341832,36
340016,शेख महमद इफरान,Shekha Mahamada Ipharan,स्वतन्त्र,IND,10,M,False,शेख  वारिस,एस.एल.सी.,,रौतहट राजपुर नगरपालिका राजपुर फरहडवा,नुसरत खातुन,,2-रौतहट-2,340016,34
342091,शेख मुस्ताक,Shekha Mustak,स्वतन्त्र,IND,8,M,False,मो. समरुल हक,SLC,राष्ट्रिय परिक्षा बोर्ड,रौतहट परोहा नगरपालिका ,,,2-रौतहट-2,342091,26
342622,मो. फिरोज अख्तर,Mo. Phiroja Akhtar,स्वतन्त्र,IND,6,M,False,शेख  तैयब,+2,राष्ट्रिय परिक्षा वोर्ड,रौतहट परोहा नगरपालिका तेजापाकड,उरुशा  प्रविण,,2-रौतहट-2,342622,35
342348,रामाकान्त प्रसाद पटेल,Ramakanta Prasada Patel,स्वतन्त्र,IND,6,M,False,रामविलास राउत कुर्मी,+2,श्री अनहोती लाल मा.वि. बसन्तपट्टी,रौतहट बौधीमाई नगरपालिका इनरवा,शारदा  देवी,,2-रौतहट-2,342348,37
342526,श्यामलाल साह तेली,Shyamalala Saha Teli,स्वतन्त्र,IND,6,M,False,जादोलाल साह तेली,9 class,,रौतहट परोहा नगरपालिका बसन्तपट्टी,लालो  देवी,,2-रौतहट-2,342526,39
342242,रामजन्म प्रसाद यादव,Ramajanma Prasada Yadav,स्वतन्त्र,IND,3,M,False,विन्दा राय यादव,स्‍नातक,,रौतहट बौधीमाई नगरपालिका पिपरिया (प),सोभा  देवी,,2-रौतहट-2,342242,34
341005,रविन्‍द्र पटेल,Ravin‍dra Patel,राष्ट्रिय स्वतन्त्र पार्टी,2528,27318,M,True,विसुनदयाल राउत कुर्मी,Ied,"श्री मा.वि. जनज्योती चन्द्रनिगाहपुर, रौतहट",रौतहट मौलापुर नगरपालिका सोनरनिया,संगिता तिमिल्सना पटेल,,2-रौतहट-3,341005,48
341927,गोविन्द चौधरी,Govinda Chaudhari,"जनता समाजवादी पार्टी, नेपाल",2542,11954,M,False,राम सुरत चौधरी,आई.ए.,"हिन्दु विश्‍व विद्यालय बनारस, उतर प्रदेश, भारत",रौतहट गुजरा नगरपालिका भवानीपुर,वैजन्ती देवी चौधरी,दुई पटक प्रतिनिधि सभा सदस्यमा विजय भई मन्त्री पदसम्मा नियुक्त भएको,2-रौतहट-3,341927,67
341300,प्रभु साह,Prabhu Sah,आम जनता पार्टी(एकल चुनाव चिन्ह),2581,9890,M,False,बाबुलाल  साह,स्‍नातक,नेपाल ल क्याम्पस काठमाडौं,रौतहट मौलापुर नगरपालिका मौलापुर,रीना देवी साह,राजनीति/समाज सेवा,2-रौतहट-3,341300,54
339712,कुन्दन प्रसाद कुशवाहा,Kundana Prasada Kushavaha,नेपाल कम्युनिष्ट पार्टी (एकीकृत मार्क्सवादी लेनिनवादी),2598,6605,M,False,जादोलाल  महतो,एस.एल.सि.,"श्री जनता मा.वि. कटहरिया, रौतहट",रौतहट कटहरिया नगरपालिका टोलापुर,सन्जु देवी कुशवाहा,,2-रौतहट-3,339712,46
342570,रामकृपाल प्रसाद यादव,Ramakripala Prasada Yadav,नेपाली काँग्रेस,2583,6420,M,False,रामस्वरुप राय यादव,स्‍नाक्तोर,त्रिभुवन विश्‍व विद्यालय,रौतहट फतुवा बिजयपुर नगरपालिका फतुहा,रुकमाला  यादव,,2-रौतहट-3,342570,41
341982,पुनम देवी,Punama Devi,नेपाली कम्युनिष्ट पार्टी,2557,3881,F,False,सुरेन्द्र  राय,+2,परिक्षा बोर्ड,रौतहट फतुवा बिजयपुर नगरपालिका ,दिलिप कुमार यादव,,2-रौतहट-3,341982,39
340181,शेख प्रवेज आलम,Shekha Praveja Aalam,जनमत पार्टी,2585,277,M,False,राज  हुसेन,"+2, उर्दु",,रौतहट कटहरिया नगरपालिका फत्तेपुर,रविना  खातुन,,2-रौतहट-3,340181,29
341862,विजय कुमार साह तेली,Vijaya Kumara Saha Teli,स्वतन्त्र,IND,273,M,False,भरत साह तेली,+2,गरुडा मा.वि.,रौतहट गरुडा नगरपालिका लक्षमीपुर,पार्वती देवी तेली,,2-रौतहट-3,341862,36
342763,सिकिन्द्र राय यादव,Sikindra Raya Yadav,राष्ट्रिय प्रजातन्त्र पार्टी,2604,123,M,False,गुदरी  यादव,साक्षर,,रौतहट गुजरा नगरपालिका पोखरभिण्डा,निर्मला  देवी,"कृषि समुह तथा संस्थामा तालिम अनुभव, खेतीपाती सम्बन्धी अनुभव, कृषिजन्य वृक्ष सम्बन्धी अनुभव, सिजनल तथा बेमौसमी खेती सम्बन्धी अनुभव",2-रौतहट-3,342763,54
342593,चनचन चौधरी थारु,Chanachana Chaudhari Tharu,"नागरिक उन्मुक्ति पार्टी, नेपाल(एकल चुनाव चिन्ह)",2531,102,M,False,ठगा चौधरी थारु,+2,"हरिखेतान वहुमुखि कलेज, बीरगन्ज",रौतहट गुजरा नगरपालिका लक्ष्मीपुर,,मार्केटिङ्ग,2-रौतहट-3,342593,40
340458,पिन्टु दास तत्मा,Pintu Dasa Tatma,स्वतन्त्र,IND,101,M,False,रामअयोध्या दास तत्मा,७ कक्षा पास,,रौतहट कटहरिया नगरपालिका कटहरिया,प्रमिला  देवी,,2-रौतहट-3,340458,25
342663,शेख साजिद,Shekha Sajid,नेपाल संघीय समाजवादी पार्टी(एकल चुनाव चिन्ह),2567,84,M,False,शेख  वसीर,,,रौतहट गुजरा नगरपालिका ,हस्न  तारा,,2-रौतहट-3,342663,32
340294,उपेन्द्र मुखिया वीन,Upendra Mukhiya Vin,प्रगतिशील लोकतान्त्रिक पार्टी,2516,70,M,False,चेथरु मुखिया वीन,१० कक्षा उतिर्ण,श्री जनता मा.वि. कटहरिया,रौतहट मौलापुर नगरपालिका मर्यादपुर,कोशिला  देवी,,2-रौतहट-3,340294,52
341499,जमशेद अंसारी,Jamasheda Ansari,श्रम संस्कृति पार्टी,2501,70,M,False,ताहिर मिया अंसारी,+2,,रौतहट गुजरा नगरपालिका खतवैया,नुरैसा  खातुन,,2-रौतहट-3,341499,55
339541,उत्तर बहादुर राना मगर,Uttara Bahadura Rana Magar,मंगोल नेशनल अर्गनाइजेसन,2511,65,M,False,ज्ञान बहादुर राना मगर,साधारण,,सर्लाही बागमती नगरपालिका ,एकु माया राना मगर,,2-रौतहट-3,339541,50
342421,धिरज चौधरी,Dhiraja Chaudhari,स्वतन्त्र,IND,62,M,False,रामबरण खाँ चौधरी,स्‍नातक,,रौतहट गुजरा नगरपालिका ,-  -,,2-रौतहट-3,342421,28
342633,प्रभु राय यादव,Prabhu Raya Yadav,स्वतन्त्र,IND,59,M,False,त्रिविक्रम  यादव,,,रौतहट फतुवा बिजयपुर नगरपालिका फतुहा हर्षाहा,,,2-रौतहट-3,342633,31
340946,शम्‍भु प्रसाद यादव,Sham‍bhu Prasada Yadav,संयुक्त नागरिक पार्टी,2521,42,M,False,दरोगा प्रसाद यादव,+2,जु.मा.वि. गौर,रौतहट गरुडा नगरपालिका पिपरीया,ललीता  यादव,,2-रौतहट-3,340946,56
342152,वीरेन्द्र कुमार गुप्‍ता,Virendra Kumara Gup‍ta,नेपाल लोकतान्त्रिक पार्टी,2553,26,M,False,रामचन्द्र प्रसाद साह,प्रमाणपत्र तह,नेपाल ल क्याप्पस,रौतहट देवाही गोनाही नगरपालिका धरहरी,रुवी कुमारी गुप्‍ता,"३५ वर्षसम्म स्थानीय निकायमा गा.वि.स. सचिव पदमा काम गरेको, २ वर्षसम्म लोक सेवा आयोगमा ना.सु. पदमा  का गरेको",2-रौतहट-3,342152,65
342514,हिरामती देवी कोइरी,Hiramati Devi Koiri,स्वतन्त्र,IND,23,F,False,लगन  महतो,निरक्षर,,रौतहट फतुवा बिजयपुर नगरपालिका दुधिअवा,गनि महतो कोईरी,,2-रौतहट-3,342514,50
342106,शिव चन्द्र शाह,Shiva Chandra Shah,स्वतन्त्र,IND,22,M,False,चन्द्रशेखर प्रसाद साह,स्‍नातक,हिमालय कलेज काठमाडौै,रौतहट मौलापुर नगरपालिका ,,कम्प्यूटरअपरेट पदमा पाँच वर्ष काम गरेको,2-रौतहट-3,342106,28
341637,छविलाल महतो,Chhavilala Mahato,स्वतन्त्र,IND,20,M,False,सखीचन  महत,,,रौतहट देवाही गोनाही नगरपालिका उचिडिह,सोनीता  देवी,,2-रौतहट-3,341637,45
341795,भोला पाण्डेय,Bhola Pandey,स्वतन्त्र,IND,18,M,False,बुझावन  पाण्डेय,स्‍नातक,चपुर मलटिपल,रौतहट मौलापुर नगरपालिका मर्यादपुर,बबीता देवी पाण्डेय,शिक्षण/राजनीति,2-रौतहट-3,341795,47
340252,रेखा कुमारी पटेल,Rekha Kumari Patel,नेपाल मजदुर किसान पार्टी,2578,16,F,False,विनोद कुमार जयसवाल,स्‍नातक,त्रिभुवन विश्‍वविद्यालय ठाकुरराम बहुमुखि क्याम्पस,रौतहट देवाही गोनाही नगरपालिका देवाही,राम पुकार राउत,,2-रौतहट-3,340252,34
339594,राजेश साह,Rajesha Sah,स्वतन्त्र,IND,16,M,False,दिनानाथ प्रसाद साह,‍+2,"मा.वि. पथराबुधराम, रौतहट",रौतहट मौलापुर नगरपालिका मौलापुर,पुनम कुमारी साह,राजनीति,2-रौतहट-3,339594,38
342442,उपेन्द्र पंडित कुम्हार,Upendra Pandita Kumhar,स्वतन्त्र,IND,14,M,False,सोनालाल  पंडित,साक्षर,,रौतहट कटहरिया नगरपालिका बहादुरपुर,बिन्दु कुमारी पंडित,,2-रौतहट-3,342442,42
342620,हरिन्द्र राय यादव,Harindra Raya Yadav,स्वतन्त्र,IND,14,M,False,सुवलाल राय यादव,साक्षर,,रौतहट कटहरिया नगरपालिका डुमरिया,उर्मिला  देवी,,2-रौतहट-3,342620,45
342484,कृष्णा राम चमार,Krishna Rama Chamar,स्वतन्त्र,IND,13,M,False,जागरीत  महरा,+2,,रौतहट फतुवा बिजयपुर नगरपालिका ,,,2-रौतहट-3,342484,27
342637,दरोगा साह,Daroga Sah,स्वतन्त्र,IND,12,M,False,जनक साह कानु,,,रौतहट कटहरिया नगरपालिका ,ललिता  देवी,,2-रौतहट-3,342637,26
342053,बिजय कुमार चौधरी,Bijaya Kumara Chaudhari,स्वतन्त्र,IND,12,M,False,राम किसुन चौधरी,+2,"श्री सुबलाल उच्च मा.वि. सन्तपुर, रौतहट",रौतहट फतुवा बिजयपुर नगरपालिका रागी बुटुवा,,समाज सेवी/विभिन्न संघ संस्थामा काम गरेको,2-रौतहट-3,342053,35
342612,भागनारायण राय,Bhaganarayana Ray,स्वतन्त्र,IND,11,M,False,विन्दा राय यादव,,,रौतहट फतुवा बिजयपुर नगरपालिका ,परवा  देवी,,2-रौतहट-3,342612,52
342648,शेख ओसी महमद,Shekha Osi Mahamad,स्वतन्त्र,IND,11,M,False,शेख  इसराईल,,,रौतहट गुजरा नगरपालिका देवीपुर,पाचिया  सेखिन,,2-रौतहट-3,342648,61
342187,पुनित राम महरा,Punita Rama Mahara,स्वतन्त्र,IND,10,M,False,रामजित  महरा,स्‍नातक,"केवल रामसुरत बहुमुखी क्याम्पस, रौतहट",रौतहट गुजरा नगरपालिका दयालपुर,इन्द्रा देवी महरा,"राजनैतिक, सामाजिक, संस्थागत",2-रौतहट-3,342187,38
342580,भरत राय यादव,Bharata Raya Yadav,स्वतन्त्र,IND,9,M,False,रामलक्ष्ण राय यादव,,,रौतहट फतुवा बिजयपुर नगरपालिका सन्तपुर,विरजनिया देवी यादव,,2-रौतहट-3,342580,58
342532,सुरेन्द्र बैठा,Surendra Baitha,स्वतन्त्र,IND,9,M,False,रामएकवाल  धोबी,8 कक्षा,सिमरा भवानी मा.वि.,रौतहट गुजरा नगरपालिका मनहर्वा,बालकुमारी देवी बैठा,,2-रौतहट-3,342532,57
341430,नेजाम मंसुरी,Nejama Mansuri,स्वतन्त्र,IND,6,M,False,नजुलाह मिया मंसुरी,साक्षर,,रौतहट गुजरा नगरपालिका जयराजपुर,नजीना  खातुन,समाज सेवा,2-रौतहट-3,341430,47
342672,जहुर आलम,Jahura Aalam,स्वतन्त्र,IND,5,M,False,रसुल मिया धोवी,+2,कटहरिया ,रौतहट कटहरिया नगरपालिका ,अमलातुन  खातुन,,2-रौतहट-3,342672,30
342547,राजेन्द्र महरा,Rajendra Mahara,स्वतन्त्र,IND,5,M,False,फगुनी  महरा,एस.एल.सि.,,रौतहट गुजरा नगरपालिका भवानिपुर,सजनिया  देवी,,2-रौतहट-3,342547,42
340392,लालबाबु प्रसाद कुशवाहा,Lalababu Prasada Kushavaha,स्वतन्त्र,IND,2,M,False,अनुप महतो कोइरी,८ पास,,रौतहट कटहरिया नगरपालिका कटहरिया,,,2-रौतहट-3,340392,31
342603,रतनेश महतो कोइरी,Ratanesha Mahato Koiri,स्वतन्त्र,IND,1,M,False,रामएकवाल महतो कोइरी,+2,,रौतहट कटहरिया नगरपालिका भसेढवा,,,2-रौतहट-3,342603,37
341093,गणेश पौडेल,Ganesha Paudel,राष्ट्रिय स्वतन्त्र पार्टी,2528,36876,M,True,फटीका नन्‍द पौडेल,स्नातकोउत्तर,,रौतहट चन्द्रपुर नगरपालिका दुर्गा चोक,शोभा वाग्‍ले पौडेल,,2-रौतहट-4,341093,43
340724,देव प्रसाद तिमलसेना,Deva Prasada Timalasena,नेपाली काँग्रेस,2583,15865,M,False,होमनाथ  तिमलसेना,I.A.(+2),,रौतहट चन्द्रपुर नगरपालिका चेतनगर,रेणु  तिमलसेना,,2-रौतहट-4,340724,55
340555,राम कुमार भट्टराइ,Rama Kumara Bhattarai,नेपाली कम्युनिष्ट पार्टी,2557,9778,M,False,वीर बहादुर भट्टराइ,प्रविणता प्रमाणपत्र तह,,रौतहट चन्द्रपुर नगरपालिका चन्द्रनिगाहपुर,कल्‍याणी कुमारी खड्का,,2-रौतहट-4,340555,62
340146,रामजी साह सोनार,Ramaji Saha Sonar,नेपाल कम्युनिष्ट पार्टी (एकीकृत मार्क्सवादी लेनिनवादी),2598,3478,M,False,परिछन साह सोनार,I.A.,,रौतहट गरुडा नगरपालिका गरुडा वैरिया,उर्मिला/गीता देवी साह,,2-रौतहट-4,340146,46
340507,रा‌जकुमार दास तत्मा,Ra‌jakumara Dasa Tatma,"जनता समाजवादी पार्टी, नेपाल",2542,1062,M,False,गजुलाल  तत्मा,,,रौतहट गरुडा नगरपालिका सिसवा,रन्जु कुमारी तत्मा,,2-रौतहट-4,340507,41
341707,ऋषीराज धमला,Rishiraja Dhamala,आम जनता पार्टी(एकल चुनाव चिन्ह),2581,655,M,False,कुल प्रसाद धमला,प्रविणता प्रमाणपत्र तह,,धादिङ नीलकण्ठ नगरपालिका धमला गाउँ,एलिजा  धमला,,2-रौतहट-4,341707,50
341871,तुलसी राज गिरी,Tulasi Raja Giri,उज्यालो नेपाल पार्टी,2566,411,M,False,गणेश  गिरी,स्नातकोउत्तर,,रौतहट चन्द्रपुर नगरपालिका मरधर,शारदा कुमारी हुमागाँइ,,2-रौतहट-4,341871,53
342103,राम कल्याण राउत,Rama Kalyana Raut,जनमत पार्टी,2585,295,M,False,भाग्य नारायण राउत,10+2,,रौतहट चन्द्रपुर नगरपालिका अस्पातलरोड,मेनुका  कुमारी,,2-रौतहट-4,342103,28
342207,सुरेन्द्र प्रसाद पटेल,Surendra Prasada Patel,स्वतन्त्र,IND,279,M,False,देव नारायण राउत कुर्मी,,,रौतहट वृन्दावन नगरपालिका बलरी खोर,निर्मला कुमारी ,,2-रौतहट-4,342207,45
339550,नवराज अर्याल,Navaraja Aryal,श्रम संस्कृति पार्टी,2501,188,M,False,केदार प्रसाद अर्याल,,,रौतहट चन्द्रपुर नगरपालिका ठोकरटोल,भगवती  अर्याल,,2-रौतहट-4,339550,53
342555,रुपलाल राय यादव,Rupalala Raya Yadav,राष्ट्रिय प्रजातन्त्र पार्टी,2604,163,M,False,अनुठा राय यादव,एस एल सी,,रौतहट गढीमाई नगरपालिका सुन्‍दरपुर,सरिता  देवी,,2-रौतहट-4,342555,47
341399,किशोरी सहनी,Kishori Sahani,नेपाल कम्युनिस्ट पार्टी (माओवादी),2526,107,M,False,अनुठा  सहनी,एस एल सी,,रौतहट गरुडा नगरपालिका रघुनाथपुर,प्रियंका  देवी,,2-रौतहट-4,341399,45
340241,सत्य नारायण भगत बीन,Satya Narayana Bhagata Bin,प्रगतिशील लोकतान्त्रिक पार्टी,2516,73,M,False,मुनीलाल भगत बीन,slc,,रौतहट माधव नारायण नगरपालिका माधोपुर,धनमन्ती कुमारी देवी,,2-रौतहट-4,340241,56
341681,बैजु प्रसाद पटेल,Baiju Prasada Patel,स्वतन्त्र,IND,68,M,False,वनइ राउत कुर्मी,+2,,रौतहट वृन्दावन नगरपालिका हरसाहा,सावित्री  देवी,,2-रौतहट-4,341681,51
341794,सत्यनारायण महरा,Satyanarayana Mahara,बहुजन एकता पार्टी नेपाल(एकल चुनाव चिन्ह),2567,60,M,False,दुखित  महरा,साक्षर,,रौतहट गरुडा नगरपालिका गरुडा वैरिया,कालपती  देवी,,2-रौतहट-4,341794,54
339430,विर बहादुर थोकर,Vira Bahadura Thokar,मंगोल नेशनल अर्गनाइजेसन,2511,58,M,False,विमान सिंह थोकर,,,रौतहट चन्द्रपुर नगरपालिका गैडाटार,सुन्तली माया थोकर,,2-रौतहट-4,339430,49
340396,केशव राई,Keshava Raee,संयुक्त नागरिक पार्टी,2521,44,M,False,सोम बहादुर राई,+2,,रौतहट चन्द्रपुर नगरपालिका राई टोल,सविना  कुमाल,,2-रौतहट-4,340396,41
341934,किरण कुमार काफले,Kirana Kumara Kaphale,स्वतन्त्र,IND,22,M,False,कृष्ण बहादुर काफले,प्रविणता प्रमाणपत्र तह,,रौतहट चन्द्रपुर नगरपालिका पुर्वटोल,ढक कुमारी खडका,,2-रौतहट-4,341934,42
342012,गौतम कुमार साह,Gautama Kumara Sah,स्वतन्त्र,IND,20,M,False,अंजनी  कुमार,,,रौतहट गरुडा नगरपालिका गरुडा,,,2-रौतहट-4,342012,35
341276,समसुन खातुन,Samasuna Khatun,स्वतन्त्र,IND,20,F,False,अवसान मिया अंसारी,साधारण,,रौतहट चन्द्रपुर नगरपालिका देउरालीचौक,मो. समसाद अंसारी,,2-रौतहट-4,341276,41
340845,दिनेश प्रसाद साह,Dinesha Prasada Sah,नेपाल मजदुर किसान पार्टी,2578,18,M,False,रामऔतार साह,एस एल सी,,रौतहट देवाही गोनाही नगरपालिका नदीपारी,लालशा देवी शाह,,2-रौतहट-4,340845,53
341340,दावा सिं रुम्बा,Dava Sin Rumba,संघीय लोकतान्त्रिक राष्ट्रिय मञ्च,2550,17,M,False,दमै सिह रुम्बा,साधारण,,रौतहट चन्द्रपुर नगरपालिका ,माया  रुम्बा,,2-रौतहट-4,341340,58
340274,जाहाना खातुन,Jahana Khatun,स्वतन्त्र,IND,17,F,False,अली अस्गर  देवान,साधारण,,रौतहट चन्द्रपुर नगरपालिका ,मो इस्ताक  देवान,,2-रौतहट-4,340274,37
340343,पवन कुमार चौधरी,Pavana Kumara Chaudhari,स्वतन्त्र,IND,14,M,False,राजेन्द्र प्रसाद चौधरी,B.Sc (Microbiology),,रौतहट कटहरिया नगरपालिका बगही, ,,2-रौतहट-4,340343,37
341447,चन्द्रिका लाल साह,Chandrika Lala Sah,स्वतन्त्र,IND,12,M,False,गंगा  साह,प्रविणता प्रमाणपत्र तह,,रौतहट चन्द्रपुर नगरपालिका बडेरवा,,,2-रौतहट-4,341447,30
341901,अन्जु चौधरी,Anju Chaudhari,स्वतन्त्र,IND,9,F,False,राम प्रसाद चौधरी,,,रौतहट गरुडा नगरपालिका गरुडा,अकलेश  चौधरी,,2-रौतहट-4,341901,37
342121,प्रेम कुमारी त्रिपाठी,Prema Kumari Tripathi,स्वतन्त्र,IND,8,F,False,युवराज  त्रिपाठी,उच्च मा वि,,रौतहट चन्द्रपुर नगरपालिका चिडियादह,युवराज  तिमलसिना,,2-रौतहट-4,342121,30
340484,मुक्ति नारायण चौधरी,Mukti Narayana Chaudhari,स्वतन्त्र,IND,8,M,False,हरीकृष्ण  चौधरी,साक्षर,,रौतहट चन्द्रपुर नगरपालिका मोथियाही,मिना कुमारी चौधरी,,2-रौतहट-4,340484,45
341602,उमेश दाहाल,Umesha Dahal,स्वतन्त्र,IND,7,M,False,रुद्र प्रसाद दाहाल,,,रौतहट चन्द्रपुर नगरपालिका ,,,2-रौतहट-4,341602,33
340313,लक्ष्मीनिया चौधरी,Lakshminiya Chaudhari,स्वतन्त्र,IND,7,F,False,रोगाई  चौधरी,साक्षर,,रौतहट चन्द्रपुर नगरपालिका पैनीटोल,लखन  चौधरी,,2-रौतहट-4,340313,49
340048,सुजिता कुमारी गौतम,Sujita Kumari Gautam,स्वतन्त्र,IND,7,F,False,वेद प्रसाद गौतम,S.L.C,,रौतहट चन्द्रपुर नगरपालिका दुरस‌ंचार,,,2-रौतहट-4,340048,41
341845,समिर बाबु कार्की,Samira Babu Karki,स्वतन्त्र,IND,6,M,False,सुर्य वित्रम कार्की,+2,,रौतहट चन्द्रपुर नगरपालिका बरगाछी,सरिता  घिमिरे,,2-रौतहट-4,341845,44
342190,सोम प्रसाद तिमलसीना,Soma Prasada Timalasina,स्वतन्त्र,IND,5,M,False,देवी प्रसाद तिमलसीना,उच्च मा वि,,रौतहट गुजरा नगरपालिका कटानी,तुला कुमारी सापकोटा,,2-रौतहट-4,342190,38
342243,विन्दा लाल साह,Vinda Lala Sah,स्वतन्त्र,IND,4,M,False,सत्यनारायण  साह,M.ed,,रौतहट गढीमाई नगरपालिका सुन्दरपुर,सुभद्रा  गुप्ता साह,,2-रौतहट-4,342243,68
340694,हरिहर मुखिया बिन,Harihara Mukhiya Bin,स्वतन्त्र,IND,4,M,False,माधो मुखिया बिन,साक्षर,,रौतहट गुजरा नगरपालिका जयराजपुर,मान्‍ती  देवी,,2-रौतहट-4,340694,68
341984,जितेन्द्र प्रसाद बीन,Jitendra Prasada Bin,स्वतन्त्र,IND,3,M,False,सत्यनारायण भगत बीन,साक्षर,,रौतहट माधव नारायण नगरपालिका माधोपुर,रेखा  मुखिया,,2-रौतहट-4,341984,31
340199,कुसुम खातुन,Kusuma Khatun,स्वतन्त्र,IND,0,F,False,वुधुन मिया कवारी,साधारण,,रौतहट चन्द्रपुर नगरपालिका मुस्लमान टोल,जकसन मिया कवारी,,2-रौतहट-4,340199,50
340083,गणेश धिमाल,Ganesha Dhimal,राष्ट्रिय स्वतन्त्र पार्टी,2528,39998,M,True,बलराम  धिमाल,स्नातकोत्तर,त्रिभुवन विश्व विद्यालय,बारा कोल्हवी नगरपालिका कोल्हवी वजार,मलिना  गौतम,कानून व्यवसायी र परामर्श दाता,2-बारा-1,340083,43
342042,शम्भु बहादुर बुढाथोकी,Shambhu Bahadura Budhathoki,नेपाली काँग्रेस,2583,14223,M,False,भक्त बहादुर बुढाथोकी,टेष्ट पास,श्री गौरीशंकर मा.वि.निजगढ ,बारा निजगढ नगरपालिका वकियाटोल,राखी  बुढाथोकी,निजगढ नगर उद्योगमा अध्यक्ष पद सफलता पुर्वक निर्वाह गरेको तथा राजनितिक ,2-बारा-1,342042,52
340317,अच्युत प्रसाद मैनाली,Achyuta Prasada Mainali,नेपाल कम्युनिष्ट पार्टी (एकीकृत मार्क्सवादी लेनिनवादी),2598,11645,M,False,नन्दीकेशर  मैनाली,स्नातकोत्तर,त्रिभुवन विश्व विद्यालय ,बारा कोल्हवी नगरपालिका खैरा,टिना  सुवेदी/मैनाली,निवर्तमान सदस्य प्रतिनिधि सभा र जन सम्पर्क सल्लाहकार- पूर्व प्रधानमन्त्री,2-बारा-1,340317,60
340765,सन्तोष दंगाल,Santosha Dangal,नेपाली कम्युनिष्ट पार्टी,2557,2878,M,False,सिताराम  दंगाल,+२/ बि बि यस रनिङ ,श्री गौरीशंकर मा.वि.निजगढ ,बारा निजगढ नगरपालिका औतार टोल,सामिता  चौलागाई,"बैदेशिक रोजगार,सहकारी संस्था तथा विद्यालय व्यवस्थापन समितिको रुपमा कार्य गरेको ",2-बारा-1,340765,40
340536,रामवावु प्रसाद यादव,Ramavavu Prasada Yadav,"जनता समाजवादी पार्टी, नेपाल",2542,2530,M,False,कमल राय यादव,स्नातक ,त्रिभुवन विश्व विद्यालय ,बारा सिम्रौनगढ नगरपालिका कचोर्वा,रजली देवी यादव,कानून व्यवसायी तीस बर्ष र कृषक ,2-बारा-1,340536,52
341991,जय किशोर पाण्डेय,Jaya Kishora Pandey,स्वतन्त्र,IND,941,M,False,रामाकान्त  पाण्डे,+२,जन्ता मा.वि.सोनर्निया रौतहट,बारा आदर्श कोतवाल गाउँपालिका पटेर्वा,अनजनी  कुमारी,,2-बारा-1,341991,39
341863,लक्ष्मी प्रसाद सा कलवार,Lakshmi Prasada Sa Kalavar,राष्ट्रिय प्रजातन्त्र पार्टी,2604,749,M,False,ठागा  सा कलवार,दश पास ,श्री बुद्धगाई मा.वि.बारा ,बारा कोल्हवी नगरपालिका बभनी,कोशिला देवी कलवारीन,व्यपार व्यवसाय तथा सामाजसेवी ,2-बारा-1,341863,61
342539,अनवर अंसारी,Anavara Ansari,उज्यालो नेपाल पार्टी,2566,677,M,False,रफिक मिया अंसारी,एस.एल.सि.,श्री कंकाली मा.बि.सिम्रौनगढ बारा ,बारा सिम्रौनगढ नगरपालिका सिम्रौन गढ,नाजमा खातुन,,2-बारा-1,342539,54
340270,कमरुल्लाह अंसारी,Kamarullaha Ansari,जनमत पार्टी,2585,645,M,False,इसु मियाँ अंसारी,स्नातक ,BAU,बारा सिम्रौनगढ नगरपालिका नयकाटोला,अन्जुम  प्रविन,राजनैतिक अनुभव र सामाजिक अभियान्ता ,2-बारा-1,340270,47
341023,भुलावन कुमार पासवान,Bhulavana Kumara Pasavan,श्रम संस्कृति पार्टी,2501,306,M,False,‌ओतार  हजरा,एस एल सि,श्री रामचरित्र मा.बि.चियुटाहा बारा ,बारा बारागढी गाउँपालिका सुखी,बिना कुमारी पासवान,सामाजिक सामावेशी सहयोग तथा सेवा ,2-बारा-1,341023,35
340627,भूवन प्रसाद चौधरी,Bhuvana Prasada Chaudhari,"नागरिक उन्मुक्ति पार्टी, नेपाल(एकल चुनाव चिन्ह)",2531,270,M,False,रत्‍न प्रसाद चौधरी,एस एल सि ,श्री अनुप दिपनी मा.वि.कोल्हवी ,बारा कोल्हवी नगरपालिका बभनी,अम्बु देवी चौधरी,खेती कृषक ,2-बारा-1,340627,57
341957,बिजय यादव,Bijaya Yadav,आम जनता पार्टी(एकल चुनाव चिन्ह),2581,213,M,False,राधाकृष्ण राय यादव,स्नातक ,श्री त्रिभुवन विश्व विद्यालय ,रौतहट फतुवा बिजयपुर नगरपालिका सन्तपुर,,सोकिय सचिव ,2-बारा-1,341957,36
341290,सुक दोर्जे गोले,Suka Dorje Gole,मंगोल नेशनल अर्गनाइजेसन,2511,99,M,False,मित्र लाल गोले,साधारण लेखपढ ,श्री शक्तिश्वर प्रा.वि.डम्बरपुर बारा ,बारा निजगढ नगरपालिका ,,कृषक तथा सामाज सेवी ,2-बारा-1,341290,38
342080,लक्ष्मी नारायण प्रसाद साह,Lakshmi Narayana Prasada Sah,स्वतन्त्र,IND,34,M,False,जिया लाल सा तेली,साधारण लेखपढ,श्री जनता मा.वि.कचोर्वा बारा ,बारा सिम्रौनगढ नगरपालिका कचोर्वा,लालती देवी साह,,2-बारा-1,342080,51
342507,बिदुर खरेल,Bidura Kharel,स्वतन्त्र,IND,16,M,False,निल  खरेल,+2,श्री जनज्योती उच्च मा.बि.चन्द्रनिगाहपुर ,बारा निजगढ नगरपालिका ,,टोल विकास संस्थाको अध्यक्ष भई काम गरेको ,2-बारा-1,342507,49
342330,रबिना देवी चौधरी,Rabina Devi Chaudhari,स्वतन्त्र,IND,16,F,False,हिरामन  चौधरी,साधरण लेखपढ ,श्री सिहासनी प्रा.वि. बारा ,बारा बारागढी गाउँपालिका सिंहासनी,महेश  चौधरी,,2-बारा-1,342330,41
342131,हमिद मंसुरी,Hamida Mansuri,प्रगतिशील लोकतान्त्रिक पार्टी,2516,14,M,False,रजाक मिया मंसुरी,एस.एल.सि.,श्री रामचरित्र मा.वि.चिउटाहा बारा ,बारा आदर्श कोतवाल गाउँपालिका हरनहिया,लैलुन  नेसा,,2-बारा-1,342131,52
341067,प्रेम कुमारी थापा खडका,Prema Kumari Thapa Khadaka,स्वतन्त्र,IND,13,F,False,चन्‍द्र बहादुर खडका,साधारण लेखपढ,,बारा निजगढ नगरपालिका भंवरा,सुरेश बहादुर थापा,सहकारी तथा संघ सस्थामा अनुभव प्राप्त ,2-बारा-1,341067,50
342572,सीमा कुमारी तिमिल्सेना,Sima Kumari Timilsena,स्वतन्त्र,IND,10,F,False,कृष्ण बहादुर तिमिल्सेना,साधारण लेखपढ ,,बारा कोल्हवी नगरपालिका गहुमी,भक्त बहादुर गौतम,कृषी सम्बन्धी ,2-बारा-1,342572,45
342694,रोशन कुमार उप्रेती,Roshana Kumara Upreti,स्वतन्त्र,IND,8,M,False,मणिराज  उप्रेती,एस.एल.सि. ,मा.वि. सिन्धुली ,बारा निजगढ नगरपालिका ,शीतल  सापकोटा,लायन्स क्लबमा काम गरेको ,2-बारा-1,342694,47
341439,चन्दन कुमार सिंह,Chandana Kumara Sinh,राष्ट्रिय स्वतन्त्र पार्टी,2528,35590,M,True,विश्‍व नाथ सिंह,+2,,बारा देवताल गाउँपालिका पिप्राढी,काजल सिह सिंह,"राजनीतिक
शिक्षा",2-बारा-2,341439,42
340715,रामकिशोर प्रसाद यादव,Ramakishora Prasada Yadav,"जनता समाजवादी पार्टी, नेपाल",2542,14196,M,False,रामानन्द प्रसाद यादव,Bsc Physics ,Bihar University,बारा सिम्रौनगढ नगरपालिका नैकाटोला,राजमति  यादव,कृषक तथा पोखरी मतस्य पालन कार्य,2-बारा-2,340715,56
340836,भैयाराम प्रसाद यादव,Bhaiyarama Prasada Yadav,नेपाली काँग्रेस,2583,11837,M,False,रामगोविन्द  राउत,स्नातक,त्रिभुवन विश्वविद्यालय,बारा महागढीमाई नगरपालिका तेलकुवा,अनिता  यादव,"क) राजनैतिक
ख) सामजिक सेवा तथा संस्थागत क्षमता विकाश",2-बारा-2,340836,52
341090,बलबिर प्रसाद चौधरी,Balabira Prasada Chaudhari,नेपाल कम्युनिष्ट पार्टी (एकीकृत मार्क्सवादी लेनिनवादी),2598,7213,M,False,भाइराम  चौधरी,प्रविणता प्रमाण पत्र,"श्री ठाकुराम बहुमुखी क्याम्पस बीरगंज, पर्सा",बारा करैयामाई गाउँपालिका ढोढीया,कलावती देवी चौधरी,"क) ५ वर्ष जिल्ला विकास समिति बाराको (२०५४ को निर्वाचित) उपसभापती
ख) २०३६ साल देखि कम्यूनिष्ट राजनीतिकमा निरन्तर लागेको
ग) नेकपा (एमाले) को जिल्लाको नेतृत्व पटक पटक निर्वाह गर्दै केन्द्रिय सदस्यमा  ३ पटक प्राप गरेको
घ) २०७० सालको संविधान सभामा निर्वाचिता भई २०७२ मा संविधान घोषणामा सहभागी",2-बारा-2,341090,65
341497,शिवचन्द्र प्रसाद कुशवाहा,Shivachandra Prasada Kushavaha,प्रगतिशील लोकतान्त्रिक पार्टी,2516,1396,M,False,रामदेव महतो कोइरी,SLC,श्री भोला उच्च मा.वि. गंजभवानीपुर,बारा महागढीमाई नगरपालिका बरैया,गिरिजा  कोइरीन,विधार्थी काल देखि निरन्तर सक्रिय राजनीतिमा,2-बारा-2,341497,59
339800,रमेश  प्रसाद यादव,Ramesha Prasada Yadav,नेपाली कम्युनिष्ट पार्टी,2557,910,M,False,विष्णु  यादव,Intermediate (I.A.),L.M.D. College Motihari,बारा महागढीमाई नगरपालिका पथरहटी,उमरावती देवी यादव,"क) 2074 सालमा रा.स. सदस्य निर्वाचित,
ख) तत्कालीन ने.स.पा. को महासचिव भई हाल नेपाली कम्यूनिष्ट पार्टीमा पार्टीको केन्द्रिय सदस्य",2-बारा-2,339800,59
339746,राजेश साह,Rajesha Sah,जनमत पार्टी,2585,668,M,False,सचिदानन्द  साह,Chartered Accountant (M.Com),"ICAI, TU",बारा पचरौता नगरपालिका पकडिया,,"क) CA बनेको १० सालको अनुभव,
ख) NIC ASIA Bank Mangar,
ग) Accounted, Finance manager of Varun Beverage pvt. ltd.
घ) Business Review cell head in Chaudhary Group Nepal
ङ) Commercial head in AMBE STEEL",2-बारा-2,339746,39
340099,लालबाबु प्रसाद साह तेली,Lalababu Prasada Saha Teli,राष्ट्रिय प्रजातन्त्र पार्टी,2604,206,M,False,म‌ंगल साह तेली,SLC,श्री ने.रा.मा.वि. पिप्राढी,बारा महागढीमाई नगरपालिका तेलकुवा,सुनैना देबी साह तेली,"क) खेती
ख) व्यवसाय
ग) राजनैतिक",2-बारा-2,340099,56
342178,मेघराज पासवान,Megharaja Pasavan,उज्यालो नेपाल पार्टी,2566,184,M,False,रामशरण  हजरा,"SLC Board of Nepal, +2 HSEB",श्री ने.रा.मा.वि. पिपरपाती,बारा पचरौता नगरपालिका पासवान,,सामाजिक अभियन्ताको रुपमा हालसम्म,2-बारा-2,342178,33
339860,आत्‍माराम प्रसाद साह,Aat‍marama Prasada Sah,आम जनता पार्टी(एकल चुनाव चिन्ह),2581,157,M,False,स्‍व. भोगराज साह तेली,बी.ई. (मेकानिकल),"VNIT, Nagpur India",बारा महागढीमाई नगरपालिका गञ्‍जभवानीपुर,ललिता देवी साह,"क) ज्योति स्पिनिङ मिल्स लि. GM, 
ख) वृन्दावन डेरी प्रा.लि. संचालक",2-बारा-2,339860,65
341322,सुधिर कुमार साह,Sudhira Kumara Sah,स्वतन्त्र,IND,135,M,False,बुनिलाल प्रसाद साह,Islington college BSc hons Compabing,,बारा महागढीमाई नगरपालिका तेलकुँवा, ,,2-बारा-2,341322,26
340164,प्रदेशी साह,Pradeshi Sah,नेपाल जनता पार्टी,2507,49,M,False,देवचन्दर साह रौनीयार वनिया,10+2 ,श्री ने.रा.मा.वि. पिपरपाती पचरौता,बारा पचरौता नगरपालिका वेनौली,ममता  देवी,,2-बारा-2,340164,34
340051,अमरदेव प्रसाद यादव,Amaradeva Prasada Yadav,राष्ट्रिय मुक्ति पार्टी नेपाल(एकल चुनाव चिन्ह),2531,39,M,False,जिरा राउत अहिर,आई.ए. स्सी. फरेष्ट्री,"वन विज्ञान अध्ययन संस्थान, हेटौंडा",बारा सुवर्ण गाउँपालिका सनफुलवा,कविता श्रेष्ठ यादव,"क) वन वातावरण सम्बन्धी
ख) हिमाल पहाड तराई (मधेश) भ्रमणको अनुभव
ग) जनमुखि प्रशासन सम्बन्धी अनुभव
घ) जनता र नेतृत्वदायि भूमिका निर्वाहको अनुभव",2-बारा-2,340051,61
339680,श्यामबाबु प्रसाद चौधरी,Shyamababu Prasada Chaudhari,"जनता लोकतान्त्रिक पार्टी, नेपाल",2574,33,M,False,दिपनारायण प्रसाद चौधरी,BSC (Bachelor in science),"Birendra Multiple Campus, Bharatpur chitwan",बारा करैयामाई गाउँपालिका हरैया,रीना कुमारी चौधरी,,2-बारा-2,339680,35
342649,ईन्जाद अंसारी,Eenjada Ansari,स्वतन्त्र,IND,33,M,False,मोबारक मिया असारी,स्‍नातक,श्री नेपाल राष्ट्रिय माध्यमिक विद्यालय कलैया बारा,बारा पचरौता नगरपालिका ,,,2-बारा-2,342649,26
341654,राजबली प्रसाद,Rajabali Prasad,स्वतन्त्र,IND,23,M,False,गणेश राउत कुर्मी,आठ पास,श्री ने.मा.वि. पिप्राढी बेनौली,बारा देवताल गाउँपालिका रौवाही,शान्ती देवी कुर्मीनी,लेखापढी,2-बारा-2,341654,59
342116,राधा देवी महरा,Radha Devi Mahara,मंगोल नेशनल अर्गनाइजेसन,2511,15,F,False,सुकरित राम,,,बारा महागढीमाई नगरपालिका कचहरिया टोल,प्रमोद राम चमार,,2-बारा-2,342116,38
342436,सुरेन्द्र प्रसाद यादव,Surendra Prasada Yadav,स्वतन्त्र,IND,15,M,False,विन्देश्‍वरी  राउत,+2,श्री रामचरित्र उच्च मा.वि. च्युटाहा,बारा पचरौता नगरपालिका कुडवा,,,2-बारा-2,342436,30
341691,चन्दन कुमार यादव,Chandana Kumara Yadav,नेपाल मजदुर किसान पार्टी,2578,11,M,False,रामएकवाल प्रसाद यादव,SLC,दुर्गा उ.मा.वि.,बारा सुवर्ण गाउँपालिका धर्मपुर,अन्जु  यादव,,2-बारा-2,341691,30
342540,दिनेश प्रसाद यादव,Dinesha Prasada Yadav,स्वतन्त्र,IND,8,M,False,रामअयोध्या प्रसाद यादव,SLC,श्री भोला मा.वि. गंजभवानीपुर,बारा महागढीमाई नगरपालिका गञ्जभवानीपुर,मिना  यादव,,2-बारा-2,342540,39
342382,मुरली मनोहर प्रसाद साह,Murali Manohara Prasada Sah,स्वतन्त्र,IND,8,M,False,हरिहर सा कलवार,,,बारा महागढीमाई नगरपालिका ,जानकी  देवी,,2-बारा-2,342382,39
341550,अमरेश कुमार पाण्डे,Amaresha Kumara Pande,जन अधिकार पार्टी,2540,6,M,False,राम तपस्या  पाण्डे,SLC,श्री अमरेश कुमार पाण्डे,बारा देवताल गाउँपालिका पिप्राढी,किरण  पाण्डेय,,2-बारा-2,341550,37
341726,जालन्‍दर महतो,Jalan‍dara Mahato,स्वतन्त्र,IND,6,M,False,जगरनाथ  महतो,SLC,श्री गढीमाई उच्च मा.वि.,बारा महागढीमाई नगरपालिका मैनी,सरधा देवी कुशवाहा,२०५० साल देखि,2-बारा-2,341726,51
342406,मुकेश प्रसाद कुशवाहा,Mukesha Prasada Kushavaha,स्वतन्त्र,IND,6,M,False,देवेन्द्र महतो कोईरी,साधारण,श्री गढीमाई मा.वि.,बारा महागढीमाई नगरपालिका ,,,2-बारा-2,342406,29
342226,अनिता कुमारी,Anita Kumari,स्वतन्त्र,IND,5,F,False,महवीर मुखिया वीन,८ कक्षा,,बारा महागढीमाई नगरपालिका ,उमाशंकर मुखिया वीन,,2-बारा-2,342226,31
341842,नगिना देबी,Nagina Debi,स्वतन्त्र,IND,5,F,False,लक्षमी  चौधरी,५ कक्षा,,बारा महागढीमाई नगरपालिका दहियार,प्रदिप कुमार जायसवाल,,2-बारा-2,341842,45
342360,प्रयाग प्रसाद चौधरी,Prayaga Prasada Chaudhari,स्वतन्त्र,IND,4,M,False,गङ्गाराम  चौधरी,एस.एल.सी.,ने.रा.मा.वि. करैया,बारा करैयामाई गाउँपालिका करैया,बिन्दु देवी चौधरी,,2-बारा-2,342360,50
341595,छोटेलाल साह,Chhotelala Sah,स्वतन्त्र,IND,2,M,False,लछुमन साह कानु,+2,रामाराजा क्याम्पस,बारा पचरौता नगरपालिका ,कविता  साह,राजनैतीक,2-बारा-2,341595,33
342332,जालमहमद अंसारी,Jalamahamada Ansari,स्वतन्त्र,IND,1,M,False,भोज मियाँ अंसारी,+2,जवाहरलाल नेहरु,बारा पचरौता नगरपालिका श्रीनगर बैरिया,सदिना  खातुन,राजनैतिक,2-बारा-2,342332,51
340776,अरबिन्द साह,Arabinda Sah,राष्ट्रिय स्वतन्त्र पार्टी,2528,40697,M,True,श्याम किशोर प्रसाद,स्नातकोत्तर,त्रिभुवन विश्व विद्यालय,बारा महागढीमाई नगरपालिका ,कमल लक्ष्मी साह निराला,,2-बारा-3,340776,41
339741,फरमुल्लाह मंसुर,Pharamullaha Mansur,नेपाली काँग्रेस,2583,10052,M,False,फजलि  मिया ,एस एल सी,बोर्ड अफ नेपाल,बारा कलैया उपमहानगरपालिका ,,"पूर्व प्रतिनिधि सभा सदस्य एवं संविधान सभा सदस्य
विज्ञान तथा प्रविधि तथा श्रम तथा रोजगार मन्त्री ",2-बारा-3,339741,71
340640,रामवावु कुमार यादव,Ramavavu Kumara Yadav,"जनता समाजवादी पार्टी, नेपाल",2542,6884,M,False,हरिनारायण राउत अहिर,स्नातक,सरदार पटेल युनिवर्सिटी बालघाट भारत ,बारा कलैया उपमहानगरपालिका महेशपुर,गिता  यादव,"प्रतिनिधी सभा सदस्य (२०७४-२०७९)
ज.स.पा नेपाल मधेश प्रदेश अध्यक्ष (२०७८-२०८०)",2-बारा-3,340640,50
339499,ज्वाला कुमारी साह,Jvala Kumari Sah,नेपाल कम्युनिष्ट पार्टी (एकीकृत मार्क्सवादी लेनिनवादी),2598,5271,F,False,खेदु  साह कानु,स्नातक,त्रि.वि.वि,बारा जीतपुरसिमरा उपमहानगरपालिका पिलुवा,अमृत  शर्मा बजगाई,संघीय पूर्व मन्त्री ,2-बारा-3,339499,44
339414,प्रमोद प्रसाद गुप्‍ता,Pramoda Prasada Gup‍ta,जनमत पार्टी,2585,3819,M,False,रामचन्‍द्र साह कानु,स्नातक,त्रि.वि,बारा कलैया उपमहानगरपालिका सिनेमा रोड,गिता कुमारी गुप्‍ता,पहिलो संविधान सभामा निर्वाचित भई काम गरेको अनुभव,2-बारा-3,339414,47
341819,भरत प्रसाद साह,Bharata Prasada Sah,नेपाली कम्युनिष्ट पार्टी,2557,1751,M,False,ईनर  साह कलवार,B.ED,,बारा पचरौता नगरपालिका पिपरपाती,कान्‍ता  देवी,,2-बारा-3,341819,64
340133,तिेर्थ बहादुर गुरुङ,Tiertha Bahadura Gurung,उज्यालो नेपाल पार्टी,2566,1726,M,False,चिनान  गुरुङ,एस एल सी,बोर्ड अफ नेपाल ,बारा जीतपुरसिमरा उपमहानगरपालिका डुमरवाना,मन माया गुरुङ,,2-बारा-3,340133,43
342016,राजेन्द्र प्रसाद जैसवार,Rajendra Prasada Jaisavar,राष्ट्रिय प्रजातन्त्र पार्टी,2604,319,M,False,बिगा राउत कुर्मी,स्नातक,,बारा कलैया उपमहानगरपालिका पतौद्दरा,यसोदा  देवी,,2-बारा-3,342016,56
341449,मुमतज बेगम,Mumataja Begam,श्रम संस्कृति पार्टी,2501,142,F,False,अनुरुल्ला  खाँन,सधारण लेख पढ,,बाग्लुङ बागलुङ नगरपालिका बनबोट,चैन बास्सा बास्सा,,2-बारा-3,341449,39
340009,वालाकृष्‍ण शर्मा,Valakrish‍na Sharma,राष्ट्रिय जनमोर्चा,2522,139,M,False,गंगा दत्त ,एस.एल.सी,बोर्ड अप नेपाल ,बारा जीतपुरसिमरा उपमहानगरपालिका रेडक्रस टोल,देवी  आचार्य,,2-बारा-3,340009,58
339620,सम्‍‍झना गोले,Sam‍‍jhana Gole,मंगोल नेशनल अर्गनाइजेसन,2511,127,F,False,लाल बहादुर पाख्रिन,समान्य ,समान्य,मकवानपुर हेटौडा उपमहानगरपालिका रातोमाटे,,,2-बारा-3,339620,47
340069,रामएकबाल राउत,Ramaekabala Raut,नेपाल मजदुर किसान पार्टी,2578,56,M,False,रामधारी राउत अहिर,एस.एल.सी,,बारा कलैया उपमहानगरपालिका घ,रमइनी  देवी,,2-बारा-3,340069,50
341632,संजय कुमार सहनी,Sanjaya Kumara Sahani,जन अधिकार पार्टी,2540,52,M,False,राम एकवाल प्रसाद,+2,,बारा कलैया उपमहानगरपालिका बकुलहर,राकीका कुमारी सहनी,,2-बारा-3,341632,28
340566,लक्ष्मण लामा,Lakshmana Lama,आम जनता पार्टी(एकल चुनाव चिन्ह),2581,47,M,False,तारा  लामा घले,+2,TU,बारा जीतपुरसिमरा उपमहानगरपालिका ,अनिसा  तामाङ,,2-बारा-3,340566,45
339363,प्रहलाद प्रसाद साह कलवार,Prahalada Prasada Saha Kalavar,नेपाल जनता पार्टी,2507,45,M,False,नरसिंह  कलवार,एस एल सि,बोर्ड अफ नेपाल ,बारा कलैया उपमहानगरपालिका ,श्रीमति लालमुनी देवी,"जग्गा प्रशासन 
मालपोत कार्यालयमा ना सु पदमा ३७ वर्ष ",2-बारा-3,339363,73
340498,राकेश कुमार साह कानु,Rakesha Kumara Saha Kanu,स्वतन्त्र,IND,15,M,False,मनोज साह कानु,एस एल सी ,बोर्ड अफ नेपाल ,बारा आदर्श कोतवाल गाउँपालिका कोतवाली,मिना देबी कनुईन,,2-बारा-3,340498,37
340690,सविना गोले,Savina Gole,स्वतन्त्र,IND,13,F,False,बिर बहादुर वोमजन,सधारण लेखपढ,,बारा जीतपुरसिमरा उपमहानगरपालिका राजघटा्,पृर्ण  गोले,,2-बारा-3,340690,49
341372,सन्तोष पंडित कुम्हार,Santosha Pandita Kumhar,स्वतन्त्र,IND,12,M,False,शिवनारायण पंडित कुम्हार,कक्षा १०,,बारा कलैया उपमहानगरपालिका महेशपुर,ममिता देवी कुम्हार,,2-बारा-3,341372,36
341943,दिनेश प्रसाद सिह,Dinesha Prasada Sih,प्रगतिशील लोकतान्त्रिक पार्टी,2516,11,M,False,भंगी  राउत,एस.एल.सी,,बारा आदर्श कोतवाल गाउँपालिका रुपौलिया,मिथलेश देबी कुर्मी,,2-बारा-3,341943,55
339303,चन्द्र प्रकाश सुवेदी,Chandra Prakasha Suvedi,स्वतन्त्र,IND,9,M,False,डाशु शर्मा सुवेदी,स्नातकोत्तर (अर्थ शास्त्र),त्रिभुवन युनिभर्सिटी,बारा कलैया उपमहानगरपालिका औधापुर,गौरी  ढकाल,"शिक्षण पेशामा विभिन्न तहमा ३३ वर्ष
समाजसेवा (सुन्दर नेपाल निर्माण अभियानको अभियान्ता)
",2-बारा-3,339303,59
341736,लाल मुकेश ठाकुर,Lala Mukesha Thakur,स्वतन्त्र,IND,7,M,False,रामविरेन्द्र  ठाकुर लोहार,+2,,बारा कलैया उपमहानगरपालिका सितलपुर,शुसिला  देवी,,2-बारा-3,341736,38
339878,सुनिल पासवान,Sunila Pasavan,स्वतन्त्र,IND,5,M,False,नथुनी हजरा दुसाद,सधारण लेखपढ ,सधारण लेखपढ,बारा कलैया उपमहानगरपालिका अधिकारी टोल,ललिता देवी पासवान,,2-बारा-3,339878,40
341522,उमरावती देवी साह,Umaravati Devi Sah,स्वतन्त्र,IND,4,F,False,भैरो  साह,समान्य लेखपढ ,,बारा कलैया उपमहानगरपालिका अदालत टोल,श्‍याम सुन्दर साह कलवार,,2-बारा-3,341522,56
341693,सुरेश प्रसाद शर्मा सुवेदी,Suresha Prasada Sharma Suvedi,स्वतन्त्र,IND,2,M,False,स्व. राम दास  शर्मा,सधारण,,बारा कलैया उपमहानगरपालिका घुसुकपुर,नर्वदा  कुमारी,,2-बारा-3,341693,64
341514,रहवर अंसारी,Rahavara Ansari,राष्ट्रिय स्वतन्त्र पार्टी,2528,41200,M,True,डा. अनवर एलाही अंसारी,स्नातकोत्तर,,पर्सा वीरगंज महानगरपालिका बहुअरी,,,2-बारा-4,341514,39
340034,कृष्ण कुमार श्रेष्ठ,Krishna Kumara Shreshth,नेपाल कम्युनिष्ट पार्टी (एकीकृत मार्क्सवादी लेनिनवादी),2598,11639,M,False,केवल बहादुर श्रेष्ठ,प्रविणता प्रमाण पत्र ,,बारा जीतपुरसिमरा उपमहानगरपालिका ,अन्जु  गोशली (श्रेष्ठ),"राजनीति, व्यापार, सामाजिक सेवा",2-बारा-4,340034,58
342094,सन्जु साह कानु,Sanju Saha Kanu,"जनता समाजवादी पार्टी, नेपाल",2542,7593,M,False,दसइ साह कानु,,,बारा परवानीपुर गाउँपालिका सानो नौतन,कविता देवी कनुइन,,2-बारा-4,342094,41
341779,श्‍यामबाबु गुप्ता,Sh‍yamababu Gupta,नेपाली काँग्रेस,2583,7113,M,False,विनोद प्रसाद गुप्ता,,,बारा जीतपुरसिमरा उपमहानगरपालिका सिमरा,रिमझिम  गुप्ता,,2-बारा-4,341779,41
339573,अजय कुशवाहा,Ajaya Kushavaha,नेपाली कम्युनिष्ट पार्टी,2557,2067,M,False,रामचन्द्र प्रसाद कुशवाहा,स्नातक,,बारा प्रसौनी गाउँपालिका ,,,2-बारा-4,339573,27
341694,विनय यादव,Vinaya Yadav,राष्ट्रिय एकता दल,2548,1026,M,False,सत्यनारायण प्रसाद यादव,,,बारा परवानीपुर गाउँपालिका लिपनीमाल,,,2-बारा-4,341694,42
342447,उमेश कुमार कुश्‍वाहा,Umesha Kumara Kush‍vaha,आम जनता पार्टी(एकल चुनाव चिन्ह),2581,833,M,False,जमुना प्रसाद कोईरी,,,बारा प्रसौनी गाउँपालिका बेलहिया,,,2-बारा-4,342447,38
341056,दिलिप कुमार शर्मा नेपाल,Dilipa Kumara Sharma Nepal,राष्ट्रिय प्रजातन्त्र पार्टी,2604,809,M,False,प्रेमलाल  शर्मा नेपाल,B.A.,पशुपति बहुमुखी क्याम्पस चावहिल काठमाण्डौं,बारा जीतपुरसिमरा उपमहानगरपालिका औराहा,अनिता कुमारी तिमल्सिना,,2-बारा-4,341056,54
341466,समीम मीया अंसारी,Samima Miya Ansari,राष्ट्र निर्माण दल नेपाल,2527,481,M,False,मुखतार मीया अंसारी,स्नातक ,,काठमाडौं काठमाडौँ महानगरपालिका ,अप्सा  बानु,,2-बारा-4,341466,52
342364,सर्वेन्द्र खनाल,Sarvendra Khanal,राष्ट्रिय परिवर्तन पार्टी,2568,464,M,False,केदार नाथ खनाल,,,काठमाडौं काठमाडौँ महानगरपालिका बसुन्धरा,प्रमिला  खनाल,,2-बारा-4,342364,59
341417,हसनजान मिया,Hasanajana Miya,जनमत पार्टी,2585,437,M,False,अदालत मिया अंसारी,,,बारा कलैया उपमहानगरपालिका सुराही,नाजमा  खातुन,,2-बारा-4,341417,54
341992,सन्तोष कुमार गुप्ता,Santosha Kumara Gupta,उज्यालो नेपाल पार्टी,2566,220,M,False,लक्ष्मी नारायण  साह,,,बारा प्रसौनी गाउँपालिका बजार टोल,चन्दा देवी गुप्ता,,2-बारा-4,341992,53
342425,गोपाल बहादुर खत्री,Gopala Bahadura Khatri,श्रम संस्कृति पार्टी,2501,144,M,False,चेत बहादुर खत्री,,,नवलपरासी (बर्दघाट सुस्ता पूर्व) गैंडाकोट नगरपालिका ,जमुना  खत्री,,2-बारा-4,342425,43
342398,भोला मियाँ,Bhola Miyan,स्वतन्त्र,IND,134,M,False,दुखी  मियाँ,,,बारा कलैया उपमहानगरपालिका मोतीसर,सबुजन  खातुन,,2-बारा-4,342398,42
342465,निराजन कुमार,Nirajana Kumar,स्वतन्त्र,IND,79,M,False,हरिन्द्र प्रसाद कानु,,,बारा प्रसौनी गाउँपालिका ,,,2-बारा-4,342465,27
339937,सुरेश प्रसाद,Suresha Prasad,नेपाल लोकतान्त्रिक पार्टी,2553,73,M,False,जंगबहादुर  साह,,,बारा प्रसौनी गाउँपालिका नौतन,हिरा देवी गुप्‍ता,,2-बारा-4,339937,55
342155,अवधकिशोर प्रसाद कुशवाहा,Avadhakishora Prasada Kushavaha,प्रगतिशील लोकतान्त्रिक पार्टी,2516,61,M,False,महेन्द्र प्रसाद कुशवाहा,,,बारा प्रसौनी गाउँपालिका बेलहिया,मनरावती देवी कुशवाहा,,2-बारा-4,342155,45
339981,सरस्‍वती उपाध्‍या,Saras‍vati Upadh‍ya,राष्ट्रिय जनमोर्चा,2522,50,F,False,टिका राम पाध्‍या,SLC,,बारा जीतपुरसिमरा उपमहानगरपालिका रेडक्रस टोल,हेमलाल  पौडेल,,2-बारा-4,339981,40
340895,संजु चौधरी,Sanju Chaudhari,स्वतन्त्र,IND,43,M,False,किसुन  चौधरी,साधारण,,बारा जीतपुरसिमरा उपमहानगरपालिका औरहा,प्रभा  चौधरी,,2-बारा-4,340895,48
339537,सुब्वा लाल तामाङ्ग,Subva Lala Tamangg,मंगोल नेशनल अर्गनाइजेसन,2511,34,M,False,कोन्जो  तामाङ्ग,साक्षर,,चितवन कालिका नगरपालिका सगुनटोल,ठूली माया तामाङ्ग,,2-बारा-4,339537,69
339897,मुनी खातुन,Muni Khatun,प्रजातान्त्रिक पार्टी नेपाल,2582,18,F,False,रोजा  देवान,सामान्य लेखपढ,,बारा जीतपुरसिमरा उपमहानगरपालिका हरिपुर,वाजुल  देवान,,2-बारा-4,339897,51
340221,असरार आलम ठकुराई,Asarara Aalama Thakuraee,स्वतन्त्र,IND,16,M,False,महमद ताज  ठकुराई,,,बारा जीतपुरसिमरा उपमहानगरपालिका लोहसण्डा,,"राजनीति, समाजसेवा",2-बारा-4,340221,36
340118,राजदेव राम दुसाद,Rajadeva Rama Dusad,स्वतन्त्र,IND,15,M,False,भागवत  हजरा,S.L.C.,,बारा जीतपुरसिमरा उपमहानगरपालिका छाता पिपरा,रबली देवी दुसादीन,,2-बारा-4,340118,48
342183,साकिब आलम मंसुरी,Sakiba Aalama Mansuri,स्वतन्त्र,IND,15,M,False,कलामुदिन मियाँ मंसुरी,,,बारा जीतपुरसिमरा उपमहानगरपालिका ,,,2-बारा-4,342183,30
341962,धिरेन्द्र चौधरी,Dhirendra Chaudhari,स्वतन्त्र,IND,10,M,False,अकलु खाँ थारु,,,बारा जीतपुरसिमरा उपमहानगरपालिका सिमरी,मन्जु  चौधरी,,2-बारा-4,341962,37
341815,बैधनाथ प्रसाद साह,Baidhanatha Prasada Sah,स्वतन्त्र,IND,9,M,False,नगीना साह तेली,,,बारा प्रसौनी गाउँपालिका प्रस्टोका,मान्ती देवी साह,,2-बारा-4,341815,40
342206,दिपक सिंह चौधरी,Dipaka Sinha Chaudhari,स्वतन्त्र,IND,8,M,False,दारा  सिंह चौधरी,स्नातक,,बारा जीतपुरसिमरा उपमहानगरपालिका ठूलोमटेरीया,,,2-बारा-4,342206,30
342435,नसिमा खातुन,Nasima Khatun,स्वतन्त्र,IND,8,F,False,गनी  महमद,,,बारा कलैया उपमहानगरपालिका मुसलिम टोल,मेराजुल  नट,,2-बारा-4,342435,38
342064,शम्‍भु प्रसाद यादव,Sham‍bhu Prasada Yadav,स्वतन्त्र,IND,8,M,False,सत्‍यनारायण  यादव,,,बारा परवानीपुर गाउँपालिका बहुअरी,राधा देवी यादव,,2-बारा-4,342064,42
341857,उषा बुढाथोकी (प्रसाई),Usha Budhathoki (prasaee),स्वतन्त्र,IND,6,F,False,रामकृष्ण  बढाथोकी,,,बारा जीतपुरसिमरा उपमहानगरपालिका सिमरा,सुरेन्द्र  प्रसादई,,2-बारा-4,341857,35
340957,भेखनारायण प्रसाद साह तेली,Bhekhanarayana Prasada Saha Teli,स्वतन्त्र,IND,6,M,False,विश्‍वनाथ  साह तेली,SLC,,बारा फेटा गाउँपालिका विचला टोल,अनिता देवी तेली,,2-बारा-4,340957,48
342454,विमला खतिवडा,Vimala Khativada,स्वतन्त्र,IND,5,F,False,कुवेर प्रसाद खतिवडा,,,बारा जीतपुरसिमरा उपमहानगरपालिका नरबस्‍ती,रामहरी  सुवेदी,,2-बारा-4,342454,44
342475,मुकेश कुमार रौनियार,Mukesha Kumara Rauniyar,स्वतन्त्र,IND,4,M,False,शिवरतन साह रौनियार,,,बारा परवानीपुर गाउँपालिका लिपनीमाल,अमिता देवी रौनियार,,2-बारा-4,342475,37
342542,सन्दिप यादव,Sandipa Yadav,स्वतन्त्र,IND,4,M,False,हिरालाल  यादव,,,बारा परवानीपुर गाउँपालिका बहुअरी,पुनम  कुमारी,,2-बारा-4,342542,38
341896,मोहन प्रसाद चौलागाई,Mohana Prasada Chaulagaee,स्वतन्त्र,IND,3,M,False,तिका दत्त चौलागाई,,,बारा जीतपुरसिमरा उपमहानगरपालिका ,रिता  कडेल,,2-बारा-4,341896,38
339719,पुर्ण प्रसाद पन्थ,Purna Prasada Panth,स्वतन्त्र,IND,1,M,False,ग‌ंगा धर पन्थ,१० पास ,,बारा जीतपुरसिमरा उपमहानगरपालिका औराहा,देउती देवी पन्थ,"राजनीति, सामाजिक सेवा",2-बारा-4,339719,60
339656,मंगेश्‍वर पटेल,Mangesh‍vara Patel,स्वतन्त्र,IND,1,M,False,रामेश्‍वर  प्रसाद,+2,,बारा परवानीपुर गाउँपालिका बहुअरी,गीता देवी पटेल,,2-बारा-4,339656,34
340884,बुद्धि प्रसाद पन्त,Buddhi Prasad Panta,राष्ट्रिय स्वतन्त्र पार्टी,2528,27274,M,True,डिल्लीराम  पन्त,,,पर्सा वीरगंज महानगरपालिका ,निशा  श्रेष्ठ,,2-पर्सा-1,340884,46
340046,प्रदिप यादव,Pradip Yadav,नेपाल कम्युनिष्ट पार्टी (एकीकृत मार्क्सवादी लेनिनवादी),2598,13030,M,False,Rajeshwar Prasad,12 कक्षा उत्तिण,,Parsa,Pinki + Madhuri Devi Yadav,,2-पर्सा-1,340046,50
341019,अनिल कुमार रुगंटा,Anil Kumar Rungata,नेपाली काँग्रेस,2583,11885,M,False,ओम प्रकाश रुगंटा,,,पर्सा वीरगंज महानगरपालिका ,सुनिता देवी रुगंटा,,2-पर्सा-1,341019,57
340543,नन्द किशोर प्रसाद श्रीवास्तव,Nanda Kishor Prasad Shribastav,राष्ट्रिय प्रजातन्त्र पार्टी,2604,1272,M,False,स्व.शम्भु शरण  श्रीवास्तव,SLC,,पर्सा वीरगंज महानगरपालिका कुम्हाल टोल,अनुराधा  श्रीवास्तव,,2-पर्सा-1,340543,65
340475,रामनरेश प्रसाद यादव,Ramnaresh Prasad Yadav,"जनता समाजवादी पार्टी, नेपाल",2542,1201,M,False,Ramdhari Raut Ahir,MA,TU,Parsa,Manju Kumari Yadav,,2-पर्सा-1,340475,57
341520,अजय चौरसीया,Ajay Chaurasiya,नेपाली कम्युनिष्ट पार्टी,2557,537,M,False,Upendra Prasad Barai,,,Bara,Puja Chaurasiya,,2-पर्सा-1,341520,33
341864,रामकिशोर सिंह,Ramkishor Singh,उज्यालो नेपाल पार्टी,2566,415,M,False,Ramnarayan Singh Rajput,,,Parsa,Puja Singh,,2-पर्सा-1,341864,37
341781,विशाल कुमार,Vishala Kumar,स्वतन्त्र,IND,381,M,False,विरेन्द्र कुमार प्रसाद,,,"पर्सा वीरगंज महानगरपालिका श्रीपुर,गाउ",,,2-पर्सा-1,341781,35
339481,ओम प्रकाश शर्राफ,Oma Prakasha Sharraph,जनमत पार्टी,2585,341,M,False,रामकृत साह सोनार,SLC,,पर्सा वीरगंज महानगरपालिका नगवा,राजकुमारी देवी साह,,2-पर्सा-1,339481,40
339660,जाबेद एकबाल हैदर,Jabed Ekbal Haider,पिपुल फर्ष्ट पार्टी,2552,252,M,False,सफिक अहमद अंसारी,स्नातक,इन्धिरा गांधि नेशनल ओपेन युनिभर्सिटी र कोभेम्पु युनभर्सिटी,पर्सा वीरगंज महानगरपालिका ब.मु.टोल,रुविना खातुन,,2-पर्सा-1,339660,38
342329,मोहम्मद उमर खान,Mohommad Umar Khan,राष्ट्र निर्माण दल नेपाल,2527,240,M,False,रोशन  खान,,,चितवन रत्ननगर नगरपालिका ,,,2-पर्सा-1,342329,25
340634,शालिकराम  प्रसाद कानु,Shalikram Prasad Kanu,नेपाल लोकतान्त्रिक पार्टी,2553,102,M,False,Nandlal Sah Kanu,,,Parsa,Smt. Bina Devi Kanuin,,2-पर्सा-1,340634,61
339951,वसिम शेष,Wasim Shesh,श्रम संस्कृति पार्टी,2501,90,M,False,Aslam Shesh,see,,Parsa,,,2-पर्सा-1,339951,28
339530,विश्‍वराज पटेल,Vish‍varaja Patel,आम जनता पार्टी(एकल चुनाव चिन्ह),2581,54,M,False,वुनिलाल  राउत,BED,TU,पर्सा वीरगंज महानगरपालिका ठूलो पिपरा,चिन्ता  देवी,,2-पर्सा-1,339530,39
341409,सुरेश प्रसाद साह कानु,Suresh Prasad Sah Kanu,नेपाल जनता पार्टी,2507,46,M,False,Mansi Lal Sah,,,Parsa,Sujata Devi,,2-पर्सा-1,341409,55
342204,महेश कुमार पासवान,Mahesh Kumar Paswan,जन अधिकार पार्टी,2540,34,M,False,Binda Paswan,,,Parsa,,,2-पर्सा-1,342204,29
339418,प्रमोद प्रसाद पटेल,Pramod Prasad Patel,नेपाल मजदुर किसान पार्टी,2578,15,M,False,Bhabhikhan Raut Kurmi,SLC,,Parsa,Madhuri Devi Patel,,2-पर्सा-1,339418,41
342464,शंकर कुमार कर्ण,Shankar Kumar Karn,नेपाल कम्युनिष्ट पार्टी (संयुक्त),2601,11,M,False,स्व.शारदा कुमार कर्ण,,,पर्सा वीरगंज महानगरपालिका मूर्ली,किरण  कर्ण,,2-पर्सा-1,342464,72
342392,सोएब अंसारी,Soheb Ansari,नेपाल संघीय समाजवादी पार्टी(एकल चुनाव चिन्ह),2567,10,M,False,सुलतान  अंसारी,,,पर्सा वीरगंज महानगरपालिका मुर्ली,सबनम खातुन,,2-पर्सा-1,342392,37
342267,पुकार थापा,Pukar Thapa,स्वतन्त्र,IND,5,M,False,Ma. Mustakim Hawari,,,Parsa,सरस्वती तन्डुकार,,2-पर्सा-1,342267,42
342518,म. साजिद अली,M. Sajib Ali,स्वतन्त्र,IND,5,M,False,म. मुस्‍तकिम  हवारी,,,पर्सा वीरगंज महानगरपालिका श्रीपुर,,,2-पर्सा-1,342518,29
339816,नरेश कुमार यादव,Naresh Kumar Yadav,स्वतन्त्र,IND,4,M,False,Shiv Prasad Koiri,,,Parsa,सुनिता  देवी,,2-पर्सा-1,339816,52
342078,शिव प्रसाद कोइरी,Shiva Prasad Koir,स्वतन्त्र,IND,4,M,False,स्‍व.सत्‍यनारायण महतो कोइरी,,,पर्सा वीरगंज महानगरपालिका नगवा,सुनिता देवी कोइरीन,,2-पर्सा-1,342078,54
341098,अनिल प्रसाद यादव,Anil Prasad Yadav,स्वतन्त्र,IND,3,M,False,Kishore Prasad Yadav,,,Parsa,Riku Yadav,,2-पर्सा-1,341098,41
341958,अभिनाश चौरसिया,Abhinash Chaurasiya,स्वतन्त्र,IND,3,M,False,Mahendra Raut Barai,,,Parsa,,,2-पर्सा-1,341958,28
342545,आर्यशशिकला राउत,Aryashashikala Raut,स्वतन्त्र,IND,3,F,False,बशिस्ठ नारायण राउत,,,पर्सा वीरगंज महानगरपालिका भिस्वा,रामसुन्द्रर प्रसाद आर्य,,2-पर्सा-1,342545,50
339781,दीप कुमार बर्मा,Dipa Kumara Barma,स्वतन्त्र,IND,3,M,False,राम वृक्ष प्रसाद,+2,,पर्सा वीरगंज महानगरपालिका श्रीपूर,,,2-पर्सा-1,339781,43
339697,विशाल कुमार पाण्‍डेय,Bishal Kumar Pandey,स्वतन्त्र,IND,3,M,False,अशोक  पाण्‍डेय,स्नातक,,पर्सा वीरगंज महानगरपालिका राधेमाइ,,,2-पर्सा-1,339697,35
341699,प्रेम मेहता,Prem Mehata,स्वतन्त्र,IND,1,M,False,शिव प्रसाद कोइरी,,,पर्सा वीरगंज महानगरपालिका नगवा,,,2-पर्सा-1,341699,29
339566,सरोज प्रसाद यादव,Saroj Prasad Yadav,स्वतन्त्र,IND,1,M,False,चन्द्रिका राउत अहिर,+2,,पर्सा वीरगंज महानगरपालिका सुकचैना,बबिता देवी यादव,,2-पर्सा-1,339566,38
340881,सुशील कुमार कानु,Shushil Kumar Kanu,राष्ट्रिय स्वतन्त्र पार्टी,2528,30740,M,True,मदन प्रसाद कानु,+2,TU,पर्सा वीरगंज महानगरपालिका घडिअर्वा,,"सबैया साझेदारी बनको प्रतिनिधि
वीरगंज म.न.पा. को कार्यपालिका सदस्य
वीरगंज म.न.पा. को वडा अध्यक्षको रुपमा काम गरेको",2-पर्सा-2,340881,36
341532,अजय कुमार चौरसिया,Ajay Kumar Chaurasiya,नेपाली काँग्रेस,2583,11890,M,False,Ramananda Raut Kurmi,स्‍नातक,भारत,Parsa,अनिता देवी चौरसिया,"राजनिति
समाज सेवा",2-पर्सा-2,341532,61
340311,रिमा कुमारी यादव,Rima Kumari Yadav,नेपाल कम्युनिष्ट पार्टी (एकीकृत मार्क्सवादी लेनिनवादी),2598,11605,F,False,Dr. Hari Kishore Chaurasiya,बि. एड.,हरिखेतान बहुमुखी क्याम्पस,Parsa,Anita Devi Chaurasiya,सामाजिक सेवा,2-पर्सा-2,340311,29
340405,अशोक कुमार अग्रवाल,Ashok Kumar Agrawal,"जनता समाजवादी पार्टी, नेपाल",2542,2642,M,False,Bhagyanath Prasad Kanu,बि. कम.,बिहार युनिभर्सिटी भारत,Parsa,Sunita Kumari Gupta,"ब्यापार 
उद्योग संगठन निर्माण
कृषि क्षेत्र",2-पर्सा-2,340405,60
340943,वीना जैसवाल,Vina Jaisaval,राष्ट्रिय प्रजातन्त्र पार्टी,2604,1999,F,False,बिनोद कुमार जैसवाल,एम बि ए,ब्याङ्गलोर युनिभर्सिटी,पर्सा वीरगंज महानगरपालिका ,राज प्रताप सिंह,"निवर्तमान सासंद
सामाजिक सेवा ",2-पर्सा-2,340943,35
341197,मनोज कुमार चौधरी,Manoj Kumar Chaudhary,नेपाली कम्युनिष्ट पार्टी,2557,913,M,False,Madan Prasad Kanu,स्नातकोत्तर,त्रिभुवन युनिभर्सिटी,Parsa,,राजनितिक सेवा,2-पर्सा-2,341197,46
339315,अमिताभ बच्चन दास तत्मा,Amitabhav Bacchan Das Tatma,प्रगतिशील लोकतान्त्रिक पार्टी,2516,330,M,False,दिनेश्‍वर  दास,स्नातकोत्तर ,ठाकुरराम बहुमुखि क्याम्पस बीरगंज,पर्सा वीरगंज महानगरपालिका जसौली,,समाज सेवा,2-पर्सा-2,339315,43
341239,श्याम प्रसाद गुप्ता,Shyam Prasad Gupta,जनमत पार्टी,2585,228,M,False,Gokarna Prasad Koiri,स्नातकोत्तर,त्रिभुवन विश्वविध्यालय,Bara,Asha Kumari Singh,"सञ्चारकर्मी 
समाज सेवा",2-पर्सा-2,341239,44
340607,रंजु कुमारी साह,Ranju Kumari Sah,आम जनता पार्टी(एकल चुनाव चिन्ह),2581,203,F,False,Janakdhari Raut,स्नातक ,त्रिभुवन युनिभर्सिटी,Parsa,Anita Yadav,,2-पर्सा-2,340607,39
340238,संतोष कुमार पटेल,Santosh Kumar Patel,नेपाल जनता पार्टी,2507,178,M,False,Gyanlal Prasad,स्नातक,ठाकुर राम बहुमुखी क्याम्पस वीरगंज,Parsa,Sita Devi,"समाज सेवा 
धार्मिक सेवा
गौ माता सेवा
",2-पर्सा-2,340238,40
341435,कृष्ण मुरारी प्रजापति,Krishna Murari Prajapati,उज्यालो नेपाल पार्टी,2566,148,M,False,Islam Miya Dhobi,बि बि एस र सिए फाइनल,TU र ICAI,Parsa,Mairul Khatun,"प्रशिक्षण प्राप्‍त 3 बर्ष
Auditing, Tax & Finance को क्षेत्रमा 7 बर्ष
NGO 3 बर्ष",2-पर्सा-2,341435,38
342025,लक्ष्‍मी नारायण गु्प्‍ता,Laxmi Narayan Gupta,स्वतन्त्र,IND,100,M,False,Rameshwar Thakur,साधारण लेखपढ,,Parsa,Pratima Devi,,2-पर्सा-2,342025,29
340526,पुन्देश्‍वर प्रसाद यादव,Pundeshowr Prasad Yadav,श्रम संस्कृति पार्टी,2501,83,M,False,अनवत राउत अहिर,+2,HSEB,पर्सा वीरगंज महानगरपालिका भिस्वा,प्रमिता देवी,सामाजिक सेवा,2-पर्सा-2,340526,41
341822,शिव बचन ठाकुर लोहार,Shiva Bachan Thakur Lohar,स्वतन्त्र,IND,63,M,False,रामेश्‍वर  ठाकुर,साधारण लेखपढ,,पर्सा बिन्दबासिनी गाउँपालिका अमरपट्टि,प्रतिमा  देवी,,2-पर्सा-2,341822,40
341959,देव शंकर यादव,Dev Shankar Yadav,जन अधिकार पार्टी,2540,30,M,False,Dharmadev Prasad Sah Teli,SLC,Nepal Board,Parsa,अनिता  यादव,,2-पर्सा-2,341959,36
340041,फिरोज मियाँ,Phiroja Miyan,राष्ट्रिय मुक्ति पार्टी नेपाल(एकल चुनाव चिन्ह),2531,29,M,False,ईसलाम मियाँ धोवी,साधारण लेखपढ,,पर्सा वीरगंज महानगरपालिका श्रीपूर,मैरुल  खातुन,,2-पर्सा-2,340041,44
341683,बिरेन्द्र प्रसाद,Birendra Prasad,जय मातृभूमि पार्टी,2510,21,M,False,Anwat Raut Ahir,साधारण लेखपढ,,Parsa,Pramita Devi,कृषि ,2-पर्सा-2,341683,62
342437,उमेश प्रसाद साह तेली,Umesh Prasad Sah Teli,स्वतन्त्र,IND,17,M,False,Gopal Prasad Yadav,साधारण लेखपढ,,Parsa,,,2-पर्सा-2,342437,37
342381,रबिन्द्र कुमार चौधरी,Rabindra Kumar Chaudhary,स्वतन्त्र,IND,16,M,False,Ramjeet Sahani Malah,साधारण लेखपढ,,Parsa,,,2-पर्सा-2,342381,35
340998,विकाश कुमार साह,Bikash Kumar Sah,नेपाल लोकतान्त्रिक पार्टी,2553,12,M,False,Diplal Prasad Kurmi,10,एस एल सी,Parsa,Ramita Kumari,,2-पर्सा-2,340998,45
342352,संतोष महतो,Santosh Mahato,स्वतन्त्र,IND,12,M,False,मोहनलाल  धानुक,साधारण लेखपढ,,पर्सा वीरगंज महानगरपालिका मुसैली,पुनम  देवी,,2-पर्सा-2,342352,42
340096,राकेश कुमार सहनी,Rakesh Kumar Sahani,स्वतन्त्र,IND,10,M,False,Radha Raut Barai,बि एस सी आई टी ,लब्ली प्रोफेशनल युनिभर्सिटी भारत,Parsa,Sarita Devi,,2-पर्सा-2,340096,26
341603,किशोरी प्रसाद यादव,Kishori Prasad Yadav,स्वतन्त्र,IND,9,M,False,Sabichhan Sah Rauniyar,BALLB,PU,Parsa,Satyanarayan Sah Rauniyar,"समाजसेवी
विधार्थी युवा नेता
विभिन्न वाल क्लवहरु र NGO हरुमा काम गरेको
",2-पर्सा-2,341603,25
341855,मनोज साह कानु,Manoj Sah Kanu,स्वतन्त्र,IND,7,M,False,Shivnath Mahato Dhanuk,साधारण लेखपढ,,Parsa,Jyoti Devi,,2-पर्सा-2,341855,45
339337,मुकेश कुशवाहा,Mukesh Kushwaha,नेपाल मजदुर किसान पार्टी,2578,6,M,False,Dineshwar Das,एस एल सी,मदर्सा विद्यालय बारा ,Parsa,आशा कुमारी सिंह,,2-पर्सा-2,339337,42
342478,कृष्‍णा कुमार गीरी,Krishna Kumar Giri,स्वतन्त्र,IND,5,M,False,Suresh Sah Kanu,SLC,Nepal,Parsa,Gyanti Kumari,,2-पर्सा-2,342478,32
341638,महेश महतो धानुक,Mahesh Mahato Dhanuk,स्वतन्त्र,IND,5,M,False,Late Umesh Chaudhary,साधारण लेखपढ,,Parsa,ज्योती  देवी,,2-पर्सा-2,341638,35
341894,किसमती देवी,Kismati Devi,स्वतन्त्र,IND,3,F,False,Vijaychandra Giri,साधारण लेखपढ,,Parsa,Unita Kumari Giri,,2-पर्सा-2,341894,57
342112,साहेव प्रसाद राम,Saheb Prasad Ram,स्वतन्त्र,IND,3,M,False,Mohanlal Dhanuk,+2,नेपाल,Parsa,Punam Devi,,2-पर्सा-2,342112,35
341767,रामनेरेश प्रसाद चौरसिया,Ramnaresh Prasad Chaurasiya,स्वतन्त्र,IND,2,M,False,Ramananda Raut,साधारण लेखपढ,,Parsa,सरिता  देवी,,2-पर्सा-2,341767,42
342328,रोसन प्रसाद अहिर,Roshan Prasad Ahir,स्वतन्त्र,IND,1,M,False,रामानान्द  राउत,साधारण लेखपढ,,पर्सा पर्सागढी नगरपालिका चैनपुर,,,2-पर्सा-2,342328,37
340309,रामाकान्त प्रसाद चौरसीया,Raakanta Prasad Chaurasiya,राष्ट्रिय स्वतन्त्र पार्टी,2528,29679,M,True,गया प्रसाद चौरसीया,दश,,पर्सा वीरगंज महानगरपालिका वर्वागोग,पुष्‍पा  चौरसीया,,2-पर्सा-3,340309,57
342129,सुरेन्‍द्र प्रसाद चौधरी,Surendra Prasad Chaudhary,नेपाली काँग्रेस,2583,16366,M,False,Chanardev Raut Ahir,स्‍नातकोतर (M.A),TU,Parsa,Savita Yadav,,2-पर्सा-3,342129,68
340588,रुपेश कुमार पाण्डेय,Rupesh Kumar Pandey,नेपाल कम्युनिष्ट पार्टी (एकीकृत मार्क्सवादी लेनिनवादी),2598,11914,M,False,Ramdayal Mahato Tharu,स्‍नातक,,Parsa,Gita Devi Chaudhary,,2-पर्सा-3,340588,49
340853,छोटेलाल प्रसाद यादव,Chotelal Prasad Yadav,नेपाली कम्युनिष्ट पार्टी,2557,2137,M,False,चनरदेव राउत अहिर,Master Degree,TU Nepal,पर्सा बिन्दबासिनी गाउँपालिका ,सविता  यादव,,2-पर्सा-3,340853,49
341469,मालती कुमारी कुशवाहा,Malati Kuari Kushwaha,जनमत पार्टी,2585,583,F,False,रामानन्द प्रसाद कोइरी,एस एल सी,,पर्सा बहुदरमाई नगरपालिका ,फुलेना प्रसाद कुशवाहा,"सामाजिक सेवा, महिला शक्ति सशक्तीकरण, अस्थायी अस्तर कार्यकक्ष, राजनितिक संगठन अनुभव",2-पर्सा-3,341469,53
341150,मोहम्द ईस्तखार,Mohamda Eestakhar,आम जनता पार्टी(एकल चुनाव चिन्ह),2581,285,M,False,महम्मद एज्रायल मिया,SLC,,पर्सा पोखरिया नगरपालिका ,,सामाजिक सेवा,2-पर्सा-3,341150,26
342632,राज कुमार यादव,Raj Kumar Yadav,जय मातृभूमि पार्टी,2510,265,M,False,Gopichand Sah Kanu,BBA,न.रा.मा.वि,Parsa,रीता  यादव,नेपाल बैंक लि. को का.स. प्रमुख,2-पर्सा-3,342632,58
342482,अजिज मिया धुनिया,Ajij Miya Dhuniya,स्वतन्त्र,IND,257,M,False,Israil Miya Dhobi,7 पास,,Parsa,Resma Khatun,,2-पर्सा-3,342482,54
342036,नवीन कुमार सिंह,Navina Kumara Sinh,राष्ट्रिय प्रजातन्त्र पार्टी,2604,233,M,False,रामचन्द्र  सिंह,सिभिल ईन्जिनियर,,पर्सा वीरगंज महानगरपालिका मुर्ली बगैचा,,,2-पर्सा-3,342036,49
342601,नागेन्द्र प्रसाद यादव,Nagendra Prasad Yadav,"जनता समाजवादी पार्टी, नेपाल",2542,168,M,False,Ramananda Prasad Koiri,,,Parsa,Phulena Prasad Kushwaha,,2-पर्सा-3,342601,48
341792,रामरुप प्रसाद साह,Ramrup Prasad Sah,उज्यालो नेपाल पार्टी,2566,162,M,False,Vishwanath Pandit,"C.A Final, B.com, BBS",Delhi ICAI / IGNOU,Parsa,,Auditor-10 yrs,2-पर्सा-3,341792,37
340785,धर्मेन्‍द्र तिवारी,Dharmendra Tiwari,नेपाल जनता पार्टी,2507,129,M,False,Sukai Mahato,साक्षर,,Parsa,Babita Mahato,,2-पर्सा-3,340785,48
342573,मनोज पडित कुम्हाल,Manoj Pandit Kumhal,राष्ट्रिय मुक्ति पार्टी नेपाल(एकल चुनाव चिन्ह),2531,76,M,False,Mahammad Ezrayal Miya,,,Parsa,,,2-पर्सा-3,342573,32
342715,विश्‍वनाथ महतो,Bishwanath Mahato,संयुक्त नागरिक पार्टी,2521,43,M,False,सुकई  महतो,,,पर्सा सखुवा प्रसौनी गाउँपालिका सखुनिया,बविता  महतो,,2-पर्सा-3,342715,48
339345,सरोज कुमार साह,Saroj Kumar Sah,नेपाल मजदुर किसान पार्टी,2578,16,M,False,Vrijnath Tiwari,स्‍नातकोतर (M.ED),T.U,Parsa,Rita Devi,राजनितिक,2-पर्सा-3,339345,42
342429,प्रदिप कुमार साह,Pradip Kumar Sah,स्वतन्त्र,IND,14,M,False,Madan Mahato Chai,कक्षा 10,श्री मोहवनी मा.वि. पोखरिया न.पा-६,Parsa,Ranju Kumari Chauhan,,2-पर्सा-3,342429,42
342326,राजकिशोर प्रसाद चौहान,Rajkishor Prasad Chauhan,स्वतन्त्र,IND,14,M,False,Sahadev Raut Barai,SKLC,,Parsa,Sima Devi Barai,,2-पर्सा-3,342326,37
341980,बृजेश प्रसाद चौहान,Brijesh Prasad Chauhan,स्वतन्त्र,IND,10,M,False,Jamandev Mahato Chai,+2,,Parsa,रन्‍जु कुमारी चौहान,,2-पर्सा-3,341980,41
342277,शहिद अंसारी,Shahid Ansari,स्वतन्त्र,IND,8,M,False,Shambhu Rauniyar,+2,,Parsa,,,2-पर्सा-3,342277,26
341866,रामबहादुर बरै,Rambahadur Barai,स्वतन्त्र,IND,7,M,False,Kapildev Prasad Chaurasiya,10,श्री उच्च उचाङ्गल मा.वि. पोखरिया पर्सा,Parsa,Laxmina Devi,,2-पर्सा-3,341866,53
341609,वृज किशोर प्रसाद चौरसिया,Vrija Kishora Prasada Chaurasiya,स्वतन्त्र,IND,7,M,False,कपिलदेव प्रसाद चौरसिया,10 पास,,पर्सा बिन्दबासिनी गाउँपालिका इटियाही,लक्ष‍मीना  देवी,"सामाजिक सेवा, राजनितिक संगठन ",2-पर्सा-3,341609,41
342505,जैनोदीन मिया हवारी,Jainodin Miya Hawari,स्वतन्त्र,IND,6,M,False,Late Jagdev Sah,साधारण,,Parsa,Sandhya Sah,,2-पर्सा-3,342505,35
342530,शिवशंकर प्रसाद रौनियार,Shivashankar Prasad Rauniyar,स्वतन्त्र,IND,4,M,False,शम्भु  रौनियार,+2,नेशनल एकेडमी,पर्सा पोखरिया नगरपालिका ,,,2-पर्सा-3,342530,28
342274,टेक वहादुर शाक्य,Tek Bhadur Shakya,राष्ट्रिय स्वतन्त्र पार्टी,2528,28006,M,True,राम वहादुर शाक्य,प्रविणता प्रमाण पत्र political science ,ठाकुराम बहुमुखी क्याम्पस वीरगन्ज,पर्सा ठोरी गाउँपालिका ,शारदा  शाक्य,"विभिन्‍न संघ संस्थामा काम गरेको, समाजिक सेवा, नेपाल प्रहरी अधिकृत पदमा रही काम गरेको र व्यवसायी ",2-पर्सा-4,342274,50
341102,रमेश रिजाल,Ramesh Rijal,नेपाली काँग्रेस,2583,12534,M,False,Rameshwar Mahato Tharu,स्नातक ,ठाकुराम बहुमुखी क्याम्पस वीरगन्ज,Parsa,Phulwanti Devi Tharuni,"नेपाल सरकारको मन्त्री भई देशको सेवा, प्रतिनिधि सभा सदस्य, संविधान निर्माण लगायत देशको प्रजातन्त्र र लोकतन्त्र गणतन्त्रको स्थापनाको लागि संघर्ष र योगदान",2-पर्सा-4,341102,69
339906,जालिम मियाँ मंसुरी,Jalim Miya Mansuri,नेपाल कम्युनिष्ट पार्टी (एकीकृत मार्क्सवादी लेनिनवादी),2598,12145,M,False,Meghraj Upadhyaya,साधारण लेखपढ,,Parsa,Shobha Kumari Sharma,"सुरु देखि हालसम्म जनताको सेवा, स्थानीय तहमा सामाजिक शैक्षिक मानवीय कार्यमा सक्रिय सहभागी र समाजमा एकता विकासमा योगदान ",2-पर्सा-4,339906,78
341168,कृपासिन्धु प्रसाद,Kripasindhu Prasad,"जनता समाजवादी पार्टी, नेपाल",2542,4758,M,False,Vasudev Prasad Kalwar,पिचडी,गोरखपुर वि वि गोरखपुर यु.पी.,Parsa,Virendra Kumar Kalwar,"सह-प्राध्यापक, पूर्व क्याम्पस प्रमुख, पूर्व सदस्य राष्ट्रिय योजना आयोग ",2-पर्सा-4,341168,58
340968,जयप्रकाश थारु,Jayprakash Tharu,नेपाली कम्युनिष्ट पार्टी,2557,3113,M,False,Ram Bahadur Shakya,आइ कम ,ठाकुरराम बहुमुखी क्यापस वीरगन्ज,Parsa,Sharda Shakya,ने क पा केन्द्रिय सदसय र संविधान सभा सदस्य २०७० दोस्रो ,2-पर्सा-4,340968,65
342182,सिमा देवी कलवार,Sima Devi Kalwar,जनमत पार्टी,2585,282,F,False,Mustakim Miya Teli,१० पास,श्री ने रा मा वि कट्टी बलुवा ,Parsa,Ruyabja Khatun,राजनिती कृषि सेवा विकास ,2-पर्सा-4,342182,55
340234,विष्‍णु लोपचन,Bishnu Lopchan,श्रम संस्कृति पार्टी,2501,251,M,False,काइला  लोपचन,सात पास ,श्री माध्यमिक विद्यालय ,पर्सा ठोरी गाउँपालिका ,क्षेवाङ्ग  तामङ्ग,राजनिती,2-पर्सा-4,340234,46
342491,विनोद प्रसाद यादव,Binod Prasad Yadav,उज्यालो नेपाल पार्टी,2566,221,M,False,Mahammad Kalim Gaddi,बि फार्म,राजिव गान्थी विश्‍वविद्यालय स्वास्थ्य विज्ञान भारत बेगंलोर,Parsa,Raimul Khatun,समाजसेवी,2-पर्सा-4,342491,35
342083,अरुण  कुमार  कुशवाहा ,Arun Kumar Kushwaha,नेपाल जनता पार्टी,2507,194,M,False,Kaila Lopchan,बि ए,ठाकुराम बहुमुखी क्याम्पस वीरगन्ज,Parsa,Kshewang Tamang,"कृषि फार्म सम्बन्धी
सुरक्षा सम्बन्धी",2-पर्सा-4,342083,56
342523,शान्त कुमार जोशी,Shanta Kumar Joshi,राष्ट्रिय प्रजातन्त्र पार्टी,2604,158,M,False,गोकुल दास जोशी,IAK CTC,रक्सौल पश्चिम चम्पारण,पर्सा जगरनाथपुर गाउँपालिका ,शोभा  जोशी,समाजसेवी,2-पर्सा-4,342523,59
340403,ईमदाद गद्दी,Eemadada Gaddi,आम जनता पार्टी(एकल चुनाव चिन्ह),2581,47,M,False,महम्मद कालिम गद्दी,बि.ए.,बिहार  विश्‍व विद्यालय मुजफरपुर,पर्सा जगरनाथपुर गाउँपालिका पाण्डेपुर,रैमुल  खातुन,विगत २० वर्ष देखि राजनिती गर्दै आइरहेको र समाज सेवा गरेको ,2-पर्सा-4,340403,37
341740,सुरजी देवी नुनिया,Suraji Devi Nuniya,स्वतन्त्र,IND,38,F,False,महेश  महतो,साक्षर ,,पर्सा जगरनाथपुर गाउँपालिका धर्मपुर,शम्भु महतो नुनिया,समाजसेवी ,2-पर्सा-4,341740,45
342422,टिका बहादुर गुरुङ,Tika Bahadur Gurung,स्वतन्त्र,IND,22,M,False,Late Radha Raut Barai,साधारण,,Parsa,Rajkumari Devi,कृषि र समाजसेवी ,2-पर्सा-4,342422,69
342014,गीता देवी बनिया,Geeta Devi Baniya,स्वतन्त्र,IND,19,F,False,योगिन्द्र  दास,,,पर्सा धोबीनी गाउँपालिका लंगडी,महेन्द्र दास बनिया,समाजसेवी ,2-पर्सा-4,342014,57
342225,ईन्द्रदेव प्रसाद महतो,Indradev Prasad Mahato,स्वतन्त्र,IND,16,M,False,Pathal Hajara Dusad,एस एल सी,त्रिजुद्ध मा वि वीरगने्ज,Parsa,Peram Hajara Dusad,समाज सेवी ,2-पर्सा-4,342225,62
339831,साहव मिँया तेली,Sahab Miya Teli,नेपाल मजदुर किसान पार्टी,2578,10,M,False,Late Kanchan Mahato Koiri,SLC,श्री मंगल माध्यमिक विद्यालय भिस्वा,Parsa,Sabita Devi Kushwaha,,2-पर्सा-4,339831,44
342335,पारस राउत बरै,Paras Raut Barai,स्वतन्त्र,IND,9,M,False,Mastikam Miya,१० पास ,श्री जिल्ला उचाङ्गल मा वि पोखरिया पर्सा ,Parsa,राजकुमारी  देवी,कृषि ,2-पर्सा-4,342335,67
341688,उमा देवी,Uma Devi,स्वतन्त्र,IND,8,F,False,Bishnath Prasad Kurmi,साक्षर,,Parsa,Sheshnath Prasad Kurmi,,2-पर्सा-4,341688,43
342117,कोरैसा खातुन,Koraisa Khatun,स्वतन्त्र,IND,4,F,False,महमद मिया चुरिहार,साक्षर,,पर्सा धोबीनी गाउँपालिका ,फैयाद मिया चुरिहार,१० वर्ष स्थानीय तहको ,2-पर्सा-4,342117,57
341020,लुकमान मिया,Lukman Miya,स्वतन्त्र,IND,4,M,False,Jalim Maisuri,एस एल सी ,ने रा मा वि जगरनाथपुर पर्सा ,Parsa,Numaisa Khatun,समाज सेवामा निरन्तर ,2-पर्सा-4,341020,29
340710,समसुल्हक मियाँ धुनिया,Samsulhak Miya Dhuniya,स्वतन्त्र,IND,4,M,False,Mahesh Mahato,साधारण लेखपढ,,Parsa,Shambhu Mahato Nuniya,समाज सेवा ,2-पर्सा-4,340710,42
340148,सबिर अहमद,Sabir Ahamad,स्वतन्त्र,IND,3,M,False,जालिम  मैसुरी,SLC,,पर्सा जगरनाथपुर गाउँपालिका ,नुमैसा  खातुन,सामाजिक काम काज गर्दै आइरहेको ,2-पर्सा-4,340148,48
342308,कान्ति देवी कुर्मी,Kanti Devi Kurmi,स्वतन्त्र,IND,2,F,False,Mahamad Miya Charihar,निराक्षर ,,Parsa,Faiyad Miya Churihar,समाजसेवी,2-पर्सा-4,342308,54
341241,हरि ढकाल,Hari Dhakal,राष्ट्रिय स्वतन्त्र पार्टी,2528,58208,M,True,Rama Kant Khanal,स्नातक,रत्नराज्य लक्ष्मि क्याम्पस,Chitwan,Bimala Kumari Khanal,,3-चितवन-1,341241,42
341664,राजेन्द्र प्रसाद वुर्लाकोटी,Rajendra Prasad Burlakoti,नेपाली काँग्रेस,2583,13033,M,False,Keshav Raj Pant,10,,Dhading,हिरा देवी वुर्लाकोटी,,3-चितवन-1,341664,66
339958,दावा दोर्जे लामा,Dawa Dorje Lama,नेपाल कम्युनिष्ट पार्टी (एकीकृत मार्क्सवादी लेनिनवादी),2598,10899,M,False,Mitra Lal Burlakoti,साक्षर,,Chitwan,Hira Devi Burlakoti,,3-चितवन-1,339958,66
340263,कृष्ण राज पन्त,Krishna Raj Panta,नेपाली कम्युनिष्ट पार्टी,2557,4081,M,False,केशव राज पन्त,विध्यावारिधी,JNU DILHI,चितवन राप्ती नगरपालिका गड्यौली,,सरकारको अर्थ निति सम्बन्धमा 15 वर्ष भन्दा बढी अनुभव हासिल ,3-चितवन-1,340263,61
340105,वलराम शर्मा खनाल,Balram Sharma Khanal,राष्ट्रिय प्रजातन्त्र पार्टी,2604,2302,M,False,Jaleshwar Thakur,I Com,सहिद स्मृिति बहुमुखि क्याम्पस,Parsa,Bibha Devi,,3-चितवन-1,340105,56
339472,अनिल तामाङ,Anil Tamang,श्रम संस्कृति पार्टी,2501,1165,M,False,Dhan Bahadur Lopchan Tamang,साक्षर,,Chitwan,,,3-चितवन-1,339472,50
340771,धन बहादुर गुरुङ्ग,Dhan Bahadur Gurung,उज्यालो नेपाल पार्टी,2566,903,M,False,Krishna Bahadur Gurung,साक्षर,,Chitwan,Duwa Maya Gurung,,3-चितवन-1,340771,62
341976,संजय रिजाल,Sanjay Rijal,स्वतन्त्र,IND,784,M,False,Vishnuhari Rijal,10,नेसनल बोरडिङ स्कुल,Chitwan,,,3-चितवन-1,341976,30
339490,प्रेम लाल चौधरी,Prem Lal Chaudhary,मंगोल नेशनल अर्गनाइजेसन,2511,123,M,False,Dev Narayan Aryal,एसएलसी ,नेपाल मा वि,Dhading,Shubhadra Aryal,,3-चितवन-1,339490,42
339361,सीता देवी क्षेत्री,Sita Devi Chhetri,राष्ट्रिय जनमोर्चा,2522,91,F,False,Ram Bahadur Kami,साक्षर,,Chitwan,भिम वहादुर क्षेत्री,,3-चितवन-1,339361,50
340583,गणेश बहादुर श्रेष्ठ,Ganesh Bahadur Shrestha,नेपाल कम्युनिस्ट पार्टी (माओवादी),2526,87,M,False,Kul Bahadur Shrestha,10,भण्डारा मा वि,Chitwan,Maya Shrestha,,3-चितवन-1,340583,48
339592,बिकाश कामी,Bikash Kami,प्रगतिशील लोकतान्त्रिक पार्टी,2516,76,M,False,Vikram Chaudhary,12,सप्तगण्डकी,Chitwan,Shobha Chaudhary,,3-चितवन-1,339592,25
339443,अर्जुन प्रजा,Arjun Praja,नेपाल मजदुर किसान पार्टी,2578,60,M,False,Tek Bahadur Chhetri,12,Bal Kumari College,Baglung,Bhim Bahadur Chhetri,,3-चितवन-1,339443,29
339846,इश्‍वरी गुरुड‍्ग,Ish‍vari Guruda‍g,नेशनल रिपब्लिक नेपाल,2504,24,F,False,डम्वर वहादुर गुरुड‍्ग,साक्षर,,चितवन रत्ननगर नगरपालिका पञ्चकन्या,टेक वहादुर गुरुड‍्ग,,3-चितवन-1,339846,45
340624,हरि प्रसाद रेग्मी,Hari Prasad Regmi,स्वतन्त्र,IND,20,M,False,Tanka Prasad Regmi,10,जनजाग्रिति मा वि,Chitwan,Shanta Kumari Regmi,,3-चितवन-1,340624,57
339714,दुर्गा दत्त अर्याल,Durga Datt Aryal,नेपाल कम्युनिष्ट पार्टी (संयुक्त),2601,18,M,False,देव नारायण अर्याल,10,Patana,चितवन खैरहनी नगरपालिका स्कुलटोल,शुभद्रा  अर्याल,,3-चितवन-1,339714,57
342288,अजय ठाकुर हजाम,Ajay Thakur Hajam,"जनता समाजवादी पार्टी, नेपाल",2542,16,M,False,Bijram Praja,12,,Chitwan,बिभा  देवी,,3-चितवन-1,342288,39
340330,सौरव कडेल,Saurav Kadel,स्वतन्त्र,IND,9,M,False,Vijay Ram Kadel,12,डेजि स्कुल,Chitwan,,,3-चितवन-1,340330,28
340990,रवि लामिछाने,Rabi Lamichhane,राष्ट्रिय स्वतन्त्र पार्टी,2528,54402,M,True,Lala Chandra Lamichhane,प्रमाणपत्र तह,रत्न राज्य लक्ष्मी क्याम्पस,Kathmandu,Nikita Paudel,,3-चितवन-2,340990,50
340504,मिना कुमारी खरेल,Meena Kumari Kharel,नेपाली काँग्रेस,2583,14564,F,False,जय भद्र खरेल,स्नातकोत्तर,त्रिचन्द्र कलेज,चितवन भरतपुर महानगरपालिका सम्झना चोक,,,3-चितवन-2,340504,54
339701,अस्‍मिन घिमिरे,As‍mina Ghimire,नेपाल कम्युनिष्ट पार्टी (एकीकृत मार्क्सवादी लेनिनवादी),2598,6992,M,False,भरत वावु घिमिरे,स्नातकोत्तर,सप्तगण्डकी क्याम्पस,चितवन भरतपुर महानगरपालिका नौरङ्गे,सविना  तिवारी,,3-चितवन-2,339701,38
339890,प्रताप गुरुङ्ग,Pratap Gurung,नेपाली कम्युनिष्ट पार्टी,2557,4969,M,False,Dil Bahadur Gurung,slc,ज्ञानमार्ग  मा.वि.,Chitwan,Sarita Gurung,,3-चितवन-2,339890,44
340959,मिलन थापा मगर,Milan Thapa Magar,श्रम संस्कृति पार्टी,2501,751,M,False,Vishnu Thapa Magar,डिग्री,पुर्व अञ्‍चलक विश्व विद्यालय,Tanahun,,,3-चितवन-2,340959,34
340840,जगदिश्वर अधिकारी,Jagadishwar Adhikari,राष्ट्रिय प्रजातन्त्र पार्टी,2604,707,M,False,चेत नाथ अधिकारी,,,चितवन भरतपुर महानगरपालिका प्रगती पथ,तारा कुमारी अधिकारी/खतिवडा,,3-चितवन-2,340840,57
339494,इन्द्र बहादुर स्याङतान,Indra Bahadur Syangtan,स्वतन्त्र,IND,590,M,False,Vir Bahadur Syangtan,10+2,,Makwanpur,Kanchi Maya Syangtan,,3-चितवन-2,339494,48
339947,नि.कुमार पाख्रीन,Ni. Kumar Pakhrin,उज्यालो नेपाल पार्टी,2566,533,M,False,जरी बहादुर पाख्रीन,slc,,चितवन भरतपुर महानगरपालिका रमाईलो टोल,सानि माया पाख्रीन,,3-चितवन-2,339947,60
339591,ऋषा गोले,Risha Gole,मंगोल नेशनल अर्गनाइजेसन,2511,191,F,False,Gyan Bahadur Gole,एमवियस,वीरेन्द्र बहुमुखी क्याम्पस,Makwanpur,,,3-चितवन-2,339591,28
339623,देवी शर्मा,Devi Sharma,राष्ट्रिय जनमोर्चा,2522,123,F,False,धरमानन्द  सुबेदी,,,चितवन भरतपुर महानगरपालिका ,डोलराज  शर्मा,,3-चितवन-2,339623,47
341206,दिर्शना कुमारी शाही,Dirshana Kumari Shahi,नेपाल कम्युनिस्ट पार्टी (माओवादी),2526,106,F,False,दुर्ग बहादुर शाही,slc,शक्तिखोर मा.वि.,कालिकोट रास्कोट नगरपालिका विजयपुर,,,3-चितवन-2,341206,38
341744,निर्मला कुमारी ठाकुर,Nirmala Kumari Thakur,जनमत पार्टी,2585,104,F,False,Chanardev Thakur Hajam,slc,,Rautahat,Surendra Thakur Hajam,,3-चितवन-2,341744,32
340805,प्रकाश बहादुर पाण्‍डे,Prakash Bahadur Pandey,प्रगतिशील लोकतान्त्रिक पार्टी,2516,58,M,False,Kaji Bahadur Pandey,,,Nawalparasi (East),,,3-चितवन-2,340805,42
339328,शोभा बासुकला,Shobha Basukala,नेपाल मजदुर किसान पार्टी,2578,32,F,False,तुल्सी मान बासुकला,,,भक्तपुर भक्तपुर नगरपालिका ब्यासी,,,3-चितवन-2,339328,36
339514,शक्ति राज गुरुङ,Shakti Raj Gurung,नेशनल रिपब्लिक नेपाल,2504,23,M,False,Bandu Gurung,,,Chitwan,Parvati Gurung,,3-चितवन-2,339514,55
340602,कमान सिंह चौधरी,Kaman Singh Chaudhary,"जनता समाजवादी पार्टी, नेपाल",2542,22,M,False,Busai Mahato,,,Chitwan,Savita Chaudhary,,3-चितवन-2,340602,62
341811,देवी कुमारी मगर,Devi Kumari Magar,आम जनता पार्टी(एकल चुनाव चिन्ह),2581,16,F,False,Dil Bahadur Chepang,,,Chitwan,Dhan Bahadur Magar,,3-चितवन-2,341811,40
340359,सुवास महतो,Subas Mahato,"नागरिक उन्मुक्ति पार्टी, नेपाल(एकल चुनाव चिन्ह)",2531,13,M,False,Jallu Ram Mahato,10+2,,Chitwan,,,3-चितवन-2,340359,34
340683,कृष्ण प्रसाद चापागाई,Krishna Prasad Chapagain,स्वतन्त्र,IND,12,M,False,Chandra Kant Chapagai,,,Nawalparasi (East),,,3-चितवन-2,340683,30
342089,शंकु प्रसाद जैसी,Shanku Prasad Jaisi,स्वतन्त्र,IND,12,M,False,Kala Prasad Jaisi,master,,Mugu,,,3-चितवन-2,342089,37
342018,रवि कुमाल,Rabi Kumal,स्वतन्त्र,IND,5,M,False,Rajendra Kumal,slc,,Chitwan,,,3-चितवन-2,342018,29
341302,प्रविन सापकोटा,Prabin Sapkota,स्वतन्त्र,IND,4,M,False,हरीराम  सापकोटा,स्नातक,वीरेन्द्र बहुमुखी क्याम्पस,चितवन भरतपुर महानगरपालिका कोलटाँडी,,,3-चितवन-2,341302,31
339402,प्रताप सिंह तमाङ्ग,Pratap Singh Tamang,स्वतन्त्र,IND,3,M,False,Surya Bahadur Tamang,,,Chitwan,Hari Maya Tamang,,3-चितवन-2,339402,63
341145,सोविता गौतम,Sobita Gautam,राष्ट्रिय स्वतन्त्र पार्टी,2528,59277,F,True,Krishna Prasad Gautam,स्नातकोत्तर (कानून),,Dolakha,Grihendra Ghimire,,3-चितवन-3,341145,30
339835,रेणु दाहाल,Renu Dahal,नेपाली कम्युनिष्ट पार्टी,2557,20615,F,False,Pushpa Kamal Dahal,,,Chitwan,Anil Kumar Pathak,,3-चितवन-3,339835,49
340483,टेक प्रसाद गुरुङ्ग,Tek Prasad Gurung,नेपाली काँग्रेस,2583,8344,M,False,Dambar Singh Gurung,SLC,,Chitwan,Shir Maya Gurung,,3-चितवन-3,340483,77
340259,शंकर राज थपलिया,Shankar Raj Thapaliya,नेपाल कम्युनिष्ट पार्टी (एकीकृत मार्क्सवादी लेनिनवादी),2598,5004,M,False,Madhusudan Thapaliya,,,Chitwan,Yamuna Thapaliya,,3-चितवन-3,340259,56
339936,दिपक थापा (मगर),Dipak Thapa (Magar),राष्ट्रिय प्रजातन्त्र पार्टी,2604,1226,M,False,Tilak Bahadur Thapa (Magar),स्नातक,,Chitwan,Nitu Thapa (Magar),,3-चितवन-3,339936,47
339575,तोजमान गुरुङ्ग,Tojman Gurung,श्रम संस्कृति पार्टी,2501,650,M,False,Durga Bahadur Gurung,SLC,,Chitwan,,,3-चितवन-3,339575,38
341085,डम्बर बहादुर तमाङ,Dambar Bahadur Tamang,उज्यालो नेपाल पार्टी,2566,414,M,False,Singhe Tamang,SLC,,Chitwan,Juna Tamang,,3-चितवन-3,341085,50
339304,इन्द्र माया पौडेल,Indra Maya Paudel,स्वतन्त्र,IND,398,F,False,Buddhi Sagar Paudel,स्नातक तह,विरेन्द्र बहुमुखी कलेज,Chitwan,Krishna Raj Neupane,,3-चितवन-3,339304,58
341817,बुध्दी राज तमाङ,Buddhi Raj Tamang,प्रगतिशील लोकतान्त्रिक पार्टी,2516,246,M,False,Ranbir Tamang,+2,,Chitwan,Jamuna Lama,,3-चितवन-3,341817,43
340775,आशिक प्रसाद महतो,Ashik Prasad Mahato,नेपाल कम्युनिस्ट पार्टी (माओवादी),2526,110,M,False,Goriya Prasad Mahato,स्नातक,,Chitwan,,,3-चितवन-3,340775,36
339615,टेक बहादुर तामाङ,Tek Bahadur Tamang,मंगोल नेशनल अर्गनाइजेसन,2511,93,M,False,Man Bahadur Tamang,SLC,,Chitwan,Shushma Tamang,,3-चितवन-3,339615,50
341878,रञ्जना पौडेल,Ranjana Paudel,स्वतन्त्र,IND,85,F,False,Daya Nidhi Regmi,,,Chitwan,Ganesh Paudel,,3-चितवन-3,341878,45
340319,कृष्ण बहादुर के् सी,Krishna Bahadur K.C.,राष्ट्रिय जनमोर्चा,2522,62,M,False,रुद्र बहादुर के् सी,SLC,,चितवन भरतपुर महानगरपालिका ज्यामीरे,बम कुमारी के् सी,,3-चितवन-3,340319,67
342041,जित बहादुर बि.क.,Jit Bahadur B.K.,नेपाल कम्युनिष्ट पार्टी (संयुक्त),2601,29,M,False,नर बहादुर बि.क.,,,चितवन भरतपुर महानगरपालिका ,,,3-चितवन-3,342041,48
340870,सेती माया तमाङ,Seti Maya Tamang,नेशनल रिपब्लिक नेपाल,2504,27,F,False,Krishna Bahadur Tamang,,,Chitwan,Dhan Singh Tamang,,3-चितवन-3,340870,55
341480,हरि माया  महतो,Hari Maya Mahato,"नागरिक उन्मुक्ति पार्टी, नेपाल(एकल चुनाव चिन्ह)",2531,18,F,False,Ratna Bahadur Mahato,,,Nawalparasi (East),Baliram Mahato,,3-चितवन-3,341480,36
339670,मधु माया अधिकारी,Madhu Maya Adhikari,स्वतन्त्र,IND,17,F,False,Vishnu Prasad Adhikari,कक्षा 10,,Chitwan,Gopi Lal Devkota,,3-चितवन-3,339670,54
341673,बिजन गुरुङ,Bijan Gurung, राष्ट्रिय नागरिक पार्टी,2532,12,M,False,Tanka Bahadur Gurung,SLC,,Chitwan,,,3-चितवन-3,341673,30
339477,बद्री लक्ष्मी कवां,Badri Lakshmi Kavan,नेपाल मजदुर किसान पार्टी,2578,8,F,False,बल राम कवां,प्रमाण पत्र तह,,भक्तपुर भक्तपुर नगरपालिका ब्यासी,राम गोपाल कोजु,,3-चितवन-3,339477,49
342135,थमन सिग सुनार,Thaman Singh Sunar,"जनता समाजवादी पार्टी, नेपाल",2542,7,M,False,रख बहादुर सुनार,एस एल सि,,चितवन माडी नगरपालिका बगाई, ,,3-चितवन-3,342135,38
341743,पार्वती पौडेल(काफ्ले),Parvati Paudel (Kafle),स्वतन्त्र,IND,7,F,False,Meghnath Paudel,,,Syangja,Mahadatta Kafle,,3-चितवन-3,341743,52
341286,रोल बहादुर गुरुङ्ग,Rol Bahadur Gurung,स्वतन्त्र,IND,5,M,False,Kashiraj Gurung,,,Chitwan,Anisha Gurung,,3-चितवन-3,341286,37
340532,कृष्ण प्रसाद अधिकारी,Krishna Prasad Adhikari,स्वतन्त्र,IND,4,M,False,Vishnu Prasad Adhikari,+2,,Chitwan,Sanju Adhikari,,3-चितवन-3,340532,36
340913,सुधन गुरुङ,Sudhan Gurung,राष्ट्रिय स्वतन्त्र पार्टी,2528,29896,M,True,Dil Bahadur Gurung,,,Gorkha, ,,4-गोरखा-1,340913,38
340758,प्रेम कुमार खत्री,Prem Kumar Khatri,नेपाली काँग्रेस,2583,15398,M,False,Buddhi Bahadur Khatri,,,Gorkha,,,4-गोरखा-1,340758,42
339785,हरि राज अधिकारी,Hari Raj Adhikari,नेपाली कम्युनिष्ट पार्टी,2557,11124,M,False,Thir Bahadur Adhikari,,,Gorkha,Naumata Adhikari (Pun Magar),,4-गोरखा-1,339785,58
340183,राम चन्द्र लामिछाने,Ram Chandra Lamichhane,नेपाल कम्युनिष्ट पार्टी (एकीकृत मार्क्सवादी लेनिनवादी),2598,3732,M,False,Danda Pani Lamichhane,,,Gorkha,,,4-गोरखा-1,340183,44
339375,रामकाजी राना मगर,Ramkaji Rana Magar,उज्यालो नेपाल पार्टी,2566,489,M,False,Tanka Bahadur Rana Magar,,,Kathmandu,Shakuntala Rana Magar,,4-गोरखा-1,339375,55
340360,केदार मणी खनाल,Kedar Mani Khanal,राष्ट्रिय प्रजातन्त्र पार्टी,2604,310,M,False,Tej Prasad Khanal,,,Gorkha,Sangita Pokharel,,4-गोरखा-1,340360,40
339630,जित बहादुर घले,Jit Bahadur Ghale,संयुक्त नागरिक पार्टी,2521,165,M,False,Kim Lal Ghale,,,Gorkha,,,4-गोरखा-1,339630,53
339531,देव बहादुर थापा,Dev Bahadur Thapa,मंगोल नेशनल अर्गनाइजेसन,2511,142,M,False,Ran Bahadur Thapa,,,Gorkha,,,4-गोरखा-1,339531,29
340867,विष्णु प्रसाद रिजाल,Bishnu Prasad Rijal,नेपाल कम्युनिस्ट पार्टी (माओवादी),2526,57,M,False,लक्ष्मी प्रसाद रिजाल,,,गोरखा गण्डकी गाउँपालिका चुर्लिङ,किरण  रिजाल,,4-गोरखा-1,340867,72
339770,आकाश राना मगर,Akash Rana Magar,नेशनल रिपब्लिक नेपाल,2504,35,M,False,Dhan Bahadur Rana Magar,,,Gorkha,Punam Rana Magar,,4-गोरखा-1,339770,41
341807,कविता भट्टराई,Kabita Bhattarai,स्वतन्त्र,IND,23,F,False,Kapil Prasad Bhattari,,,Gorkha,Shantos Simkhada,,4-गोरखा-1,341807,34
339350,मनु कुमारी श्रेष्‍ठ,Manu Kumari Shrestha,नेपाल मजदुर किसान पार्टी,2578,19,F,False,Chhabi Lal Shrestha,,,Gorkha,Vishnu Prasad Shrestha,,4-गोरखा-1,339350,56
339991,कविन्द्र बुर्लाकोटी,Kabindra Burlakoti,राष्ट्रिय स्वतन्त्र पार्टी,2528,26660,M,True,Rajaram Burlakoti,,,Gorkha,Nita Oliya,,4-गोरखा-2,339991,46
340687,प्रकाश चन्‍द्र दवाडी,Prakash Chandra Dawadi,नेपाली काँग्रेस,2583,11700,M,False,Rishi Ram Dawadi,,,Gorkha,Kabita Bhatta (Dawadi),,4-गोरखा-2,340687,50
340023,लेखनाथ न्यौपाने,Lekhnath Neupane,नेपाली कम्युनिष्ट पार्टी,2557,11073,M,False,Kuber Datta Neupane,,,Gorkha,Laxmi Bhattarai,,4-गोरखा-2,340023,52
340387,मिलन गुरुङ्ग,Milan Gurung,नेपाल कम्युनिष्ट पार्टी (एकीकृत मार्क्सवादी लेनिनवादी),2598,3087,M,False,Iman Singh Gurung,,,Gorkha,Indu Gurung,,4-गोरखा-2,340387,53
340237,बलराम तामाङ,Balram Tamang,उज्यालो नेपाल पार्टी,2566,639,M,False,Jar Singh Tamang,,,Gorkha,,,4-गोरखा-2,340237,55
341359,कुल बहादुर बस्नेत,Kul Bahadur Basnet,राष्ट्रिय प्रजातन्त्र पार्टी,2604,292,M,False,Rudra Singh Basnet,,,Rupandehi,Dambar Kumari Basnet,,4-गोरखा-2,341359,58
339774,सोम बहादुर गुरुङ,Som Bahadur Gurung,मंगोल नेशनल अर्गनाइजेसन,2511,290,M,False,Nam Bahadur Gurung,,,Gorkha,Ganga Gurung,,4-गोरखा-2,339774,43
341593,टेक बहादुर प्रधान,Tek Bahadur Pradhan,नेपाल कम्युनिस्ट पार्टी (माओवादी),2526,130,M,False,Shuk Bahadur Pradhan,,,Gorkha,Sharmila Pradhan (Shrestha),,4-गोरखा-2,341593,42
340140,प्रसाद गुरुङ,Prasad Gurung,नेशनल रिपब्लिक नेपाल,2504,111,M,False,Kashi Man Gurung,,,Gorkha,Radhdhani Gurung,,4-गोरखा-2,340140,54
339310,चूडा प्रसाद ढकाल,Chuda Prasad Dhakal,स्वतन्त्र,IND,80,M,False,Khageshwar Dhakal,,,Gorkha,Purna Dhungana,,4-गोरखा-2,339310,63
341287,कल्पना कुमाल,Kalpana Kumal,आम जनता पार्टी(एकल चुनाव चिन्ह),2581,41,F,False,Bhakt Bahadur Kumal,,,Gorkha,Ram Bahadur Kumal,,4-गोरखा-2,341287,44
339440,राम शरण बुढाथोकी,Ram Sharan Budhathoki,नेपाल मजदुर किसान पार्टी,2578,30,M,False,Man Bahadur Budhathoki,,,Gorkha,Lila Kumari Budhathoki,,4-गोरखा-2,339440,56
341552,हरि पोखरेल,Hari Pokharel,स्वतन्त्र,IND,14,M,False,Megh Nath Pokharel,,,Gorkha,,,4-गोरखा-2,341552,38
339862,टेक बहादुर गुरुङ,Tek Bahadur Gurung,नेपाली काँग्रेस,2583,2415,M,True,Kaji Gurung,slc,"आनन्दकुटी विद्यापिठ, स्वयम्भु",Kathmandu,Sunad Gurung Ghaleseni,समाजसेवी तथा जनप्रतिनिधि भइसकेको,4-मनाङ-1,339862,71
340431,यशोदा गुरुङ (सुवेदी),Yashoda Gurung (Subedi),नेपाली कम्युनिष्ट पार्टी,2557,454,F,False,Romharsh Subedi,प्रविणता प्रमाण पत्र तह,त्रिभुवन विश्व विद्यालय,Manang,Dev Prasad Gurung,"क)अध्यापन 5 वर्ष
ख) राजनितिक ४४ वर्ष
ग) संविधान सभा सदस्य २०६४
घ) प्रतिनिधि सभा सदस्य २०७४",4-मनाङ-1,340431,57
339445,राम बहादुर घले,Ram Bahadur Ghale,मंगोल नेशनल अर्गनाइजेसन,2511,9,M,False,Chandra Bahadur Ghale,SLC,"श्री मनोहर माध्यमिक विद्यालय, सामाखुसी",Gorkha,Kopila Ghale,"राजनीति, कृषी, व्यवसायी",4-मनाङ-1,339445,40
339858,धर्म राज के.सी,Dharma Raja Ke.si,राष्ट्रिय स्वतन्त्र पार्टी,2528,33898,M,True,प्रेम बहादुर के.सी,स्नातकोत्तर,आजु विश्वविद्यालय द.कोरिया,लमजुङ सुन्दरबजार नगरपालिका ,प्रतिभा  बास्तोला,"कलाईमेट एडभोकेसी इन्टरनेशनल
इको आई कोरिया
इको सियान कोरिया",4-लमजुङ-1,339858,45
339921,पृथ्‍वी सुव्वा गुरुङ,Prithvi Subba Gurung,नेपाल कम्युनिष्ट पार्टी (एकीकृत मार्क्सवादी लेनिनवादी),2598,16876,M,False,Ganga Prasad Gurung,स्नातक,अमृत साइन्स क्याम्पस त्रि.वी,Lamjung,Muni Gurung,"माध्यमिक विद्यालयमा अध्यापन 
संस्कृति पर्यटन तथा नागरिक उड्यन मन्त्री
संविधान सभा सदस्य-५ वर्ष
गण्डकी प्रदेश संस्थापक मुख्य मन्त्री-३ वर्ष
संचार तथा सुचना प्रविधि मन्त्री -१ वर्ष",4-लमजुङ-1,339921,68
340880,गम प्रसाद गुरुङ,Gam Prasad Gurung,नेपाली काँग्रेस,2583,16569,M,False,Nau Bahadur Gurung,स्नातक,त्रि.वी,Lamjung,Nanda Kashi Gurung,"शिक्षण पेशा ८ वर्ष
सामाजिक संघ संस्था (रेडियो , गैर सरकारी संस्था)
जडिबुटी तथा कृषि (कृषक)",4-लमजुङ-1,340880,54
340286,हरि जंग तमाङ,Hari Jung Tamang,नेपाली कम्युनिष्ट पार्टी,2557,3371,M,False,लाल चन्द्र तमाङ,स्नातकोत्तर,त्रि.वी,लमजुङ बेसीशहर नगरपालिका सादु भोजे,,प्रदेश अस्पतालमा व्यवस्थापन समितिको अध्यक्ष,4-लमजुङ-1,340286,35
340075,केबिन्द्र जंग गुरुङ,Kebindra Jung Gurung,राष्ट्रिय प्रजातन्त्र पार्टी,2604,1000,M,False,धन प्रसाद गुरुङ,८ कक्षा उत्तीर्ण,श्री अमर मा.वि,लमजुङ मर्स्याङदी गाउँपालिका घनपोखरा,बिष्णु माया गुरुङ,"ब्रिटिस सेनामा नोकरी गरी निवृत्त भएको
राष्ट्रिय प्रजातन्त्र पार्टीमा भू पू सैनिक केन्द्रीय उपाध्यक्ष
हाल रा.प्र.पा लमजुङ जिल्ला अध्यक्ष",4-लमजुङ-1,340075,74
341539,कोषलाल गुरुङ,Koshalal Gurung,श्रम संस्कृति पार्टी,2501,565,M,False,Jag Bahadur Gurung,+12,सहिद रामनाथ दाहाल क्याम्पस,Lamjung,,"व्यवसायी 
कृषी
वैदेशिक रोजगार
समाजसेवा ",4-लमजुङ-1,341539,37
340681,विकास गुरुङ्ग,Vikasa Gurungg,मंगोल नेशनल अर्गनाइजेसन,2511,351,M,False,ट‍ेक बहादुर गुरुङ्ग,एस.एल.सी,भद्रकाली उ.मा.वि (एस.एल.सी बोर्ड),कास्की पोखरा महानगरपालिका जनप्रिगा मिलन मार्ग,सरिता  गुरुङ्ग,,4-लमजुङ-1,340681,50
339735,रविन्द्र नखोला,Rabindra Nakhola,नेपाल कम्युनिस्ट पार्टी (माओवादी),2526,144,M,False,Khagraj Nakhola,एस.एल.सी,शैलपुत्री माध्यामिक विधालय (एस.एल.सी बोर्ड),Lamjung,Pramila Nakhola,समाजसेवा,4-लमजुङ-1,339735,39
339439,सन्तोष घिमिरे,Santosh Ghimire,स्वतन्त्र,IND,130,M,False,Anandaraj Ghimire,स्नातक,त्रिभुवन विश्वविद्यालय,Lamjung,,कृषि कार्य,4-लमजुङ-1,339439,35
341272,मिलन  वास्कोटा ,Milan Baskota,जनादेश पार्टी नेपाल(एकल चुनाव चिन्ह),2581,53,M,False,Madhu Vilas Baskota,स्नातक,नवोदित बिधाकुञ्ज त्रि.वी ,Lamjung,,,4-लमजुङ-1,341272,28
340008,भरत गुरुङ,Bharat Gurung,नेशनल रिपब्लिक नेपाल,2504,41,M,False,Suk Singh Gurung,एस.एल.सी,एस.एल.सी बोर्ड,Lamjung,Mahakali Gurung,,4-लमजुङ-1,340008,59
339388,गुजेश्वरी प्रजापति मगजु,Gujeshwari Prajapati Magaju,नेपाल मजदुर किसान पार्टी,2578,12,F,False,धनेश्‍वरी प्रजापति,एस.एल.सी,वागेश्वरी मा.वि,भक्तपुर भक्तपुर नगरपालिका क्वाठण्डौ,जीबन मगजु,,4-लमजुङ-1,339388,39
339553,खडक राज पौडेल,Khadak Raj Paudel,राष्ट्रिय स्वतन्त्र पार्टी,2528,39883,M,True,Ram Prasad Paudel,,,Kaski,Natasha Parajuli,,4-कास्की-1,339553,46
341055,तिलक बहादुर रानाभाट,Tilak Bahadur Ranabhat,नेपाली काँग्रेस,2583,11214,M,False,Vidh Bahadur Ranabhat,,,Kaski,Sirjana Ranabhat,,4-कास्की-1,341055,58
340161,वैन बहादुर क्षेत्री(अधिकारी),Vaina Bahadura Kshetri(adhikari),नेपाल कम्युनिष्ट पार्टी (एकीकृत मार्क्सवादी लेनिनवादी),2598,10429,M,False,धन बहादुर अधिकारी,,,कास्की पोखरा महानगरपालिका पिपलडाली,देबी कुमारी के.सी.,,4-कास्की-1,340161,53
340254,राजकाजी गुरुङ,Rajkaji Gurung,नेपाली कम्युनिष्ट पार्टी,2557,2479,M,False,Keshraj Gurung,,,Parbat,Santoshi Ale,,4-कास्की-1,340254,48
340658,विल बहादुर तमाङ लामा,Bil Bahadur Tamang Lama,श्रम संस्कृति पार्टी,2501,1141,M,False,डेन्डुव  लामा,,,गोरखा पालुङटार नगरपालिका ,,,4-कास्की-1,340658,42
342205,बाबु राम थापा,Babu Ram Thapa,राष्ट्रिय प्रजातन्त्र पार्टी,2604,978,M,False,Khadga Bahadur Thapa,,,Kaski,Shanti Thapa,,4-कास्की-1,342205,59
339692,मनिषा द्धा,Manisha Ddha,उज्यालो नेपाल पार्टी,2566,670,F,False,केशव कुमार द्धा,,,कास्की पोखरा महानगरपालिका गौडाकोमुख,,,4-कास्की-1,339692,38
340451,श्री मान थापा,Shree Man Thapa,मंगोल नेशनल अर्गनाइजेसन,2511,109,M,False,देवन सिंह थापा,,,स्याङजा पुतलीबजार नगरपालिका साधिखोला,सुमित्रा  थापा,,4-कास्की-1,340451,49
340548,कृष्ण बहादुर राउत,Krishna Bahadur Raut,स्वतन्त्र,IND,84,M,False,Tej Bahadur Raut,,,Khotang,Vidha Dangi,,4-कास्की-1,340548,46
339500,रवि मोहन ढकाल,Rabi Mohan Dhakal,राष्ट्रिय जनमोर्चा,2522,82,M,False,Heramba Raj Dhakal,,,Kaski,Parvati Dhakal,,4-कास्की-1,339500,60
340872,कुमार परियार,Kumar Pariyar,नेपाल कम्युनिस्ट पार्टी (माओवादी),2526,81,M,False,Shuk Lal Damai,,,Syangja,Kiran Damai,,4-कास्की-1,340872,42
342158,हर्क  बहादुर  थापा,Harka Bahadur Thapa,आम जनता पार्टी(एकल चुनाव चिन्ह),2581,79,M,False,Bahadur Thapa,,,Bhojpur,Renuka Thapa,,4-कास्की-1,342158,48
339807,कर्ण बहादुर गुरुङ,Karna Bahadur Gurung,प्रगतिशील लोकतान्त्रिक पार्टी,2516,78,M,False,Ganga Prasad Gurung,,,Kaski,,,4-कास्की-1,339807,40
342065,यज्ञ वहादुर गुरुङ्ग,Yajnya Vahadura Gurungg,नेशनल रिपब्लिक नेपाल,2504,35,M,False,केश वहादुर गुरुङ्ग,,,तनहुँ शुक्लागण्डकी नगरपालिका काप्रेक,,,4-कास्की-1,342065,41
341370,आश बहादुर दमै,Ash Bahadur Damai,नेपाल मानवतावादी पार्टी,2503,25,M,False,Ram Bahadur Damai,,,Kaski,Ram Kumari Damai,,4-कास्की-1,341370,63
342675,राम काजी चर्माकार,Ram Kaji Charmakar,"जनता समाजवादी पार्टी, नेपाल",2542,22,M,False,Krishna Bahadur Charmakar,,,Kaski,Bal Suba Charmakar,,4-कास्की-1,342675,48
341805,मिन बहादुर दर्जी,Min Bahadur Darji,नेपाल जनमुक्ति पार्टी,2529,21,M,False,Gambire Darji,,,Syangja,Kamala Devi Darji,,4-कास्की-1,341805,67
339683,उत्तम प्रसाद पौडेल,Uttam Prasad Paudel,राष्ट्रिय स्वतन्त्र पार्टी,2528,31911,M,True,Chiranjivi Prasad Upadhyaya,स्नातक रनिङ,,Kaski,Vishnu Gurung Paudel,KEF Education kaski,4-कास्की-2,339683,43
339977,रश्‍मि आचार्य,Rashmi Acharya,नेपाल कम्युनिष्ट पार्टी (एकीकृत मार्क्सवादी लेनिनवादी),2598,7493,M,False,Raghunath Acharya,"स्नातकोत्तर, पि.एच.डि स्कलर",त्रिभुवन विश्वविद्यालय,Kaski,Durga Paudel,"स्व.वि.यु. सभापति पृथ्वीनारायण क्याम्पस
उपाध्यक्ष अनेरास्ववियू केन्द्रिय कमिटि
केन्द्रिय सदस्य नेकपा (एमाले)",4-कास्की-2,339977,45
340510,माधव प्रसाद वांस्तोला,Madhav Prasad Bastola,नेपाली काँग्रेस,2583,6500,M,False,चन्द्रकान्त  वांस्तोला,स्नातकोत्तर,त्रिभुवन विश्वविद्यालय,कास्की पोखरा महानगरपालिका फूलवारी,सरस्‍वती  बराल,"अधिवक्ताको हैसियतले कानून व्यवसाय
स्थानीय तहको वडाध्यक्ष भै २०५४ सालको निर्वाचनमा निर्वाचित",4-कास्की-2,340510,58
340057,हेम जङग गुरुङ,Hem Jung Gurung,राष्ट्रिय प्रजातन्त्र पार्टी,2604,1643,M,False,देवी जङग गुरुङ,सिभिल इन्जिनियरिङ,ईन्डियन ईन्स्टीच्युट अफ ईन्जिनियरिङ,लमजुङ मर्स्याङदी गाउँपालिका मिर्चे,सुनिता  गुरुङ,विभिन्न सामाजिक एवं व्यवसायिक संघ संस्थाहरुको प्रमुख तथा सदस्य भै काम गरेको।,4-कास्की-2,340057,65
339624,हेम बहादुर थापा पराजुली,Hem Bahadur Thapa Parajuli,नेपाली कम्युनिष्ट पार्टी,2557,1276,M,False,Lila Bahadur Parajuli,स्नातक,पृथ्विनारायण क्याम्पस/पाटन संयुक्त क्याम्पस,Kaski,,,4-कास्की-2,339624,42
339808,कुशल गुरुङ्ग,Kushal Gurung,उज्यालो नेपाल पार्टी,2566,1201,M,False,Khem Bahadur Gurung,स्नातकोत्तर,त्रिभुवन विश्वविद्यालय,Kaski,Vidya Laxmi Gurung,,4-कास्की-2,339808,44
339855,विष्णु प्रसाद तिवारी,Bishnu Prasad Tiwari,स्वतन्त्र,IND,140,M,False,मुक्ति राम तिवारी,कक्षा १२ पास,"श्री त्रिभुवन उच्च मा.वी. शंकर पोखरी, पर्वत",कास्की पोखरा महानगरपालिका ,यशोदा कुमारी तिवारी,सामाजिक क्षेत्रमा निरन्तर काम गर्दै आएको।,4-कास्की-2,339855,45
341844,वसन्त राज घिमिरे,Basant Raj Ghimire,स्वतन्त्र,IND,133,M,False,केशव राज घिमिरे,एस.एल.सी.,संस्कृत मा.वि.,कास्की पोखरा महानगरपालिका बडालथर,कमला  घिमिरे पौडेल,,4-कास्की-2,341844,47
339438,ओल वहादुर गुरुङ,Ol Bahadur Gurung,मंगोल नेशनल अर्गनाइजेसन,2511,123,M,False,Hari Prasad Gurung,एस.एल.सी.,राष्ट्रिय परिक्षा बोर्ड,Rupandehi,Dipa Gurung,"एस एच ओ
क्राइसिस मेनेजमेन्ट
एस.टी.डब्ल्यू.",4-कास्की-2,339438,59
342169,दिपक भण्डारी,Dipak Bhandari,प्रगतिशील लोकतान्त्रिक पार्टी,2516,100,M,False,टोप बहादुर भण्डारी,SLC,,कास्की पोखरा महानगरपालिका घारीकुलो,देवी  भण्डारी,,4-कास्की-2,342169,48
341352,निरञ्जन कोइराला,Niranjan Koirala,स्वतन्त्र,IND,45,M,False,Indra Prasad Koirala,पि.एच.डि.,"Soul Moon University, South Korea",Kaski,,"देश तथा विदेशमा अध्ययन अध्यापन गरेको
देश तथा विदेशमा अनुसन्धान कार्य गरेको
विश्वको TOP २% वैज्ञानिक सूचीमा सुचिकृत",4-कास्की-2,341352,40
341735,प्रेम बहादुर थापा,Prem Bahadur Thapa,नेपाल कम्युनिस्ट पार्टी (माओवादी),2526,37,M,False,Bhaktiram Thapa,S.L.C.,अमरसिंह उच्च माध्यमिक विद्यालय,Baglung, ,"सवारी चालक
व्यवसाय
राजनीति, समाज सेवा",4-कास्की-2,341735,41
341249,ख्याम बहादुर गुरुङ्ग,Khyam Bahadur Gurung,नेपाल जनमुक्ति पार्टी,2529,26,M,False,Thag Bahadur Gurung,SLC,"बालसिद्ध मा.बि. केवरे, स्याङ्जा",Syangja,Manila Gurung,"भारतीय भु.पू.
२०७४ सालमा ने.क.पा. माओवादी केन्द्रको उम्मेदवार
२०७९ सालमा मंगोल नेसनल अर्गनाईजेसनको प्रदेश उम्मेदवार",4-कास्की-2,341249,56
342088,ज्ञान राज गुरुङ्ग,Jnyana Raja Gurungg,नेशनल रिपब्लिक नेपाल,2504,19,M,False,कृष्‍ण बहादुर गुरुङ्ग,९,,स्याङजा वालिङ नगरपालिका तल्‍लोच्‍यारे,खगीसरा  गुरुङ्ग,"सैनिक
प्राकृतिक चिकित्सा
कृषि",4-कास्की-2,342088,57
340935,राम चन्द्र आचार्य,Ram Chandra Acharya,स्वतन्त्र,IND,19,M,False,Hariram Acharya,आइ.ए.,त्रिभुवन विश्वविद्यालय,Kaski,,कृषक तथा समाज सेवा,4-कास्की-2,340935,35
341468,निर्दोष विक्रम पौडेल,Nirdosh Bikram Paudel,स्वतन्त्र,IND,6,M,False,Arjun Kumar Paudel,१२ उतिर्ण (बि.बि.एस. चौथो वर्ष रनिङ),जनप्रिय क्याम्पस,Kaski,,,4-कास्की-2,341468,26
339579,बिनिता  अवाल ,Binita Awal,नेपाल मजदुर किसान पार्टी,2578,3,F,False,Biku Bahadur Awal,एस.एल.सी.,बागीश्वरी मा.वि. भक्तपुर,Bhaktapur,,"जेष्ठ नागरिक हेरचाह सम्बन्धी तालिम
कम्प्युटर बेसिक
सिलाई बुनाई",4-कास्की-2,339579,30
339651,बिना गुरुङ्ग,Bina Gurung,राष्ट्रिय स्वतन्त्र पार्टी,2528,37750,F,True,Jang Bir Gurung,+2,Prithivi Narayan Campus,Parbat,Dhan Bahadur Gurung,"व्यवसाय
 समाजसेवा 
लगानी",4-कास्की-3,339651,53
341174,मनोज गुरुङ्ग,Manoj Gurung,नेपाली काँग्रेस,2583,12780,M,False,Phaud Singh Gurung,एस.एल.सी,,Kaski,,पार्टी,4-कास्की-3,341174,58
340052,दामोदर पौडेल वैरागी,Damodar Paudel Bairagi,नेपाल कम्युनिष्ट पार्टी (एकीकृत मार्क्सवादी लेनिनवादी),2598,7906,M,False,Chakrapani Paudel,साक्षर,,Kaski,Chuda Kumari Paudel (Acharya),राजनिति,4-कास्की-3,340052,59
340861,गोपाल गिरी,Gopal Giri,नेपाली कम्युनिष्ट पार्टी,2557,1456,M,False,Hari Lal Giri,आइ एल,पृथ्वी नारायण क्याम्पस,Kaski,Purna Kumari Giri,"कानून व्यवसायी
सामाजिक अभियन्ता
अध्यापन",4-कास्की-3,340861,70
341062,अर्जुन प्रसाद खनाल,Arjun Prasad Khanal,राष्ट्रिय प्रजातन्त्र पार्टी,2604,1406,M,False,Jay Lal Khanal,स्नाकोत्तर,त्रि.वि.वि,Syangja,,"व्यवसाय
कानून
राजनिति",4-कास्की-3,341062,36
342262,हित काजी गुरुङ्ग,Hit Kaji Gurung,श्रम संस्कृति पार्टी,2501,586,M,False,Jakt Singh Gurung,10,श्र बराह मा.वि,Kaski,,पुर्व सैनिक,4-कास्की-3,342262,61
340489,तर्क बहादुर गुरुङ्ग,Tark Bahadur Gurung,उज्यालो नेपाल पार्टी,2566,462,M,False,गणेश बहादुर गुरुङ्ग,एस.एल.सी,गौरी शंकर मा.वि,कास्की माछापुछ्रे गाउँपालिका कगन,देउता कुमारी गुरुङ्ग,,4-कास्की-3,340489,63
341679,कमल खड्‍का विश्‍वकर्मा,Kamal Khadka BK,नेपाल कम्युनिस्ट पार्टी (माओवादी),2526,91,M,False,धन बहादुर विश्‍वकर्मा,साक्षर,,कास्की पोखरा महानगरपालिका पिपलडाली,पूर्न खड्का विश्‍वकर्मा,,4-कास्की-3,341679,46
341288,जीवन बहादुर गुरुङ,Jeevan Bahadur Gurung,मंगोल नेशनल अर्गनाइजेसन,2511,76,M,False,डम्मर बहादुर गुरुङ,+2,नारायण उच्च मा.वि,स्याङजा वालिङ नगरपालिका ,चुन मायाँ कुँवर,,4-कास्की-3,341288,52
339910,टेक बहादुर सार्की,Tek Bahadur Sarki,संयुक्त नागरिक पार्टी,2521,63,M,False,Gangabir Sarki,कक्षा ६,प्रगति शिक्षा सदन मा.वि,Myagdi,Shanti Sarki,"खेतिपाती
",4-कास्की-3,339910,62
340721,ओम प्रकाश विश्वकर्मा,Om Prakash Bishwakarma,नेपाल मातृभूमि पार्टी,2565,23,M,False,चित्र बहादुर विश्वकर्मा,स्नातक,त्रि.वि.वि.,कास्की पोखरा महानगरपालिका निर्वाने,पार्वती  सुनार,"वैदेशिक रोजगार
अन्तराष्ट्रिय व्यवसाय",4-कास्की-3,340721,50
341347,मिन बहादुर थापा,Min Bahadur Thapa,नेपाल जनमुक्ति पार्टी,2529,20,M,False,Rudra Bahadur Thapa,+2,भैरहवा साईन्स हार्यर सेकेन्डरी स्कुल,Syangja,Renuka Thapa Magar,,4-कास्की-3,341347,40
341407,तिरथ गुरुङ्ग,Tirath Gurung,नेशनल रिपब्लिक नेपाल,2504,13,F,False,Dil Prasad Gurung,+2,भारत,Syangja,,"समाजसेवा
खेलकुद",4-कास्की-3,341407,42
340179,कुसल थापा क्षेत्री,Kusal Thapa Chhetri,आम जनता पार्टी(एकल चुनाव चिन्ह),2581,12,M,False,Ram Bahadur Thapa Chhetri,कक्षा १०,,Kaski,Rina Thapa Chhetri,"कृषि
व्यापार",4-कास्की-3,340179,53
340328,मिना न्हिसुतु,Meena Nhisutu,नेपाल मजदुर किसान पार्टी,2578,5,F,False,जित बहादुर न्हिसुतु,+ २ उत्तिण,वागेश्वरी मा.वि.भक्तपुर,भक्तपुर भक्तपुर नगरपालिका लिवाली,उत्तम  दुवाल,"जेष्ठ नागरिक हेरचाह तालिम
सिलाई",4-कास्की-3,340328,45
340905,स्वर्णिम वाग्ले,Svarnima Vagle,राष्ट्रिय स्वतन्त्र पार्टी,2528,38040,M,True,जीवन राज वाग्ले,phd,अष्ट्रेलियन नेशनल युनिभर्सिटी,गोरखा शहिद लखन गाउँपालिका बुङ्गकोट,शची  वाग्ले,,4-तनहुँ-1,340905,51
341255,गोविन्द भट्टराई,Govind Bhattarai,नेपाली काँग्रेस,2583,16231,M,False,नारायण दत्त भट्टराई,स्नातकोक्तर,त्रि.वि,तनहुँ व्यास नगरपालिका मिलनटार,रामेश्‍वरी  भट्टराई,,4-तनहुँ-1,341255,62
340626,भगवती न्यौपाने,Bhagavati Nyaupane,नेपाल कम्युनिष्ट पार्टी (एकीकृत मार्क्सवादी लेनिनवादी),2598,5830,F,False,तिलक प्रसाद न्यौपाने,एम एड,महेन्द्र रत्न क्याम्पस काठमाडौं,तनहुँ भानु नगरपालिका देउरालीटार,,,4-तनहुँ-1,340626,49
340708,विद्या नाथ ढकाल,Bidya Nath Dhakal,नेपाली कम्युनिष्ट पार्टी,2557,2393,M,False,मुक्ति नाथ ढकाल,स्नातक,त्रिभुवन विश्वविद्यालय,तनहुँ भानु नगरपालिका ढकालथर,शान्ता  ढकाल,,4-तनहुँ-1,340708,65
340552,काशीराम गुरुङ,Kashiram Gurung,श्रम संस्कृति पार्टी,2501,967,M,False,Kal Bahadur Gurung,८ पास,राम शाह मा.वि,Tanahun,Babina Gurung,,4-तनहुँ-1,340552,41
340243,रामदत्त जोशी,Ramdatta Joshi,राष्ट्रिय प्रजातन्त्र पार्टी,2604,826,M,False,शंकर दत्त जोशी,B.A,T.U,कञ्चनपुर बेलौरी नगरपालिका ,,,4-तनहुँ-1,340243,35
340287,मन्‍जिल राना,Manjil Rana,उज्यालो नेपाल पार्टी,2566,508,M,False,Govardhan Rana,एम ए,पाटन क्याम्पस,Tanahun,-  -,,4-तनहुँ-1,340287,37
339604,प्रेम बहादुर थापा,Prem Bahadur Thapa,मंगोल नेशनल अर्गनाइजेसन,2511,170,M,False,Diwal Singh Thapa,साधारण,,Tanahun,So Maya Thapa,,4-तनहुँ-1,339604,44
339562,दिपक राज जोशी,Dipak Raj Joshi,स्वतन्त्र,IND,113,M,False,गोविन्द राज जोशी,स्नातकोक्तर,कोलोराडो टेक्निकल युनिभरसीटी (यूएसएस),तनहुँ व्यास नगरपालिका ,सुधा  जोशी,"सिस्टम परफरमेन्स इन्जिनियरको ५ वर्ष 
एप्लिकेसन डेभलपर",4-तनहुँ-1,339562,56
342061,ओम विक्रम पन्त,Om Bikram Panta,नेपाल कम्युनिस्ट पार्टी (माओवादी),2526,112,M,False,Buddhi Bahadur Pant,एस एल सी,,Tanahun,Dilu Pant,,4-तनहुँ-1,342061,58
339895,याम बहादुर आले,Yam Bahadur Ale,नेपाल जनमुक्ति पार्टी,2529,76,M,False,Ut Bahadur Ale,म्याट्रिक, आर्मि स्कूल भारत,Tanahun,Radhi Ale,"२८ वर्ष भारतीय सेनामा कार्य गरेको 
निर्माण स्वरोजगार समितिमा कार्य गरेको ।",4-तनहुँ-1,339895,68
341418,सन्देश रानाभाट लौडारी,Sandesh Ranabhat Laudari,स्वतन्त्र,IND,73,M,False,Shankar Ranabhat,ब्याचलर,पोखरा युनिर्भिसिटी,Tanahun,,,4-तनहुँ-1,341418,29
340770,राम लक्ष्मी दुवाल,Rama Lakshmi Duval,नेपाल मजदुर किसान पार्टी,2578,29,F,False,राम प्रसाद दुवाल,मास्टर डिग्री,ख्वप कलेज,भक्तपुर भक्तपुर नगरपालिका मंगलाछे,,,4-तनहुँ-1,340770,39
341545,सुमन थापा मगर,Suman Thapa Magar,नेशनल रिपब्लिक नेपाल,2504,23,M,False,Khem Bahadur Thapa,एस एल सी,,Tanahun,,,4-तनहुँ-1,341545,41
342096,लेख नाथ खनाल,Lekhnath Khanal,स्वतन्त्र,IND,18,M,False,Shri Nath Khanal,साक्षर,,Tanahun,Sima Khanal,,4-तनहुँ-1,342096,71
341349,चिजा माया अधिकारी,Chija Maya Adhikari,आम जनता पार्टी(एकल चुनाव चिन्ह),2581,10,F,False,Ram Bahadur Basnet,,,Tanahun,Prem Bahadur Adhikari,,4-तनहुँ-1,341349,43
341124,श्रीराम न्यौपाने,Shrirama Nyaupane,राष्ट्रिय स्वतन्त्र पार्टी,2528,32687,M,True,गोविन्द प्रसाद न्यौपाने,जलस्रोत ईन्जिनियरिङमा डिग्री,"पुल्चोक क्याम्पस, इ.अ.सं., त्रि.वि.वि.",तनहुँ भानु नगरपालिका ,शीला  न्यौपाने कोइराला,"क) नेपाल सरकार खानेपानी विभागको इन्जिनियर
ख) इन्जिनियरिङ शिक्षा क्षेत्रमा प्राध्यापन
ग) मेलम्ची खानेपानी र नागढुङ्गा सुरुङ मार्गको सुरुङ निर्माणमा आयोजना निर्देशक
घ) जलविद्य‍ुत आयोजनाको प्रवर्द्वक र निर्माण व्यवसायी",4-तनहुँ-2,341124,56
341920,शंकर भण्डारी,Shankar Bhandari,नेपाली काँग्रेस,2583,14135,M,False,Dayanidhi Bhandari,स्‍नातक,"त्रिचन्द्र क्याम्पस, काठमाडौं",Tanahun,Anjana Upreti (Bhandari),,4-तनहुँ-2,341920,57
340267,केदार सिग्देल,Kedar Sigdel,नेपाल कम्युनिष्ट पार्टी (एकीकृत मार्क्सवादी लेनिनवादी),2598,11668,M,False,Bhoj Raj Sigdel,स्‍नातकोत्तर,त्रिभुवन विश्वविद्यालय,Tanahun,Mithu Maya Sigdel,"क) राजनिति-वैचारिक राजनैतिक र सांगठनिक काम
ख) समाज सेवा- विभिन्‍न सामाजिक संघसंस्थामा आवद्ध
ग) विकास निर्माण- सडक तथा पुर्वाधार विकासमा कृयाशिल
घ) श्रमप्रति आस्था, उत्पादन कार्यमा रुची",4-तनहुँ-2,340267,62
340939,सोम बहादुर थापा,Som Bahadur Thapa,नेपाली कम्युनिष्ट पार्टी,2557,1953,M,False,Man Bahadur Thapa,पी.एच.डी. स्कलर,त्रिभुवन विश्वविद्यालय,Tanahun,Keshari Pun Thapa,,4-तनहुँ-2,340939,49
339698,याम बहादुर ठकुरी,Yam Bahadur Thakuri,राष्ट्रिय प्रजातन्त्र पार्टी,2604,1117,M,False,Dhal Bahadur Khan,I.A.,त्रिभुवन विश्वविद्यालय,Tanahun,Sita Kumari Hamal,"क) शिक्षण पेशा
ख) राजनिती/समाजसेवा",4-तनहुँ-2,339698,58
340420,सुस्मा आले,Susma Ale,मंगोल नेशनल अर्गनाइजेसन,2511,495,F,False,Padam Bahadur Ale,बि.एड.,"श्री आदिकवी भानुभक्त क्याम्पस, तनहुँ",Tanahun,,,4-तनहुँ-2,340420,28
339815,पुर्ण बहादुर राना,Purna Bahadur Rana,नेपाल जनमुक्ति पार्टी,2529,172,M,False,Lok Bir Rana,एम.ए.,त्रिभुवन विश्वविद्यालय,Tanahun,Chija Gurung,"क) खेती किसानी
ख) शिक्षण
ग) कुकिङ्ग
घ) राजनिती",4-तनहुँ-2,339815,46
341651,गणेश बहादुर लामगादे,Ganesh Bahadur Lamgade,नेपाल कम्युनिस्ट पार्टी (माओवादी),2526,122,M,False,Bil Bahadur Kami,S.L.C,"श्री जनप्रेमी मा.वि., फिरफिरे, तनहुँ",Tanahun,Sabitri Lamgade,"क) सामाजिक काम
ख) सवारी चालक",4-तनहुँ-2,341651,49
340579,नम बहादुर राना,Nam Bahadur Rana,नेशनल रिपब्लिक नेपाल,2504,105,M,False,Krishna Bahadur Rana,१० पास,श्री खैरेनीटार माध्यमिक विद्यालय,Tanahun,Milan Rana,,4-तनहुँ-2,340579,48
339433,लाल बहादुर सार्की (गोतामे),Lal Bahadur Sarki (Gotame),राष्ट्रिय जनमुक्ति पार्टी,2605,95,M,False,Bhim Bahadur Sarki,SLC,श्री जनज्योती उच्च माध्यमिक विद्यालय,Tanahun,Sunita Nepali,"क) कृषि
ख) शिक्षक
ग) कलाकारिता
घ) हाउस वायरिङ",4-तनहुँ-2,339433,40
340778,लक्ष्मण अधिकारी,Laxman Adhikari,नेपाल मजदुर किसान पार्टी,2578,30,M,False,Purna Kant Adhikari,दश कक्षा उत्तीर्ण,"श्री महेन्द्र ज्योती मा.वि., शिशाघाट, तनहुँ",Tanahun,Vishnu / Shobha Maya Adhikari,"क) विद्यालय संचालक समिति अध्यक्ष/सदस्य
ख) वन समिति सदस्य
ग) बाटो निर्माण समिति
घ) लेखापढी व्यवसायी",4-तनहुँ-2,340778,64
339751,धनन्जय रेग्मी,Dhananjaya Regmi,राष्ट्रिय स्वतन्त्र पार्टी,2528,29071,M,True,Gokul Prasad Regmi,PHD ,Hokkaido University japal ,Syangja,Sabina Regmi,,4-स्याङजा-1,339751,50
340298,भरत राज ढकाल,Bharat Raj Dhakal,नेपाली काँग्रेस,2583,18857,M,False,Rudra Prasad Dhakal,MBA,Sikkim manipal university,Syangja,Shanti Sharma,,4-स्याङजा-1,340298,52
340156,मिन प्रसाद गुरुङ्ग,Min Prasad Gurung,नेपाल कम्युनिष्ट पार्टी (एकीकृत मार्क्सवादी लेनिनवादी),2598,16804,M,False,Dal Bahadur Gurung,MA LLB,T U,Syangja,Bimala Gurung,,4-स्याङजा-1,340156,62
339596,शैलेन्‍द्र घिमिरे,Sailendra Ghimire,नेपाली कम्युनिष्ट पार्टी,2557,1552,M,False,पुण्‍य प्रसाद घिमिरे,B.A,T.U,स्याङजा अर्जुनचौपारी गाउँपालिका ,संगीता  खडका,राजनीतिक दलमा लामो समय देखी आबद्ध,4-स्याङजा-1,339596,51
340676,हुकुम बहादुर राना,Hukum Bahadur Rana,राष्ट्रिय प्रजातन्त्र पार्टी,2604,698,M,False,Dhan Bahadur Rana,S.L.C,Hich School,Syangja,Goma Devi Rana,,4-स्याङजा-1,340676,55
342462,पिरन गुरुङ्ग,Piran Gurung,श्रम संस्कृति पार्टी,2501,489,M,False,Jit Bahadur Gurung,SLC,High School,Syangja,Bhamati Gurung,,4-स्याङजा-1,342462,49
340550,याम बहादुर गुरुङ्ग,Yam Bahadur Gurung,मंगोल नेशनल अर्गनाइजेसन,2511,216,M,False,Dil Bahadur Gurung,8 Pass,High School,Syangja, ,,4-स्याङजा-1,340550,53
341698,रविन्द्र मल्ल,Rabindra Malla,उज्यालो नेपाल पार्टी,2566,176,M,False,Nar Bahadur Malla,+2,TU,Kaski,Shashi Shrestha Malla,,4-स्याङजा-1,341698,59
340102,अर्जुन कुमार गुरुङ,Arjun Kumar Gurung,नेशनल रिपब्लिक नेपाल,2504,61,M,False,Dambar Bahadur Gurung,8 pass ,High School,Syangja,Prema Kumari Gurung,,4-स्याङजा-1,340102,57
341803,सोम बहादुर परियार,Som Bahadur Pariyar,नेपाल कम्युनिस्ट पार्टी (माओवादी),2526,57,M,False,Kuche Damai,Simple,,Syangja,Sunita Pariyar,,4-स्याङजा-1,341803,42
341925,रन बहादुर विश्‍वकर्मा,Rana Bahadura Vish‍vakarma,प्रगतिशील लोकतान्त्रिक पार्टी,2516,30,M,False,काजीमान  विश्‍वकर्मा,MA,TU,स्याङजा फेदीखोला गाउँपालिका जोगीथोक,तारा देवी विश्‍वकर्मा,,4-स्याङजा-1,341925,54
340823,अशोक विष्ट,Ashoka Visht,स्वतन्त्र,IND,25,M,False,अम्वर बहादुर विष्ट,M.A,T.U,स्याङजा अर्जुनचौपारी गाउँपालिका सिमलचौर,,,4-स्याङजा-1,340823,28
341404,झवि लाल डुम्रे,Jhabi Lal Dumre,राष्ट्रिय स्वतन्त्र पार्टी,2528,25354,M,True,Tej Lal Dumre,Masters,T.U.,Syangja,,,4-स्याङजा-2,341404,33
339732,भागवत प्रकाश मल्ल,Bhagwat Prakash Malla,नेपाली काँग्रेस,2583,20830,M,False,गजिन्द्र प्रकाश मल्ल,Bachelor,T.U.,स्याङजा चापाकोट नगरपालिका खाम्चेडाँडा,पुष्पा कुमारी सेन मल्ल,,4-स्याङजा-2,339732,49
340887,खिम बहादुर थापा,Khim Bahadur Thapa,नेपाल कम्युनिष्ट पार्टी (एकीकृत मार्क्सवादी लेनिनवादी),2598,14108,M,False,Deu Singh Thapa,,,Syangja,Ruk Maya Thapa,,4-स्याङजा-2,340887,57
339529,पदम बहादुर वि.क.,Padama Bahadura Vi.ka.,नेपाली कम्युनिष्ट पार्टी,2557,848,M,False,शालिक राम सुनार,"स्नातकोत्तर, राजनीतिक शास्त्र",TU,स्याङजा कालीगण्डकी गाउँपालिका लिउखर्क,यशोदा  घिमिरे,२०५६ साल देखि दलित आन्दोलन र माओवादी आन्दोलन समाहित भएकव सहित,4-स्याङजा-2,339529,45
340562,रविन पाठक,Ravina Pathak,राष्ट्रिय प्रजातन्त्र पार्टी,2604,566,M,False,दुर्गा प्रसाद पाठक,Bachelor,TU,स्याङजा वालिङ नगरपालिका उदियाचौर,लक्ष्मी  पाठक तिवारी,,4-स्याङजा-2,340562,42
340061,तेज बहादुर थापा,Tej Bahadur Thapa,नेशनल रिपब्लिक नेपाल,2504,200,M,False,Mat Bahadur Thapa,SLC,SLC,Syangja,Keshari Kumari Thapa,,4-स्याङजा-2,340061,61
340157,खर्क वहादुर थापा,Kharka Bahadur Thapa,मंगोल नेशनल अर्गनाइजेसन,2511,132,M,False,Netra Bahadur Thapa,12,भारत,Syangja,Prem Kumari Thapa,,4-स्याङजा-2,340157,55
340457,राजेन्द्र प्रसाद गैह्रे,Rajendra Prasad Gaire,राष्ट्रिय जनमोर्चा,2522,71,M,False,इश्वरी प्रसाद गैह्रे,12,TU,स्याङजा वालिङ नगरपालिका आम्वोट,तेज कुमारी गैह्रे,,4-स्याङजा-2,340457,71
339676,खिम बहादुर क्षेत्री,Khim Bahadur Chhetri,स्वतन्त्र,IND,67,M,False,Padam Bahadur Chhetri,MA,TU,Syangja,Purna Kala Acharya (Chhetri),,4-स्याङजा-2,339676,53
339468,हरिदेव थापा,Haridev Thapa,राष्ट्रिय जनमुक्ति पार्टी,2605,65,M,False,Sant Bahadur Thapa,SLC,SLC,Syangja,Bel Kumari Thapa,,4-स्याङजा-2,339468,57
339997,धन बहादुर थापा,Dhan Bahadur Thapa,जय मातृभूमि पार्टी,2510,16,M,False,Badal Singh Saru,12,HSEB,Syangja,Rita Thapa,,4-स्याङजा-2,339997,71
341013,सागर थापा मगर,Sagar Thapa Magar,स्वतन्त्र,IND,9,M,False,Dhan Bahadur Thapa Gaha,12,"Allahabad Univerisity, UP",Syangja,,,4-स्याङजा-2,341013,25
341377,सागर ढकाल,Sagar Dhakal,राष्ट्रिय स्वतन्त्र पार्टी,2528,29642,M,True,Topraj Dhakal,MSC,Oxford University UK,Rupandehi,,उर्जा तथा जलस्रोत क्षेत्रमा १० वर्ष भन्दा बढिको अनुभव १० भन्दा बढि देशहरुमा अनुभव,5-गुल्मी-1,341377,34
340067,प्रदिप कुमार ज्ञवाली,Pradipa Kumara Jnyavali,नेपाल कम्युनिष्ट पार्टी (एकीकृत मार्क्सवादी लेनिनवादी),2598,15181,M,False,नारायणदत्त  ज्ञवाली,स्वअध्ययन,,गुल्मी रुरुक्षेत्र गाउँपालिका चौतारा,सरस्वती  ज्ञवाली (अर्याल),"प्रतिनिधि सभा सदस्य (२०५६ र २०७४)
संविधान सभा सदस्य (२०६४)
परराष्ट्र मन्‍‍त्री (२०७४) पर्यटन मन्‍‍‍त्री (२०६३)",5-गुल्मी-1,340067,64
339864,चन्द्रकान्त भण्डारी,Chandrakant Bhandari,नेपाली काँग्रेस,2583,13505,M,False,इश्वरी प्रसाद भण्डारी,पि.एच.डि.,T.U.,गुल्मी छत्रकोट गाउँपालिका ,लक्ष्मी  पाण्डे /भण्डारी,,5-गुल्मी-1,339864,64
340329,सुदर्शन वराल,Sudarsan Baral,नेपाली कम्युनिष्ट पार्टी,2557,3167,M,False,भानुभक्त  वराल,स्‍नातकोत्तर,T.U.,गुल्मी चन्द्रकोट गाउँपालिका ,लिला  वराल,संविधान सभा सदस्य (२०६४) लुम्बिनी प्रदेशको सामाजिक विकास मन्त्री र राजनितिक अनुभव,5-गुल्मी-1,340329,49
339441,शेर बहादुर थापा,Sher Bahadur Thapa,राष्ट्रिय जनमोर्चा,2522,671,M,False,Hire Thapa,आई.ए.,जनकल्याण मा.वि.,Gulmi,Tara Thapa,,5-गुल्मी-1,339441,46
341273,घन श्‍याम गौतम,Ghana Shyam Gautam,स्वतन्त्र,IND,362,M,False,देवि दत्त गौतम,आई.ए.,आर.आर. क्याम्पस,गुल्मी चन्द्रकोट गाउँपालिका डाँडावन,राधिका  गौतम,सामाजिक सेवा,5-गुल्मी-1,341273,60
339834,अजित कुमार श्रेष्‍ठ,Ajit Kumar Shrestha,राष्ट्रिय प्रजातन्त्र पार्टी,2604,130,M,False,Raj Kumar Shrestha,एस.एल.सी.,रिडी मा.वि.,Gulmi,Mina Shrestha,,5-गुल्मी-1,339834,60
339726,लोक बहादुर थापा,Lok Bahadur Thapa,नेशनल रिपब्लिक नेपाल,2504,72,M,False,Lal Bahadur Thapa,सामान्य ,ग्वाघा मा.वि.,Gulmi,Nanu Maya Thapa,,5-गुल्मी-1,339726,39
341183,खडक वहादुर गुरुङ,Khadak Bahadur Gurung,मंगोल नेशनल अर्गनाइजेसन,2511,39,M,False,Khem Bahadur Gurung,स्नातक,एफ.एफ.सी. पुना,Syangja,Din Maya Gurung,,5-गुल्मी-1,341183,54
340242,टोप बहादुर थापा,Top  Bahadur Thapa,स्वतन्त्र,IND,25,M,False,Jog Bahadur Thapa,८ पास,महेन्द्र मा.वि. गुल्मी तमघास,Gulmi,Netra Kumari Thapa,,5-गुल्मी-1,340242,49
342043,चेतन बहादुर बस्नेत,Chetan Bahadur Basent,स्वतन्त्र,IND,23,M,False,वीर बहादुर बस्नेत,एस.एल.सी.,,गुल्मी चन्द्रकोट गाउँपालिका गेखुङ्ग,लुमा देवी बस्नेत,,5-गुल्मी-1,342043,61
339410,मैया लक्ष्मी त्यात,Maiya Laxmi Tyat,नेपाल मजदुर किसान पार्टी,2578,21,F,False,आश कुमार त्यात,I.A.,bhaktapur campus,भक्तपुर भक्तपुर नगरपालिका ,राकेश  कोजु,,5-गुल्मी-1,339410,43
340659,सिखा रेश्मी,Sikha Reshmi,आम जनता पार्टी(एकल चुनाव चिन्ह),2581,20,F,False,भिम बहादुर थापा,एस.एल.सी.,दौघा मा.वि.,गुल्मी गुल्मी दरबार गाउँपालिका जिमी,विष्णु  रेश्मी,,5-गुल्मी-1,340659,39
340700,प्रेमलाल भण्‍डारी,Prem Lall Bhandari,स्वतन्त्र,IND,6,M,False,बेद प्रसाद भण्‍डारी,I.A.,बुटवल बहुमुखी क्याम्पस,गुल्मी छत्रकोट गाउँपालिका डोम्‍मी,केशरी  भण्‍डारी,,5-गुल्मी-1,340700,59
342105,लक्ष्मण भण्डारी,Laxman Bhandari,स्वतन्त्र,IND,6,M,False,Buddhi Prasad Bhandari,एस.एल.सी.,,Gulmi,Gita Bhandari,व्यापार,5-गुल्मी-1,342105,50
341115,मेघ बहादुर गाहा,Mekh Bahadur Gaha,स्वतन्त्र,IND,4,M,False,नारायण सिं गाहा,एस.एल.सी.,,गुल्मी गुल्मी दरबार गाउँपालिका पुर्खे,धनीकला  गाहा,,5-गुल्मी-1,341115,65
341702,यम बहादुर श्रेष्‍ठ,Yagya Bahadur Shrestha,स्वतन्त्र,IND,4,M,False,शेर बहादुर श्रेष्‍ठ,,,गुल्मी रुरुक्षेत्र गाउँपालिका बलेटक्सार,तुलसी कुमारी श्रेष्‍ठ,,5-गुल्मी-1,341702,58
340910,कृष्ण बहादुर सुनार,Krishna Bahadur Sunar,स्वतन्त्र,IND,1,M,False,Dhan Bahadur Sunar,९ पास,श्रृङ्गा जनता मा.वि. छत्रकोट,Gulmi,Harimaya Sunar,कृषि,5-गुल्मी-1,340910,53
342009,सुर्य बहादुर सोनी सुनार,Surya Bahadura Soni Sunar,स्वतन्त्र,IND,1,M,False,पुनाराम  सुनार,,,गुल्मी कालीगण्डकी गाउँपालिका मन्धारा आरनटोल,पवित्रा  सोनी सुनार,,5-गुल्मी-1,342009,50
340500,प्रेम प्रसाद श्रेष्‍ठ,Prem Prasad Shrestha,स्वतन्त्र,IND,0,M,False,Chandraman Shrestha,साक्षार,,Gulmi,Meena Kumari Shrestha,,5-गुल्मी-1,340500,64
341064,विमल ज्ञवाली,Vimala Jnyavali,स्वतन्त्र,IND,0,M,False,टिकाराम  उपाध्याय,स्नातक,T.U.,गुल्मी रुरुक्षेत्र गाउँपालिका ब्याडमाथी,,,5-गुल्मी-1,341064,39
341282,गोविन्द पन्थी,Govinda Panthi,राष्ट्रिय स्वतन्त्र पार्टी,2528,16967,M,True,Shomakhar Panthi,MPA/BL,T.U,Gulmi,Sharda Marasini,प्रहरी सेवा/कानून व्यवसाही,5-गुल्मी-2,341282,51
340185,गोकर्ण राज विष्‍ट,Gokarnaraj Bista,नेपाल कम्युनिष्ट पार्टी (एकीकृत मार्क्सवादी लेनिनवादी),2598,16406,M,False,भिम बहादुर विष्‍ट,B.L/M.Com (अध्ययनरत),T.U,गुल्मी इस्मा गाउँपालिका वाज,प्रतिमा  श्रेष्‍ठ (विष्‍ट),"मन्त्री २ पटक, ३ पटक प्रतिनिधि सभा सदस्य, १ पटक संविधानसभा सदस्य",5-गुल्मी-2,340185,60
340000,भुवन प्रसाद श्रेष्ठ,Bhuwan Prasad Shrestha,नेपाली काँग्रेस,2583,14434,M,False,मथुरा प्रसाद श्रेष्ठ,,,गुल्मी रेसुङ्गा नगरपालिका पुतलीबजार,संगीता  श्रेष्ठ,,5-गुल्मी-2,340000,59
340559,श्रीराम महत,Shrirama Mahat,नेपाली कम्युनिष्ट पार्टी,2557,3081,M,False,मोति बहादुर महत,स्नातकोत्तर (अंग्रेजी),T.U,गुल्मी मुसिकोट नगरपालिका अमराई,शोभा  महत,"राजनीतिक, सामाजिक",5-गुल्मी-2,340559,34
339681,लाल बहादुर थापा क्षत्री,Bhagirath Thapa,राष्ट्रिय जनमोर्चा,2522,354,M,False,Hira Bahadur Thapa,+2,बैदेशिक,Gulmi,Radhika Thapa,"बैदेशिक रोजगार, व्यवसाय",5-गुल्मी-2,339681,49
341711,सन्ते नेपाली,Sante Nepali,नेपाल कम्युनिस्ट पार्टी (माओवादी),2526,223,M,False,Jumle Sarki,आठ पास,,Gulmi,Kamala Nepali,,5-गुल्मी-2,341711,52
340699,जनक सेन,Janak Sen,राष्ट्रिय प्रजातन्त्र पार्टी,2604,202,M,False,Khim Bahadur Oli,बि.ए.,पृथ्वी मा.वि.,Gulmi,,,5-गुल्मी-2,340699,35
341916,कर्ण  बहादुर  थापा,Karna Bahadur Thapa,उज्यालो नेपाल पार्टी,2566,123,M,False,Yam Bahadur Thapa,एस.एल.सी.,पृथ्वी मा.वि.,Gulmi,Krishna Kumari Thapa,भारतीय पुर्व सैनिक,5-गुल्मी-2,341916,40
339636,बेद बहादुर थापा,Bed Bahadur Thapa,मंगोल नेशनल अर्गनाइजेसन,2511,37,M,False,Ravilal Thapa,साक्षर,नयाँगाउँ मा.वि.नयाँगाउँ,Gulmi,Hima Thapa,,5-गुल्मी-2,339636,55
342008,भागिरथ थापा,Bhagirath Thapa,स्वतन्त्र,IND,30,M,False,Hira Bahadur Thapa,,,Gulmi,Radhika Thapa,,5-गुल्मी-2,342008,42
340641,पदम थापा मगर,Padam Thapa Magar,नेशनल रिपब्लिक नेपाल,2504,23,M,False,Vir Bahadur Thapa Magar,+2,पाञ्चायन मा.वि,Gulmi,Renu Thapa Magar,"राजनीतिक, व्यापार र चालक",5-गुल्मी-2,340641,49
341456,कुमारी हरिकला श्रीस मगर,Kumari Harikala Shrees Magar,स्वतन्त्र,IND,19,F,False,निम बहादुर घर्ती,,,गुल्मी धुर्कोट गाउँपालिका डाँडाथोक,रन बहादुर श्रीस मगर,,5-गुल्मी-2,341456,54
341785,लोक बहादुर पुन,Lok Bahadur Pun,स्वतन्त्र,IND,9,M,False,Bal Bahadur Pun,एस.एल.सी.,,Gulmi,Sumitra Pun,,5-गुल्मी-2,341785,50
341383,मालता घिमिरे,Malata Ghimire,स्वतन्त्र,IND,7,F,False,पाराश्‍वर  भट्टराई,साक्षर,,गुल्मी मदाने गाउँपालिका धाराखर्क,महनलाल  घिमिरे,,5-गुल्मी-2,341383,50
340753,श्री खुविराम  आचार्य,Shri Khuvirama Aachary,स्वतन्त्र,IND,6,M,False,नेत्र  प्रसाद  आचार्य ,आइ.ए.,रेसुङ्गा बहुमुखी क्याम्पस,गुल्मी रेसुङ्गा नगरपालिका साउनेथुम,शारदा   आचार्य ,,5-गुल्मी-2,340753,55
341038,महेश्‍वर घिमिरे,Maheshswar Ghimire,स्वतन्त्र,IND,5,M,False,मुक्त्तिराम  घिमिरे,+2,रेसुङ्गा बहुमुखि क्याम्पस,गुल्मी रेसुङ्गा नगरपालिका उदिनढुङ्गा,बसुन्धरा  घिमिरे,,5-गुल्मी-2,341038,46
341096,राम प्रसाद पोख्रेल,Ram Prasad Pokharel,स्वतन्त्र,IND,4,M,False,भुपे  जैसी,S.L.C,महेन्द्र मा.वि.,गुल्मी रेसुङ्गा नगरपालिका भुवनपानी,कुमारी  पोखरेल,,5-गुल्मी-2,341096,47
342038,सरस्वती लम्साल,Sarasswati Lamsal,स्वतन्त्र,IND,4,F,False,इन्दुलाल  भुसाल,एस.एल.सी.,,गुल्मी मालिका गाउँपालिका पुरान्ने,गुणानिधी  लम्साल,,5-गुल्मी-2,342038,38
341821,नरेन्द्र प्रसाद रिजाल,Narendra Prasad Rijal,स्वतन्त्र,IND,3,M,False,Nar Hari Rijal,एस.एल.सी.,,Gulmi,Phulmati Rijal,शिक्षक / राजनीति,5-गुल्मी-2,341821,58
342114,फर्सुराम कडेल,Pharsurama Kadel,स्वतन्त्र,IND,3,M,False,तेज नारायण कडेल,साक्षर,,गुल्मी रेसुङ्गा नगरपालिका क्यामपसरोड,दुपद्रा  कडेल,,5-गुल्मी-2,342114,52
341214,भुमिराज सापकोटा,Bhumiraj Sapkota,स्वतन्त्र,IND,2,M,False,Dilaram Sakpota,,,Gulmi,,,5-गुल्मी-2,341214,30
341558,सुरेन्द्र पाण्डेय,Surendra Pandey,स्वतन्त्र,IND,2,M,False,Khimananda Pandey,S.L.C,हिमालय मा.वि,Gulmi,Shanta Pandey,,5-गुल्मी-2,341558,53
341027,सन्दीप राना,Sandip Rana,नेपाली काँग्रेस,2583,18336,M,True,Man Bahadur Rana,,,Palpa,,,5-पाल्पा-1,341027,38
340207,नारायण प्रसाद आचार्य,Narayan Parasad Acharya,नेपाल कम्युनिष्ट पार्टी (एकीकृत मार्क्सवादी लेनिनवादी),2598,16819,M,False,डिल्ली प्रसाद आचार्य,आई.ए.,उदबुद्ब मा.वि.,पाल्पा पूर्वखोला गाउँपालिका तल्लाफाट,नैना कुमारी आचार्य,,5-पाल्पा-1,340207,56
341313,विमल पन्त,Vimala Pant,राष्ट्रिय स्वतन्त्र पार्टी,2528,14333,M,False,बिष्णु प्रसाद पन्त,,,पाल्पा रामपुर नगरपालिका ,कविता  पौडेल,,5-पाल्पा-1,341313,39
340920,हुम बहादुर सुनारी मगर,Hum Bahadur Sunari Magar,नेपाली कम्युनिष्ट पार्टी,2557,951,M,False,Jhaman Singh Sunari Magar,एम वि ए,मन्चेष्टर युनाइटेड किन्डम,Palpa,Kumari Devi Sunari,"एसिस्टेन्ट सि.इ.ओ. १० वर्ष
म्यानेजिङ्ग डाइरेक्टर ७ वर्ष",5-पाल्पा-1,340920,54
340130,थमन सिं रेश्मी मगर,Thaman Singh Resmi Magar,नेशनल रिपब्लिक नेपाल,2504,671,M,False,यम वहादुर रेश्मी,+2 passed,पृथ्वी प्रकाश मा.वि.,पाल्पा माथागढी गाउँपालिका दमार,,,5-पाल्पा-1,340130,40
339744,सलन चिदी मगर,Salan Chidi Magar,मंगोल नेशनल अर्गनाइजेसन,2511,235,M,False,Yan Bir Chidi Magar,SLC,श्री कृष्ण मा.वि.,Palpa,,,5-पाल्पा-1,339744,39
340398,बृहस्पति अर्याल,Brihaspati Aryal,राष्ट्रिय प्रजातन्त्र पार्टी,2604,202,M,False,Lal Gopal Aryal,टेष्ट पास,"दरैठाटी मा.वि. रामपुर, पाल्पा",Palpa,Srijana Aryal,,5-पाल्पा-1,340398,55
339994,नरमती सिंजाली,Narmati Sijali,राष्ट्रिय जनमोर्चा,2522,140,F,False,सोम बहादुर आले,+2 passed,महेन्द्रबोधी मा.वि.,पाल्पा तानसेन नगरपालिका बारुदखान,केहर सिंह सिंजाली,,5-पाल्पा-1,339994,45
341759,पुरन गैर्हे शर्मा,Puran Gaihre Sharma,नेपाल कम्युनिस्ट पार्टी (माओवादी),2526,48,M,False,Ishwori Prasad Gaihre,+२ पास,गणपती मा.वि,Palpa,,"अध्यापन २ वर्ष
आई टि क्षेत्रमा कार्य गरेको २ वर्ष",5-पाल्पा-1,341759,33
342414,वाछा दली मिया,Bachha Dali Miya,स्वतन्त्र,IND,35,M,False,शमशुर दिन मिया,१० ,राम तुलसी मा.वि.,पाल्पा रामपुर नगरपालिका भिमसेनटोल,जमि लुन निसा,,5-पाल्पा-1,342414,58
341921,कोशल अर्याल,Koshal Aryal,स्वतन्त्र,IND,30,M,False,Jageshwar Aryal,,,Palpa,,,5-पाल्पा-1,341921,35
342019,डिल्ली राज काफ्ले,Dilli Raj Kafle,स्वतन्त्र,IND,16,M,False,Jhapendra Raj Kafle,एस.एल.सी,,Palpa,Daupada Kafle,,5-पाल्पा-1,342019,62
342234,युध्द बहादुर विरकट्टा,Yudha Bahadur Birkatta,स्वतन्त्र,IND,8,M,False,विल बहादुर विरकट्टा,,,पाल्पा पूर्वखोला गाउँपालिका रेलडाँडा,इन्द्र माया विरकट्टा,,5-पाल्पा-1,342234,45
341329,माधव बहादुर थापा,Madhav Bahadur Thapa,राष्ट्रिय स्वतन्त्र पार्टी,2528,26736,M,True,Nur Bahadur Thapa,Bcahelor Of Medicine,,Rupandehi,,सामजिक र राजनितीक,5-पाल्पा-2,341329,45
340340,हिमाल दत्त श्रेष्ठ,Himal Datta Shrestha,नेपाली काँग्रेस,2583,12992,M,False,Baburam Shrestha,स्नातक,TU,Palpa,,,5-पाल्पा-2,340340,45
339322,ठाकुर प्रसाद गैरे,Thakur Prasad Gaire,नेपाल कम्युनिष्ट पार्टी (एकीकृत मार्क्सवादी लेनिनवादी),2598,10503,M,False,Shobhakhar Gaire,स्नातक,त्रिभुवन बहुमुखी क्याम्पस पाल्पा,Palpa,Chitra Devi Gaire,पुर्व संसद,5-पाल्पा-2,339322,57
340916,सोम प्रसाद पाण्डेय,Som Prasad Pandeya,नेपाली कम्युनिष्ट पार्टी,2557,5288,M,False,ईश्वरी प्रसाद पाण्डेय,कानूनमा स्नातक,TU,पाल्पा तानसेन नगरपालिका डाँडाडुम,रुकमिणी  पाण्डेय,,5-पाल्पा-2,340916,70
340280,देव प्रसाद श्रेष्ठ,Dev Prasad Shrestha,नेशनल रिपब्लिक नेपाल,2504,693,M,False,Thakur Prasad Shrestha,slc,रैनादेवि मा वि,Palpa,Bhim Kumari Shrestha,श्रीनगर यातायात समिति जिल्ला समिति,5-पाल्पा-2,340280,61
340850,मोहन कुवर थापा मगर,Mohan Kuwar Thapa Magar,स्वतन्त्र,IND,458,M,False,जीत वहादुर कुवर मगर,स्नातक,TU,पाल्पा बगनासकाली गाउँपालिका नायर अर्चले,कुमारी  कुवर थापा मगर,,5-पाल्पा-2,340850,58
339533,डुल बहादुर कुँवर,Dul Bahadur Kunwar,राष्ट्रिय प्रजातन्त्र पार्टी,2604,440,M,False,Lok Bahadur Kunwar,आई.ए,त्रिभुवन बहुमुखि क्याम्पस पाल्पा,Palpa,Hira Kunwar,सामाजिक क्षेत्रमा काम गरिरहेको,5-पाल्पा-2,339533,62
339789,बाल बहादुर दर्लामी ,Bal Bahadur Darlami,राष्ट्रिय जनमोर्चा,2522,429,M,False,Basanta Bahadur Darlami,बि.ए,त्रिभुवन बहुमुखी क्याम्पस,Palpa,Kusum Darlami,राजनितिमा सक्रियता,5-पाल्पा-2,339789,40
339998,राम बहादुर अस्लामी,Ram Bahadur Aslami,सार्वभौम नागरिक पार्टी,2520,169,M,False,Durga Bahadur Aslami,slc,,Palpa,Jamuna Aslami,सामाजिक क्षेत्र,5-पाल्पा-2,339998,44
342100,टोप बहादुर अस्लामी,Top Bahadur Aslami,राष्ट्रिय जनमुक्ति पार्टी,2605,138,M,False,Padam Bahadur Aslami,स्नातक,TU,Palpa,Bina Pulami (Aslami),,5-पाल्पा-2,342100,49
342433,मान बहादुर दर्लामी,Maan Bahadur Darlami,मंगोल नेशनल अर्गनाइजेसन,2511,96,M,False,टोकन सिं दर्लामी,slc,,पाल्पा तिनाउ गाउँपालिका कन्‍यादी,केशरी  दर्लामी,,5-पाल्पा-2,342433,56
342309,विष्णु ठडराई (सार्की),Bishnu Thadrai (Sharki),नेपाल कम्युनिस्ट पार्टी (माओवादी),2526,66,M,False,विर वहादुर सार्की,slc,,पाल्पा रिब्दीकोट गाउँपालिका पोरकनी,,सामाजिक कार्य,5-पाल्पा-2,342309,40
340496,केशव प्रसाद वश्‍याल,Keshav Prasad Bashyaal,स्वतन्त्र,IND,53,M,False,रवि लाल वश्‍याल,+2,,पाल्पा तानसेन नगरपालिका डाँडाडुम,,,5-पाल्पा-2,340496,39
341936,खिक बहादुर रेश्मी मगर,Khikh Bahadur Reshmi Magar,जनता समाजवादी पार्टी(एकल चुनाव चिन्ह),2531,39,M,False,ओम बहादुर रेश्मी मगर,slc,सार्वजनिक विद्यालय,पाल्पा बगनासकाली गाउँपालिका आरुखरक,विष्णु कुमरी रेश्मी मगर,,5-पाल्पा-2,341936,58
339832,वोधराज जैसी,Vodharaja Jaisi,प्रगतिशील लोकतान्त्रिक पार्टी,2516,28,M,False,मेध लाल जैसी,slc,त्रिभुवन बहुमुखी क्याम्पस,पाल्पा रैनादेवी छहरा गाउँपालिका कोलावोट,जानका  भण्डारी,,5-पाल्पा-2,339832,48
340709,कृष्ण सोभा मुस्याख्व,Krishna Shova Musyakhav,नेपाल मजदुर किसान पार्टी,2578,12,F,False,कर्न बहादुर सुवाल,साधारण,,भक्तपुर भक्तपुर नगरपालिका कमलविनायक,इन्द्र बहादुर मुस्याख्व,,5-पाल्पा-2,340709,58
339640,हरी प्रसाद भुसाल,Hari Prasad Bhusal,राष्ट्रिय स्वतन्त्र पार्टी,2528,35023,M,True,Dol Prasad Bhusal,स्‍नातक,त्रि.वि,Arghakhanchi,Ambika Bhusal,लामो समय सामाजिक गतिविधीमा सत्रिय ।,5-अर्घाखाँची-1,339640,37
340014,पिताम्वर भुसाल,Pitambar Bhusal,नेपाल कम्युनिष्ट पार्टी (एकीकृत मार्क्सवादी लेनिनवादी),2598,22649,M,False,Keshauraj Bhusal,स्‍नाकोत्तर,T.U,Arghakhanchi,Dev Kumari Bhusal,"२०५४-०५९ तत्कलिन बाँगी गा.वि.स. अध्यक्ष, २०७८ देखि हालसम्म नेकपा ऐमाले जिल्ला कमिटी, अर्घाखाँची, शान्ति मा.वि बांगीको वि.ब्य.स. पूर्व अध्यक्ष, पाणिनी वहुमुखी क्यामस संचालक समिति सदस्य",5-अर्घाखाँची-1,340014,54
341773,विष्णु प्रसाद खनाल,Bishnu Prasad Khanal,नेपाली काँग्रेस,2583,18983,M,False,गंगाराम खनाल,स्‍नातक,T.U,अर्घाखाँची मालारानी गाउँपालिका मखात,मिना खनाल,"ने.वि संघ जिल्ला अध्यक्ष, ने.का.जि. सभापती, लुम्विनी प्रदेश सह-महामन्त्री",5-अर्घाखाँची-1,341773,56
340772,राम वहादुर चौहान,Ram Bahadur Chauhhan,नेपाली कम्युनिष्ट पार्टी,2557,3847,M,False,हुम वहादुर चौहान,स्‍नातक,त्रि.वि,अर्घाखाँची मालारानी गाउँपालिका उपल्लाडढुवा,भगवता  चौहान,"सामाजिक, राजनीतिक, शैक्षिक, कानुनी",5-अर्घाखाँची-1,340772,56
339755,पशुपति नाथ ढकाल,Pashupati Nath Dhakal,राष्ट्रिय जनमोर्चा,2522,1809,M,False,Matilal Dhakal,10,HMG,Arghakhanchi,Godavari Dhakal,,5-अर्घाखाँची-1,339755,71
341486,खिम बहादुर घर्ती मगर,Khim Bahadur Gharti Magar,नेपाल कम्युनिस्ट पार्टी (माओवादी),2526,459,M,False,Jagat Bahadur Gharti Magar,स्‍नातक,T.U,Arghakhanchi,Punakala Ale,,5-अर्घाखाँची-1,341486,44
342062,झबिन्द्र फुल्लेल,Jhabindra Phullel,राष्ट्रिय प्रजातन्त्र पार्टी,2604,244,M,False,Ishwori Phullel,आई.ए पास,T.U,Arghakhanchi,Durpata Phullel,प्रदेश सभा सदस्यमा उम्मेदवारी,5-अर्घाखाँची-1,342062,46
340874,विष्णु बहादुर गाहा,Bishnu Bahadur Gaha,नेशनल रिपब्लिक नेपाल,2504,94,M,False,तोम बहादुर गाहा,९ पास.,,अर्घाखाँची शितगंगा नगरपालिका जुवाकोट,शान्ता  गाहा,,5-अर्घाखाँची-1,340874,50
341094,दुर्ग बहादुर भाट क्षेत्री,Durga Bahadur Bhat Chhetri,आम जनता पार्टी(एकल चुनाव चिन्ह),2581,44,M,False,Hira Bahadur Bhat Chhetri,९ पास,,Arghakhanchi,Radha Chhetri,,5-अर्घाखाँची-1,341094,54
339905,सुर्य बहादुर गुरुङग,Surya Bahadur Gurung,मंगोल नेशनल अर्गनाइजेसन,2511,40,M,False,Man Bahadur Gurung,प्राथमिक शिक्षा,,Rupandehi,,"मंगोलनेश्‍नल अर्गनाईजेशन जिल्ला सभादेखि सदस्य , मंगोल नेश्नल अर्गनाइजेशन प्रदेश सभा २५ असोज २०८२ देखि वर्तमान सम्म",5-अर्घाखाँची-1,339905,44
340981,टुक बहादुर चेवाली,Tuk Bahadur Chewali,जनता समाजवादी पार्टी(एकल चुनाव चिन्ह),2531,40,M,False,मिन बहादुर चेवाली,प्राथमिक शिक्षा,,अर्घाखाँची सन्धिखर्क नगरपालिका पोखरडाँडाच,निमकला चेवाली,,5-अर्घाखाँची-1,340981,58
339595,पुस्कर नाथ आचार्य,Pushkar Nath Acharya,प्रगतिशील लोकतान्त्रिक पार्टी,2516,28,M,False,पिताम्बर  आचार्य,I.com pass,प्रमाणपत्र तह,अर्घाखाँची सन्धिखर्क नगरपालिका बारबार्ने,पुतला  आचार्य,,5-अर्घाखाँची-1,339595,49
339782,रवि शाह,Ravi Shah,स्वतन्त्र,IND,22,M,False,Til Vir Shah,SLC,SLC Board,Arghakhanchi,Sakuntala Shah,,5-अर्घाखाँची-1,339782,49
341541,हिमाल भुसाल,Himal Bhusal,स्वतन्त्र,IND,21,M,False,Nareshwar Bhusal,स्‍नातक,T.U,Arghakhanchi,Sabitra Bhusal,सामाजिक कार्यमा क्रियाशिल,5-अर्घाखाँची-1,341541,38
341993,पम्फा श्रेष्ठ,Pampha Shrestha,स्वतन्त्र,IND,3,F,False,Keshav Raj Shrestha,साक्षर,,Arghakhanchi,Raj Kumar Shrestha,,5-अर्घाखाँची-1,341993,31
340220,राजन गौतम,Rajana Gautam,राष्ट्रिय स्वतन्त्र पार्टी,2528,50945,M,True,पूर्ण प्रसाद गौतम,,,नवलपरासी (बर्दघाट सुस्ता पूर्व) देवचुली नगरपालिका कुमारवर्ती टोल,खगीसरा ढकाल (गौतम),,4-नवलपरासी (बर्दघाट सुस्ता पूर्व)-1,340220,39
341600,बाल कृष्ण घिमिरे,Bala Krishna Ghimire,नेपाली काँग्रेस,2583,16293,M,False,डिल्लीराज  घिमिरे,,,नवलपरासी (बर्दघाट सुस्ता पूर्व) कावासोती नगरपालिका ,लक्ष्मी  घिमिरे,,4-नवलपरासी (बर्दघाट सुस्ता पूर्व)-1,341600,52
340704,भागिरथ सापकोटा,Bhagiratha Sapakota,नेपाल कम्युनिष्ट पार्टी (एकीकृत मार्क्सवादी लेनिनवादी),2598,9131,M,False,डिला राम सापकोटा,,,नवलपरासी (बर्दघाट सुस्ता पूर्व) गैंडाकोट नगरपालिका ,उमा  कँडेल,,4-नवलपरासी (बर्दघाट सुस्ता पूर्व)-1,340704,54
340104,भिम चन्‍द्र गुरुङ्ग,Bhima Chan‍dra Gurungg,श्रम संस्कृति पार्टी,2501,1702,M,False,विरमान  गुरुङ्ग,,,नवलपरासी (बर्दघाट सुस्ता पूर्व) देवचुली नगरपालिका झाक्रे,उमा माया लुङ्गेली,,4-नवलपरासी (बर्दघाट सुस्ता पूर्व)-1,340104,44
341339,लोक प्रसाद भुर्तेल,Loka Prasada Bhurtel,नेपाली कम्युनिष्ट पार्टी,2557,1245,M,False,कृष्ण प्रसाद भुर्तेल,,,नवलपरासी (बर्दघाट सुस्ता पूर्व) देवचुली नगरपालिका लक्ष्मीपुर,नेत्र कुमारि न्यौपने,,4-नवलपरासी (बर्दघाट सुस्ता पूर्व)-1,341339,61
339641,दिपक चन्द्र बस्ताकोटी,Dipaka Chandra Bastakoti,राष्ट्रिय प्रजातन्त्र पार्टी,2604,1221,M,False,ढुण्डी राज बस्ताकोटी,,,नवलपरासी (बर्दघाट सुस्ता पूर्व) बुलिङटार गाउँपालिका चौधसय,शारदा (भण्डारी ) बस्ताकोटी,,4-नवलपरासी (बर्दघाट सुस्ता पूर्व)-1,339641,53
340339,बेल बहादुर सारु,Bela Bahadura Saru,नेपाल कम्युनिस्ट पार्टी (माओवादी),2526,235,M,False,रन बहादुर सारु,,,नवलपरासी (बर्दघाट सुस्ता पूर्व) देवचुली नगरपालिका जनवस्ती,वुद्धी माया सारु,,4-नवलपरासी (बर्दघाट सुस्ता पूर्व)-1,340339,47
339843,विष्णुमान विक,Vishnumana Vik,नेशनल रिपब्लिक नेपाल,2504,216,M,False,कृष्ण वहादुर विक,,,नवलपरासी (बर्दघाट सुस्ता पूर्व) गैंडाकोट नगरपालिका ,- - -,,4-नवलपरासी (बर्दघाट सुस्ता पूर्व)-1,339843,26
340802,पार्वती गुरुङसेनी,Parvati Gurungaseni,उज्यालो नेपाल पार्टी,2566,191,F,False,शन्त बहादुर गुरुङ्ग,,,नवलपरासी (बर्दघाट सुस्ता पूर्व) कावासोती नगरपालिका बुद्धचोक,कृष्ण बहादुर गुरुङ्ग,,4-नवलपरासी (बर्दघाट सुस्ता पूर्व)-1,340802,66
339710,चन्द्रदत्त सापकोटा,Chandradatta Sapakota,राष्ट्रिय जनमोर्चा,2522,174,M,False,भागीरथ  सापकोटा,,,नवलपरासी (बर्दघाट सुस्ता पूर्व) गैंडाकोट नगरपालिका शिवनगर,गंगा कुमारी कंडेल,,4-नवलपरासी (बर्दघाट सुस्ता पूर्व)-1,339710,58
341243,शत्रुघन थापा,Shatrughana Thapa,राष्ट्रिय जनमुक्ति पार्टी,2605,117,M,False,अतिलाल  थापा मगर,,,नवलपरासी (बर्दघाट सुस्ता पूर्व) कावासोती नगरपालिका पश्चिम टोल,कोपिला  थापा,,4-नवलपरासी (बर्दघाट सुस्ता पूर्व)-1,341243,51
339513,छवीलाल मगर,Chhavilala Magar,जनता समाजवादी पार्टी(एकल चुनाव चिन्ह),2531,35,M,False,टेक बहादुर राना,,,नवलपरासी (बर्दघाट सुस्ता पूर्व) कावासोती नगरपालिका स्याउली,बेल कुमारी राना,,4-नवलपरासी (बर्दघाट सुस्ता पूर्व)-1,339513,69
339544,राजु गुरुङ्ग,Raju Gurungg,मंगोल नेशनल अर्गनाइजेसन,2511,25,M,False,एक बहादुर गुरुङ्ग,,,नवलपरासी (बर्दघाट सुस्ता पूर्व) मध्यविन्दु नगरपालिका भु.पु.,सुसिला  गुरुङ्ग,,4-नवलपरासी (बर्दघाट सुस्ता पूर्व)-1,339544,48
340462,गोकुल शर्मा,Gokula Sharma,स्वतन्त्र,IND,11,M,False,भागीरथ  अधिकारी,,,नवलपरासी (बर्दघाट सुस्ता पूर्व) कावासोती नगरपालिका लौखानी,सुनिता  शर्मा काफ्ले,,4-नवलपरासी (बर्दघाट सुस्ता पूर्व)-1,340462,46
342227,विन्दु के.सी.,Vindu Ke.si.,स्वतन्त्र,IND,10,F,False,झपट लाल भुसाल,,,नवलपरासी (बर्दघाट सुस्ता पूर्व) देवचुली नगरपालिका ,बल बहादुर के.सी.,,4-नवलपरासी (बर्दघाट सुस्ता पूर्व)-1,342227,37
342450,अविनास सुनार,Avinasa Sunar,स्वतन्त्र,IND,7,M,False,नर वहादुर सुनार,,,नवलपरासी (बर्दघाट सुस्ता पूर्व) गैंडाकोट नगरपालिका ,,,4-नवलपरासी (बर्दघाट सुस्ता पूर्व)-1,342450,27
340347,मनिष खनाल,Manisha Khanal,राष्ट्रिय स्वतन्त्र पार्टी,2528,41347,M,True,ऋषि राम खनाल,स्तानतक ,नेपाल ल क्याम्पस,नवलपरासी (बर्दघाट सुस्ता पूर्व) मध्यविन्दु नगरपालिका ,,"शिक्षक स्वीकिय संसद र प्रतिनिधी सभा सासंद, 2079 निर्वाचित सदस्य",4-नवलपरासी (बर्दघाट सुस्ता पूर्व)-2,340347,26
341567,तिल बहादुर महत क्षेत्री,Tila Bahadura Mahata Kshetri,नेपाल कम्युनिष्ट पार्टी (एकीकृत मार्क्सवादी लेनिनवादी),2598,15755,M,False,डिल बहादुर महत,स्नातक,त्रिभुवन विश्व विद्यालय,नवलपरासी (बर्दघाट सुस्ता पूर्व) कावासोती नगरपालिका ,लक्ष्मी कुमारी पौड्याल महत,,4-नवलपरासी (बर्दघाट सुस्ता पूर्व)-2,341567,61
341839,ओम बहादुर घर्ती,Oma Bahadura Gharti,नेपाली काँग्रेस,2583,14713,M,False,टिकाराम  घर्ती,स्नातकोत्तर,,नवलपरासी (बर्दघाट सुस्ता पूर्व) हुप्सेकोट गाउँपालिका वेलवा,अनु  थापा,,4-नवलपरासी (बर्दघाट सुस्ता पूर्व)-2,341839,50
341718,गणेश मान महतो,Ganesha Mana Mahato,नेपाली कम्युनिष्ट पार्टी,2557,1538,M,False,हरी बहादुर थारु,एसएलसी,,नवलपरासी (बर्दघाट सुस्ता पूर्व) मध्यविन्दु नगरपालिका अभिवन,जोग माया महतो,,4-नवलपरासी (बर्दघाट सुस्ता पूर्व)-2,341718,58
341446,कमल चापागाई,Kamala Chapagaee,श्रम संस्कृति पार्टी,2501,1164,M,False,यम प्रसाद .चापागाई,प्लस टु,,नवलपरासी (बर्दघाट सुस्ता पूर्व) कावासोती नगरपालिका ,,,4-नवलपरासी (बर्दघाट सुस्ता पूर्व)-2,341446,32
339776,रुन कुमारी महतो,Runa Kumari Mahato,राष्ट्रिय प्रजातन्त्र पार्टी,2604,963,F,False,वेनी राम थारु,मास्टर्स डिग्री शिक्षा संकाय,त्रिभुवन विश्वविद्यालय,नवलपरासी (बर्दघाट सुस्ता पूर्व) कावासोती नगरपालिका अग्यौली,हेम राज चौधरी,,4-नवलपरासी (बर्दघाट सुस्ता पूर्व)-2,339776,42
341764,खेम बहादुर राना,Khema Bahadura Rana,राष्ट्रिय जनमुक्ति पार्टी,2605,184,M,False,दुर्गा बहादुर राना,एसएलसी,,नवलपरासी (बर्दघाट सुस्ता पूर्व) विनयी त्रिवेणी गाउँपालिका जखाडी,दिल कुमारी राना,,4-नवलपरासी (बर्दघाट सुस्ता पूर्व)-2,341764,48
339833,विष्‍णु गिरी,Vish‍nu Giri,राष्ट्रिय जनमोर्चा,2522,143,M,False,हरीलाल  गिरी,एस एल सी,वसन्त मा वि,नवलपरासी (बर्दघाट सुस्ता पूर्व) मध्यविन्दु नगरपालिका भु.पु. टोल,टीका कुमारी गिरी,,4-नवलपरासी (बर्दघाट सुस्ता पूर्व)-2,339833,63
341260,गंगा प्रसाद ज्ञवाली,Ganga Prasada Jnyavali,नेपाल कम्युनिस्ट पार्टी (माओवादी),2526,140,M,False,ईश्वरी प्रसाद ज्ञवाली,एसएलसी,,नवलपरासी (बर्दघाट सुस्ता पश्चिम) सुनवल नगरपालिका ,शारदा कुमारी गिरी,,4-नवलपरासी (बर्दघाट सुस्ता पूर्व)-2,341260,51
339527,निब बहादुर आले,Niba Bahadura Aale,मंगोल नेशनल अर्गनाइजेसन,2511,91,M,False,जित बहादुर आले,IA pass,,नवलपरासी (बर्दघाट सुस्ता पूर्व) मध्यविन्दु नगरपालिका भुपु सैनिक चोक, ,,4-नवलपरासी (बर्दघाट सुस्ता पूर्व)-2,339527,45
341639,मानसिंह महतो,Manasinha Mahato,प्रगतिशील लोकतान्त्रिक पार्टी,2516,56,M,False,कोसल प्रसाद महतो,आई ए पास,,नवलपरासी (बर्दघाट सुस्ता पूर्व) मध्यविन्दु नगरपालिका रतनपुर,श्रीकुमारी  महतो,,4-नवलपरासी (बर्दघाट सुस्ता पूर्व)-2,341639,74
339612,भरत प्रसाद वस्ती,Bharata Prasada Vasti,स्वतन्त्र,IND,52,M,False,खगु प्रसाद वस्ती,masters complete,nova international college,नवलपरासी (बर्दघाट सुस्ता पूर्व) मध्यविन्दु नगरपालिका धोखाडी,राधिका  वस्ती (वजगाई),,4-नवलपरासी (बर्दघाट सुस्ता पूर्व)-2,339612,53
339718,लक्ष्मी सोमै मगर,Lakshmi Somai Magar,आम जनता पार्टी(एकल चुनाव चिन्ह),2581,30,F,False,बल बहादुर सोमै मगर,प्लस टु पास,नवजागरण विद्यालय,नवलपरासी (बर्दघाट सुस्ता पूर्व) मध्यविन्दु नगरपालिका द्बवारी,ओम बहादुर खडलुक,,4-नवलपरासी (बर्दघाट सुस्ता पूर्व)-2,339718,39
342562,पेम बहादुर सिंजाली,Pema Bahadura Sinjali,स्वतन्त्र,IND,14,M,False,रुव बहादुर सिंजाली,plus two,,नवलपरासी (बर्दघाट सुस्ता पूर्व) बौदीकाली गाउँपालिका व्याघन,,,4-नवलपरासी (बर्दघाट सुस्ता पूर्व)-2,342562,36
341355,गिता कुमारी लामिछाने,Gita Kumari Lamichhane,स्वतन्त्र,IND,13,F,False,ऋषि राम पौडेल,एसएलसी,,नवलपरासी (बर्दघाट सुस्ता पूर्व) मध्यविन्दु नगरपालिका ,ख्याम नारायण लामिछाने,,4-नवलपरासी (बर्दघाट सुस्ता पूर्व)-2,341355,45
342244,टोल बहादुर लुंगेली मगर,Tola Bahadura Lungeli Magar,स्वतन्त्र,IND,13,M,False,सुब्बा चन्द्र लुंगेली मगर,एसएलसी,,नवलपरासी (बर्दघाट सुस्ता पूर्व) हुप्सेकोट गाउँपालिका जुगेपानी,सुकुन  लुंगेली मगर,,4-नवलपरासी (बर्दघाट सुस्ता पूर्व)-2,342244,44
340899,सशीला देवकोटा,Sashila Devakota,स्वतन्त्र,IND,8,F,False,ठाकुर प्रसाद देवकोटा,प्रविणता प्रमाणपत्र तह,,नवलपरासी (बर्दघाट सुस्ता पूर्व) कावासोती नगरपालिका शिवमन्दिर,ज्ञानेन्द्र  न्यौपाने,,4-नवलपरासी (बर्दघाट सुस्ता पूर्व)-2,340899,42
340600,भिमा कुमारि भुसाल,Bhima Kumari Bhusal,स्वतन्त्र,IND,6,F,False,भुमी दत्त शर्मा भुसाल,साक्षर,,नवलपरासी (बर्दघाट सुस्ता पूर्व) कावासोती नगरपालिका पिप्रेनी,शिव लाल गिरी,,4-नवलपरासी (बर्दघाट सुस्ता पूर्व)-2,340600,43
340189,सुनिल लम्साल,Sunil Lamsal,राष्ट्रिय स्वतन्त्र पार्टी,2528,54845,M,True,Bodhraj Lamsal,विद्यावारिधि (पढ्दै),काठमाण्डाैं विश्वविद्यालय,Rupandehi,,,5-रूपन्देही-1,340189,35
341284,हिरा बहादुर खत्री,Hira Bahadur Khatri,नेपाली काँग्रेस,2583,11982,M,False,Nar Bahadur Khatri,,,Rupandehi,Apsara Khatri,,5-रूपन्देही-1,341284,53
339983,प्रज्जवल बोहरा,Prajjavala Bohara,राष्ट्रिय प्रजातन्त्र पार्टी,2604,8301,M,False,दिपक  बोहरा,एस.एल.सी.,,रूपन्देही सिद्धार्थनगर नगरपालिका ,सबिता  गुरुङ्ग,आइटी फिल्डमा १५ वर्षको अनुभव,5-रूपन्देही-1,339983,49
342023,दधिराम न्यौपाने,Dadhiram Neupane,नेपाल कम्युनिष्ट पार्टी (एकीकृत मार्क्सवादी लेनिनवादी),2598,7488,M,False,Tikaram Neupane,एस.एल.सि. ,,Arghakhanchi,Mina Kumari Neupane,"लुम्बिनी प्रदेश सदस्य ,2074 मा 
खानेपानी संस्थानको केन्द्रिय अध्यक्षको रुपमा काम गरेको",5-रूपन्देही-1,342023,67
341240,घनश्‍याम यादव अहिर,Ghana Shyam Yadav Ahir,नेपाली कम्युनिष्ट पार्टी,2557,2198,M,False,राम प्रसाद यादव अहिर,एस.एल.सी.,,रूपन्देही रोहिणी गाउँपालिका तरकुलहा,लिलावती  यादव अहिर,"पुर्व राज्य मन्त्री, संविधान सभा सदस्य",5-रूपन्देही-1,341240,56
342706,छविलाल गुरुङ्ग,Chhabilal Gurung,श्रम संस्कृति पार्टी,2501,1824,M,False,Tham Bahadur Gurung,10,,Syangja,Luk Maya Gurung,मनकामना मा.वि.,5-रूपन्देही-1,342706,49
342455,मोहम्मद असलाम खाँ,Mohammad Aslam Kha,"जनता समाजवादी पार्टी, नेपाल",2542,1242,M,False,सैयद अली खाँ,+2,महात्मा बुद्ध इण्टर कलेज अड्डाबजार भारत,रूपन्देही रोहिणी गाउँपालिका सेमरपानी,साबिरा खातुन,,5-रूपन्देही-1,342455,36
339734,धर्म बहादुर के.सी.,Dharma Bahadur K.C.,स्वतन्त्र,IND,810,M,False,टिका बहादुर खत्री क्षेत्री,वि.एल.,त्रिभुवन विश्वविद्यालय,रूपन्देही सिद्धार्थनगर नगरपालिका दर्खसवा,रमिला  के.सी.,सामाजिक क्षेत्रमा १५ वर्षको अनुभव,5-रूपन्देही-1,339734,49
341156,उमाशंकर प्रसाद चौधरी,Umashankar Prasad Chaudhary,"नागरिक उन्मुक्ति पार्टी, नेपाल(एकल चुनाव चिन्ह)",2531,662,M,False,Ram Palat Prasad Chaudhary,स्नातकोत्तर,त्रिभुवन विश्वविद्यालय,Nawalparasi (West),Sahawana Devi Chaudhary,१० वर्ष सामाजिक सेवामा संलग्न रहेकाे,5-रूपन्देही-1,341156,65
340333,झम बहादुर गुरुङ्ग,Jham Bahadur Gurung,राष्ट्रिय जनमुक्ति पार्टी,2605,545,M,False,Nar Bahadur Gurung,आइ.ए ,वनारस युनिभरसिटी भारत,Baglung,Ratna Kumari Gurung,,5-रूपन्देही-1,340333,69
341636,निलु कुमारी चौधरी,Nilu Kumari Chaudhary,जनमत पार्टी,2585,416,F,False,Bhola Prasad Chaudhary,प्रविणता प्रमाणपत्र स्तर,श्री टिकुलीगढ उच्च मा.वि.,Rupandehi,Hari Prasad Chaudhary Tharu,"पत्रकारिता,पशु चिकित्सक, गृहिणि",5-रूपन्देही-1,341636,34
339339,शिव बहादुर गुरुङ्ग,Shiva Bahadur Gurung,मंगोल नेशनल अर्गनाइजेसन,2511,402,M,False,हरि लाल गुरुङ्ग,,,रूपन्देही देवदह नगरपालिका अमर सिंह चोक,हरि माया गुरुङ्ग,,5-रूपन्देही-1,339339,60
342522,बदरु दोजा फकीर,Badru Doja Fakir,आम जनता पार्टी(एकल चुनाव चिन्ह),2581,248,M,False,Nurul Hoda Faquir,८ पास,राम नरेश मा.वि.,Rupandehi,Ambika Dewan Fakir,,5-रूपन्देही-1,342522,56
342616,हजारी लाल माली,Hajari Lal Mali,नेपाल कम्युनिष्ट पार्टी मार्क्सवादी (पुष्पलाल),2523,211,M,False,Pateshwari Mali,,,Rupandehi,Malti Mali,,5-रूपन्देही-1,342616,57
341763,राम चन्‍द्र भट्‍टराई,Ram Chandra Bhattarai,नेपाल कम्युनिष्ट पार्टी (संयुक्त),2601,182,M,False,झिल्‍लु  भट्‍टराई,एस.एल.सि.,शान्ती नमुना मा.वि.,रूपन्देही तिलोत्तमा नगरपालिका ,मञ्‍जु  भट्‍टराई,,5-रूपन्देही-1,341763,49
342669,अशोक कुमार चौधरी,Ashok Kumar Chaudhary,उज्यालो नेपाल पार्टी,2566,176,M,False,Rampyare Chaudhary,स्नातक,बुटवल  बहुमुखि क्याम्पस,Rupandehi,Trishna Chaudhary,,5-रूपन्देही-1,342669,46
341840,हरि बहादुर के.सी.,Hari Bahadura Ke.si.,राष्ट्रिय जनमोर्चा,2522,166,M,False,लाल बहादुर के.सी.,एस.एल.सि.,भवानी मा.वि. कुसुम खोला,रूपन्देही देवदह नगरपालिका विशाल नगर,उमा  के.सी.,"सामुदायिक वनमा सकृय, विद्यालय व्यवस्थापन समितिमा सकृय अनुभव बटुलेको",5-रूपन्देही-1,341840,55
340725,मदन बहादुर थारु,Madan Bahadur Tharu,नेपाल कम्युनिस्ट पार्टी (माओवादी),2526,90,M,False,Shankar Prasad Tharu,,,Rupandehi,Prem Kumari Tharu,,5-रूपन्देही-1,340725,53
339502,खिल बहादुर गाहा,Khil Bahadur Gaha,नेशनल रिपब्लिक नेपाल,2504,64,M,False,Netra Bahadur Gaha,८ पास,,Palpa,Tali Sara Gaha (Magar),,5-रूपन्देही-1,339502,54
342644,श्री बहादुर कुवर,Shri Bahadur Kunwar,प्रगतिशील लोकतान्त्रिक पार्टी,2516,33,M,False,Bhim Bahadur Kunwar,पि.एच.डी,केनेडी युनिभरसिटी अमेरिका ,Parbat,Kanchan Kunwar,"अधिवक्ता  15  वर्ष
प्राध्यापक 15 वर्ष",5-रूपन्देही-1,342644,54
342716,दिना नाथ खनाल,Dina Nath Khanal,स्वतन्त्र,IND,31,M,False,Lok Ram Khanal,प्रमाणपत्र तह,बुटवल बहुमुखि क्यामप्पस,Rupandehi,,,5-रूपन्देही-1,342716,42
342578,केशव अर्याल,Keshav Aryal,स्वतन्त्र,IND,13,M,False,Shyam Kumar Upadhyaya,स्नातक,त्रिभुवन विश्वविद्यालय,Rukum (East),,,5-रूपन्देही-1,342578,37
341528,गोविन्द पंगेनी,Govinda Pangen i,स्वतन्त्र,IND,12,M,False,Durga Prasad Pangeni,वि.एड.,,Rupandehi,,विभिन्न सामाजिक कार्यमा सकृय,5-रूपन्देही-1,341528,37
339411,हिम लाल पाण्‍डे,Him Lal Pandey,नेपाल मजदुर किसान पार्टी,2578,9,M,False,Gunakhar Pandey,,,Rupandehi,,,5-रूपन्देही-1,339411,37
339763,शंकर खत्री,Shankar Khatri,स्वतन्त्र,IND,9,M,False,Rim Bahadur Khatri,,,Rupandehi,Sita Khatri,,5-रूपन्देही-1,339763,55
342361,सचिन वि.क.,Sachina Vi.ka.,स्वतन्त्र,IND,9,M,False,गोरे  कामी,+2,,रूपन्देही देवदह नगरपालिका ,,सामाजिक क्षेत्रमा कृयाशिल रहेको,5-रूपन्देही-1,342361,31
342265,महेश्‍वर भण्डारी,Maheshwar Bhandari,स्वतन्त्र,IND,7,M,False,Mahasharma Bhandari,+2,,Rupandehi,,ग्रिन प्लान्ट आवासिय मा.वि.,5-रूपन्देही-1,342265,34
341338,मकसुद अली,Maksud Ali,स्वतन्त्र,IND,7,M,False,मुस्ताफा  हुसेन,वि.ए.,"श्रीराम नरेश मा.वि. , सिद्धार्थ विश्वविद्यालय, भारत",रूपन्देही रोहिणी गाउँपालिका ,,,5-रूपन्देही-1,341338,51
342413,सागर अधिकारी,Sagar Adhikari,स्वतन्त्र,IND,7,M,False,Krishna Prasad Adhikari,+2,,Rupandehi,,,5-रूपन्देही-1,342413,30
342726,टेक बहादुर वि.क,Teka Bahadura Vi.k,स्वतन्त्र,IND,6,M,False,चन्द्र बहादुर कामी,10,,रूपन्देही देवदह नगरपालिका भलुही,शोभा  वि.क,,5-रूपन्देही-1,342726,38
339635,गिता सापकोटा,Gita Sapkota,स्वतन्त्र,IND,5,F,False,Tara Prasad Kharel,स्नातक,त्रिभुवन विश्वविद्यालय,Nawalparasi (West),Laxman Sapkota,,5-रूपन्देही-1,339635,44
341184,सुलभ खरेल,Sulabh Kharel,राष्ट्रिय स्वतन्त्र पार्टी,2528,56550,M,True,Gyan Prasad Kharel,स्नाकोत्तर,,Rupandehi,,,5-रूपन्देही-2,341184,28
340782,विष्‍णु प्रसाद पौडेल,Bishnu Prasad Paudel,नेपाल कम्युनिष्ट पार्टी (एकीकृत मार्क्सवादी लेनिनवादी),2598,12861,M,False,देवीलाल  पौडेल,,,रूपन्देही बुटवल उपमहानगरपालिका बुद्धपथ,दोमाया  पौडेल,,5-रूपन्देही-2,340782,66
340486,चुन्‍न प्रसाद शर्मा,Chunna Prasad Sharma,नेपाली काँग्रेस,2583,9392,M,False,Pashupati Sharma,साक्षर,,Baglung,Uma Devi Sharma,,5-रूपन्देही-2,340486,60
340047,शुभाष पाण्डे,Shubhash Pandey,नेपाली कम्युनिष्ट पार्टी,2557,1409,M,False,भक्ति प्रसाद पाण्डे,स्नातक,TU,रूपन्देही सैनामैना नगरपालिका बनकट्टा,,,5-रूपन्देही-2,340047,39
339802,भिम बहादुर गौतम,Bhim Bahadur Gautam,श्रम संस्कृति पार्टी,2501,1336,M,False,Manisara Gautam,SLC,HMG,Palpa,,,5-रूपन्देही-2,339802,54
340028,केशव बहादुर थापा मगर,Keshav Bahadur Thapa Magar,राष्ट्रिय जनमुक्ति पार्टी,2605,831,M,False,Damber Singh Suryavanshi Thapa Magar,MA,Lumbini buddha university,Rupandehi,Mamata Thapa Magar,,5-रूपन्देही-2,340028,55
339839,शन्जेश कुमार थापा,Shanjesh Kumar Thapa,स्वतन्त्र,IND,359,M,False,नेत्र बहादुर थापा,12,hseb,रूपन्देही बुटवल उपमहानगरपालिका देविनगर,विष्णु कुमारी थापा,,5-रूपन्देही-2,339839,44
339305,थम्मन बहादुर बुढा मगर,Thamman Bahadur Budha Magar,नेशनल रिपब्लिक नेपाल,2504,219,M,False,Khadga Singh Budha,बिद्याबारिधी,अमेरीका,Kapilbastu,,,5-रूपन्देही-2,339305,39
342314,सुरज पाण्‍डे,Suraj Pandey,उज्यालो नेपाल पार्टी,2566,187,M,False,Umananda Pandey,Masters,,Rupandehi,Lila Upreti,,5-रूपन्देही-2,342314,40
340470,रुक बहादुर पराजुली,Ruk Bahadur Parajuli,राष्ट्रिय जनमोर्चा,2522,177,M,False,Man Bahadur Parajuli,९,,Palpa,Bishnu Kumari Parajuli,,5-रूपन्देही-2,340470,74
340006,विरेन्द्र वि.क,Virendra Vi.k,नेपाल कम्युनिस्ट पार्टी (माओवादी),2526,154,M,False,जंगे  कामी,स्नातक,TU,कैलाली लम्कीचुहा नगरपालिका पूर्व लम्की,टिका  विश्‍वकर्मा,,5-रूपन्देही-2,340006,35
339435,नारायण प्रसाद नागिला,Narayan Prasad Nagila,प्रगतिशील लोकतान्त्रिक पार्टी,2516,100,M,False,Hari Prasad Nagila,BA,TU,Tanahun,Mina Tiwari,,5-रूपन्देही-2,339435,50
340361,दीपक गुरुङ्ग,Dipak Gurung,"जनता समाजवादी पार्टी, नेपाल",2542,84,M,False,नर वहादुर गुरुङ्ग,SLC,HMG,रूपन्देही बुटवल उपमहानगरपालिका राधाक‍ृष्‍ण,रेनुका  गुरुङ्ग,,5-रूपन्देही-2,340361,44
341741,शिव प्रिथी दमाई,Shiva Prithi Damai,संयुक्त नागरिक पार्टी,2521,71,M,False,श्‍याम लाल प्रिथी दमाई,स्नातक,,नवलपरासी (बर्दघाट सुस्ता पूर्व) विनयी त्रिवेणी गाउँपालिका ,,,5-रूपन्देही-2,341741,31
342553,रमेश लोध,Ramesh Lodh,जनमत पार्टी,2585,64,M,False,Hari Chandra Lodh,+2,hseb,Rupandehi,.  .,,5-रूपन्देही-2,342553,31
339319,चन्द्र कुमारी गुरुङ्ग,Chandra Kumari Gurung,मंगोल नेशनल अर्गनाइजेसन,2511,49,F,False,Chandra Bahadur Gurung,एसएलसी,HMG,Parbat,Som Bahadur Gurung,,5-रूपन्देही-2,339319,46
340072,सिता साहि,Sita Sahi,स्वतन्त्र,IND,39,F,False,रुद्र बहादुर बस्नेत,8,,रूपन्देही बुटवल उपमहानगरपालिका देवि नगर,राजु  साहि,,5-रूपन्देही-2,340072,46
340928,कमल भुसाल,Kamal Bhusal,नेपाल जनसेवा पार्टी,2599,25,M,False,Tulsi Kumar Bhusal,स्नाकोत्तर,TU,Arghakhanchi,,,5-रूपन्देही-2,340928,32
339309,रोशिना ब्यान्जु,Roshina Byanju,नेपाल मजदुर किसान पार्टी,2578,22,F,False,Ash Bahadur Lakha,एसएलसी,hMG,Bhaktapur,Chandra Kumar Byanju,,5-रूपन्देही-2,339309,48
341947,लिला सिंह राना,Lila Singh Rana,स्वतन्त्र,IND,20,M,False,Jai Bahadur Rana,BA,TU,Syangja,Bishnu Maya Rana,,5-रूपन्देही-2,341947,67
340706,राजु पौडेल,Raju Paudel,नेपाली जनता दल,2595,14,M,False,Chhaya Datta Upadhyaya,स्नातक,TU,Baglung,,,5-रूपन्देही-2,340706,34
339682,देवेन्द्र बहादुर खत्री,Devendra Bahadur Khatri,समावेशी समाजवादी पार्टी,2590,12,M,False,Pharsa Bahadur Khatri,१२,+२,Rupandehi,,,5-रूपन्देही-2,339682,41
339467,शुशिला पुलामी,Shushila Pulami,स्वतन्त्र,IND,10,F,False,भक्त बहादुर पुलामी,BA,TU,रूपन्देही बुटवल उपमहानगरपालिका ,हरि बहादुर घर्ति मगर,,5-रूपन्देही-2,339467,44
340749,सन्दिप पौडेल,Sandip Paudel,स्वतन्त्र,IND,6,M,False,Thaneshwar Sharma Paudel,master,tu,Rupandehi,,,5-रूपन्देही-2,340749,27
340819,बेल बहादुर कार्की,Bel Bahadur Karki,स्वतन्त्र,IND,4,M,False,Thaman Bahadur Karki,,,Rupandehi,Kumari Karki,,5-रूपन्देही-2,340819,78
341891,केशव टण्‍डन,Keshav Tandon,स्वतन्त्र,IND,3,M,False,रन सिंह टण्‍डन,slc,hmg,रूपन्देही बुटवल उपमहानगरपालिका कालिका पथ,शितली  टण्‍डन,,5-रूपन्देही-2,341891,51
339480,गोकुल प्रसाद पाण्डे,Gokul Prasad Pandey,स्वतन्त्र,IND,3,M,False,Padam Pani Pandey,स्नातक,open university,Palpa,,,5-रूपन्देही-2,339480,32
339644,राज कुमार भट्टराई,Raj Kumar Bhattarai,स्वतन्त्र,IND,3,M,False,Mahenath Bhattarai,+2,HSEB,Makwanpur,Tara Bhattarai,,5-रूपन्देही-2,339644,42
340852,कमला शाह,Kamala Shah,स्वतन्त्र,IND,2,F,False,Tek Bahadur Shahi,,,Pyuthan,Shiddhiman Shah,,5-रूपन्देही-2,340852,52
339512,भानुभक्त भण्डारी,Bhanubhakta Bhandari,स्वतन्त्र,IND,2,M,False,Guna Nidhi Bhandari,7,,Rupandehi,Devi Bhandari,,5-रूपन्देही-2,339512,58
340095,सिता कुवंर,Sita Kuvanr,स्वतन्त्र,IND,2,F,False,सोव बहादुर कुवंर,+2,hseb,रूपन्देही बुटवल उपमहानगरपालिका ,चन्द्र बहादुर कुवंर,,5-रूपन्देही-2,340095,50
342231,उषा भट्टराई,Usha Bhattarai,स्वतन्त्र,IND,1,F,False,Bhim Bahadur Bhattarai,under slc,,Rupandehi,Suraj Khanal,,5-रूपन्देही-2,342231,50
340155,कमला बोहरा,Kamala Bohara,स्वतन्त्र,IND,1,F,False,Man Bahadur Khatri,SLC,HMG,Gulmi,Dambar Bahadur Bohora,,5-रूपन्देही-2,340155,47
339495,मधुसुदन पन्थी,Madhusudan Panthi,स्वतन्त्र,IND,1,M,False,Durga Prasad Panthi,+2,hseb,Arghakhanchi,Kalpana Panthi,,5-रूपन्देही-2,339495,54
340723,टिका बहादुर क्षेत्री,Tika Bahadur Chhetri,स्वतन्त्र,IND,0,M,False,Chitra Bahadur Verma Chhetri,SLC,hmg,Rupandehi,Pushpa Thapa,,5-रूपन्देही-2,340723,43
340132,दिलीप कुमार सुनार,Dilip Kumar Sunar,स्वतन्त्र,IND,0,M,False,Lal Bahadur Sunar,slc,hmg,Nawalparasi (East),Sirjana Sunar,,5-रूपन्देही-2,340132,50
339600,बाल कृष्ण ज्ञवाली,Bal Krishna Gyawali,स्वतन्त्र,IND,0,M,False,Madhab Prasad Gyawali,SLC,HMG,Rupandehi,Pabitra Gyawali,,5-रूपन्देही-2,339600,48
340082,विमला भट्टराई,Bimala Bhattarai,स्वतन्त्र,IND,0,F,False,Shivlal Bhandari,10,HMG,Rupandehi,Shivkhar Bhattarai,,5-रूपन्देही-2,340082,45
342024,विष्णु प्रसाद वस्याल,Vishnu Prasada Vasyal,स्वतन्त्र,IND,0,M,False,भुवानन्द  वस्याल,slc,hmg,रूपन्देही बुटवल उपमहानगरपालिका गण्डकी पारिजात पथ,राधा देवी वस्याल,,5-रूपन्देही-2,342024,56
339605,डा. लेखजंग थापा,Mohan Thapa,राष्ट्रिय स्वतन्त्र पार्टी,2528,58814,M,True,Jawar Sah Thapa,D.M.,काठमाण्डु विश्वविद्यालय,Rupandehi,Motisara Rana,,5-रूपन्देही-3,339605,48
340885,सुशील गुरुङ्ग,Sushil Gurung,नेपाली काँग्रेस,2583,8435,M,False,Tilak Bahadur Gurung,M.B.S.,त्रिभुवन विश्वविद्यालय,Rupandehi,Shobha Gurung,,5-रूपन्देही-3,340885,47
339880,बासु देव घिमिरे,Basu Dev Ghimire,नेपाल कम्युनिष्ट पार्टी (एकीकृत मार्क्सवादी लेनिनवादी),2598,8275,M,False,छाया दत्त घिमिरे,स्नातक,लुम्बिनी बाणिज्य क्याम्पस बुटवल,रूपन्देही तिलोत्तमा नगरपालिका ,शान्ति  घिमिरे,,5-रूपन्देही-3,339880,58
340936,गौरब बोहरा,Gaurab Bohara,राष्ट्रिय प्रजातन्त्र पार्टी,2604,7789,M,False,दिपक  बोहरा,ATPL,FAA (USA),रूपन्देही सिद्धार्थनगर नगरपालिका विशालनगर,,,5-रूपन्देही-3,340936,49
340336,फैज अहमद खाँ,Phaija Ahamada Khan,नेपाली कम्युनिष्ट पार्टी,2557,2594,M,False,नजाबुद्धिन  खाँ,SLC,भानु मा.वि.,रूपन्देही सिद्धार्थनगर नगरपालिका गोलिगढ,आबिदा  खातुन,,5-रूपन्देही-3,340336,55
340973,नन्द कुमारी थापा,Nanda Kumari Thapa,"नागरिक उन्मुक्ति पार्टी, नेपाल(एकल चुनाव चिन्ह)",2531,750,F,False,Khadak Bahadur Thapa,+2,फर्साटिकर उच्च मा.वि,Rupandehi,Chandrika Tharu,,5-रूपन्देही-3,340973,44
340021,जीत बहादुर गुप्‍ता,Jit Bahadur Gupta,स्वतन्त्र,IND,601,M,False,Ram Surat Teli,MA Economics,त्रिभुवन विश्वविद्यालय,Rupandehi,,,5-रूपन्देही-3,340021,43
340142,बिशाल गुप्‍ता,Bishal Gupta,जनमत पार्टी,2585,429,M,False,Anand Prasad Gupta Kanu Baniya,+2,भेरहवा नमुना मा.वि.,Rupandehi,,,5-रूपन्देही-3,340142,32
340230,मोजीब अलि मुसलमान,Mojib Ali Musalman,राष्ट्रिय जनमुक्ति पार्टी,2605,417,M,False,Siparas Ali Musalman,+2,रुपन्देही क्याम्पस,Rupandehi,Chhabi Prabha Aryal,,5-रूपन्देही-3,340230,42
341047,सरोज सिंह चौधरी,Saroj Singh Chaudhary,उज्यालो नेपाल पार्टी,2566,206,M,False,Narad Singh Chaudhary Tharu,BDS,"Universal Medical College, Bhairahawa",Rupandehi,Bhanu Devi Chaudhary,,5-रूपन्देही-3,341047,43
339517,बद्रे आलम मुसलमान,Badre Alam Musalman,राष्ट्रिय जनमोर्चा,2522,195,M,False,Khalil Musalman,B.A.,भैरहवा बहुमुखी क्याम्पस,Rupandehi,Hajartun Nisa,,5-रूपन्देही-3,339517,69
339803,श्रीनिवास यादव,Shrinivas Yadav,"जनता समाजवादी पार्टी, नेपाल",2542,104,M,False,Hariram Yadav,I.A.,भैरहवा उच्च मा.वि.,Rupandehi,,,5-रूपन्देही-3,339803,43
341004,शंकर प्रसाद ज्ञवाली,Shankar Prasad Gyawali,नेपाल कम्युनिस्ट पार्टी (माओवादी),2526,104,M,False,Narayan Prasad Gyawali,SLC,दरवारदेविस्थान मा.वि.,Gulmi,Numa Kumari Gyawali,,5-रूपन्देही-3,341004,64
340049,मोहन थापा,Mohan Thapa,नेशनल रिपब्लिक नेपाल,2504,78,M,False,Jawar Sah Thapa,8,नहरपुर मा.वि.,Rupandehi,Motisara Rana,,5-रूपन्देही-3,340049,42
341647,राजु गौडेल,Raju Gaudel,नेपाल कम्युनिष्ट पार्टी (संयुक्त),2601,74,M,False,Dilu Prasad Gaudel,+2,उच्च शिक्षा परिषद,Rupandehi,Dila Gaudel,,5-रूपन्देही-3,341647,44
340283,राधेश्‍याम तेली गुप्‍ता,Radheshyam Teli Gupta,आम जनता पार्टी(एकल चुनाव चिन्ह),2581,68,M,False,Ramlal Teli,SLC,भारत,Rupandehi,Mina Teli Gupta,,5-रूपन्देही-3,340283,48
339399,गोपाल भण्डारी,Gopal Bhandari,स्वतन्त्र,IND,59,M,False,Krishna Prasad Bhandari,अहेव,सिद्धार्थ टेक्निकल इन्स्टिच्युट,Rupandehi,Sita Gaire (Bhandari),,5-रूपन्देही-3,339399,43
339473,कुलवीर घर्ती मगर,Kulbir Gharti Magar,मंगोल नेशनल अर्गनाइजेसन,2511,55,M,False,धन बहादुर घर्ती मगर,SLC,"पृथ्बी प्रकाश, कुलडाँडा",रूपन्देही देवदह नगरपालिका ,अम्बिसरा  घर्ती मगर,,5-रूपन्देही-3,339473,51
341851,महेन्द्र यादव,Mahendra Yadav,स्वतन्त्र,IND,48,M,False,Haricharan Yadav,साक्षर,,Rupandehi,Bindu Yadav,,5-रूपन्देही-3,341851,50
339761,ख्यामानन्द भुषाल,Khyamananda Bhusal,स्वतन्त्र,IND,47,M,False,Bhavishwar Bhushal,8 pass,जनसेवा संस्कृत मा.वि.,Parbat,Dhan Kumari Sharma,,5-रूपन्देही-3,339761,41
340734,गोबिन्द प्रसाद काराखेती,Gobinda Prasad Karakheti,प्रगतिशील लोकतान्त्रिक पार्टी,2516,46,M,False,Kesari Prasad Karakheti,M.ED.,त्रीभुवन विश्वविद्यालय,Gorkha,Jayanta Bhandari Karakheti,,5-रूपन्देही-3,340734,59
341671,नबाब मुसलमान,Nababa Musalaman,स्वतन्त्र,IND,41,M,False,हबिबुल्लाह  मुसलमान,साधारण,,रूपन्देही सिद्धार्थनगर नगरपालिका पिपरहिया,,,5-रूपन्देही-3,341671,44
340783,दुर्गा लाल शर्मा,Durga Lal Sharma,स्वतन्त्र,IND,36,M,False,Kamalapati Bhusal,M.BA.,त्रिभुवन विश्वविद्यालय,Rupandehi,Negmaya Sherpa,,5-रूपन्देही-3,340783,62
339427,सुग्रिम चाई,Sugrim Chai,नेपाल मजदुर किसान पार्टी,2578,26,M,False,Ram Kisun Chai,+2,मुनलाईट आवसिय मा.वि.,Rupandehi,.  .,,5-रूपन्देही-3,339427,27
340456,सचिन राना,Sachin Rana,स्वतन्त्र,IND,25,M,False,Chandra Bahadur Rana,SLC,सुसंस्कृत मा.वि.,Rupandehi,Keshari Rahadi (Rana),,5-रूपन्देही-3,340456,47
339830,ज्ञान प्रसाद भुर्तेल,Gyan Prasad Bhurtel,स्वतन्त्र,IND,17,M,False,Digru Bhurtel,निरक्षर,,Parbat,Yamakala Bhurtel,,5-रूपन्देही-3,339830,71
339560,अन्जना चौधरी थापा,Anjana Chaudhary Thapa,स्वतन्त्र,IND,14,F,False,Chhote Lal Tharu,+2,तिलोत्तमा मा.वि,Rupandehi,Shiv Kumar Thapa,,5-रूपन्देही-3,339560,32
340170,मोहम्मदमुर्तजा साह,Mohammad Murtaza Sah,स्वतन्त्र,IND,13,M,False,Mohammad Mobin Musalman,SLC,भारत,Rupandehi,,,5-रूपन्देही-3,340170,32
340537,करम हुसेन खान,Karam Husein Khan,स्वतन्त्र,IND,9,M,False,फैज अहमद खाँ,+2,शान्ती मा.वि.,रूपन्देही सिद्धार्थनगर नगरपालिका ,,,5-रूपन्देही-3,340537,27
340841,ठाकुर अधिकारी,Thakur Adhikari,स्वतन्त्र,IND,9,M,False,Thaneshwar Adhikari,स्नातक,त्रिचन्द्र कलेज,Arghakhanchi,Nirmala Adhikari,,5-रूपन्देही-3,340841,53
340408,तेजिन्द्र मल्ल,Tejindra Malla,स्वतन्त्र,IND,8,M,False,Nandalal Malla,SLC,शान्ति श्री मा.वि.,Baglung,Priya Malla,,5-रूपन्देही-3,340408,57
339899,धन बहादुर बस्नेत,Dhan Bahadur Basnet,स्वतन्त्र,IND,8,M,False,Chitra Bahadur Basnet,SLC,लिलाराम उच्च मा.वि.,Rupandehi,,,5-रूपन्देही-3,339899,46
341444,विष्णु बहादुर राना,Bishnu Bahadur Rana,स्वतन्त्र,IND,7,M,False,पदम बहादुर राना,साक्षर,,रूपन्देही शुद्धोधन गाउँपालिका जनकपुर,.  .,,5-रूपन्देही-3,341444,43
339982,दिपक बहादुर दर्जी,Dipak Bahadur Darji,स्वतन्त्र,IND,5,M,False,Ratna Bahadur Darji,10,भानु मा.वि.,Rupandehi,,,5-रूपन्देही-3,339982,46
341996,लाल वहादुर राना,Lal Bahadur Rana,गान्धीवादी पार्टी नेपाल,2573,4,M,False,Tul Bahadur Rana,+2,भैरहवा बहुमुखी क्याम्पस,Rupandehi,Til Kumari Galami Rana,,5-रूपन्देही-3,341996,42
341144,जुमराती धुनिया मुसलमान,Jumrati Dhuniya Musalman,स्वतन्त्र,IND,4,M,False,Ismail Dhuniya Musalman,सामान्य,,Rupandehi,Sharifun Nisha Musalman,,5-रूपन्देही-3,341144,51
342471,कन्हैया बनिया,Kanhaiya Baniya,राष्ट्रिय स्वतन्त्र पार्टी,2528,28066,M,True,Kripananda Baniya,स्नातकोत्तर,त्रिभुवन विश्वविद्यालय,Rupandehi,,"प्रदेश सभा सदस्य
व्यवसायी",5-रूपन्देही-4,342471,36
341739,प्रमोद कुमार यादव,Pramod Kumar Yadav,नेपाल कम्युनिष्ट पार्टी (एकीकृत मार्क्सवादी लेनिनवादी),2598,20262,M,False,Ram Lakhan Yadav,स्नातक,,Rupandehi,Panchu Yadav,,5-रूपन्देही-4,341739,46
341570,आशुतोष मिश्र,Ashutosh Mishra,नेपाली काँग्रेस,2583,15613,M,False,Shri Prakash Mishra,स्नातकोत्तर,T.U.,Rupandehi,Amrita Mishra,,5-रूपन्देही-4,341570,47
340055,सर्वेन्द्र नाथ शुक्ला,Sarbendra Nath Shukla,"जनता समाजवादी पार्टी, नेपाल",2542,3410,M,False,सुरेन्द्र नाथ शुक्ला,Bachelor of Medical Engineering,"J.N., T.U., India",रूपन्देही सम्मरीमाई गाउँपालिका जिगिना,निरन्जना  शुक्ला,२०४७ देखि राजनितीमा सक्रिय रहेर काम गरेको,5-रूपन्देही-4,340055,76
340743,भोपेन्द्र प्रसाद यादव,Bhopendra Prasad Yadav,जनमत पार्टी,2585,2077,M,False,Anil Kumar Yadav,स्नातकोत्तर,त्रिभुवन विश्‍वविद्यालय,Rupandehi,,,5-रूपन्देही-4,340743,40
339973,अहमददिन मुसलमान,Ahmaddin Musalman,राष्ट्रिय प्रजातन्त्र पार्टी,2604,926,M,False,Ehsanullah Musalman,स्‍नातक,TU,Rupandehi,Kaisarjahan Khan,समाजसेवा,5-रूपन्देही-4,339973,49
342071,विश्‍व नाथ शर्मा,Bishwa Nath Sharma,स्वतन्त्र,IND,479,M,False,छविलाल  शर्मा,10+2,HSEB,रूपन्देही मायादेवी गाउँपालिका बेथरी,दुर्गा काफ्ले शर्मा,,5-रूपन्देही-4,342071,45
340958,बाबु लाल यादव,Babu Lal Yadav,नेपाली कम्युनिष्ट पार्टी,2557,440,M,False,Hariram Yadav,B.A.,गोरखा विश्वविद्यालय उत्तर प्रदेश,Rupandehi,Rajmati Yadav,राजनीतिक क्षेत्रमा २०५२ सालदेखि कम्युनिष्ट आन्दोलनमा संगठित भई काम गरेको,5-रूपन्देही-4,340958,65
342294,विष्‍णु प्रसाद तिवारी,Bishnu Prasad Tiwari,नेपाल कम्युनिस्ट पार्टी (माओवादी),2526,224,M,False,कुलानन्द  तिवारी, १० कक्षा,गान्धी मेमेोरियल हाइस्कुल भारत,रूपन्देही सियारी गाउँपालिका विष्‍णुपुर,माया देवी तिवारी,"२०३६ देखि राजनीतिमा संलग्न, समाजसेवामा आवद्ध, अन्याय अत्यातारको विरूद्ध आन्दोलन",5-रूपन्देही-4,342294,69
341653,जंग बहादुर यादव,Jung Bahadur Yadav,नेपाल जनता पार्टी,2507,207,M,False,शंकर  यादव,"S.L.C., C.M.A.",HMG BOARD,रूपन्देही मायादेवी गाउँपालिका कम्हरिया,विन्द्रवती  यादव,,5-रूपन्देही-4,341653,53
342338,ज्योती थापा,Jyoti Thapa,आम जनता पार्टी(एकल चुनाव चिन्ह),2581,76,F,False,Lal Bahadur Thapa,SLC,HMG BOARD,Rupandehi,Jyoti Thapa,,5-रूपन्देही-4,342338,47
342125,जुठे दमाई,Juthe Damai,श्रम संस्कृति पार्टी,2501,47,M,False,हिरे  दमाई,S.L.C.,HMG BOARD,रूपन्देही बुटवल उपमहानगरपालिका ,,,5-रूपन्देही-4,342125,49
341390,कर्ण बहादुर गुरुङ,Karna Bahadur Gurung,मंगोल नेशनल अर्गनाइजेसन,2511,36,M,False,Dil Bahadur Gurung,SLC,HMG BOARD,Syangja,,,5-रूपन्देही-4,341390,57
339696,कमल कोजु,Kamal Koju,नेपाल मजदुर किसान पार्टी,2578,28,F,False,हर्ष कुमार कोजु,S.L.C.,HMG BOARD,भक्तपुर भक्तपुर नगरपालिका तौलाछें,अन्जन  कोजु,सामाजिक कार्य,5-रूपन्देही-4,339696,50
340120,रमेश कुर्मी,Ramesh Kurmi,स्वतन्त्र,IND,28,M,False,Dhodhai Kurmi,साधारण लेखपढ,,Rupandehi,Urmila Kurmi,राजनीति,5-रूपन्देही-4,340120,45
341843,राधे श्‍याम वनिया,Radheshyam Baniya,स्वतन्त्र,IND,24,M,False,Haricharan Baniya,१२ पास,गोरखपुर भारत,Rupandehi,Laxmi Baniya,व्यापार,5-रूपन्देही-4,341843,37
341484,फडिन्द्र तिवारि,Phadindra Tiwari,नेपाल कम्युनिष्ट पार्टी (संयुक्त),2601,23,M,False,Him Lal Tiwari,१० कक्षा,गीर्वाण सरस्वती मा.वि.,Rupandehi,Kala Kharel Tiwari,सामाजिक कार्य,5-रूपन्देही-4,341484,43
342214,मोहम्मद आरिफ मुसलमान खान,Mohammad Arif Musalman Khan,स्वतन्त्र,IND,19,M,False,Abdul Jalil Musalman,S.L.C.,HMG BOARD,Rupandehi,,,5-रूपन्देही-4,342214,34
340497,सुदर्शन अहिर,Sudarsan Ahir,राष्ट्रिय जनमुक्ति पार्टी,2605,17,M,False,बलीराज  अहिर,साक्षर,,रूपन्देही लुम्बिनी साँस्कृतिक नगरपालिका अरदौला,माल्ती  यादव,,5-रूपन्देही-4,340497,56
342175,विनय कुमार चौधरी,Vinay Kumar Chaudhary,स्वतन्त्र,IND,16,M,False,Shiv Prasad Kurmi,BBA,TU,Rupandehi,,,5-रूपन्देही-4,342175,29
340184,अदालत चाई,Adalat Chai,स्वतन्त्र,IND,12,M,False,Kokan Chai,साक्षर,,Rupandehi,Chandrawati Chai,राजनीति,5-रूपन्देही-4,340184,68
341010,शसिकला पाण्डेय,Shashikala Pandey,स्वतन्त्र,IND,8,F,False,Surendra Prasad Pandey,प्रविणता तह,उच्च माध्यमिक शिक्षा परिषद,Rupandehi,Sachidananda Pandey,,5-रूपन्देही-4,341010,35
341416,तौफिक अहमद खान,Tauphika Ahamada Khan,राष्ट्रिय स्वतन्त्र पार्टी,2528,38806,M,True,सफिक अहमद .,MBA,,रूपन्देही सिद्धार्थनगर नगरपालिका वेलहिया,,,5-रूपन्देही-5,341416,38
341218,खिम लाल भट्टराई,Khim Lal Bhattarai,नेपाल कम्युनिष्ट पार्टी (एकीकृत मार्क्सवादी लेनिनवादी),2598,13100,M,False,हिरा लाल भट्टराई,M.A./B.L,त्रिभुवन विश्वविद्यालय,रूपन्देही सैनामैना नगरपालिका ,सुशिला  भूसाल,"राष्ट्रिय सभा सदस्य भई काम गरेको 
प्रमुख सचेतक संसदीय दलको नेता",5-रूपन्देही-5,341218,55
340937,भरत कुमार शाह,Bharat Kumar Shah,नेपाली काँग्रेस,2583,12624,M,False,Lok Bahadur Shah,स्‍नातकोत्तर,त्रिभुवन विश्व विद्यालय,Kathmandu,Anita Dhungana Shah,"अर्थ राज्य मन्त्री
सार्वजनिक लेखा समिति सभापति
३ पटक सांसद
विभिन्न व्यापारिक प्रतिष्ठान र समाजमा काम गरेको",5-रूपन्देही-5,340937,71
340165,मुहम्मद वकील मुसलमान,Muhammad Wakil Musalman,नेपाली कम्युनिष्ट पार्टी,2557,6176,M,False,Abbas Musalman,SLC pass,,Rupandehi,Nazima Khatun Musalman,"पूर्व सभासद २०६४
पूर्व  संघीय वनमन्त्री",5-रूपन्देही-5,340165,57
342054,ओम प्रकाश यादव,Om Prakash Yadav,जनमत पार्टी,2585,3109,M,False,Vishwanath Yadav,B.A.,,Rupandehi,Indrawati Yadav,,5-रूपन्देही-5,342054,45
339992,मिन प्रसाद घिमिरे,Min Prasad Ghimire,राष्ट्रिय प्रजातन्त्र पार्टी,2604,1654,M,False,Manilal Ghimire,10+2 pass, ,Arghakhanchi,Reshma Ghimire,,5-रूपन्देही-5,339992,67
342289,शिवलाल विश्वकर्मा,Shivlal Bishwakarma,श्रम संस्कृति पार्टी,2501,1369,M,False,लाल बहादुर विश्वकर्मा,साक्षर,,रूपन्देही देवदह नगरपालिका टटेरा,गिता विश्वकर्मा,,5-रूपन्देही-5,342289,41
339491,सुनिल चौधरी थारु,Sunil Chaudhary Tharu,प्रगतिशील लोकतान्त्रिक पार्टी,2516,535,M,False,Nardeshwar Chaudhary Tharu,10+2 pass,मुन लाईट आ.मा.वि.भैरहवा,Rupandehi,,"शैक्षिक परामर्श ।
सामाजिक अभियान्ता ।
वैदेशिक शिक्षा सीपमा अनुभव",5-रूपन्देही-5,339491,31
341914,केशव भट्टराई ,Keshav Bhattarai,उज्यालो नेपाल पार्टी,2566,354,M,False,रुपानन्द  भट्टराई ,स्‍नातकोत्तर LLM,,रूपन्देही सैनामैना नगरपालिका ,,,5-रूपन्देही-5,341914,36
342146,विष्णु प्रसाद भट्टराई,Bishnu Prasad Bhattarai,नेपाल कम्युनिस्ट पार्टी (माओवादी),2526,296,M,False,ईन्द्र प्रसाद भट्टराई,SLC,,रूपन्देही सैनामैना नगरपालिका शान्तीपुर,कल्पना  भट्टराई,,5-रूपन्देही-5,342146,50
339887,जयश्वर रेग्मी,Jayashvara Regmi,राष्ट्रिय जनमोर्चा,2522,171,M,False,नन्दराम  रेग्मी,10+2 pass,पि एन क्याम्पस,रूपन्देही सैनामैना नगरपालिका ,लक्ष्मी देवि रेग्मी,,5-रूपन्देही-5,339887,74
340214,मुहम्मद बहिद फकिर,Muhammad Bahid Fakir,"जनता समाजवादी पार्टी, नेपाल",2542,136,M,False,असगर अली फकिर,सामान्य लेखपढ,श्री बुद्ध आदर्श मा.वि.,रूपन्देही लुम्बिनी साँस्कृतिक नगरपालिका ठूलो  पडरिया,कैसरा जहाँ फकिर,,5-रूपन्देही-5,340214,44
341983,केशु रासकोटी मगर,Keshu Raskoti Magar,नेशनल रिपब्लिक नेपाल,2504,131,F,False,Khagendra Raskoti Magar,10+2 pass,,Gulmi,,,5-रूपन्देही-5,341983,39
342099,चन्दा थापा,Chanda Thapa,राष्ट्रिय जनमुक्ति पार्टी,2605,70,F,False,Dal Bahadur Pun,10 pass,,Rupandehi,Dhan Bahadur Thapa,,5-रूपन्देही-5,342099,47
341360,बिरेन्द्र कुमार धोवी,Birendra Kumar Dhobi,"नागरिक उन्मुक्ति पार्टी, नेपाल(एकल चुनाव चिन्ह)",2531,61,M,False,Rambriksha Dhobi,8 pass,बुद्ध आर्दश मा वि खुनगाई,Rupandehi,Pinky Dhobi,,5-रूपन्देही-5,341360,42
342428,राजु श्रेष्‍ठ,Raju Shrestha,नेपाल जनसेवा पार्टी,2599,50,M,False,Bhim Bahadur Shrestha,10+2 pass,,Rupandehi,Monika Shrestha,,5-रूपन्देही-5,342428,31
340089,जगीलाल थापा,Jagilal Thapa,नेपाल मजदुर किसान पार्टी,2578,46,M,False,Lok Bahadur Thapa,स्‍नातकोत्तर तह,बुटवल बहुमुखी क्याम्पस,Rupandehi,Asha Thapa,,5-रूपन्देही-5,340089,44
342503,खेम प्रसाद गुरुङ्,Khem Prasad Gurung,आम जनता पार्टी(एकल चुनाव चिन्ह),2581,37,M,False,Gam Bahadur Gurung,सामान्य,,Parbat,Tuk Kumari Gurung,,5-रूपन्देही-5,342503,59
340754,जय नारायण काफ्ले,Jay Narayan Kafle,स्वतन्त्र,IND,22,M,False,Sashidhar Kafle,साक्षर,,Syangja,Vishnu Devi Kafle,,5-रूपन्देही-5,340754,81
341780,जगदीश यादव,Jagdish Yadav,स्वतन्त्र,IND,18,M,False,Degree Chandra Ahir,12 pass,बुद्धज्योती मा वि,Rupandehi,,,5-रूपन्देही-5,341780,37
341608,इन्‍द्र बहादुर नेपाली,Indra Bahadur Nepali,मंगोल नेशनल अर्गनाइजेसन,2511,14,M,False,Mirga Bahadur Nepali,slc pass,,Parbat,Keshari Maya Nepali,,5-रूपन्देही-5,341608,64
339340,बसन्त कुमार यादव,Basanta Kumar Yadav,स्वतन्त्र,IND,10,M,False,Birendra Yadav,10+2 pass,खुदावगर मा.वि.,Rupandehi,,युवा क्लवमा वसेर समाजसेवा गरेको,5-रूपन्देही-5,339340,25
342378,सकिल अहमद खा,Sakil Ahmad Khan,स्वतन्त्र,IND,10,M,False,जमालुदिन  खा,सामान्य,,रूपन्देही लुम्बिनी साँस्कृतिक नगरपालिका पडरिया,जैतुन्निसा  खा,,5-रूपन्देही-5,342378,42
342026,बसन्ती चमार,Basanti Chamar,स्वतन्त्र,IND,9,F,False,Vishwanath Harijan,सामान्य साक्षर,,Rupandehi,Jokhan Harijan,,5-रूपन्देही-5,342026,61
341105,लक्ष्‍मण बहादुर नेपाल,Laxman Bahadur Nepal,स्वतन्त्र,IND,9,M,False,Lila Bahadur Nepal,साक्षर,,Rupandehi,Tara Devi Pandey,,5-रूपन्देही-5,341105,56
339557,विक्रम प्रसाद यादव,Bikram Prasad Yadav,स्वतन्त्र,IND,5,M,False,गंगा राम अहिर,SLC pass,,रूपन्देही लुम्बिनी साँस्कृतिक नगरपालिका भगतपुरवा,मान्ती  यादव,२०५४ सालको स्थानीय निकायको वडाअध्यक्ष-३,5-रूपन्देही-5,339557,56
339721,धिरेन्द्र प्रसाद चौधरी,Dhirendra Prasad Chaudhary,स्वतन्त्र,IND,3,M,False,Kashi Tharu,SLC pass,हेमराज मा.वि.कपिलवस्तु,Rupandehi,Janaki Kumari Chaudhary,,5-रूपन्देही-5,339721,43
341902,मोहन लाल आचार्य,Mohan Lal Acharya,राष्ट्रिय स्वतन्त्र पार्टी,2528,34148,M,True,Churamani Acharya,स्नोकोत्तर,टि.यु.,Kapilbastu,Gudiya Chaudhary,"संविधान तथा कानुन क्षेत्रमा कार्यगरेको, मानवअधिकार",5-कपिलबस्तु-1,341902,53
340638,आशिष शर्मा,Ashish Sharma,स्वतन्त्र,IND,15860,M,False,Dip Kumar Upadhyaya,BBS,TU,Kathmandu,Abhilasha Panta,,5-कपिलबस्तु-1,340638,46
341670,अतहर कमाल मुसलमान,Atahar Kamal Musalman,नेपाली काँग्रेस,2583,14582,M,False,निसार अहमद मुसलमान,ISc,"शिवपति इन्टर कलेज सोहरतगढ, भारत",कपिलबस्तु बाणगंगा नगरपालिका बनकटवा,देवी कला मुसलमान,"संविधानसभा सदस्य २०७०
प्रतिनिधिसभा सदस्य २०७४",5-कपिलबस्तु-1,341670,55
339507,विश्राम प्रसाद चौधरी,Bishram Prasad Chaudhary,नेपाल कम्युनिष्ट पार्टी (एकीकृत मार्क्सवादी लेनिनवादी),2598,7981,M,False,Bhikhu Chaudhary,आई ए,,Kapilbastu,Devi Kala Musalman,संविधान सभा सदस्य,5-कपिलबस्तु-1,339507,58
340308,कृष्ण बहादुर कुँवर,Krishna Bahadur Kunwar,नेपाली कम्युनिष्ट पार्टी,2557,4616,M,False,Hark Bahadur Kunwar,IA,Tribhuvan University,Baglung,Puja Adhikari,,5-कपिलबस्तु-1,340308,55
340807,शत्रुघन बिलास सिंह कुर्मी,Shatrughan Bilas Singh Kurmi,राष्ट्रिय प्रजातन्त्र पार्टी,2604,2127,M,False,Raghav Sharan Singh Kurmi,SLC,संस्कृति मा.वि.,Kapilbastu,Rajmati Yadav,,5-कपिलबस्तु-1,340807,48
341391,नरेन्‍द्र प्रसाद चौधरी,Narendra Prasad Chaudhary,जनमत पार्टी,2585,1889,M,False,Kesari Prasad Chaudhary,BE electricals,"Banglore, India",Kapilbastu,,"२०७९ प्रतिनिधि सभा चुनाव लडेको, हाइड्रोपावर सेक्टरमा काम",5-कपिलबस्तु-1,341391,55
342656,बब्बु सिंह यादव,Babbu Singh Yadav,"जनता समाजवादी पार्टी, नेपाल",2542,1485,M,False,Shivharakh Ahir,+2,श्री छत्रपाली तिर्थादेवी मा.वि. पकडी,Kapilbastu,राजमती  यादव,,5-कपिलबस्तु-1,342656,30
341475,दरोगा प्रसाद कुर्मी,Daroga Prasad Kurmi,श्रम संस्कृति पार्टी,2501,439,M,False,Ram Charitra Kurmi,"बि एससी, एलएलबी (एभो)",गोरखपुर विश्वविद्यालय युपी,Kapilbastu,Premsudha Kurmi,कपिलवस्तु एग्रो प्रा.लि. क.व,5-कपिलबस्तु-1,341475,67
341295,भग्गु प्रसाद चौधरी थारु,Bhaggu Prasad Chaudhary Tharu,"नागरिक उन्मुक्ति पार्टी, नेपाल(एकल चुनाव चिन्ह)",2531,332,M,False,Dhuwari Tharu,SLC,हेमराज मा.वि.,Kapilbastu,Aasiya Tharuni,,5-कपिलबस्तु-1,341295,56
342707,निसार अहमद मुसलमान,Nisar Ahmad Musalman,राष्ट्र निर्माण दल नेपाल,2527,304,M,False,Ejar Musalman,कक्षा ८,,Kapilbastu,Aasiya Khatun Musalman,,5-कपिलबस्तु-1,342707,40
339416,संघ प्रसाद थारु,Sangh Prasad Tharu,नेपाल कम्युनिस्ट पार्टी (माओवादी),2526,294,M,False,चानु  थारु,SLC,"श्री हेमराज मा.वि., हथौसा, कपिलवस्तु",कपिलबस्तु बाणगंगा नगरपालिका कर्महना,मुसिया देवी थारु,संविधान सभा सदस्य (२०६४-२०६८),5-कपिलबस्तु-1,339416,56
342490,माधव भाट,Madhav Bhat,राष्ट्रिय जनमोर्चा,2522,243,M,False,Vishnu Bahadur Bhat,SLC,"शान्ति मा वि, अ.खा.",Arghakhanchi,Sita Bhat,"व्यापार, पत्रकारिता",5-कपिलबस्तु-1,342490,45
342238,जयवन्त विक्रम शाह,Jayavant Bikram Sah,"राष्ट्रिय मुक्ति आन्दोलन, नेपाल",2591,203,M,False,शैलेन्द्र विक्रम शाह,एमबिइ एच,महाराजगञ्ज शिक्षण अस्पताल,कपिलबस्तु बाणगंगा नगरपालिका ,भगवती  शाह,फार्मेसी सञ्चालन,5-कपिलबस्तु-1,342238,66
342082,मनोज कुमार शुक्ल,Manoj Kumar Shukla,नेपाल जनता पार्टी,2507,89,M,False,Prabhakar Shukla,SLC,,Kapilbastu,,,5-कपिलबस्तु-1,342082,36
339894,कैसर जहा भन्ने सकिना मुस्लीम​,Kaiser Jaha (also known as Sakina Muslim),स्वतन्त्र,IND,89,F,False,उमर​ फारुक​ फकिर​,,,कपिलबस्तु मायादेवी गाउँपालिका बडकी खैरटी,,,5-कपिलबस्तु-1,339894,37
342468,अब्दुल्लाह मुसलमान,Abdullah Musalman,राष्ट्रिय जनमत पार्टी,2570,69,M,False,Sahabuddin Musalman,नौ कक्षा,,Kapilbastu,Shahajaha Nisa,,5-कपिलबस्तु-1,342468,42
340440,शंकर भाटक्षेत्री,Shankara Bhatakshetri,स्वतन्त्र,IND,53,M,False,दल बहादुर भाटक्षेत्री,SLC,प्रभाकर मा.वि. सिमलपानी अ.खा.,कपिलबस्तु बाणगंगा नगरपालिका ,सारदा  भाटक्षेत्री,,5-कपिलबस्तु-1,340440,43
341502,राम गोपाल कुर्मी,Ram Gopal Kurmi,स्वतन्त्र,IND,47,M,False,Chhagur Prasad Kurmi,साधारण लेखपढ,,Kapilbastu,Rama Devi Kurmi,सामाजिक कार्य,5-कपिलबस्तु-1,341502,61
342268,सुरेन्द्र कुमार शुक्ल,Surendra Kumar Shukla,स्वतन्त्र,IND,47,M,False,Dip Narayan Shukla,बिए,,Kapilbastu,Suman Shukla,,5-कपिलबस्तु-1,342268,50
342741,केशर बहादुर सूर्यवंशी,Keshar Bahadur Suryavanshi,मंगोल नेशनल अर्गनाइजेसन,2511,40,M,False,Netra Bahadur Suryavanshi,,शिव मदन मा.वि. अ.खा.,Arghakhanchi,Humkala Suryavanshi,,5-कपिलबस्तु-1,342741,43
340997,नरेन्द्र वहादुर वेल्बासे,Narendra Bahadur Belbase,स्वतन्त्र,IND,38,M,False,Dolak Bahadur Belwase,SLC,"ज्योति मा.वि., ठाडा, अ.खा.",Arghakhanchi,Parvati Devi Belwase,,5-कपिलबस्तु-1,340997,59
341867,कल्याण टण्‍डन,Kalyan Tandon,स्वतन्त्र,IND,34,M,False,दिपक कुमार टण्‍डन,+2,,कपिलबस्तु बाणगंगा नगरपालिका ,कल्पना  टण्‍डन,,5-कपिलबस्तु-1,341867,48
342608,रबिन कार्की,Rabin Karki,नेपाल जनसेवा पार्टी,2599,27,M,False,Buddhi Bahadur Karki,+2,,Kapilbastu,,,5-कपिलबस्तु-1,342608,29
340519,नुमा बि.क,Numa B.K.,राष्ट्रिय जनमुक्ति पार्टी,2605,24,F,False,बम बहादुर खत्री,SLC,,कपिलबस्तु बाणगंगा नगरपालिका ,ओम बहादुर विश्वकर्मा,,5-कपिलबस्तु-1,340519,40
339965,शिव बहादुर दर्जी,Shiva Bahadur Darji,आम जनता पार्टी(एकल चुनाव चिन्ह),2581,22,M,False,छवि बहादुर दमाइ,प्रविणता प्रमाणपत्र,बुटवल बहुमुखी क्याम्पस,अर्घाखाँची शितगंगा नगरपालिका बर्रे पात्ल,रीता  दर्जी,निजि विद्यालय शिक्षक,5-कपिलबस्तु-1,339965,37
342416,प्रकाश भुसाल,Prakash Bhusal,स्वतन्त्र,IND,20,M,False,Prem Chandra Bhusal,आईए,कपिलवस्तु बहुमुखी क्याम्पस तौलिहवा,Kapilbastu,Parvati Bhusal,,5-कपिलबस्तु-1,342416,45
342717,धर्मेन्दर पासी,Dharmendra Pasi,स्वतन्त्र,IND,16,M,False,राम सुरत पासी,+2,,कपिलबस्तु शुद्धोधन गाउँपालिका रमावपुर,उर्मिला  पासी,,5-कपिलबस्तु-1,342717,36
340713,चन्द्र कुमार बढई,Chandra Kumar Badhai,स्वतन्त्र,IND,13,M,False,Bijay Bahadur Badhai,उच्च माध्यमिक तह,सिद्धार्थ विद्यामन्दिर तौलिहवा कपिलवस्तु,Kapilbastu,,सामाजिक काम,5-कपिलबस्तु-1,340713,29
340876,वुद्धि नाथ पोखरेल,Buddhi Nath Pokharel,स्वतन्त्र,IND,8,M,False,Rikhi Ram Pokhrel,BA,,Kapilbastu,,,5-कपिलबस्तु-1,340876,47
341960,सुर्य प्रसाद बराल,Surya Prasad Baral,स्वतन्त्र,IND,8,M,False,Bhimlal Baral,SLC,पशुपति मा.वि. सालझण्डी,Rupandehi,Parvati Ghimire,"सामाजिक, राजनैतिक क्रियाकलाप",5-कपिलबस्तु-1,341960,52
342583,अब्दुल रहमान -,Abdul Rahman,स्वतन्त्र,IND,5,M,False,Gaffar Nau,एमए उर्दु,,Kapilbastu,Mahrun Nisha Khatun,,5-कपिलबस्तु-1,342583,45
341330,राम नारायण थारु,Ram Narayan Tharu,स्वतन्त्र,IND,5,M,False,Basudev Tharu,SLC,बाणगङ्गा मा.वि. गजेहडा,Kapilbastu,Nathui Tharu,,5-कपिलबस्तु-1,341330,53
339658,माधव प्रसाद खनाल  (उपाध्याय),Madhav Prasad Khanal (Upadhyaya),स्वतन्त्र,IND,4,M,False,महेश्‍वर खनाल,SLC,"जनता मा.वि. पिपरा, कपिलवस्तु",कपिलबस्तु बाणगंगा नगरपालिका मनोहरापुर,सुनिता खनाल,निर्माण व्यवसाय,5-कपिलबस्तु-1,339658,57
341561,विक्रम थापा,Bikram Thapa,राष्ट्रिय स्वतन्त्र पार्टी,2528,27635,M,True,लाल बहादुर थापा,वि.एस.सी.,भारत,कपिलबस्तु महाराजगंज नगरपालिका ,,सेवन निर्वित,5-कपिलबस्तु-2,341561,63
340820,सुरेन्द्र राज आचार्य,Surendra Raj Acharya,नेपाली काँग्रेस,2583,21527,M,False,Yuvraj Acharya,स्नातक,त्रि.वी.,Kathmandu,Jivan Acharya,पूर्व मन्त्री,5-कपिलबस्तु-2,340820,67
339730,बृजेश कुमार गुप्‍त,Brijesh Kumar Gupta,नेपाली कम्युनिष्ट पार्टी,2557,20482,M,False,Bhagwandas Gupta,बी.एस.सी.इलेक्ट्रिकल,अलिगढ मुस्लिम विश्वविद्यालय,Kapilbastu,,"प्रतिनिधि सभा सदस्य २ पटक
संबिधान सभा सदस्य २ पटक
भौतिक योजना तथा निर्माण मन्त्री
कानून मन्त्री",5-कपिलबस्तु-2,339730,55
341146,द‍ृग नरायण पाण्‍डेय,Drigha Narayan Pandey,नेपाल कम्युनिष्ट पार्टी (एकीकृत मार्क्सवादी लेनिनवादी),2598,7357,M,False,रमाकान्त  पाण्‍डेय,आई.ए.सी.,त्रि.वी. काठमाण्डौ ,कपिलबस्तु महाराजगंज नगरपालिका महाराजगंज,प्रमिला  पाण्‍डेय,"राष्ट्रिय सभा सदस्य
पूर्व सांसद आदीि",5-कपिलबस्तु-2,341146,63
339828,विष्णु प्रसाद भण्डारी,Bishnu Prasad Bhandari,राष्ट्रिय प्रजातन्त्र पार्टी,2604,1181,M,False,खिमलाल  भण्डारी,स्नाकोत्तर,त्रिभुवन विश्वविद्यालय,कपिलबस्तु बुद्धभुमी नगरपालिका पचिगवा,खिमकला  खनाल,...,5-कपिलबस्तु-2,339828,46
341678,मुरली कुर्मी,Murali Kurmi,जनमत पार्टी,2585,381,M,False,Ram Charitra Kurmi,वि.एस.सी.व.एल,भारत,Kapilbastu,Khimkala Khanal,सेवा निर्वित,5-कपिलबस्तु-2,341678,65
340210,राम चन्द्र कोरी,Ram Chandra Kori,सार्वभौम नागरिक पार्टी,2520,344,M,False,Shobha Kori,10+2,जवहारलाल कलेज भारत,Kapilbastu,Khusiya Tharuni,सामाजिक अभियान्ता,5-कपिलबस्तु-2,340210,48
341051,अब्दुल गफ्फार अन्सारी,Abdula Gaphphara Ansari,स्वतन्त्र,IND,221,M,False,अनारुल्लाह  जोल्हा,10+2,कनक मुनी उच्च मावी,कपिलबस्तु कपिलवस्तु नगरपालिका ,आरिफह खातुन अन्सारी,.......,5-कपिलबस्तु-2,341051,34
339580,राज मंगल थारु,Raj Mangal Tharu,नेपाल कम्युनिस्ट पार्टी (माओवादी),2526,194,M,False,Garbh Raj Tharu,अन्डर slc,श्री कनकमुनी उच्च मा.वि. जगदिशपुर क.व.,Kapilbastu,Keshmaya Saru,....,5-कपिलबस्तु-2,339580,54
341451,राम नेवास यादव,Rama Nevasa Yadav,"जनता समाजवादी पार्टी, नेपाल",2542,114,M,False,खदेरु  अहिर,S.L.C.,रत्नराज्य मावी कपिलवस्तु,कपिलबस्तु कपिलवस्तु नगरपालिका ठुलो सड्वा,,सामाजीक कार्य,5-कपिलबस्तु-2,341451,49
341501,अरुण तिवारी,Arun Tiwari,स्वतन्त्र,IND,103,M,False,Anand Tiwari,10+2,ज्योती मावी अर्घाखाँची,Kapilbastu,Binita Tiwari,समाजसेवा,5-कपिलबस्तु-2,341501,31
340615,लक्ष्मी कुमारी मण्डारी,Laxmi Kumari Mandari,राष्ट्रिय जनमोर्चा,2522,102,F,False,लिलाराम  जैसी,पाँच कक्षा पास,......,कपिलबस्तु बुद्धभुमी नगरपालिका शान्तिपुर,कृष्णलाल  शर्मा जैसी,.......,5-कपिलबस्तु-2,340615,54
342344,शेष नारायण शुक्ल,Shesh Narayan Shukla,नेपाल जनता पार्टी,2507,82,M,False,Lallan Shukla,10+2,भैरहवा नमुना उ.मा.वि.,Kapilbastu,,समाजसेवा,5-कपिलबस्तु-2,342344,34
340774,जामवन्ती भूज,Jamvanti Bhuj,राष्ट्रिय मुक्ति पार्टी नेपाल(एकल चुनाव चिन्ह),2531,78,F,False,हेमचन्द्र  भूज,S.L.C.,श्री सिद्धार्थ मावी,कपिलबस्तु कपिलवस्तु नगरपालिका ,बेचन  भूज,मेलमिलाप कर्ता,5-कपिलबस्तु-2,340774,44
340377,बुद्धि बहादुर सारु थापा,Buddhi Bahadur Saru Thapa,नेशनल रिपब्लिक नेपाल,2504,42,M,False,Um Bahadur Saru,कक्षा 10,ज्योति मा.वि.,Arghakhanchi,Gita Darji,.....,5-कपिलबस्तु-2,340377,63
341972,पिन बहादुर दर्जी,Pin Bahadur Darji,मंगोल नेशनल अर्गनाइजेसन,2511,41,M,False,Man Bahadur Darji,S.L.C.,केउरानी मावी देवदह,Rupandehi,Krishnalal Sharma Jaisi,सामाजिक सेवा,5-कपिलबस्तु-2,341972,39
340053,सरताज अहमद मु,Sarataja Ahamada Mu,स्वतन्त्र,IND,37,M,False,सहाबुद्दीन  मुसलमान,S.L.C.,बुद्धज्योती मावी कपिलवस्तु,कपिलबस्तु यसोधरा गाउँपालिका भडेहर,,......,5-कपिलबस्तु-2,340053,32
340903,राम प्रसाद पासी,Ram Prasad Pasi,राष्ट्रिय जनमत पार्टी,2570,28,M,False,Khelawan Pasi,S.L.C.,भारत,Kapilbastu,Bechan Bhujel,......,5-कपिलबस्तु-2,340903,76
342273,सुमन गिरी,Suman Giri,नेपाल जनसेवा पार्टी,2599,27,M,False,Reshamraj Giri,10+2,न्यू होराइजन कलेज बुटवल,Kapilbastu,Banga Pasi,समाजसेवा,5-कपिलबस्तु-2,342273,30
342185,प्रेम बहादुर वि.क,Prema Bahadura Vi.k,आम जनता पार्टी(एकल चुनाव चिन्ह),2581,21,M,False,नर वहादुर विश्‍वकर्मा,स्नातक,बुटवल बहुमुखी क्याम्पस,कपिलबस्तु बाणगंगा नगरपालिका बन्डौली,,.......,5-कपिलबस्तु-2,342185,40
340701,विजय नन्द चौवे,Vijay Nand Chauve,स्वतन्त्र,IND,21,M,False,त्रिलोकी नाथ चौवे,आई.ए.सी.,भारत,कपिलबस्तु यसोधरा गाउँपालिका भडेहर,माधुरी  चौवे,समाजसेवी,5-कपिलबस्तु-2,340701,62
340260,राम प्रसाद पौडेल,Ram Prasad Paudel,स्वतन्त्र,IND,15,M,False,Dhanishwar Paudel,S.L.C.,सिद्धार्थ मावी भेलाई,Kapilbastu,Sita Aryal Paudel,.......,5-कपिलबस्तु-2,340260,46
340427,टोमनाथ कुर्मी,Tomanath Kurmi,स्वतन्त्र,IND,14,M,False,जगदम्वा  कुर्मी,लेखपढ,.....,कपिलबस्तु महाराजगंज नगरपालिका गनवारिया,प्रमिला  कुर्मी,....,5-कपिलबस्तु-2,340427,42
339969,राकेश कुर्मी,Rakesh Kurmi,स्वतन्त्र,IND,9,M,False,Balmukunda Kurmi,10+2,कपिलवस्तु बहुमुखी क्याम्पस,Kapilbastu,Samira Nisa Kurmi,....,5-कपिलबस्तु-2,339969,48
340300,तारा प्रसाद अधिकारी,Tara Prasad Adhikari,स्वतन्त्र,IND,7,M,False,Maniram Adhikari,S.L.C.,भृकुटी मावी ,Kapilbastu,Kalam Adhikari,समाजसेवी,5-कपिलबस्तु-2,340300,54
341198,कृष्‍ण चन्द्र पासी,Krishna Chandra Pasi,स्वतन्त्र,IND,5,M,False,Shriram Pasi,आई.ए.,भारत,Kapilbastu,Sumirata Pasi,....,5-कपिलबस्तु-2,341198,48
339898,महेश कुर्मी,Mahesh Kurmi,स्वतन्त्र,IND,4,M,False,Ganesh Bahadur Kurmi,S.L.C.,रत्नराज्य लक्ष्मी मा.वि. कपिलवस्तु।,Kapilbastu,,......,5-कपिलबस्तु-2,339898,38
340492,ईब्राहिम पठान,Eebrahima Pathan,स्वतन्त्र,IND,3,M,False,मक्सद  पठान,साधारण लेखपढ,.....,कपिलबस्तु कपिलवस्तु नगरपालिका सौराह,लालमुन  पठान,.....,5-कपिलबस्तु-2,340492,50
341266,अभिषेक प्रताप शाह,Abhishek Pratap Shah,नेपाली काँग्रेस,2583,23535,M,True,Late Ajay Pratap Shah,,,Kapilbastu,. . .,,5-कपिलबस्तु-3,341266,43
341989,प्रकाश रजौरिया,Prakash Rajouriya,राष्ट्रिय स्वतन्त्र पार्टी,2528,18890,M,False,दुर्गा प्रसाद रजौरिया,स्नातक तह,,कपिलबस्तु कृष्णनगर नगरपालिका ,पविता  पराजुली,,5-कपिलबस्तु-3,341989,52
342305,बीरेन्द्र कुमार कानोडिया,Birendra Kumar Kanodiya,नेपाल कम्युनिष्ट पार्टी (एकीकृत मार्क्सवादी लेनिनवादी),2598,14763,M,False,Om Prakash Kanodiya,BA LLB,लखनउ विश्व विद्यालय भारत,Kapilbastu,Sulekha Kanodia,,5-कपिलबस्तु-3,342305,66
340136,ईश्वर दयाल मिश्र,Eeshvara Dayala Mishr,राष्ट्रिय मुक्ति पार्टी नेपाल(एकल चुनाव चिन्ह),2531,5017,M,False,सहदेव  मिश्र,आधारभुत तह,राम गोरखा मा वि बहादुरगंज कपिलवस्तु,कपिलबस्तु महाराजगंज नगरपालिका गगौंडा,शकुन्तला  मिश्र,"संविधान सभा सदस्य २०६४
भौतिक योजना तथा निर्माण (राज्यमन्त्री)",5-कपिलबस्तु-3,340136,59
342060,एहसान अहमद खाँ,Ehsan Ahmad Khan,नेपाली कम्युनिष्ट पार्टी,2557,4251,M,False,Abdul Majid Khan,माध्यमिक शिक्षा परिषद उत्तर प्रदेश,+2,Kapilbastu,Sabiha Ehsan Khan,,5-कपिलबस्तु-3,342060,62
340342,विनोद लुईटेल,Vinoda Lueetel,नेपाल कम्युनिस्ट पार्टी (माओवादी),2526,572,M,False,दुर्गाराम लुईटेल,स्नातक तह,TU KTM,सुनसरी धरान उपमहानगरपालिका नया टोल, ,,5-कपिलबस्तु-3,340342,33
342652,प्रेम शंकर शुक्ल,Prem Shankar Shukla,राष्ट्रिय प्रजातन्त्र पार्टी,2604,536,M,False,Ram Murat Shukla,slc,,Kapilbastu,Manju Devi Shukla,,5-कपिलबस्तु-3,342652,46
342690,ईश्‍वर कुमार राउत,Eesh‍vara Kumara Raut,जनमत पार्टी,2585,339,M,False,होम बहादुर राउत,+2,,नुवाकोट लिखु गाउँपालिका गड्खार,सावित्रा  राउत,,5-कपिलबस्तु-3,342690,51
340846,इन्तजार खाँ,Intajara Khan,स्वतन्त्र,IND,332,M,False,मुस्तफा  खाँ,10+2,UP Board India,कपिलबस्तु कृष्णनगर नगरपालिका अजिगरा,जन्नतुन निसा खाँ,,5-कपिलबस्तु-3,340846,52
339663,केर सिंह अदै,Ker Singh Adai,राष्ट्रिय जनमोर्चा,2522,267,M,False,Hark Bahadur Adai,SLC,महाकवि देवकोटा मा वि सुनवल नवलपरासी,Kapilbastu,,,5-कपिलबस्तु-3,339663,52
342434,जोगी पुरी गोसाई,Jogi Puri Gosai,नेपाल जनता पार्टी,2507,254,M,False,Jwala Puri Gosai,कक्षा ८,राम गोरखा मावी क.व.,Kapilbastu,Shri Kanti Gosai,,5-कपिलबस्तु-3,342434,57
342770,हरि ओम तुलस्यान,Hari Om Tulsiyan,स्वतन्त्र,IND,71,M,False,ओम प्रकाश तुलस्यान,,,कपिलबस्तु कृष्णनगर नगरपालिका शंकरनगर,सुमन  तुलस्यान,,5-कपिलबस्तु-3,342770,55
342596,मोहम्मद रफिक मियाँ,Mohammad Rafik Miya,आम जनता पार्टी(एकल चुनाव चिन्ह),2581,47,M,False,गरिब  मियाँ,,,कपिलबस्तु शिवराज नगरपालिका ,सहनाज  खातुन,,5-कपिलबस्तु-3,342596,41
341777,दुर्गा प्रसाद उपाध्याय,Durga Prasad Upadhyay,स्वतन्त्र,IND,46,M,False,विश्‍वनाथ  उपाध्याय,,,कपिलबस्तु कृष्णनगर नगरपालिका डुमाई,प्रतिभा देवी उपाध्याय,,5-कपिलबस्तु-3,341777,40
342683,अलाहुद्दीन दर्जी,Allahuddin Darji,बहुजन शक्ति पार्टी,2536,45,M,False,Mustafa Darji,,,Kapilbastu,Najmun Darji,,5-कपिलबस्तु-3,342683,61
342791,आनन्द प्रकाश यादव,Anand Prakash Yadav,स्वतन्त्र,IND,34,M,False,Bharat Ahir,,,Kapilbastu,,,5-कपिलबस्तु-3,342791,34
340222,चिन्ता बहादुर दर्जी,Chinta Bahadur Darji,स्वतन्त्र,IND,29,M,False,Gane Damai,प्रमाणपत्र तह,समयथान मावि खरेन्द्रपुर क.व.,Kapilbastu,Sant Kumari B.K. Darji,"पत्रकारिता क्षेत्रमा २ दशक बढि सकृय
जातिय समानताका लागि सामाजिक परिवर्तन गर्न अभियन्ताका रुपमा कार्यरत",5-कपिलबस्तु-3,340222,38
342767,बाल किसुन मुराउ (मौर्य),Bal Kisun Murau (Maurya),स्वतन्त्र,IND,15,M,False,Budhai Murau,,,Kapilbastu,Indrawati Murain (Maurya),,5-कपिलबस्तु-3,342767,53
340391,बुद्धिसागर शुक्ल,Buddhisagar Shukla,स्वतन्त्र,IND,13,M,False,Balak Ram Shukla,आधारभूत तह,,Kapilbastu,Vishwamati Shukla,,5-कपिलबस्तु-3,340391,66
340954,शर्वेस पाण्डेय,Sharves Pandey,स्वतन्त्र,IND,13,M,False,पोखई  पाण्डेय,10+2,,कपिलबस्तु कपिलवस्तु नगरपालिका ,,,5-कपिलबस्तु-3,340954,30
342727,सुग्रीम लोनिया,Sugrim Loniya,स्वतन्त्र,IND,12,M,False,Shivpujan Loniya,slc,,Kapilbastu,,,5-कपिलबस्तु-3,342727,33
342704,अब्दुलहमीद वेग,Abdulahamida Veg,स्वतन्त्र,IND,11,M,False,रीमासत  वेग,,,कपिलबस्तु कृष्णनगर नगरपालिका वेदमऊ,आमीना  खातुन,,5-कपिलबस्तु-3,342704,70
342755,मकसुद मियाँ,Maksud Miya,स्वतन्त्र,IND,11,M,False,कुद्दुस  मियाँ,SLC,,कपिलबस्तु शिवराज नगरपालिका पर्सिया,सालिहा  खातून,,5-कपिलबस्तु-3,342755,67
339772,अशोक कुमार यादव,Ashok Kumar Yadav,"जनता लोकतान्त्रिक पार्टी, नेपाल",2574,10,M,False,Jokhu Ahir,स्नातक,जनता मा वि गडवा दाङ,Dang,,अध्यापन गरेको ।,5-कपिलबस्तु-3,339772,42
342776,नूरुल कमर खाँ,Nurul Kamar Kha,स्वतन्त्र,IND,10,M,False,महमद नसिर खाँ,+2,,कपिलबस्तु विजयनगर गाउँपालिका पत्थरदेइया,जुबैदा खातुन,,5-कपिलबस्तु-3,342776,57
342732,बालजी प्रसाद यादव,Balji Prasad Yadav,स्वतन्त्र,IND,10,M,False,Jhinnu Yadav,+2,,Kapilbastu,Shanti Yadav,,5-कपिलबस्तु-3,342732,49
342394,कृष्ण कुमार उपाध्याय,Krishna Kumar Upadhyay,स्वतन्त्र,IND,9,M,False,कृपा शंकर उपाध्याय,,,कपिलबस्तु कृष्णनगर नगरपालिका बहादुरगंज,गिता  उपाध्याय,,5-कपिलबस्तु-3,342394,46
342759,थर्क वहादुर खन्गाहा,Thark Bahadur Khangaha,स्वतन्त्र,IND,9,M,False,Gam Bahadur Khangaha,,,Palpa,Humi Sara Khangaha,,5-कपिलबस्तु-3,342759,50
342762,मनीष कुमार कानोडिया,Manish Kumar Kanodiya,स्वतन्त्र,IND,9,M,False,Bijay Kumar Kanodiya,,,Kapilbastu,Rakta Kanodia,,5-कपिलबस्तु-3,342762,48
342781,पंकाज कुमार चौधरी,Pankaj Kumar Chaudhary,स्वतन्त्र,IND,7,M,False,Rajendra Prasad Chaudhary,,,Kapilbastu,,,5-कपिलबस्तु-3,342781,26
342509,राम निवास नाऊ,Ram Nivas Nau,स्वतन्त्र,IND,7,M,False,घुरहु  नाऊ,SLC,,कपिलबस्तु कृष्णनगर नगरपालिका सिसहनिया,शुसीला देवी नाऊ,,5-कपिलबस्तु-3,342509,53
341474,हरिराम तेली,Hariram Teli,स्वतन्त्र,IND,4,M,False,Lakhan Teli,5,,Kapilbastu,Radha Teli,,5-कपिलबस्तु-3,341474,59
342772,औसाफ अहमद खाँ,Ausapha Ahamada Khan,स्वतन्त्र,IND,2,M,False,अब्दुल मन्नान खाँ,,,कपिलबस्तु कृष्णनगर नगरपालिका कृष्णनगर,,,5-कपिलबस्तु-3,342772,37
342347,मनोज कुमार चतुर्वेदी,Manoj Kumar Chaturvedi,स्वतन्त्र,IND,2,M,False,Haripal Chaturvedi,,,Kapilbastu,,,5-कपिलबस्तु-3,342347,39
341059,परमेश्‍वर दयाल मिश्र,Parmeshwar Dayal Mishra,स्वतन्त्र,IND,1,M,False,Sahadev Mishra,स्नातकतह,,Kapilbastu,Mamata Mishra,,5-कपिलबस्तु-3,341059,53
340639,हरीराम प्रसाद यादव,Hariram Prasad Yadav,स्वतन्त्र,IND,1,M,False,Chinni Lal Yadav,10+2,UP board India,Kapilbastu,Dudh Maiya Yadav,,5-कपिलबस्तु-3,340639,55
342128,योगेश गौचन  थकाली,Yogesh Gauchan Thakali,नेपाली काँग्रेस,2583,3307,M,True,Romi Gauchan Thakali,स्‍नाकोत्तर,Alliance university,Mustang,,समाजसेवी,4-मुस्ताङ-1,342128,32
339737,इन्द्र धारा डादु विष्ट,Indra Dhara Dadu Bista,नेपाल कम्युनिष्ट पार्टी (एकीकृत मार्क्सवादी लेनिनवादी),2598,1806,M,False,Tenpa Bista,१० पास,जनहित मा.वि,Mustang,Chhimi Bishta,,4-मुस्ताङ-1,339737,56
342245,अधितीय चन्द्र थकाली,Adhitya Chandra Thakali,राष्ट्रिय स्वतन्त्र पार्टी,2528,759,M,False,चन्द्र बहादुर थकाली,स्‍नातोकत्तर,त्रि.वि. नेपाल,मुस्ताङ घरपझोङ गाउँपालिका जोमसोम,,शिक्षण,4-मुस्ताङ-1,342245,39
340370,कमला लालचन,Kamala Lalchan,राष्ट्रिय प्रजातन्त्र पार्टी,2604,161,F,False,Buddhi Bahadur Lalchan,वि.एड,शिधानाथ बहुमुखी क्याम्पस,Mustang,Shrikant Adhikari,शिक्षक,4-मुस्ताङ-1,340370,60
342284,ङुटुक गुरुङ,Ngutuk Gurung,नेपाली कम्युनिष्ट पार्टी,2557,151,M,False,Amchi Gurung,साक्षरता,,Mustang,Busna Kala Gurung,,4-मुस्ताङ-1,342284,61
342199,सुरेन्द्र शेरचन,Surendra Sherchan,उज्यालो नेपाल पार्टी,2566,85,M,False,Hari Prasad Sherchan,स्‍नाकोत्तर,खार्किभ मेडिकल ईन्सिच्युट,Lalitpur,Sharmila Bhattachan (Sherchan),,4-मुस्ताङ-1,342199,68
340759,अजय बि.क,Ajay B.K.,आम जनता पार्टी(एकल चुनाव चिन्ह),2581,9,M,False,प्रेम बहादुर वि.क,S.L.C pass,gandaki education foundation,मुस्ताङ थासाङ गाउँपालिका नागुम,,हस्तकला,4-मुस्ताङ-1,340759,26
340107,यम  बहादुर गुरुङ ,Yam Bahadur Gurung,मंगोल नेशनल अर्गनाइजेसन,2511,3,M,False,Chun Bahadur Gurung,आठ पास,मनोकामना मा.वि.,Syangja,Anita Gurung,,4-मुस्ताङ-1,340107,44
339417,महावीर पुन,Mahavira Pun,स्वतन्त्र,IND,22850,M,False,कृष्ण  पुन,Master Degree,"युनिभर्सिटी अफ नेब्रास्का कर्नी, अमेरिका",चितवन राप्ती नगरपालिका खुरखरे,ओममाया पुर्जा पुन,"१. शिक्षक १३ वर्ष
२. समाज सेवा ३२ वर्ष",4-म्याग्दी-1,339417,71
339939,हरीकृष्ण श्रेष्ठ,Harikrishna Shrestha,नेपाल कम्युनिष्ट पार्टी (एकीकृत मार्क्सवादी लेनिनवादी),2598,7919,M,False,Amar Lal Shrestha,प्रविणता प्रमाणपत्र तह,त्रि.वि.वि.,Myagdi,Nanu Kumari Shrestha,"१. गा.वि.स. अध्यक्ष
२. म्याग्दी पुस्तकालयऽ बेनीको सचिव/अध्यक्ष
३. नेपाल रेडक्रस म्याग्दी शाखाको मन्त्री/सभापति
४. बेनी खानेपानी उपभोक्ता संस्थाको अध्यक्ष",4-म्याग्दी-1,339939,60
339689,कर्ण बहादुर भण्डारी,Karna Bahadur Bhandari,नेपाली काँग्रेस,2583,6676,M,False,Sant Bahadur Bhandari,B.L.,Nepal Law Campus,Kathmandu,Dhandevi Bhandari,"१. कानुनी परामर्श
२. टेक्नोलोजी आइटी",4-म्याग्दी-1,339689,57
340362,अर्जुन बहादुर थापा,Arjun Bahadur Thapa,नेपाली कम्युनिष्ट पार्टी,2557,3529,M,False,Lok Bahadur Thapa,M.A.,T.U.,Myagdi,Purna Kumari Subba Thapa,"१. सामाजिक सेवा २० वर्ष
२. विज्ञ नेतृत्व
३. विकाशप्रेमी दृष्टिकोण",4-म्याग्दी-1,340362,41
341434,युवराज रोका,Yuvraj Roka,राष्ट्रिय स्वतन्त्र पार्टी,2528,1530,M,False,पूर्ण बहादुर रोका,10+2,New West Point Secondary School Beni,म्याग्दी बेनी नगरपालिका सुर्केमेला,,,4-म्याग्दी-1,341434,34
339669,डम्भर बहादुर सुवेदी,Dambhar Bahadur Suvedi,राष्ट्रिय प्रजातन्त्र पार्टी,2604,252,M,False,रण बहादुर सुवेदी,स्नातक,म्याग्दी वहुमुखी क्याम्पस बेनी,म्याग्दी बेनी नगरपालिका खवरा,शिला कुमारी सुवेदी,"१. विभिन्न सामाजिक संघ संस्थामा आवद्ध भै गरेको कार्यसम्पादन ।
२. व्यापार तथा व्यवसाय रुपमा गर्ने र गरेका कार्य ।",4-म्याग्दी-1,339669,40
341245,क्षेत्रवहादुर घिमिरे,Kshetra Bahadur Ghimire,नेपाल कम्युनिस्ट पार्टी (माओवादी),2526,185,M,False,Khadak Bahadur Ghimire,प्रविणता प्रमाणपत्र तह,म्याग्दी बहुमुखी क्याम्पस बेनी,Myagdi,Usha Gharti Ghimire,,4-म्याग्दी-1,341245,48
341348,विनोद राना,Binod Rana,श्रम संस्कृति पार्टी,2501,127,M,False,Kul Bahadur Rana,प्रविणता प्रमाणपत्र तह,"म्याग्दी बहुमुखी क्याम्पस, बेनी",Myagdi,Junkiri Rana,"१. कृषि
२. शिक्षक",4-म्याग्दी-1,341348,44
339877,देवेन्द्र कामी,Devendra Kami,प्रगतिशील लोकतान्त्रिक पार्टी,2516,38,M,False,Goviram Kami,साधारण लेखपढ,,Myagdi,Phulmaya B.K.,,4-म्याग्दी-1,339877,70
342220,तुल प्रसाद गर्बुजा,Tul Prasad Garbuja,नेशनल रिपब्लिक नेपाल,2504,27,M,False,Padam Bahadur Garbuja,S.L.C.,अमर मा.वि. चिमखोला,Myagdi,Tej Kumari Garbuja,,4-म्याग्दी-1,342220,41
341729,छेम बहादुर वि.क,Chhema Bahadura Vi.k,राष्ट्रिय जनमोर्चा,2522,22,M,False,लालमन सुनार,प्रमाणपत्र तह,म्याग्दी बहुमुखी क्याम्पस,म्याग्दी मालिका गाउँपालिका उपल्लो दरर्वाङ,हरी माया वि.क,१. राष्ट्रिय जनमोर्चा जिल्ला समिति म्याग्दीको अध्यक्ष,4-म्याग्दी-1,341729,51
340702,भिम बहादुर लामा,Bhim Bahadur Lama,मंगोल नेशनल अर्गनाइजेसन,2511,5,M,False,Kalu Lama,साक्षर,,Tanahun,Dhan Maya Lama,,4-म्याग्दी-1,340702,52
339959,सुशील खड्का,Sushil Khadka,राष्ट्रिय स्वतन्त्र पार्टी,2528,20927,M,True,Keshav Bahadur Khadga,स्नाकोत्तर,Vanderbilt University USA,Baglung,,"रिसाइक्लिन (अभ्नी भेन्चर्स) संस्थाको संस्थापक 
अभ्नी दिगोपना केन्द्रको संस्थापक
हरित लगानी प्रवर्धक संस्थाको व्यवस्थापक 
फ्रेन्चाइज विकास तथा व्यपस्थापनको संस्थापक 
 ",4-बाग्लुङ-1,339959,39
340345,भिम बहादुर श्रीस राना,Bhim Bahadur Shrees Rana,नेपाली काँग्रेस,2583,11944,M,False,कर्ण बहादुर श्रीस राना,स्नाकोत्तर ,त्रि.वि.,बाग्लुङ जैमुनी नगरपालिका देवलधारा,,"स्व.वि.यु सभापति त्रि.वि. 2062
नेवि संघ त्रि.वि. समिति सचिव 2058
धौलागिरी विद्यार्थी समाज त्रि.वि. 2061
अम्पायर, नेपाल क्रिकेट संघ 2062",4-बाग्लुङ-1,340345,51
340240,हिरा बहादुर खत्री,Hira Bahadur Khatri,नेपाल कम्युनिष्ट पार्टी (एकीकृत मार्क्सवादी लेनिनवादी),2598,8640,M,False,Hari Dhoj Khatri,स्नाकोत्तर,त्रि.वि.,Baglung,Manita Khatri," स्व.वि.यु सभापति 
नेपाल कम्युनिष्ट पार्टी (एमाले) बागलुङ जिल्ला अध्यक्ष (२०७८ सालदेखि हालसम्म) समेत
",4-बाग्लुङ-1,340240,50
340394,कृष्ण प्रसाद शर्मा अधिकारी,Krishna Prasad Sharma Adhikari,राष्ट्रिय जनमोर्चा,2522,4521,M,False,Lilaradhar Adhikari,मास्टर्स ,त्रि.वि.,Baglung,Nandakala Adhikari,"नेतृत्व क्षमता 
रानीतिक प्रशिक्षण 
जनपरिचालन ",4-बाग्लुङ-1,340394,59
339674,कल्याण आचार्य,Kalyan Acharya,राष्ट्रिय प्रजातन्त्र पार्टी,2604,523,M,False,Netra Prasad Acharya,स्नाकोत्तर,त्रि.वि.,Baglung,,टेलिभिजन प्रस्तोता तथा निर्माता ,4-बाग्लुङ-1,339674,31
340705,लाल बहादुर घर्ती,Lal Bahadur Gharti,श्रम संस्कृति पार्टी,2501,254,M,False,Bir Prasad Gharti,‍+2 पास,उत्तरगंगा उच्च मा.वि.,Baglung,Run Maya Gharti,"समाजसेवा, व्यापारी, राजनीतिक अनुभव, शिक्षक अनुभव",4-बाग्लुङ-1,340705,45
341152,टेक वहादुर के.सी.,Teka Vahadura Ke.si.,नेपाल कम्युनिस्ट पार्टी (माओवादी),2526,80,M,False,बिस्नु  प्रसाद,बी.ए.,"गुरुनानक विश्वविद्यालय, पञ्जाव",बाग्लुङ बागलुङ नगरपालिका रायडांडा,सिमा  के.सी.,,4-बाग्लुङ-1,341152,58
340310,चित्र प्रसाद सापकोटा,Chitra Prasad Sapkota,प्रगतिशील लोकतान्त्रिक पार्टी,2516,60,M,False,Prem Prasad Sapkota,10 पास,त्रिभुवन मा.वि. पैयुँपाटा ,Baglung,Indra Kumari Sapkota,2040 सालदेखि राजनैतिक सामाजिक अनुभव,4-बाग्लुङ-1,340310,57
340423,सहविर थापा,Sahavir Thapa,नेशनल रिपब्लिक नेपाल,2504,48,M,False,बल बहादुर थापा,साक्षर,,बाग्लुङ जैमुनी नगरपालिका विजुवा थापाडाँडा,माया कुमारी थापा,,4-बाग्लुङ-1,340423,64
339783,गुमा कमुारी बुढा राना मगर,Guma Kumari Budha Rana Magar,मंगोल नेशनल अर्गनाइजेसन,2511,40,F,False,Khadak Bahadur Budha,एस.ई.ई,एस.ई.ई,Tanahun,Shambhu Rana Magar,,4-बाग्लुङ-1,339783,35
339532,भक्त बहादुर बि.क,Bhakt Bahadur B.K.,नेपाल मानवतावादी पार्टी,2503,24,M,False,देबिन्द्र  बि.क,साधारण,,बाग्लुङ बागलुङ नगरपालिका गुढी,मनिकला  बि.क,,4-बाग्लुङ-1,339532,60
342039,सोम शर्मा,Som Sharma,राष्ट्रिय स्वतन्त्र पार्टी,2528,12647,M,True,Nand Prasad Sharma,स्नातक,,Baglung,,,4-बाग्लुङ-2,342039,34
341354,टेक राज पौडेल,Tek Raj Paudel,नेपाली काँग्रेस,2583,11868,M,False,Tikaram Paudel,"M.A., Bad",,Baglung,Mira Pokhrel / Paudel,,4-बाग्लुङ-2,341354,50
340813,ज्ञामनाथ गैरे,Jnyamanatha Gaire,नेपाली कम्युनिष्ट पार्टी,2557,10709,M,False,नन्दलाल  गैरे,10+2,,बाग्लुङ गल्कोट नगरपालिका चरौदी,सुनिता  शाही गैरे,,4-बाग्लुङ-2,340813,45
340355,मन्जु शर्मा,Manju Sharma,नेपाल कम्युनिष्ट पार्टी (एकीकृत मार्क्सवादी लेनिनवादी),2598,7864,F,False,Lok Raj Sharma,स्नातक तह,,Parbat,Dr. Tanka Prasad Chalise,,4-बाग्लुङ-2,340355,52
339424,हर्क बहादुर पुन,Hark Bahadur Pun,श्रम संस्कृति पार्टी,2501,564,M,False,Dal Bahadur Pun,स्नातकोत्तर,TU,Baglung,Jyoti Pun,,4-बाग्लुङ-2,339424,50
340893,पूर्ण बहादुर घर्ती मगर,Purna Bahadur Gharti Magar,जनता समाजवादी पार्टी(एकल चुनाव चिन्ह),2531,315,M,False,Badilal Gharti Magar,,,Baglung,,,4-बाग्लुङ-2,340893,40
340109,अञ्चल शाही,Anchal Shahi,राष्ट्रिय प्रजातन्त्र पार्टी,2604,243,M,False,Bhim Bahadur Shahi,,,Baglung,,,4-बाग्लुङ-2,340109,33
342353,नर बहादुर बुढा,Nar Bahadur Budha,नेशनल रिपब्लिक नेपाल,2504,197,M,False,Dal Bahadur Budha,,,Baglung,Dilsara Budha,,4-बाग्लुङ-2,342353,73
340978,लोकेन्द्र घिमिरे,Lokendra Ghimire,नेपाल कम्युनिस्ट पार्टी (माओवादी),2526,79,M,False,Jivalal Jaisi,12,,Kaski,,,4-बाग्लुङ-2,340978,40
341592,टेक प्रसाद कामी,Tek Prasad Kami,नेपाल मानवतावादी पार्टी,2503,76,M,False,Amaru Kami,,,Baglung,Phulmata Kami,,4-बाग्लुङ-2,341592,59
341672,पदम बहादुर कुवँर,Padama Bahadura Kuvanr,प्रगतिशील लोकतान्त्रिक पार्टी,2516,43,M,False,प्रेम बहादुर कुवँर,S.L.C,,बाग्लुङ निसीखोला गाउँपालिका ,,,4-बाग्लुङ-2,341672,40
341874,जुन बहादुर थापा मगर,Jun Bahadur Thapa Magar,मंगोल नेशनल अर्गनाइजेसन,2511,21,M,False,Ul Singh Thapa,S.L.C.,,Tanahun,Kamala Thapa,,4-बाग्लुङ-2,341874,52
341279,सागर भुसाल,Sagar Bhusal,राष्ट्रिय स्वतन्त्र पार्टी,2528,26561,M,True,Meghnath Bhusal,SLC,भवानी विद्यापिठ मा.वि. फलेवास,Parbat,Saraswati Bhusal,,4-पर्वत-1,341279,44
340090,अर्जुन प्रसाद जोशी,Arjun Prasad Joshi,नेपाली काँग्रेस,2583,15954,M,False,Amrit Prasad Joshi,एम.ए.,,Parbat,Dipa Joshi,,4-पर्वत-1,340090,69
339915,पदम गिरी,Padam Giri,नेपाल कम्युनिष्ट पार्टी (एकीकृत मार्क्सवादी लेनिनवादी),2598,15075,M,False,Bele Giri,स्नातकोत्तर,त्रि.वि.,Parbat,Junu Kumari Giri,"गत २ कार्यकाल प्रतिनिधि सभा सदस्य, २ पटक संघीय सरकारको मन्त्री",4-पर्वत-1,339915,48
340410,मनहरि शर्मा,Manhari Sharma,नेपाली कम्युनिष्ट पार्टी,2557,4557,M,False,Tejraj Padhya,स्नातकोत्तर,त्रिभुवन विश्वविद्यालय,Parbat,Januka Parajuli,"(क) नेपाल सरकारको प्रधानमन्त्रीको पुर्व प्रेस विज्ञ सल्लाहकार,
(ख) नेपा प्रज्ञा प्रतिष्ठान, दर्शन विभाग सदस्य, 
(ग) विभिन्न सञ्चार माध्यममा लेखन एवं सम्पादन, 
(घ) लेखक एवं अनुसन्धाता",4-पर्वत-1,340410,41
342048,दुर्गा बहादुर मल्ल,Durga Bahadur Malla,राष्ट्रिय प्रजातन्त्र पार्टी,2604,525,M,False,Dhan Bahadur Malla,साक्षर,,Parbat,"Hira, Bimala Malla",,4-पर्वत-1,342048,71
341616,यम बहादुर चोचाङ्गी पुन,Yam Bahadur Chochangi Pun,उज्यालो नेपाल पार्टी,2566,122,M,False,Hari Bahadur Chochangi Pun,10,जननेत्र मा.वि.,Parbat,Harikala Chochangi Pun (Pariyar),"(क) लामो समय राजनैतिक क्षेत्रमा कृयाशिल,
(ख) माटो जोगाऔ अभियान्त २५०० कि.मि. ७९ दिनमा पुरा गरेको,
(ग) विभिन्न संघ संस्थाहरुमा काम गरेको
(घ) प्रविधि आविष्कार गरेको (WARMET) उर्जा उत्पादको लागि",4-पर्वत-1,341616,45
342301,कृष्‍ण बहादुर वि क,Krishna Bahadur BK,नेपाल कम्युनिस्ट पार्टी (माओवादी),2526,118,M,False,नन्दलाल  वि क,१० पास,महेन्द्र शिखर माध्यामिक विद्यालय,पर्वत मोदी गाउँपालिका ,सान्ती  वि क,,4-पर्वत-1,342301,53
340697,वीर वहादुर गुरुङ्ग,Vira Vahadura Gurungg,नेशनल रिपब्लिक नेपाल,2504,98,M,False,गोरख बहादुर गुरुङ्ग,साक्षरता,महेन्द्र शिखर मा.वि.,पर्वत मोदी गाउँपालिका पाउँदुरखेत,माया  गुरुङ्ग,कृषि,4-पर्वत-1,340697,43
339420,भिमलाल न्यौपाने,Bhimlal Neupane,राष्ट्रिय जनमोर्चा,2522,87,M,False,Laxmipati Neupane,आई.एड.,त्रि.वि.वि. (बुटवल बहुमुखी क्याम्पस),Parbat,Churikala Neupane,,4-पर्वत-1,339420,64
339547,लाल कुमारी थापा राना,Lal Kumari Thapa Rana,मंगोल नेशनल अर्गनाइजेसन,2511,41,F,False,Durga Bahadur Thapa Magar,+2 पास,"नवोदिन कलेज (सामाखुशी, काठमाण्डौं)",Parbat,Bal Kisan Rana,"राजनितीक, जागिर र व्यवसाय",4-पर्वत-1,339547,39
342223,माया पाइजा पुन फकामी मगर,Maya Paija Pun Fakami Magar,राष्ट्रिय जनमुक्ति पार्टी,2605,29,F,False,टेक बहादुर पाइजा पुन,SLC,नारायण मा.वि.,पर्वत कुश्मा नगरपालिका पुरानो चौकी,चेमबहादुर फकामी मगर,,4-पर्वत-1,342223,44
339668,मिना पौडेल (शर्मा),Mina Paudel (Sharma),स्वतन्त्र,IND,8,F,False,Shalikram Padhya,SLC,नारायण मा.वि. कुश्मा,Parbat,Raju Paudel,,4-पर्वत-1,339668,42
339754,सीता देबी शर्मा,Sita Devi Sharma,स्वतन्त्र,IND,8,F,False,Muktiram Sharma,स्नातक पास,TU,Parbat,Kishor Sapkota,"कम्प्युटर सम्बन्धी जानकारी, विभिन्न सामाजिक संघ संस्थामा काम गरेको अनुभव",4-पर्वत-1,339754,42
339486,ऐलिना सुवाल,Ailina Suwal,नेपाल मजदुर किसान पार्टी,2578,7,F,False,बुद्धी कुमार गोसाई,साक्षर,,भक्तपुर भक्तपुर नगरपालिका बोलाछे,अर्जुन  सुवाल,"सिलाई बुनाई, उपभोक्ता समितिमा बसेर विकास निर्माणका काम गरेको।",4-पर्वत-1,339486,51
341964,पवित्रा मल्ल,Pavitra Malla,आम जनता पार्टी(एकल चुनाव चिन्ह),2581,5,F,False,Dev Bahadur Malla,कक्षा ५ पास,कालिका उच्च बहुमुखी क्याम्पस पोखरा,Parbat,,सामाजिक संस्था (गोरेटो नेपाल) १२ वर्ष सेवा प्राप्त,4-पर्वत-1,341964,42
342363,गंगा लाल रिमाल,Ganga Lal Rimal,स्वतन्त्र,IND,5,M,False,Khadananda Rimal (Padhya),+2,HSEB,Parbat,Bhawani Sharma Rimal,"(क) १८ वर्ष सरकारी सेवा,
(ख) सामाजिक व्यक्ति",4-पर्वत-1,342363,45
340012,सावित्री शर्मा,Sabitri Sharma,स्वतन्त्र,IND,3,F,False,Motilal Ghimire,10+2,भवानी विद्या पिठ मा.वि.,Parbat,Pradip Timilsina,व्यापार/व्यवसाय,4-पर्वत-1,340012,34
340050,पुष्प कमल दाहाल प्रचण्ड,Pushpa Kamala Dahala Prachand,नेपाली कम्युनिष्ट पार्टी,2557,10240,M,True,मुक्तीराम  दाहाल,वि.एस्सी. (एजी),त्रि.वि.,चितवन भरतपुर महानगरपालिका भरतपुर,सिता  दाहाल,"प्रधानमन्त्री/ सरकार प्रमुख
प्रमुख प्रतिपक्षदलको नेता
शिक्षण
संयोजक नेपाली कम्युनिष्ट पार्टी",5-रुकुम (पूर्वी भाग)-1,340050,70
341054,लिलामणी गौतम,Lilamani Gautam,नेपाल कम्युनिष्ट पार्टी (एकीकृत मार्क्सवादी लेनिनवादी),2598,3462,M,False,शंकर प्रसाद शर्मा,स्नातकोत्तर,त्रि.वि.,रुकुम (पूर्वी भाग) सिस्ने गाउँपालिका ,प्रमिला  पौडेल गौतम,"सामाजिक तथा सामुदायिक विकास 
ग्रामिण विकास र जनस्वाथ्य
मानव अधिकार र न्यायको क्षेत्र",5-रुकुम (पूर्वी भाग)-1,341054,38
340912,कुसुम देवी थापा,Kusuma Devi Thapa,नेपाली काँग्रेस,2583,3081,F,False,भक्त बहादुर थापा,स्नातकोत्तर,त्रि.वि.,रुकुम (पूर्वी भाग) पुथा उत्तरगंगा गाउँपालिका ,रास  बुढा,,5-रुकुम (पूर्वी भाग)-1,340912,53
341476,लखन कुमार थापा,Lakhana Kumara Thapa,राष्ट्रिय स्वतन्त्र पार्टी,2528,819,M,False,तेजवीर  सुनार,आधारभुत तह उत्तिर्ण,रुक्मिणी मा.वि. रुकुमकोट रुकुम पूर्व,रुकुम (पूर्वी भाग) सिस्ने गाउँपालिका बाहुनठाना,कविता  सुनार,नेपाल प्रहरी (हवल्दार),5-रुकुम (पूर्वी भाग)-1,341476,48
340857,सन्दिप पुन,Sandipa Pun,प्रगतिशील लोकतान्त्रिक पार्टी,2516,203,M,False,सूर्य प्रकाश पुन,स्नातक,पूर्वाञ्चल विश्वविद्यालय,रुकुम (पूर्वी भाग) भूमे गाउँपालिका ,,"सामाजिक तथा सामुदायिक विकास 
ग्रामिण विकास र जनस्वाथ्य
बायोटेक्निकल/उत्पादन",5-रुकुम (पूर्वी भाग)-1,340857,28
341576,जुद्ध बहादुर बुढा मगर,Juddha Bahadura Budha Magar,नेपाल कम्युनिस्ट पार्टी (माओवादी),2526,191,M,False,दिल बहादुर बुढा मगर,SLC पास (O लेभल र A लेभल),दरबार हाईस्कुल काठमाडौं।,रुकुम (पूर्वी भाग) पुथा उत्तरगंगा गाउँपालिका उपल्लोसेरा,चामि  बुढा मगर,"राष्ट्रिय भलिबल प्रशिक्षक
रेफ्री
समाज सेवा
राजनिति अनुभव",5-रुकुम (पूर्वी भाग)-1,341576,60
340680,रोषण शाह,Roshana Shah,राष्ट्रिय प्रजातन्त्र पार्टी,2604,82,M,False,दिल बहादुर शाह,प्लस टु,खलंगा बहुमुखी क्याम्पस रुकुम पश्चिम,रुकुम (पूर्वी भाग) सिस्ने गाउँपालिका बाउनठाना,,,5-रुकुम (पूर्वी भाग)-1,340680,30
339907,ज्योति रोका मगर,Jyoti Roka Magar,मंगोल नेशनल अर्गनाइजेसन,2511,55,F,False,नर बहादुर पुन,साधारण लेखपढ,,दाङ घोराही उपमहानगरपालिका सिद्धार्थ टोल,बिष्णु  रोका मगर,,5-रुकुम (पूर्वी भाग)-1,339907,56
339876,धर्म कुमार बुढा,Dharma Kumara Budha,नेशनल रिपब्लिक नेपाल,2504,51,M,False,चंख बहादुर बुढा,वि.एड.,"सिस्ने शिक्षा क्याम्पस, रुकुमकोट",रुकुम (पूर्वी भाग) भूमे गाउँपालिका सेराबाङ,धर्म कुमारी बुढा,,5-रुकुम (पूर्वी भाग)-1,339876,40
339837,चन्द्र प्रसाद शाही,Chandra Prasada Shahi,राष्ट्रिय जनमोर्चा,2522,32,M,False,देवे  शाही,८ कक्षा,रुक्मिणी मा.वि. रुकुमकोट,रुकुम (पूर्वी भाग) सिस्ने गाउँपालिका आला,तिक कुमारी शाही,,5-रुकुम (पूर्वी भाग)-1,339837,48
340135,सिर बहादुर बुढा,Sira Bahadura Budha,जनता समाजवादी पार्टी(एकल चुनाव चिन्ह),2531,30,M,False,राम बहादुर वुढा,साक्षर,,रुकुम (पूर्वी भाग) पुथा उत्तरगंगा गाउँपालिका तक,,,5-रुकुम (पूर्वी भाग)-1,340135,48
339842,बर्षमान पुन,Barshman Pun,नेपाली कम्युनिष्ट पार्टी,2557,27460,M,True,इर्खराम पुन,स्नातक,,रोल्पा रोल्पा नगरपालिका माडिचौर,ओनसरी  घर्ती,,5-रोल्पा-1,339842,54
340258,सुदन कुमार वली,Sudan Kumar Oli,नेपाली काँग्रेस,2583,12008,M,False,Dal Bahadur Oli,विद्यावारीधी,युनिभोर्सिटी अफ इन्टरनेशनल विजनेश एण्ड इकोनोमिक्स,Rolpa,,"लुम्बिनी प्रदेश योजना आयोग सदस्य।
युवा तथा खेलकुद पन्त्रालयकाो निति विज्ञ।
आर्थिक निति तथा योजनाा विभाग सदस्य र विज्ञ सदस्य।
नेपाली कांग्रेस निति प्रशिक्षण तथा अनुसन्धान विभाग सदस्य।",5-रोल्पा-1,340258,34
340366,बालराम थापा,Balram Thapa,राष्ट्रिय स्वतन्त्र पार्टी,2528,10894,M,False,Belbahadur Thapa,स्नातकोत्तर (राजनीतिक शास्त्र),त्रिभुवन विश्वविद्यालय,Rolpa,Shanta Thapa,,5-रोल्पा-1,340366,38
340139,गोकुल प्रसाद घर्ती,Gokul Prasad Gharti,नेपाल कम्युनिष्ट पार्टी (एकीकृत मार्क्सवादी लेनिनवादी),2598,9933,M,False,Hiramani Gharti,स्नातकोत्तर,"त्रिभुवन विश्वविद्यालय, केन्द्रिय क्याम्पस काठमाण्डौं",Rolpa,Chhalisara Padhe Gharti,"२०४६ सालमा अनुरास्वव्यु सदस्य, २०६३ महासचिव अनेरास्वव्यु, पार्टी 
पोलिटव्यूरो सदस्य नेकपा (एमाले)
संविधान सभा सदस्य २०७० नेपाल सरकार
उपाध्यक्ष आ.ज.उ.रा. प्रतिष्ठान
विभिन्न विषयमाा विभिन्न संस्थाहरूसंगकाो सहकार्यमा अध्ययन/अनुसन्धान।",5-रोल्पा-1,340139,52
340542,चुडामणी वली,Chudamani Oli,नेपाल कम्युनिस्ट पार्टी (माओवादी),2526,3714,M,False,Khal Bahadur Oli,आइकम (I.com),महेन्द्र बहुमुखी क्याम्पस नेपालगन्ज बाँके,Rolpa,Paranta K.C. (Woli),,5-रोल्पा-1,340542,58
339371,अम्मर बहादुर थापा क्षेत्री,Ammar Bahadur Thapa Chhetri,राष्ट्रिय प्रजातन्त्र पार्टी,2604,846,M,False,Jasveer Thapa Chhetri,६ कक्षा पास,जन ज्योति मा.वि. गजुल रोल्पा,Rolpa,Ammisara Thapa,राजनैतिक अनुभव -- ४६ वर्ष,5-रोल्पा-1,339371,75
339920,मेख बहादुर विष्ट,Mekh Bahadur Bista,राष्ट्रिय जनमोर्चा,2522,318,M,False,नैने  विष्,सात पास,श्री चन्द्रप्रभा मा.वि.,रोल्पा सुनिल स्मृति गाउँपालिका दाइबाङ,यानु  विष्ट,राजनैतिक अनुभव ३३ वर्ष,5-रोल्पा-1,339920,50
340633,मन बहादुर घर्तिमगर,Man Bahadur Ghartimagar,नेशनल रिपब्लिक नेपाल,2504,279,M,False,Dhanraj Gharti,+2,बालकल्याण उमावि लिवाङ रोल्पा,Rolpa,- - -,समाजसेवामा निरन्तर संघर्ष,5-रोल्पा-1,340633,29
339728,कुमार घर्ती मगर,Kumar Gharti Magar,मंगोल नेशनल अर्गनाइजेसन,2511,118,M,False,Tirthaman Gharti,10,मा.वि. थवाङ रोल्पा,Rolpa,,"क) थवाङी समाज सेवा समिति घोराही दाङ्ग अध्यक्ष दुई कार्यकाल, सदस्य एक कार्यकाल, कोषाध्यक्ष  एक कार्यकाल।
ख) लखन पार्क व्यवस्थापन समिति घोराही दाङकाो सदस्य",5-रोल्पा-1,339728,53
341540,दील बहादुर कामी,Dil Bahadur Kami,आम जनता पार्टी(एकल चुनाव चिन्ह),2581,62,M,False,Jage Kami,१०,सूर्योदय मा.वि. रुन्टीगढी,Rolpa,Keshari Vishwakarma,,5-रोल्पा-1,341540,50
340722,सुशान्त वैदिक,Sushant Vaidik,राष्ट्रिय स्वतन्त्र पार्टी,2528,27469,M,True,Padam Prasad Vaidika,स्नातकोत्तर,,Pyuthan,,,5-प्यूठान-1,340722,31
340321,डा .गोविन्द राज पोखरेल,Dr. Govind Raj Pokharel,नेपाली काँग्रेस,2583,18338,M,False,विष्णु प्रसाद पोखरेल,पि.एच.डी.,,प्यूठान ऐरावती गाउँपालिका घुइवाङ,लोकमाया  पोखरेल,,5-प्यूठान-1,340321,59
340629,सूर्य बहादुर  थापा क्षेत्री ,Surya Bahadur Thapa Chhetri,नेपाल कम्युनिष्ट पार्टी (एकीकृत मार्क्सवादी लेनिनवादी),2598,16710,M,False,Khet Bahadur Thapa Chhetri,एम.फिल.पिएचडी (शोधार्थी),,Pyuthan,Suvarna Oli,प्रतिनिधि सभाको पुर्व सदस्य लगायत अन्य....,5-प्यूठान-1,340629,51
341108,कृष्‍ण ध्वज खड्का,Krishna Dhwoj Khadka,नेपाली कम्युनिष्ट पार्टी,2557,9074,M,False,Top Bahadur Khadka,स्नातक,शंकरदेव क्याम्पस,Pyuthan,Rekha Sharma,,5-प्यूठान-1,341108,62
339673,तिलक बहादुर जी.सी,Tilaka Bahadura Ji.si,राष्ट्रिय जनमोर्चा,2522,7654,M,False,चित्र बहादुर घर्ती,आई.एल.,महेन्द्र बहुमुखि क्याम्पस नेपालगंज,प्यूठान झिमरुक गाउँपालिका गोलखाडा,हरि  जी.सी,गा.वि.स. अध्यक्ष,5-प्यूठान-1,339673,59
340455,गोविन्द गिरी,Govind Giri,श्रम संस्कृति पार्टी,2501,594,M,False,लोकु गिरी,आई.ए.,,प्यूठान झिमरुक गाउँपालिका रातामाटा,,,5-प्यूठान-1,340455,52
341421,सीता वि.क.,Sita Vi.ka.,नेपाल कम्युनिस्ट पार्टी (माओवादी),2526,501,F,False,धन बहादुर वि.क.,१२ पास,,प्यूठान स्वर्गद्वारी नगरपालिका जुडापाटा,बाल कृष्ण शर्मा,,5-प्यूठान-1,341421,45
340097,धनेश्‍वर पण्डित,Daneshwar Pandit,राष्ट्रिय प्रजातन्त्र पार्टी,2604,415,M,False,फणाधर  पण्डित,आई.ए.,जनता मा.वि.बाग्दुला,प्यूठान प्यूठान नगरपालिका ताल,,,5-प्यूठान-1,340097,32
340251,तारा सिं थापा मगर,Tara Singh Thapa Magar,नेशनल रिपब्लिक नेपाल,2504,94,M,False,मेहर सिं थापा मगर,एस.एल.सी,,प्यूठान गौमुखी गाउँपालिका ,लक्ष्मी  बुढा थापा मगर,,5-प्यूठान-1,340251,32
341332,हर्क बहादुर पुन,Harka Bahadur Pun,मंगोल नेशनल अर्गनाइजेसन,2511,81,M,False,बिन बहादुर पुन,८ ,,प्यूठान प्यूठान नगरपालिका नेटाधारा,खुमी  पुन,,5-प्यूठान-1,341332,36
339847,विमल प्रसाद पोखरेल,Bimal Prasad Pokharel,नेपाली जनता दल,2595,78,M,False,Yog Raj Pokhrel,स्नातकोत्तर,त्रि.बि.,Pyuthan,,पत्रकारिता/ वकालत लगायत अन्य,5-प्यूठान-1,339847,43
340174,श्‍याम लाल गहतराज,Shyam Lal Gahatraj,प्रगतिशील लोकतान्त्रिक पार्टी,2516,50,M,False,Bhakt Bahadur Gahtaraj,स्नातक,,Pyuthan,,,5-प्यूठान-1,340174,36
339950,नबिन कुमार कक्षपति,Nabin Kumar Kakshapati,नेपाल कम्युनिष्ट पार्टी (संयुक्त),2601,45,M,False,Raj Kumar Kakshapati,एस.एल.सी.,,Pyuthan,. . .,पुर्व कर्मचारी,5-प्यूठान-1,339950,44
342040,रोम बहादुर थापा मगर,Rom Bahadur Thapa Magar,आम जनता पार्टी(एकल चुनाव चिन्ह),2581,43,M,False,Bhiusune Thapa Magar,८ पास,,Pyuthan,Sushila Thapa,,5-प्यूठान-1,342040,45
340418,रमेश कुमार मल्ल,Ramesh Kumar Malla,नेपाली कम्युनिष्ट पार्टी,2557,23189,M,True,Tilu Malla,स्‍नातकोत्तर,,Salyan,Anjana Malla,,6-सल्यान-1,340418,47
341381,ललित कुमार चन्द,Lalit Kumar Chanda,राष्ट्रिय स्वतन्त्र पार्टी,2528,20904,M,False,टंक बहादुर चन्द,स्नातक,,सल्यान बागचौर नगरपालिका ,शोभा कुमारी शाह,,6-सल्यान-1,341381,42
340714,केश बहादुर विष्ट,Kesh Bahadur Bista,नेपाली काँग्रेस,2583,17558,M,False,धर्म बहादुर विष्ट,आई.एल.,,सल्यान छत्रेश्वरी गाउँपालिका दारिमज्युला,नोखी कुमारी विष्ट,,6-सल्यान-1,340714,57
340058,गुलाव जंग शाह,Gulav Jung Shah,नेपाल कम्युनिष्ट पार्टी (एकीकृत मार्क्सवादी लेनिनवादी),2598,15373,M,False,रोमर्श बहादुर शाह,,,सल्यान बनगाड कुपिण्डे नगरपालिका संग्रही,सावित्री  शाह,,6-सल्यान-1,340058,60
339456,चन्द्र बहादुर खड्का,Chandra Bahadur Khadka,नेपाल कम्युनिस्ट पार्टी (माओवादी),2526,943,M,False,Madhu Khadka,एस.एल.सी.,,Salyan,Kalpana Khadka,,6-सल्यान-1,339456,48
339548,अनिशा नेपाली,Anisha Nepali,राष्ट्रिय प्रजातन्त्र पार्टी,2604,902,F,False,Pale Sarki,स्नातक,,Salyan,,,6-सल्यान-1,339548,32
339851,डिल्ली बहादुर घर्ती,Dilli Bahadur Gharti,नेशनल रिपब्लिक नेपाल,2504,222,M,False,Jedu Gharti,+2,,Salyan,Indira Kumari Kawar,,6-सल्यान-1,339851,51
341825,धन बहादुर बुढामगर,Dhan Bahadur Budhamagar,श्रम संस्कृति पार्टी,2501,150,M,False,Dal Bahadur Budhamagar,,,Salyan,Gauri Budhamagar,,6-सल्यान-1,341825,53
340745,ध्रुव राज वली,Dhruva Raj Oli,स्वतन्त्र,IND,120,M,False,Lok Man Oli,स्‍नातकोत्तर,,Salyan,,,6-सल्यान-1,340745,31
341136,कमला डाँगी,Kamala Dangi,राष्ट्रिय जनमोर्चा,2522,119,F,False,Indra Bahadur Dagi,+2,,Salyan,,,6-सल्यान-1,341136,31
341071,कालिदास वि.क.,Kalidasa Vi.ka.,संयुक्त नागरिक पार्टी,2521,99,M,False,राम लाल कामी,,,सल्यान शारदा नगरपालिका स्यालपानी,खिमा  वि.क.,,6-सल्यान-1,341071,32
339423,लाल बहादुर थापा क्षेत्री,Lal Bahadur Thapa Chhetri,नेपाल मजदुर किसान पार्टी,2578,66,M,False,Tap Bahadur Thapa,स्नातक तह,त्रि.वि.वि.,Surkhet,Pabitra Thapa,,6-सल्यान-1,339423,51
341684,बाला सिंह घर्ती,Bala Singh Gharti,मंगोल नेशनल अर्गनाइजेसन,2511,52,M,False,Gopi Lal Gharti,,,Salyan,Devi Sara Gharti,,6-सल्यान-1,341684,60
340768,जुद्ध बहादुर सिंह,Juddha Bahadur Singh,स्वतन्त्र,IND,12,M,False,Vir Bahadur Singh,एस.एल.सि.,,Salyan,,,6-सल्यान-1,340768,30
342029,देवराज पाठक,Devaraj Pathak,राष्ट्रिय स्वतन्त्र पार्टी,2528,42602,M,True,ठाकुर प्रसाद पाठक,एम.ए.,,दाङ गढवा गाउँपालिका प्रगतीनगर,सावित्रा कुमारी पाठक,,5-दाङ-1,342029,60
340084,योगेन्द्र चौधरी,Yogendra Chaudhary,नेपाली काँग्रेस,2583,15280,M,False,Rajendra Chaudhary,स्तानकोत्तर,,Dang,Basanti Chaudhary,,5-दाङ-1,340084,51
341371,रेवतीरमण शर्मा घिमिरे,Rewatiraman Sharma Ghimire,नेपाल कम्युनिष्ट पार्टी (एकीकृत मार्क्सवादी लेनिनवादी),2598,6825,M,False,एकराज  शर्मा,स्तानकोत्तर,,दाङ लमही नगरपालिका खैरी,अरुणादेवी  शर्मा,,5-दाङ-1,341371,68
340523,मेटमणी चौधरी,Metmani Chaudhary,नेपाली कम्युनिष्ट पार्टी,2557,4965,M,False,Bhagawati Prasad Chaudhary,MA Economics MA Political Science,,Dang,Khuma Chaudhary,,5-दाङ-1,340523,52
339978,प्रकाश शाही,Prakash Shahi,नेपाल कम्युनिस्ट पार्टी (माओवादी),2526,1472,M,False,Devendra Bahadur Shahi,एम.फिल.,,Dang,Ranjana Sen Thakuri,,5-दाङ-1,339978,40
340883,कुल प्रसाद के.सी,Kula Prasada Ke.si,स्वतन्त्र,IND,1384,M,False,टिका राम के.सी,आइ ए,,रोल्पा रोल्पा नगरपालिका ज्युवाङ,तारा कुमारी घर्ती,,5-दाङ-1,340883,55
339934,विनय वि.सी.,Vinaya Vi.si.,राष्ट्रिय प्रजातन्त्र पार्टी,2604,1292,M,False,प्रेम बहादुर बुढाथोकी,स्नातकोत्तर,,दाङ गढवा गाउँपालिका गढवा बजार,बिन्दु अर्याल,,5-दाङ-1,339934,32
339538,गणेश प्रसाद आचार्य,Ganesh Prasad Acharya,राष्ट्रिय जनमोर्चा,2522,1077,M,False,Baliram Acharya,स्नातक,,Pyuthan,Satyadevi Regmi Acharya,,5-दाङ-1,339538,44
340995,मालिकराम यादव,Malikram Yadav,स्वतन्त्र,IND,1008,M,False,Bhagauti Yadav,एस एल सि,,Dang,Kalpana Kumari Yadav,,5-दाङ-1,340995,69
339688,मिन बहादुर ठेडी मगर,Min Bahadur Thedi Magar,नेशनल रिपब्लिक नेपाल,2504,193,M,False,जुठ बहादुर ठेडी,10,,दाङ गढवा गाउँपालिका ,यमिसरा ठेडी मगर,,5-दाङ-1,339688,48
339398,खुम बहादुर गाहा मगर,Khum Bahadur Gaha Magar,मंगोल नेशनल अर्गनाइजेसन,2511,141,M,False,Tuk Bahadur Gaha Magar,+ 2,,Pyuthan,Shanta Gaha Magar,,5-दाङ-1,339398,46
342628,भरतलाल चौधरी,Bhartalal Chaudhary,"जनता समाजवादी पार्टी, नेपाल",2542,81,M,False,सन्तराम  चौधरी,एस.एल.सी.,,दाङ लमही नगरपालिका बनगाउँ,गीता कुमारी चौधरी,,5-दाङ-1,342628,47
342558,सिताराम यादव,Sitaram Yadav,आम जनता पार्टी(एकल चुनाव चिन्ह),2581,48,M,False,Hariram Ahir,साधारण,,Dang,Arju Yadav,,5-दाङ-1,342558,50
341668,रन्जित चौधरी,Ranjit Chaudhary,राष्ट्रिय परिवर्तन पार्टी,2568,21,M,False,Indra Prasad Chaudhary,+ 2,,Dang,Anjana Chaudhary,,5-दाङ-1,341668,32
340655,विपिन कुमार आचार्य,Bipin Kumar Acharya,राष्ट्रिय स्वतन्त्र पार्टी,2528,43559,M,True,Shiv Kumar Sharma,Masters,,Dang,Suraksha Adhikari,,5-दाङ-2,340655,39
339760,शंकर पोख्रेल,Shankar Pokhrael,नेपाल कम्युनिष्ट पार्टी (एकीकृत मार्क्सवादी लेनिनवादी),2598,15287,M,False,केशवराज शर्मा,MBA,,दाङ तुल्सीपुर उपमहानगरपालिका हाडीमे,सुजिता  शाक्य,,5-दाङ-2,339760,63
340365,किरण किशोर घिमिरे,Kiran Kishor Ghimire,नेपाली काँग्रेस,2583,11558,M,False,Rishiram Sharma Ghimire,MA,,Dang,Aarti Ghimire (Sharma),,5-दाङ-2,340365,63
340137,निर्मल आचार्य,Nirmal Acharya,नेपाली कम्युनिष्ट पार्टी,2557,7083,M,False,Lokraj Sharma Acharya,M.A.,,Dang,Pratiba Bogati Acharya,,5-दाङ-2,340137,49
341072,ऋषि केश पोख्रेल,Rishi Kesh Pokhrel,राष्ट्रिय प्रजातन्त्र पार्टी,2604,760,M,False,Dilli Raj Pokhrel,MBS,,Dang,Pushpa Pokhrel,,5-दाङ-2,341072,53
339631,अम्मर बहादुर बुढा,Ammar Bahadur Budha,मंगोल नेशनल अर्गनाइजेसन,2511,557,M,False,Tek Bahadur Budha,10,,Dang,Dhanichandra Buda Magar,,5-दाङ-2,339631,51
339716,मनिराम खनाल,Maniram Khanal,राष्ट्रिय जनमोर्चा,2522,226,M,False,Thakur Prasad Khanal,SLC,,Arghakhanchi,Lakshmi Khanal,,5-दाङ-2,339716,50
340223,जितन पुन,Jitan Pun,नेशनल रिपब्लिक नेपाल,2504,92,M,False,Mahabir Pun,10,,Dang,,,5-दाङ-2,340223,48
340976,प्रतिक अधिकारी,Pratik Adhikari,प्रगतिशील लोकतान्त्रिक पार्टी,2516,74,M,False,Devraj Adhikari,स्नातक,,Dang,,,5-दाङ-2,340976,26
340844,रविन्द्र उच्च नेपाली,Ravindra Uccha Nepali,राष्ट्रिय जनमुक्ति पार्टी,2605,41,M,False,आशा राम नेपाली,SLC,,दाङ तुल्सीपुर उपमहानगरपालिका वघौसी,उर्मिला  नेपाली,,5-दाङ-2,340844,55
339916,पदम प्रसाद पाण्‍डे,Padam Prasad Pandey,स्वतन्त्र,IND,32,M,False,Gomati Prasad Pandey,SLC,,Pyuthan,Goma Pandey,,5-दाङ-2,339916,52
342481,ढुण्डीराज थापा,Dhundiraj Thapa,"जनता समाजवादी पार्टी, नेपाल",2542,31,M,False,Khadak Bahadur Thapa,8,,Dang,Shila Pandey,,5-दाङ-2,342481,38
340703,धर्मराज शर्मा,Dharmaraj Sharma,स्वतन्त्र,IND,31,M,False,Yodhan Krishna Upadhyaya,12,,Salyan,Rita Subedi,,5-दाङ-2,340703,46
342529,झरेन्द्र बहादुर खत्री,Jharendra Bahadur Khatri,"नागरिक उन्मुक्ति पार्टी, नेपाल(एकल चुनाव चिन्ह)",2531,28,M,False,Nim Bahadur Khatri,SLC,,Dang,Purnima Khatri,,5-दाङ-2,342529,45
339442,नवीन कुमार शाही,Naveen Kumar Shahi,नेपाल मजदुर किसान पार्टी,2578,21,M,False,गंगा  शाही,+2,,दैलेख ठाँटीकाँध गाउँपालिका छडाथान,सपना  शाही,,5-दाङ-2,339442,49
339654,विष्णु कुमारी भुसाल,Bishnu Kumari Bhusal,स्वतन्त्र,IND,11,F,False,टेक बहादुर कामी,I.ED.,,दाङ घोराही उपमहानगरपालिका ,सुर्य बहादुर भुसाल,,5-दाङ-2,339654,44
341153,रेख बहादुर पुन मगर,Rekh Bahadur Pun Magar,मितेरी पार्टी नेपाल,2530,9,M,False,Til Bahadur Pun Magar,SLC,,Dang,,,5-दाङ-2,341153,34
339686,कल्‍पना लामा,Kalpana Lama,स्वतन्त्र,IND,9,F,False,Sher Bahadur Gurung,SLC,,Dang,Phurpa Lama,,5-दाङ-2,339686,36
339577,बालाराम पौडेल,Balaram Paudel,स्वतन्त्र,IND,9,M,False,Tara Prasad Paudel,SLC,,Dang,Gita Chaudhary,,5-दाङ-2,339577,43
342055,कृष्ण  बहादुर  सुनार ,Krishna Bahadur Sunar,आम जनता पार्टी(एकल चुनाव चिन्ह),2581,7,M,False,Jute Sunar,SLC,,Dang,Susila B.K.,,5-दाङ-2,342055,50
342354,लाल बहादुर खत्री,Lal Bahadur Khatri,स्वतन्त्र,IND,7,M,False,Bhim Bahadur Khatri,SLC,,Arghakhanchi,Shanta Khatri,,5-दाङ-2,342354,53
341202,बिष्णु बिक्रम सेन वली,Bishnu Bikram Sen Oli,स्वतन्त्र,IND,4,M,False,Ram Bahadur Oli,+2,,Dang,Lila K.C.,,5-दाङ-2,341202,29
341518,समिर वली,Samira Vali,स्वतन्त्र,IND,4,M,False,हुकुम बहादुर वली,स्नातक,,दाङ घोराही उपमहानगरपालिका लेटार,,,5-दाङ-2,341518,30
339501,कमल सुबेदी,Kamal Subedi,राष्ट्रिय स्वतन्त्र पार्टी,2528,44248,M,True,Krishna Prasad Upadhyaya,एम.ए. (राजनितिशास्त्र),त्रिभुवन विश्वविद्यालय,Bardiya,,,5-दाङ-3,339501,38
341200,दिपक गिरी,Dipaka Giri,नेपाली काँग्रेस,2583,16453,M,False,लोकमणी  गिरी,एम.ए.,त्रिभुवन विश्वविद्यालय,दाङ दंगीशरण गाउँपालिका सुकदेव,इन्दु  रिजाल गिरी,,5-दाङ-3,341200,63
340401,घनश्याम पाण्डे,Ghanshyam Pandey,नेपाल कम्युनिष्ट पार्टी (एकीकृत मार्क्सवादी लेनिनवादी),2598,12195,M,False,Tek Bahadur Pandey,"MA, LLB, BSC",त्रिभुवन बिश्वबिद्यालय,Dang,Vishnu K.C.,,5-दाङ-3,340401,52
340151,धन बहादुर मास्की,Dhan Bahadur Maski,नेपाली कम्युनिष्ट पार्टी,2557,9328,M,False,Man Bahadur Maski,आई.ए.,"डि.ए.बि. कलेज, काठमाण्डौ",Sindhuli,Sushila Maskey,,5-दाङ-3,340151,49
340349,दामोदर भण्डारी,Damodar Bhandari,राष्ट्रिय प्रजातन्त्र पार्टी,2604,1057,M,False,Setlal Bhandari,B.Com पास,महेन्द्र बहुमुखि क्यामपस नेपालगञ्ज बाँके,Dang,Sammi Bhatt Bhandari,,5-दाङ-3,340349,57
339745,बल बहादुर ओली,Bal Bahadur Oli,नेपाल कम्युनिस्ट पार्टी (माओवादी),2526,425,M,False,Manvir Oli,८ कक्षा पास,,दाङ शान्तिनगर गाउँपालिका ,Naumati Oli,,5-दाङ-3,339745,69
339637,टोप बहादुर महतरा,Top Bahadur Mahtara,श्रम संस्कृति पार्टी,2501,227,M,False,कुल बहादुर महतरा,,,दाङ तुल्सीपुर उपमहानगरपालिका रजौरा,गीता कुमारी विष्ट,,5-दाङ-3,339637,54
341037,प्रितम चौधरी,Pritam Chaudhary,नेशनल रिपब्लिक नेपाल,2504,181,M,False,Mahaveer Chaudhary,१०,महेन्द्र मा.वि. तुलसीपुर दाङ,Dang,Krishna Kumari Tharuni,,5-दाङ-3,341037,44
339534,कमला जि सी,Kamala Ji Si,राष्ट्रिय जनमोर्चा,2522,180,F,False,नुर्ज बहादुर के सी,कक्षा १० उत्तिर्ण,गंगा मा.वि. बाहाने प्यूठान,दाङ तुल्सीपुर उपमहानगरपालिका गणेशपुर,नारायण बहादुर जि सी,,5-दाङ-3,339534,63
339395,यम बहादुर वस्नेत,Yam Bahadur Basnet,स्वतन्त्र,IND,155,M,False,Min Bahadur Basnet,IA पास,श्री राप्ती बबई क्याम्पस तुलसीपुर दाङ,Dang,,,5-दाङ-3,339395,38
339372,घनश्याम चौधरी,Ghana Shyam Chaudhary,मंगोल नेशनल अर्गनाइजेसन,2511,144,M,False,मण्डु  चौधरी,‌‌+२ पास,बबई बहुमुखी क्याम्पस,दाङ तुल्सीपुर उपमहानगरपालिका ,अम्बिता  चौधरी,,5-दाङ-3,339372,44
342668,दलविर कामी,Dalavira Kami,संयुक्त नागरिक पार्टी,2521,94,M,False,रामलाल  कामी,प्रा.वि.,,दाङ शान्तिनगर गाउँपालिका बराथान,मेघी  कामी,,5-दाङ-3,342668,59
342568,महेश चौधरि,Mahesh Chaudhary,"नागरिक उन्मुक्ति पार्टी, नेपाल(एकल चुनाव चिन्ह)",2531,55,M,False,Winglal Chaudhary,+२ पास,राप्ती बिद्या मन्दिर तुलसीपुर दाङ,Dang,,,5-दाङ-3,342568,36
342685,शोभा  डाँगी,Shobha Dangi,"जनता समाजवादी पार्टी, नेपाल",2542,24,F,False,Deb Bahadur Dangi,१० पास,टेकुरा हाइ स्कुल,Dang,Padam Bahadur,,5-दाङ-3,342685,43
342452,सप्रिक कंडेल,Saprik Kandel,स्वतन्त्र,IND,14,M,False,Ram Kumar Kandel,‌+२ पास,"श्री अमरज्योती माध्यमिक विद्यालय, नेवारे सुर्खेत",Dang,,,5-दाङ-3,342452,32
342147,भागिराम चौधरी,Bhagiram Chaudhary,स्वतन्त्र,IND,11,M,False,Parshu Ram Chaudhary,SLC पास,मा.वि. हरिचौरी,Dang,,,5-दाङ-3,342147,31
341897,सन्तोष सिंह,Santosh Singh,मितेरी पार्टी नेपाल,2530,10,M,False,Singhlal Singh,SLC,श्री त्रिभुवन जनता मा.वि. सल्यान,Salyan,Ishwari Singh,,5-दाङ-3,341897,45
339968,इन्द्र बहादुर बस्नेत,Indra Bahadur Basnet,स्वतन्त्र,IND,10,M,False,Yajya Bahadur Basnet,९ कक्षा,,Dang,,,5-दाङ-3,339968,35
342531,पाण्डवी नेपाली,Pandavi Nepali,आम जनता पार्टी(एकल चुनाव चिन्ह),2581,8,F,False,Umlal Singh,,,Dang,Prem Bahadur Nepali,,5-दाङ-3,342531,47
340473,महेश डाँगी,Mahesh Dangi,स्वतन्त्र,IND,8,M,False,Sher Bahadur Dangi,SLC,मा.वि. अस्वारा,Dang,,,5-दाङ-3,340473,40
341728,प्रेम वहादुर वली,Prema Vahadura Vali,स्वतन्त्र,IND,7,M,False,जय वहादुर वली,SLC,गुरु जजुर मा.वि. रक्षाचौर दाङ,दाङ तुल्सीपुर उपमहानगरपालिका हरिया बास,दिल माया वली,,5-दाङ-3,341728,32
339625,भरत परियार,Bharat Pariyar,स्वतन्त्र,IND,6,M,False,Dharma Raj Pariyar,८ कक्षा उत्तिर्ण,श्रीगाउँ दाङ,Dang,Renu Pariyar,,5-दाङ-3,339625,42
339708,सुरेश नेपाली,Suresh Nepali,स्वतन्त्र,IND,1,M,False,Tul Bahadur Nepali,SLC उत्तिर्ण,सेन्टर मा.वि. तुलसीपुर दाङ,Dang,,,5-दाङ-3,339708,31
339703,धन बहादुर बुढा,Dhan Bahadur Budha,नेपाली कम्युनिष्ट पार्टी,2557,6802,M,True,Lanku Budha,SLC,SLC,Dolpa,Himali Budha,"संविधान सभा सदस्य, समाज सेवा र व्यापार र प्रतिनिधि सभा सदस्य रहेको",6-डोल्पा-1,339703,51
339397,लंक बहादुर रोकाया,Lank Bahadur Rokaya,नेपाल कम्युनिष्ट पार्टी (एकीकृत मार्क्सवादी लेनिनवादी),2598,5396,M,False,जय बहादुर रोकाया,+2,"रेन्बो इन्टरनेशनल कलेज, काठमाण्डौ",डोल्पा मुड्केचुला गाउँपालिका भोट,,नेकपा एमालेको विभिन्न पदमा रहेको,6-डोल्पा-1,339397,35
340232,कर्ण बहादुर बुढा,Karna Bahadur Budha,नेपाली काँग्रेस,2583,2947,M,False,Lanku Budha,I.A Pass +2,HSEB,Dolpa,Sarita/Lajyam Budha,४० वर्ष देखि सामाजिक कार्यमा लागि रहेको।,6-डोल्पा-1,340232,62
341680,देव सिहं ऐडी,Dev Singh Aidi,राष्ट्रिय स्वतन्त्र पार्टी,2528,181,M,False,Jade Edi,इन्जिनियर,नेपाल इन्जिनियरिङ कलेज,Dolpa,,विगत १० वर्ष देखि सामाजिक कार्य गरेको,6-डोल्पा-1,341680,34
340672,हरि प्रसाद डाँगी,Hari Prasad Dangi,राष्ट्रिय प्रजातन्त्र पार्टी,2604,92,M,False,Panna Khar Dangi,8 पास,नेपाल बोर्ड,Dolpa,Sundari Dangi,सामाजिक कार्य,6-डोल्पा-1,340672,43
339460,ओमेन्द्र बहादुर के.सी.,Omendra Bahadur K.C.,स्वतन्त्र,IND,54,M,False,पृथ्वी लाल के.सी.,+2,नेपाल बोर्ड,डोल्पा ठुली भेरी नगरपालिका घारी टोल,पार्वती कुमारी न्यौपाने (के.सी.),समाजिक कार्यमा सहभागी र नेतृत्व गरेको,6-डोल्पा-1,339460,46
340901,विकाश बुढा,Bikash Budha,प्रगतिशील लोकतान्त्रिक पार्टी,2516,21,M,False,Harilal Budha,+2,आधारभूत उमावि डोल्पा,Dolpa,,सामाजिक कार्य,6-डोल्पा-1,340901,26
340376,दिल बहादुर बिस्ट,Dil Bahadur Bista,उज्यालो नेपाल पार्टी,2566,11,M,False,कुम्म बहादुर बिस्ट,SLC,SLC,डोल्पा त्रिपुरासुन्दरी नगरपालिका बिष्‍ट,दिल माया बिस्ट,विगत ४० वर्ष देखि सामाजिक कार्य गरिरहेको।,6-डोल्पा-1,340376,67
340565,जुनु भण्डारी,Junu Bhandari,मितेरी पार्टी नेपाल,2530,2,F,False,Tularam Bhandari,+2,HSEB,Dolpa,Sundari Dangi,सामाजिक सेवा,6-डोल्पा-1,340565,32
341556,खड्ग शाही,Khadga Shahi,नेपाली काँग्रेस,2583,7914,M,True,Brisha Bahadur Shahi,+2 pass,bishnu mavi kathmandu,Mugu,Palju Rokaya,राजनीति,6-मुगु-1,341556,58
340557,पूर्ण बहादुर रोकाया,Purna Bahadur Rokaya,नेपाल कम्युनिष्ट पार्टी (एकीकृत मार्क्सवादी लेनिनवादी),2598,6718,M,False,Birkha Bahadur Rokaya,एम एड,त्रिभुवन विश्वबिद्यालय,Mugu,Parvati Kumari Neupane (K.C.),,6-मुगु-1,340557,54
341041,चन्द्र बहादुर शाही,Chandra Bahadur Shahi,नेपाली कम्युनिष्ट पार्टी,2557,5558,M,False,Man Bahadur Shahi,I L,nepal law campous,Mugu,Padam Kali Shahi,2048 साल देखि लामो समयसम्म कम्युय्ट आन्दोलनमा लागेको र जनताको सेवामा लागि काम गर्दै आएको ।,6-मुगु-1,341041,64
341393,भुवन टमटा,Bhuwan Tamata,राष्ट्रिय स्वतन्त्र पार्टी,2528,530,M,False,बाँच्या टमटा,+2,पुप्पलाल मेमोरीयल कलेज चावेल,मुगु खत्याड गाउँपालिका गाडेखोला,,राजनीति/ समाजसेवी,6-मुगु-1,341393,25
341216,रंगविर परियार,Rangavira Pariyar,नेपाल कम्युनिस्ट पार्टी (माओवादी),2526,280,M,False,वजित  परियार,tslc,kts jumla,मुगु खत्याड गाउँपालिका नखर्जी,मुना  परियार,,6-मुगु-1,341216,47
340665,बल बहादुर मल्ल,Bal Bahadur Malla,राष्ट्रिय प्रजातन्त्र पार्टी,2604,203,M,False,Pathan Bahadur Malla,slc,mahakali mavi mugu,Mugu,,,6-मुगु-1,340665,50
340833,ऐटन कुमार मल्‍ल,Aiten Kumar Malla,प्रगतिशील लोकतान्त्रिक पार्टी,2516,22,M,False,चक्र बहादुर मल्‍ल,slc,mahakali mavi mugu,मुगु छायाँनाथ रारा नगरपालिका छत्‍यालवाडा,जीवन  शाही,अन्तराष्टिय स्तरको खेलक्षेत्रको अनुभव रहेको ,6-मुगु-1,340833,48
341535,ज्ञान बहादुर शाही,Gyan Bahadur Shahi,राष्ट्रिय प्रजातन्त्र पार्टी,2604,14816,M,True,Hari Bahadur Shahi,,,Jumla,,,6-जुम्ला-1,341535,34
339930,नरेश भण्‍डारी,Naresh Bhandari,नेपाली कम्युनिष्ट पार्टी,2557,11635,M,False,Hari Bahadur Bhandari,,,Jumla,Deukala Shahi,,6-जुम्ला-1,339930,47
341715,दिप बहादुर शाही,Dip Bahadur Shahi,नेपाली काँग्रेस,2583,7143,M,False,Ranvir Shahi,,,Jumla,Susila Mahat,,6-जुम्ला-1,341715,66
341224,शान्ति लाल महत,Shanti Lal Mahat,नेपाल कम्युनिष्ट पार्टी (एकीकृत मार्क्सवादी लेनिनवादी),2598,4518,M,False,Ravi Lal Mahat,,,Jumla,Muna Pariyar,,6-जुम्ला-1,341224,63
340197,बिनिता कठायत,Binita Kathayat,राष्ट्रिय स्वतन्त्र पार्टी,2528,421,F,False,Amrit Singh Kathayat,,,Jumla,Satya Devi Bhandari,,6-जुम्ला-1,340197,29
339709,बिर्ष बहादुर रावत,Birsa Bahadur Rawat,नेपाल मजदुर किसान पार्टी,2578,400,M,False,रत्‍न पति रावत,,,जुम्ला हिमा गाउँपालिका आचार्य लिही,मुना  रावत,,6-जुम्ला-1,339709,59
339757,मनऋषि धिताल,Manrishi Dhital,प्रगतिशील लोकतान्त्रिक पार्टी,2516,112,M,False,Nainananda Dhital,,,Bardiya,Sarita Dhakal,,6-जुम्ला-1,339757,47
340149,विर्ख बहादुर शाही,Birkha Bahadur Shahi,नेपाल कम्युनिस्ट पार्टी (माओवादी),2526,71,M,False,Dadimal Shahi,,,Jumla,Revati Rawal,,6-जुम्ला-1,340149,52
340017,रनील विक्रम शाही,Ranil Bikram Shahi,नेपाल जनता पार्टी,2507,43,M,False,Bir Bahadur Shahi,,,Jumla,Bhagabati Kumari Shahi,,6-जुम्ला-1,340017,26
339827,भक्त बहादुर रावल,Bhakt Bahadur Rawal,स्वतन्त्र,IND,14,M,False,परी लाल रावल,,,जुम्ला तातोपानी गाउँपालिका लिताकोट,रेवती  रावल,,6-जुम्ला-1,339827,47
340992,महेन्द्र बहादुर शाही,Mahendra Bahadur Shahi,नेपाली कम्युनिष्ट पार्टी,2557,11734,M,True,Lal Bahadur Shahi,एस.एल.सी,"श्री वडीमालिका मा.वि. रास्कोट, कालीकोट",Kalikot,Srijana Nepal,,6-कालिकोट-1,340992,49
340619,श्री नगीन्द्र शाही,Shree Nagindra Shahi,नेपाल कम्युनिष्ट पार्टी (एकीकृत मार्क्सवादी लेनिनवादी),2598,10647,M,False,धिरेन्द्र  शाही,स्‍नातक,त्रिचन्द्र कलेज काठमाडौ,कालिकोट रास्कोट नगरपालिका विजयपुर,टापिन्द्रा  सेन(शाही),,6-कालिकोट-1,340619,46
341244,हर्ष बहादुर बम,Harsh Bahadur Bam,नेपाली काँग्रेस,2583,7450,M,False,धर्म राज बम,आइ.ए,,कालिकोट पचालझरना गाउँपालिका बाँझकोट,लक्ष्मी  बम,,6-कालिकोट-1,341244,51
342479,खडग वहादुर विश्वकर्मा,Khadaga Vahadura Vishvakarma,नेपाल कम्युनिस्ट पार्टी (माओवादी),2526,4993,M,False,पहल बहादुर बिश्वकर्मा,आइ.एड,श्री शिक्षा क्याम्पस सुर्खेत,"कालिकोट नरहरिनाथ गाउँपालिका सल्लारुख्, मालकोट",नन्दा  बिश्वकर्मा,,6-कालिकोट-1,342479,57
339582,प्रकाश न्यौपाने,Prakash Neupane,राष्ट्रिय स्वतन्त्र पार्टी,2528,3101,M,False,Prabhulal Neupane,स्‍नातक,त्रिभुवन विश्व विद्यालय,Kalikot,Mitthu Kumari Shahi,,6-कालिकोट-1,339582,31
340106,सुर्य बहादुर शाही,Surya Bahadur Shahi,राष्ट्रिय प्रजातन्त्र पार्टी,2604,603,M,False,Kalu Bahadur Shahi,+2 पास,"श्री पंचदेव उच्च माध्यमिक विद्यालय, मान्म, कलीकोट",Kalikot,Amrita Shahi,,6-कालिकोट-1,340106,60
339715,नन्द बहादुर शाही,Nanda Bahadur Shahi,नेपाल मजदुर किसान पार्टी,2578,597,M,False,Goichu Shahi,प्रवेशिका,चन्दननाथ मा.वि.(जुम्ला विस्तार क्याम्पस) जुम्ला,Kalikot,Ambika Giri,,6-कालिकोट-1,339715,67
340039,अज बहादुर गिरी,Aj Bahadur Giri,राष्ट्रिय जनमोर्चा,2522,175,M,False,दिप राज गिरी,स्‍नातक,त्रिभुवन विश्‍वविद्यालय काठमाडौ,कालिकोट खाँडाचक्र नगरपालिका बरातु,अम्विका  गिरी,,6-कालिकोट-1,340039,62
342769,अस्मिन कुमार विष्ट,Asmin Kumar Bista,स्वतन्त्र,IND,70,M,False,नर बहदुर विष्ट,+2 ,HSEB,कालिकोट नरहरिनाथ गाउँपालिका ,,,6-कालिकोट-1,342769,27
342702,मान बहादुर तिरुवा,Man Bahadur Tiruwa,स्वतन्त्र,IND,7,M,False,Jaisingh Tiruwa,प्रविणता प्रमाण पत्र,सामुदायिक विद्यालय,Kalikot,,,6-कालिकोट-1,342702,26
340564,जय पती रोकाया,Jaya Pati Rokaya,नेपाली काँग्रेस,2583,8797,M,True,Tul Singh Rokaya,SLC,श्री मानसरोवर उ.मा.वि,Humla,Indra Rokaya,"नेपाल तरुणदल हुम्लाको अध्यक्ष 
नेपाली काँग्रेस हुम्लाको सभापति
नेपाली काँग्रेस कर्णाली प्रदेश सदस्य
 समाजसेवा",6-हुम्ला-1,340564,47
340087,दीपेन्द्र रोकाया,Dipendra Rokaya,नेपाली कम्युनिष्ट पार्टी,2557,7243,M,False,Sundar Rokaya,PHD,TU,Humla,Devaki Timalsina,"२०५३ देखि २०७५ सम्म पत्रकारीता गरेको 
२०७५ देखि २०७८ सम्म कर्णाली प्रदेश योजना आयोगको सदस्य
२०७९ देखि हाल सम्म नेपाली कमनिष्‍ट  जिल्ला संयोजक हुँदै केन्दिय सदस्य भइ कार्यारत",6-हुम्ला-1,340087,47
339931,दल फडेरा,Dala Phadera,नेपाल कम्युनिष्ट पार्टी (एकीकृत मार्क्सवादी लेनिनवादी),2598,4331,M,False,नरिवान  फडेरा,स्नातक  तह,त्रि.वि,हुम्ला अदानचुली गाउँपालिका फडेरा गाँउ,झगु  भण्डारी,,6-हुम्ला-1,339931,50
341114,टासी ल्हान्जोम,Tasi Lhanjom,राष्ट्रिय स्वतन्त्र पार्टी,2528,1064,F,False,लाक्पा छिरीङ तामाङ,स्नातक राजनितिक रास्त्र,"दिल्ली विश्वविद्यालय,भारत",हुम्ला नाम्खा गाउँपालिका ,,सामाजिक अभियन्ता,6-हुम्ला-1,341114,26
340956,जटिल कार्की,Jatil Karki,प्रगतिशील लोकतान्त्रिक पार्टी,2516,248,M,False,Prem Bahadur Karki,स्नातक,Eastern Univercity,Humla,,राष्टिय पुननिर्माण प्राधिकरण काठमाडौंमा ६ वर्ष काम गरेको,6-हुम्ला-1,340956,30
340476,कुम्भ वुढा,Kumbha Budha,नेपाल कम्युनिस्ट पार्टी (माओवादी),2526,128,M,False,Aka Budha,SLC,ज्ञनोदय मा.वि,Humla,Asmita Budha,,6-हुम्ला-1,340476,51
339829,छक्क बुढा,Chhakka Budha,राष्ट्रिय प्रजातन्त्र पार्टी,2604,124,M,False,Ran Budha,प्रमानपत्र तह,मानसरोवर मा. वि,Humla,Nirmala Budha,,6-हुम्ला-1,339829,30
342453,खडक वहादुर वुढा,Khadak Bahadur Budha,नेपाली काँग्रेस,2583,20142,M,True,Nar Bahadur Budha,MA,tu,Jajarkot,Krishna Thapa (Budha),,6-जाजरकोट-1,342453,40
341130,शक्ति बहादुर वस्नेत,Shakti Bahadur Basnet,नेपाली कम्युनिष्ट पार्टी,2557,17407,M,False,Dandaveer Basnet,med,tu,Jajarkot,Satya Pahadi,,6-जाजरकोट-1,341130,56
340356,डम्बर बहादुर सिंह,Dambar Bahadur Singh,नेपाल कम्युनिष्ट पार्टी (एकीकृत मार्क्सवादी लेनिनवादी),2598,16883,M,False,Karna Bahadur Singh,med,tu,Jajarkot,Janaki Devi Singh,,6-जाजरकोट-1,340356,61
341256,राघब​ कार्की,Raghab Karki,राष्ट्रिय स्वतन्त्र पार्टी,2528,2471,M,False,माधव​  कार्की,MA,tu,जाजरकोट भेरी नगरपालिका ,नम्रता  खनाल​,,6-जाजरकोट-1,341256,50
340955,कृष्ण  बिक्रम शाह,Krishna Bikram Shah,राष्ट्रिय प्रजातन्त्र पार्टी,2604,359,M,False,Tej Bikram Shah,10+2 पास,HSEB,Jajarkot,Hema Shah,,6-जाजरकोट-1,340955,54
340682,बल बहादुर मल्ल,Bal Bahadur Malla,नेपाल कम्युनिस्ट पार्टी (माओवादी),2526,212,M,False,Ganesh Bahadur Malla,10+2 pass,HSEB,Jajarkot,Pashupati Malla,,6-जाजरकोट-1,340682,40
340290,कर्ण बहादुर नेपाली,Karna Bahadur Nepali,उज्यालो नेपाल पार्टी,2566,67,M,False,Prime Wadi,bed pass,Tu,Jajarkot,Sharmila Wadi,,6-जाजरकोट-1,340290,39
339599,रत्न बहादुर खड्का,Ratna Bahadur Khadka,राष्ट्रिय जनमोर्चा,2522,55,M,False,Jasvir Khadka,10 pass,जनप्रिय मा वि दशेरा,Jajarkot,Asha Khadka,,6-जाजरकोट-1,339599,63
342130,मेघ बहादुर ओली,Megh Bahadur Oli,प्रगतिशील लोकतान्त्रिक पार्टी,2516,38,M,False,Abir Oli,slc,Neb,Jajarkot,Bhagwati Khatri,,6-जाजरकोट-1,342130,59
340815,धनी राम जैसी,Dhani Ram Jaisi,नेपाल मजदुर किसान पार्टी,2578,25,M,False,Uday Ram Jaisi,९ पास,सरस्वती मावि,Dailekh,Radhika Jaisi,,6-जाजरकोट-1,340815,63
342610,कमान बुढा मगर,Kaman Budha Magar,मंगोल नेशनल अर्गनाइजेसन,2511,9,M,False,Purna Bahadur Budha,see,Neb,Jajarkot,,,6-जाजरकोट-1,342610,25
341040,बासना थापा,Basana Thapa,नेपाली काँग्रेस,2583,12372,F,True,Hom Vikram Thapa,m. a pass ,,Kathmandu,Robinson Thapa,,6-दैलेख-1,341040,45
339621,रविन्द्र राज शर्मा,Ravindra Raj Sharma,नेपाल कम्युनिष्ट पार्टी (एकीकृत मार्क्सवादी लेनिनवादी),2598,11796,M,False,देवी प्रसाद शर्मा,SLC,,दैलेख नारायण नगरपालिका रुपाखेत,जनक कुमारी शर्मा,,6-दैलेख-1,339621,61
339758,नन्द किशोर बस्नेत,Nanda Kishor Basnet,राष्ट्रिय स्वतन्त्र पार्टी,2528,8151,M,False,Padam Bahadur Basnet,I.ed pass ,,Dang,Ek Maya Thapa Chhetri,,6-दैलेख-1,339758,58
339953,अम्मर बहादुर थापा,Ammar Bahadur Thapa,नेपाली कम्युनिष्ट पार्टी,2557,4256,M,False,Pathe Thapa,test पास,,Dailekh,Pana Thapa,,6-दैलेख-1,339953,70
340472,रण बहादुर सिंह,Rana Bahadur Singh,राष्ट्रिय प्रजातन्त्र पार्टी,2604,598,M,False,प्रेम बहादुर सिंह,SLC,,दैलेख नौमुले गाउँपालिका माझगाउ,लक्ष्मी/सिता कुमारी सिंह,,6-दैलेख-1,340472,52
339470,जगत वहादुर ओली,Jagat Bahadur Oli,नेपाल मजदुर किसान पार्टी,2578,302,M,False,Sher Bahadur Oli,स्नातक तह,,Dailekh,Raikosha Woli,,6-दैलेख-1,339470,57
340228,रामलाल बिश्वकर्मा,Ramalala Bishvakarma,नेपाल कम्युनिस्ट पार्टी (माओवादी),2526,235,M,False,नन्दलाल  बिश्वकर्मा,B.ed pass ,,दैलेख गुराँस गाउँपालिका पेटारी,सबिता  सिह,,6-दैलेख-1,340228,53
339335,नर बहादुर सिंह,Nar Bahadur Singh,राष्ट्रिय जनमोर्चा,2522,91,M,False,Mathavar Singh,I.ed pass ,,Dailekh,Kamala Singh,,6-दैलेख-1,339335,42
339841,लोग बहादुर बोगटी,Logh Bahadur Bogati,स्वतन्त्र,IND,29,M,False,गोरे  बोगटी,१० पास,,दैलेख नारायण नगरपालिका दशरथे,दुधकला  बोगटी,,6-दैलेख-1,339841,65
341385,मेनका श्रेष्ठ,Menaka Shrestha,आम जनता पार्टी(एकल चुनाव चिन्ह),2581,16,F,False,मिन बहादुर रुचाल,12 pass ,,दैलेख नारायण नगरपालिका ,विष्णु कुमार श्रेष्ठ,,6-दैलेख-1,341385,42
340637,लक्ष्मी प्रसाद पोखरेल,Laxmi Prasad Pokharel,नेपाल कम्युनिष्ट पार्टी (एकीकृत मार्क्सवादी लेनिनवादी),2598,13889,M,True,Nayaram Pokharel,आइए,त्रिभुवन विश्व विद्यालय,Dailekh,Pavitra Pokharel,२०४९ गाविस अध्यक्ष २०७० स‌विधान सभा सदस्य नेकपा एमाले पोलिटब्यूरो सदस्य ,6-दैलेख-2,340637,63
341215,दिक्पाल कुमार शाहि,Dikpal Kumar Shahi,नेपाली काँग्रेस,2583,9552,M,False,Raj Bahadur Shahi,प्रविणता प्रमाण पत्र तह,त्रिभुवन विश्वविद्यालय,Dailekh,Mohani Shahi,३ वर्ष शिक्षण पेशा २०४९ मा जिविस सदस्य निर्वाचित २०७९ सालमा प्रतिनिधि सभा सदस्य निर्वाचित,6-दैलेख-2,341215,64
340344,बखत बहादुर शाही,Bakhat Bahadur Shahi,राष्ट्रिय स्वतन्त्र पार्टी,2528,6797,M,False,Prem Bahadur Shahi,स्नातकोत्तर ,पोखरा विश्वविद्यालय ,Dailekh,Sumitra Kumari Shahi,सडक सि‌चाई खानेपानी जिविकोपार्जन लगायतका क्षेत्रमा कार्य गरेको भवन योजना विद्युत सोलार लगायतका कार्यहरुमा कार्य गरेको,6-दैलेख-2,340344,56
340478,योगेन्द्र वहादुर शाही,Yogendra Bahadur Shahi,नेपाली कम्युनिष्ट पार्टी,2557,3851,M,False,Khagendra Bahadur Shahi,एमफिल,जवारलालनेहरु विश्वविद्यालय,Dailekh,,विश्व प्रजातान्त्रिक यूवा स‌घको भई युवाहरुको हितमा कार्य गरेको र कर्णाली प्रदेशको योजना आयोगको उपाध्यक्ष भई कार्य गरेको,6-दैलेख-2,340478,51
339809,वखत बहादुर थापा,Bakhat Bahadur Thapa,नेपाल मजदुर किसान पार्टी,2578,1512,M,False,Man Thapa,+2,चामुण्डा उच्च मावि ,Dailekh,Bhadra Thapa,देश र जनताको निस्वार्थ सेवामा लामो समय देखि कार्यरत रही आएको ,6-दैलेख-2,339809,50
342569,बविता कुमारी शाही,Babita Kumari Shahi,राष्ट्रिय प्रजातन्त्र पार्टी,2604,366,F,False,Gopendra Shahi,M.Ed.,T.U.,Kalikot,Lok Bahadur Bhat,समाज सेवा,6-दैलेख-2,342569,42
340198,कलम सिंह,Kalam Singh,नेपाल कम्युनिस्ट पार्टी (माओवादी),2526,337,M,False,Ratna Kami,+2,कालिका मावि तिलेपाटा,Dailekh,Khintu B.K.,राष्ट्रियता र भ्रष्टचार विरुद्ध स‌घर्ष गरेको पार्टीको विभिन्न पदिय जिम्मेवारीमा रहि सेवा गरेकाे,6-दैलेख-2,340198,45
339384,कमल बहादुर बरै मगर,Kamal Bahadur Barai Magar,राष्ट्रिय जनमोर्चा,2522,101,M,False,Padam Bahadur Magar,SLC,आनन्द मावि चामुण्डा,Dailekh,Lalsara Pun Magar,समाज सेवा ,6-दैलेख-2,339384,52
342445,हिम बहादुर शाही,Him Bahadur Shahi,स्वतन्त्र,IND,43,M,False,Man Singh Shahi,+2,बहुमुखी क्याम्पस सुर्खेत,Dailekh,,समाज सेवा,6-दैलेख-2,342445,26
342333,तिर्था कुमारी बशीं मगर बि.क.,Tirtha Kumari Bashi Magar B.K.,आम जनता पार्टी(एकल चुनाव चिन्ह),2581,33,F,False,नन्दालाल  बशींमगर,SLC,पार्वति उमावि गोगनपानी,दैलेख दुल्लु नगरपालिका ,महेन्द्र बहादुर बि.क.,समाजसेवा,6-दैलेख-2,342333,27
340984,लाल बहादुर कठायत,Lal Bahadur Kathayat,स्वतन्त्र,IND,32,M,False,Nar Bahadur Kathayat,+2,आठबिस शिक्षा क्याम्पस,Dailekh,,समाजसेवा,6-दैलेख-2,340984,38
341140,विष्णु बहादुर खड्का,Bishnu Bahadur Khadka,नेपाली काँग्रेस,2583,26897,M,True,प्रेम बहादुर खड्का,S.L.C ,अम्मर ज्योती मा.वि.,सुर्खेत बीरेन्द्रनगर नगरपालिका इत्राम,शारदा  खड्का,"नेपाली काँग्रेस जिल्ला उपसभापति, सुर्खेत।",6-सुर्खेत-1,341140,58
340773,ध्रुवकुमार शाही,Dhruva Kumar Shahi,नेपाल कम्युनिष्ट पार्टी (एकीकृत मार्क्सवादी लेनिनवादी),2598,18890,M,False,Chakra Bahadur Shahi,B.Com,त्रिभुवन विश्वविध्यालय ,Surkhet,Kushma Shahi,पूर्व प्रतिनिधि सभा सदस्य,6-सुर्खेत-1,340773,55
341749,टेक बहादुर सिंह ठकुरी,Tek Bahadur Singh Thakuri,राष्ट्रिय स्वतन्त्र पार्टी,2528,14729,M,False,Prem Singh,S.L.C,भानु मा.वि.,Surkhet,Sita Singh,,6-सुर्खेत-1,341749,54
340540,जित बहादुर राना,Jit Bahadur Rana,नेपाली कम्युनिष्ट पार्टी,2557,2828,M,False,Bhavane Rana,स्नातकोत्तर,मध्यपश्चिम विश्वविध्यालय सुर्खेत,Surkhet,Tulsari Gharti,"सुर्खेत उपत्यका नगर विकास समिति अध्यक्ष
अस्पताल विकास समिति अध्यक्ष
सहकारी संचालन समिति अध्यक्ष
राजनितिक कार्य समाजसेवा",6-सुर्खेत-1,340540,54
340059,रवि हमाल ठकुरी,Rabi Hamal Thakuri,राष्ट्रिय प्रजातन्त्र पार्टी,2604,1049,M,False,Ratna Bahadur Hamal,स्नातकोत्तर,त्रिभुवन विश्वविधालय,Surkhet,,"कार्यकारी सम्पादक- कर्णाली टाइम्स मासिक
प्रकाशक हिमालयन म्यासेज त्रेैमासिक
लौंगिक विविधता तथा सामाजिक विविधता अन्तराष्ट्रिय कोर्स
जीवन दर्शन, नालन्दा विश्वविध्यालय",6-सुर्खेत-1,340059,28
340276,विर बहादुर राना,Bir Bahadur Rana,श्रम संस्कृति पार्टी,2501,641,M,False,Dil Bahadur Rana,S.L.C. pass,आनन्द माध्यामिक विद्यालय गुमी,Surkhet,Deuki Saru Rana,"२८ वर्ष सरकारी सेवा(नेपाल प्रहरी)
प्राकृतिक विपत्तिमा गाउँघरमा राहत संकलन गरि वितरण
अपाङ्ग, एकल महिला, वृद्ध बृदालाई तातो कपडा विवरण चर्च हरुमा भेटि उठाएर",6-सुर्खेत-1,340276,55
341613,धनसिं सार्कि,Dhana Singh Sarki,"जनता समाजवादी पार्टी, नेपाल",2542,354,M,False,बिर बहादुर सार्की,८ कक्षा,सुर्य ज्योति मा.वि.,सुर्खेत भेरीगंगा नगरपालिका ,रुपकला  सार्की,विभिन्न कृषि सम्बन्धी संस्थामा आवद्ध,6-सुर्खेत-1,341613,50
339873,मोहन थापा,Mohan Thapa,राष्ट्रिय जनमोर्चा,2522,321,M,False,Moti Prasad Thapa,स्नातक,मध्य पश्चिम विश्वविधालय सुर्खेत,Surkhet,Gaumati Thapa,"राष्ट्रिय जनमोर्चाको विभिन्न तहमा काम गरेको
स्थानीय शान्ती समितिमा संयोजक भएर करिव ८ वर्ष काम गरेको
आ.मा.वि. को व्य. समितिको अध्यक्षमा ६ वर्ष काम गरेको
अन्य विभिन्न क्षेत्रमा काम गरेको
चित्र बहादुर के.सी अध्ययन प्रतिस्थानको अध्यक्ष",6-सुर्खेत-1,339873,56
342197,ठम्मरबहादुर विष्ट,Thammar Bahadur Bista,उज्यालो नेपाल पार्टी,2566,251,M,False,बेगबहादुर  विष्ट,स्नातकत्तोर,त्रिभुबन विश्वविद्यालय,सुर्खेत गुर्भाकोट नगरपालिका ठिग्नीगाउँ,माघिसरा  विष्ट,पूर्व प्रदेश सभा सदस्य भई प्रमुख सचेतक तथा  ने.क.पा. एमालेको केन्द्रिय सदस्य भई काम गरेको,6-सुर्खेत-1,342197,54
341498,रमेश सेन्चुरी,Ramesha Senchuri,आम जनता पार्टी(एकल चुनाव चिन्ह),2581,112,M,False,गंगाराम सुनार,८ कक्षा,,दाङ बबई गाउँपालिका बबरपुर, नन्दकली सुनार,,6-सुर्खेत-1,341498,52
339695,हिरु शाही,Hiru Shahi,नेपाल कम्युनिस्ट पार्टी (माओवादी),2526,108,M,False,Man Bahadur Shahi,१० कक्षा पास,,Surkhet,Bal Kumari Shahi,,6-सुर्खेत-1,339695,56
339506,गज बहादुर खपतडी मगर,Gaj Bahadur Khapatadi Magar,नेपाल मजदुर किसान पार्टी,2578,26,M,False,Lilaram Khapatadi Magar,३ कक्षा पास,,Surkhet,Sarda Devi Khaptadi Magar,,6-सुर्खेत-1,339506,54
342372,प्रकाश बुढा मगर,Prakash Budha Magar,मितेरी पार्टी नेपाल,2530,21,M,False,Sashiram Budha Magar,१० कक्षा,सस्वती मा.वि.,Surkhet,Pramila Dhimal,,6-सुर्खेत-1,342372,30
340194,रमेश कुमार सापकोटा,Ramesh Kumar Sapkota,राष्ट्रिय स्वतन्त्र पार्टी,2528,30826,M,True,Durga Prasad Sapkota,SLC,mahendra mavi dang,Surkhet,Sunita Sharma,"यातायात क्षेत्रलाई सिन्डिकेटमुक्त गराएको सुर्खेतमा
रोटरी क्लव अफ सुर्खेत मार्फत समाज सेवा योगदान गरेको
सहकारी अभियान सफल पार्न भुईमान्छे भई कार्य गरेको",6-सुर्खेत-2,340194,46
341438,नारायण कुमार कोइराला,Narayan Kumar Koirala,नेपाली काँग्रेस,2583,16392,M,False,Ganesh Kumar Koirala,स्नातकोत्तर,मध्यपश्चिम विश्वविद्यालय,Surkhet,,"रेडियो पत्रकारिता/व्यवस्थापन
सुर्खेत उपत्यका नगर विकास समितिको अध्यक्षको जिम्मेवारी
अर्बुद रोग निवारण संस्थाको केन्द्रीय उपाध्यक्ष",6-सुर्खेत-2,341438,52
339970,कुलमणि देवकोटा,Kulmani Devkota,नेपाल कम्युनिष्ट पार्टी (एकीकृत मार्क्सवादी लेनिनवादी),2598,13155,M,False,Bhaktiram Devkota,आई एल अध्ययन,बीरेन्द्रनगर बहुमुखी क्याम्पस ,Surkhet,Jharna Devkota,"साबिक जर्बुटा गा.वि.स. वडा नं १ को वडाअध्यक्ष २०५४
नेकपा एमाले जिल्ला कमिटी सदस्य, उपाध्यक्ष हुँदै हाल जिल्ला कमिटी अध्यक्ष",6-सुर्खेत-2,339970,52
339820,झक बहादुर मल्ल,Jhak Bahadur Malla,नेपाली कम्युनिष्ट पार्टी,2557,4587,M,False,Bajra Bahadur Malla,स्नातकोतर,त्रिभुवन विश्वविद्यालय,Surkhet,Manju Kumari Rokaya,"समन्वय  विज्ञ, कर्णाली प्रदेश सरकार
जेल ब्रेक पुस्तक प्रकाशन, कविता संग्रह प्रकाशन
पत्रपत्रिका तथा अनलाईनमा लेख रचना प्रकाशन
",6-सुर्खेत-2,339820,46
341751,राजेन्द्र रामजाली,Rajendra Ramjali,श्रम संस्कृति पार्टी,2501,1646,M,False,Bhakt Bahadur Ramjali,१० पास,सिता जनसहयोग मावि दैलेख,Dailekh,Sita Kumari Rajmali,"भारतीय सेना निवृत्त
समाज सेवा सहकारी अभियन्ता
",6-सुर्खेत-2,341751,50
341667,कबि राम पुरी,Kabi Ram Puri,राष्ट्रिय प्रजातन्त्र पार्टी,2604,1315,M,False,Khadga Deb Puri,आइ एल,त्रिभुवन विश्वविद्यालय सम्बन्धन प्राप्त कलेज,Surkhet,Mamata Kumari Puri,"नेपालमा हरेक भएमा निर्वाचनमा उम्मेद्वारी दिएको
हाल नेपालको विषम परिस्थिति अवस्थालाई अन्त्य गर्न उत्कृष्ट विचार राखी निरन्तर लागिरहँदा राष्ट्र फसेको अनुभव भएको",6-सुर्खेत-2,341667,56
340419,गम्भीर सिह भुल,Gambhir Singh Bhul,उज्यालो नेपाल पार्टी,2566,184,M,False,Dhan Bahadur Bhul,+2 pass,पन्चदेवल क्याम्पस बिनायक अछाम,Achham,Sunita Bhul,,6-सुर्खेत-2,340419,35
341011,तुल्छी खडका,Tulchhi Khadaka,नेपाल मजदुर किसान पार्टी,2578,158,F,False,हर्क बहादुर खडका,१० कक्षा पास,श्री देवी मावि दैलेख,दैलेख चामुण्डा बिन्द्रासैनी नगरपालिका ,कमल बहादुर खडका,राजनैतिक समाजवादी अभियान,6-सुर्खेत-2,341011,43
339700,धर्मराज देवकोटा,Dharmaraj Devkota,नेपाल कम्युनिस्ट पार्टी (माओवादी),2526,150,M,False,Loganath Devkota,+2,सुर्योदय उमावि मसिना रोल्पा,Surkhet,,"कम्प्युटर शिक्षक भएको
राजनीतिक आन्दोलनमा अग्र भूमिकामा रहेको",6-सुर्खेत-2,339700,41
340801,पूर्ण बहादुर शाही,Purna Bahadur Shahi,राष्ट्रिय जनमोर्चा,2522,130,M,False,Jagat Bahadur Shahi,‌आईएड पास,बडिमालिका उमावि रास्कोट,Kalikot,Gauri Shahi,"३५ वर्ष शिक्षक अनुभव
सामाजिक संघ संस्थाको अगुवाई
शिक्षकका पेशागत संगठनहरुको अगुवाई",6-सुर्खेत-2,340801,63
341963,प्रेम बहादुर तारामी,Prem Bahadur Tarami,नेपाल कम्युनिष्ट पार्टी (संयुक्त),2601,63,M,False,Til Bahadur Tarami,साधारण लेखपढ,,Surkhet,Man Kumari Balami Magar,,6-सुर्खेत-2,341963,56
342005,दिप बहादुर नेपाली,Deep Bahadur Nepali,"जनता समाजवादी पार्टी, नेपाल",2542,52,M,False,जहरे  दमाई,८ पास,गौरीशंकर विद्यालय चतुरे,सुर्खेत पञ्चपुरी नगरपालिका चतुरे,लछीना  नेपाली,राजनीति विश्लेषण,6-सुर्खेत-2,342005,63
341113,कृष्ण खत्री,Krishna Khatri,स्वतन्त्र,IND,38,M,False,Top Bahadur Khatri,१२ पास,उषा बाल बाटिका उमा वि,Surkhet,,नेपालको आइटी सेवामा दश वर्ष भन्दा धेरै काम गरेको अनुभव,6-सुर्खेत-2,341113,27
341517,पवन थापा मगर,Pawan Thapa Magar,गतिशील लोकतान्त्रिक पार्टी,2571,34,M,False,Spouse,स्नातक,त्रिचन्द्र बहुमुखी क्याम्पस,Surkhet,,"पटकथा लेखन 
सिनेमाटो ग्राफर /फोटोग्राफर
भिडियो सम्पादन
सामाजिक /राजनीतिक अभियान
",6-सुर्खेत-2,341517,28
340604,रमेश परियार,Ramesh Pariyar,स्वतन्त्र,IND,23,M,False,Katak Bahadur Pariyar,‌‌+2 pass,विजय मेमोरियल डिल्लीबजार काठमाडौं,Surkhet,,"विद्यार्थी नेता
विव्यस अध्यक्ष
क्लव अध्यक्ष
समाजसेवी",6-सुर्खेत-2,340604,40
342237,हृदयन्द्र  अधिकारी ,Hridayendra Adhikari,नेपाल जनसेवा पार्टी,2599,7,M,False,Shankar Bahadur Adhikari,स्नातक,त्रिभुवन विश्वविद्यालय,Surkhet,,युवाको क्षेत्रमा विभिन्न काम गरेको,6-सुर्खेत-2,342237,26
341154,उदीराम चुनारा,Udiram Chunara,स्वतन्त्र,IND,6,M,False,Bir Bahadur Chunara,कक्षा १०,सरस्वती मावि चिङ्गाड ६ पाम्का,Surkhet,,"आरन व्यवसाय
कृषि व्यवसाय
धार्मिक सेवा
समाज सेवा",6-सुर्खेत-2,341154,56
341907,सुरेश कुमार चौधरी,Suresh Kumar Chaudhary,राष्ट्रिय स्वतन्त्र पार्टी,2528,32792,M,True,Baru Lal Chaudhary,,,Banke,Devi Chaudhary,,5-बाँके-1,341907,56
340994,नारायण प्रसाद गौडेल,Narayan Prasad Goudel,नेपाली काँग्रेस,2583,15301,M,False,चन्द्र दत्त गौडेल,,,बाँके कोहलपुर नगरपालिका मदनचोक,कुमारी सिता पोखरेल,,5-बाँके-1,340994,60
339720,सुर्य प्रसाद ढकाल,Surya Prasad Dhakal,नेपाल कम्युनिष्ट पार्टी (एकीकृत मार्क्सवादी लेनिनवादी),2598,11095,M,False,Tulsi Ram Dahal,,,Banke,Tusali Dhakal,,5-बाँके-1,339720,53
340433,नरेन्द्र प्रसाद पाण्डे,Narendra Prasad Pandey,नेपाली कम्युनिष्ट पार्टी,2557,6033,M,False,रत्‍नाखर  पाण्डे,,,बाँके कोहलपुर नगरपालिका मदन चोक,ज्योती  पाण्डे,,5-बाँके-1,340433,49
340244,प्रदिप कुमार शाह,Pradipa Kumara Shah,राष्ट्रिय प्रजातन्त्र पार्टी,2604,3234,M,False,इन्द्र  शाह,,,बाँके कोहलपुर नगरपालिका किरननाला,उषा  शाह,,5-बाँके-1,340244,63
341346,कृष्णा के.सी.,Krishna Ke.si.,प्रगतिशील लोकतान्त्रिक पार्टी,2516,1240,F,False,चन्द्र बहादुर खत्री,,,बाँके राप्तीसोनारी गाउँपालिका ठकेरी उदैन,,,5-बाँके-1,341346,46
339539,भरत निधी तिवारी,Bharat Nidhi Tiwari,श्रम संस्कृति पार्टी,2501,463,M,False,Dambar Prasad Tiwari,,,Banke,,,5-बाँके-1,339539,34
341611,धन बहादुर खड्का,Dhan Bahadur Khadka,उज्यालो नेपाल पार्टी,2566,246,M,False,Rudra Bahadur Khadka,,,Banke,Har Devi Budhathoki,,5-बाँके-1,341611,43
340063,दिपक वुढाथोकी,Dipaka Vudhathoki,नेपाल कम्युनिस्ट पार्टी (माओवादी),2526,186,M,False,विर बहादुर बुढाथोकी,,,सल्यान कुमाख गाउँपालिका रुमालगाउँ,,,5-बाँके-1,340063,29
339516,तुलसी राम सापकोटा,Tulsiram Sapkota,राष्ट्रिय जनमोर्चा,2522,126,M,False,Devpati Sapkota,,,Rupandehi,Yam Kala Sapkota,,5-बाँके-1,339516,68
342543,राजेन्द्र कुमार विश्वकर्मा,Rajendra Kumar Bishwakarma,"जनता समाजवादी पार्टी, नेपाल",2542,84,M,False,सन्त राम विश्वकर्मा,,,बाँके नरैनापुर गाउँपालिका भोजपुर,लक्ष्मी  शर्मा,,5-बाँके-1,342543,45
339471,सुर्जा थापा,Surja Thapa,नेपाल मजदुर किसान पार्टी,2578,56,F,False,Ran Bahadur Rokaya,,,Dailekh,Khadga Raj Thapa,,5-बाँके-1,339471,40
341420,दिवाकर​ शर्मा,Diwakar Sharma,स्वतन्त्र,IND,39,M,False,Chandra Prasad Jaisi,,,Surkhet,,,5-बाँके-1,341420,39
339966,फेरुलाल चौधरी,Pherulala Chaudhari,मंगोल नेशनल अर्गनाइजेसन,2511,12,M,False,फकिरु  चौधरी,,,दाङ राप्ती गाउँपालिका ,सिता कुमारी चौधरी,,5-बाँके-1,339966,48
340037,मोहम्मद इश्तियाक राई,Mohammad Ishtiyak Rai,नेपाल कम्युनिष्ट पार्टी (एकीकृत मार्क्सवादी लेनिनवादी),2598,24628,M,True,मुहैयुद्दिन राई कवडिया,एम ए,लार्ड बुद्ध डिग्री कलेज भारत,बाँके नेपालगञ्ज उपमहानगरपालिका ,तरन्नुम बानो राई,"संविधान सभा सदस्य 2064, प्रतिनिधि सभा सदस्य, 2074, श्रम तथा यातायात मन्त्री 2068 सहरी विकास मन्त्री 2075, भौतिक पुर्वाधार तथा यातायात मन्त्री 2079",5-बाँके-2,340037,46
341812,विवेक कुमार श्रेष्ठ,Bivek Kumar Shrestha,राष्ट्रिय स्वतन्त्र पार्टी,2528,18682,M,False,विनोद वहादुर श्रेष्ठ,स्नातक ,त्रि.वि.,बाँके नेपालगञ्ज उपमहानगरपालिका धम्वोजी,रिचा  ताम्राकार,ब्यवसाय र सामाजिक अभियान्त,5-बाँके-2,341812,43
340606,सुधान्सु कोइराला,Sudhansu Koirala,नेपाली काँग्रेस,2583,17596,M,False,अरुण  कोइराला,एम ए,नेपाल कमर्स क्याम्पस मिन भवन,बाँके नेपालगञ्ज उपमहानगरपालिका ,दिपिका  कोइराला,"नेपाल तरुण दलको केन्द्रीय पार्षद, नेपाली काँग्रेस जिल्ला कार्य समित सदस्य र सचिव तथा वि.पि. अध्ययन प्रतिष्ठान बाँकेको अध्यक्ष ।",5-बाँके-2,340606,50
339927,ऋषि राज देवकोटा,Rishi Raj Devkota,राष्ट्रिय प्रजातन्त्र पार्टी,2604,1723,M,False,Hemraj Devkota,स्नातक तह,त्रि वि,Dang,,,5-बाँके-2,339927,48
341003,दिपेन्द्र बिष्‍ट,Dipendra Bista,नेपाली कम्युनिष्ट पार्टी,2557,1456,M,False,मन सिंह बिष्‍ट,स्नातक तह उत्तीर्ण,त्रि.वि.,बाँके नेपालगञ्ज उपमहानगरपालिका ,,"ब्यापार, रा.खे.प. सदस्य नि वर्तमान ।",5-बाँके-2,341003,37
341753,कमरुद्दीन राई,Kamaruddin Rai,"जनता समाजवादी पार्टी, नेपाल",2542,908,M,False,Gobare Kawadiya,,,Banke,Safikun Rai,,5-बाँके-2,341753,48
342638,इरफान अहमद शेख,Iraphana Ahamada Shekh,राष्ट्रिय जनमत पार्टी,2570,775,M,False,बेचन  शेष,स्नातकोत्तर ,भारत,बाँके डुडुवा गाउँपालिका हिरसिनिया,,क्षेत्र नं. 2 बाँकेमा 2079 सालको चुनावमा भाग लिएको र विभिन्न सामाजिक कार्यमा सहभागी ।,5-बाँके-2,342638,40
342691,मो. आजाद साई,Mo. Aajada Saee,जनमत पार्टी,2585,210,M,False,अब्दुल  साई,10 पास,मंगल प्रसाद मा.वि. बाँके,बाँके नेपालगञ्ज उपमहानगरपालिका किरणपुर्वा,समिरुन  साई,,5-बाँके-2,342691,34
342233,राम चरण चौधरी,Ram Charan Chaudhary,श्रम संस्कृति पार्टी,2501,136,M,False,Ram Dulare Tharu,दश कक्षा अनुर्तिर्ण,नारायण मा.वि. नेपालगंज,Banke,,,5-बाँके-2,342233,42
340357,महेन्द्र प्रकाश चन्द,Mahendra Prakash Chanda,नेपाल कम्युनिस्ट पार्टी (माओवादी),2526,122,M,False,संग्राम  चन्द,अण्डर एस एल सी,श्री बालबोध निमावी कोटवाडा सल्यान,सल्यान बागचौर नगरपालिका राहानेटा,दुर्गा  चन्द,,5-बाँके-2,340357,45
342318,सिताराम यादव,Sitaram Yadav,राष्ट्रिय एकता दल,2548,94,M,False,Udhauram Yadav,12 पास,महेन्द्र बहुमुखि क्याम्पस ,Banke,Binita Yadav,"होटल ब्यवसाय, समाज सेवा र राजनीति ।",5-बाँके-2,342318,41
341151,शैलेन्द्र कुमार कर्ण,Shailendra Kumar Karna,उज्यालो नेपाल पार्टी,2566,91,M,False,Anirudda Narayan Karna,आइ ए पास,,Sarlahi,Sita Kumari Karna,"साझेदारी सहयोगी संस्थाको अध्यक्ष, अवध कृषि सहकारी संस्थाको संस्थापक अध्यक्ष, सरकारी सेवा पेन्सनरत र उज्यालो नेपाल पार्टी बाँकेको अध्यक्ष ।",5-बाँके-2,341151,58
342410,अब्दुल उमर साई,Abdul Umar Sai,आम जनता पार्टी(एकल चुनाव चिन्ह),2581,66,M,False,Gulam Rasul Sai,10,,Bardiya,Hasratul Sai,,5-बाँके-2,342410,44
340209,जगदीश ढकाल,Jagadish Dhakal,राष्ट्रिय जनमोर्चा,2522,54,M,False,मोहन लाल ढकाल,12 उत्तीर्ण,महेन्द्र मा.वि. नेपालगंज,बाँके नेपालगञ्ज उपमहानगरपालिका शिवनगर,लक्ष्‍मी  भुसाल,"अखिल नेपाल युवक संघमा 20 वर्ष कार्य गरेको, राष्ट्रिय जनमोर्चा जिल्ला समितिमा 2052 देखि हालसम्म कार्यरत रहेको ।",5-बाँके-2,340209,54
340273,सौभाग्य जंग शाह,Saubhagya Jung Shah,स्वतन्त्र,IND,39,M,False,धर्मराज  शाह,12 उत्तीर्ण,कैमपियन कलेज काठमाण्डौ ।,बाँके नेपालगञ्ज उपमहानगरपालिका आर्दशनगर,,"ब्यापार, जापनिज भाषा डिप्लोमा कोर्ष जापान/टोकियो ।",5-बाँके-2,340273,37
339475,प्रकाश शाह,Prakash Sah,नेपाल मजदुर किसान पार्टी,2578,36,M,False,कर्ण बहादुर शाह,साक्षर,,बाँके नेपालगञ्ज उपमहानगरपालिका बाकेगाउ,कुसुम  शाह,,5-बाँके-2,339475,48
341879,माजिद अली शेष,Majid Ali Shesh,प्रगतिशील लोकतान्त्रिक पार्टी,2516,30,M,False,Bhustak Ali Shesh,,,Banke,Tarannun Bano Shesh,,5-बाँके-2,341879,53
339428,गोपाल प्रसाद गीरी,Gopal Prasad Giri,जय मातृभूमि पार्टी,2510,27,M,False,Rudra Mani Giri,एस एल सी,श्री मालिका मा.वि. गुल्मी,Gulmi,Bishnu Thapa,"ब्यापार, समाजसेवा, होटल र शिक्षक",5-बाँके-2,339428,58
340809,मनोज कुमार चौधरी,Manoj Kumar Chaudhary,स्वतन्त्र,IND,16,M,False,Lok Nath Chaudhary,9 कक्षा उत्तिर्ण,,Banke,Aarti Chaudhary,"राजनीतिक यात्रा, अधिकांश चुनावमा सक्रिय भुमिका, राजनीतिक भु सामाजिक क्षेत्रमा अहोरात्र खटिएको ।",5-बाँके-2,340809,50
342654,विपेन्द्र लामा तामाङ्ग,Bipendra Lama Tamang,स्वतन्त्र,IND,12,M,False,रत्न  तामाङ्ग,एस एल सि,गौसिया मा.वि.,बाँके नेपालगञ्ज उपमहानगरपालिका लग्दहवा,रोसनी  सिंह,,5-बाँके-2,342654,37
339589,खगेन्द्र सुनार,Khagendra Sunar,राष्ट्रिय स्वतन्त्र पार्टी,2528,29551,M,True,Kaman Singh Sunar,PCL(+2),,Dailekh,Sarita Gurung,,5-बाँके-3,339589,35
340035,सुमन मल्ल,Suman Malla,नेपाल कम्युनिष्ट पार्टी (एकीकृत मार्क्सवादी लेनिनवादी),2598,19615,M,False,Purna Bahadur Malla,SLC,SHUKRA MA BI BANKE,Banke,Karishma Malla,,5-बाँके-3,340035,42
342191,अमर सिह पुन,Amar Singh Pun,नेपाली काँग्रेस,2583,13215,M,False,Bir Bahadur Pun,,,Kathmandu,Lil Maya Pun,,5-बाँके-3,342191,56
342796,दिपक कुमार गौरी मगर,Deepak Kumar Gauri Magar,नेपाली कम्युनिष्ट पार्टी,2557,4015,M,False,रण बहादुर गौरी मगर,,,बाँके बैजनाथ गाउँपालिका जिगाउ,हेमा  गौरी मगर,,5-बाँके-3,342796,44
340869,तारक सिंह थारु,Tarak Singh Tharu,राष्ट्रिय प्रजातन्त्र पार्टी,2604,1912,M,False,Patteh Singh Tharu,BACHELOR,,Banke,Pushpa Chaudhary,,5-बाँके-3,340869,62
340261,ध्रुव राज थारु,Dhruva Raj Tharu,"नागरिक उन्मुक्ति पार्टी, नेपाल(एकल चुनाव चिन्ह)",2531,474,M,False,Laxmi Ram Tharu,,,Banke,Shushila Tharu,,5-बाँके-3,340261,39
342605,फिरोज खाँ,Phiroja Khan,जनमत पार्टी,2585,469,M,False,अब्बास  खाँ,10,,बाँके जानकी गाउँपालिका मोतीपुर,,,5-बाँके-3,342605,29
340182,ओमकार थापा मगर,Omkar Thapa Magar,श्रम संस्कृति पार्टी,2501,339,M,False,Nar Bahadur Thapa Magar,SLC,,Banke,,,5-बाँके-3,340182,41
342407,मन बहादुर सुनार,Man Bahadur Sunar,राष्ट्रिय जनमोर्चा,2522,114,M,False,Dhane Sunar,+2,,Banke,Dhan Sari Sunar,,5-बाँके-3,342407,50
339961,चन्द्र विर कामी,Chandra Bir Kami,नेपाल कम्युनिष्ट पार्टी मार्क्सवादी (पुष्पलाल),2523,106,M,False,Gagan Bahadur Kami,,,Banke,,,5-बाँके-3,339961,56
341523,बिधा शर्मा,Bidha Sharma,आम जनता पार्टी(एकल चुनाव चिन्ह),2581,95,F,False,Late Bhagauti Prasad Tamoli,BA,,Banke,Govinda Raj Sharma,,5-बाँके-3,341523,47
341369,मुबारक अली दर्जी,Mubarak Ali Darji,राष्ट्रिय जनमत पार्टी,2570,81,M,False,Savir Ali Darji,10,,Banke,,,5-बाँके-3,341369,36
342282,सुर्य लाल यादव,Surya Lal Yadav,"जनता समाजवादी पार्टी, नेपाल",2542,75,M,False,Tirath Ram Ahir,bachelor,,Banke,Mina Devi Yadav,,5-बाँके-3,342282,44
342488,तेज प्रसाद भण्डारी,Tej Prasad Bhandari,प्रगतिशील लोकतान्त्रिक पार्टी,2516,48,M,False,Kamala Kant Bhandari,+2,,Banke,Yog Maya Bhandari,,5-बाँके-3,342488,51
339336,भुमी महत्तरा,Bhumi Mahtara,नेपाल मजदुर किसान पार्टी,2578,42,F,False,विष्णु बहादुर खत्री,10 pass,Parbati Ma Bi Chupra Dailekh,बाँके खजुरा गाउँपालिका सृजना टोल, ,,5-बाँके-3,339336,40
339365,मनोज कुमार थारु,Manoj Kumar Tharu,मंगोल नेशनल अर्गनाइजेसन,2511,37,M,False,Kiru Lal Tharu,slc ,,Banke,,,5-बाँके-3,339365,37
340468,रुप कुमार चन्द,Rup Kumar Chanda,मितेरी पार्टी नेपाल,2530,17,M,False,जगत बहादुर चन्द,+2,,बाँके खजुरा गाउँपालिका ई गाउँ,,,5-बाँके-3,340468,37
342752,सूर्य प्रसाद रेग्मी,Surya Prasad Regmi,स्वतन्त्र,IND,16,M,False,Ram Prasad Regmi,SLC,,Jajarkot,Sunita Regmi,,5-बाँके-3,342752,45
342629,भगवती शाह,Bhagavati Shah,स्वतन्त्र,IND,12,F,False,चन्द्रजंङ्ग  शाह,10,,बाँके बैजनाथ गाउँपालिका बनियाभार,जय बहादुर शाह,,5-बाँके-3,342629,60
342438,भिम बहादुर सुनार,Bhim Bahadur Sunar,स्वतन्त्र,IND,11,M,False,Matiram Sunar,,,Bardiya,Padma Sunar,,5-बाँके-3,342438,45
342236,पदम बहादुर घर्ती मगर,Padam Bahadur Gharti Magar,स्वतन्त्र,IND,8,M,False,Man Bahadur Gharti Magar,,,Bardiya,,,5-बाँके-3,342236,28
342374,चेत बहादुर वली,Chet Bahadur Oli,स्वतन्त्र,IND,7,M,False,Tej Bahadur Oli,,,Bardiya,,,5-बाँके-3,342374,29
340825,ठाकुर सिंह थारु,Thakur Singh Tharu,राष्ट्रिय स्वतन्त्र पार्टी,2528,49631,M,True,Bhikhu Tharu,,,Bardiya,Jagrani Chaudhary,,5-बर्दिया-1,340825,51
339707,सालीक राम अधिकारी,Salik Ram Adhikari,नेपाल कम्युनिष्ट पार्टी (एकीकृत मार्क्सवादी लेनिनवादी),2598,14643,M,False,बुद्धि प्रसाद अधिकारी,B com,महेन्द्र बहुमुखि क्याम्पस,बर्दिया बाँसगढी नगरपालिका विजयनगर,नारायणी  वास्तोला,गाउँ विकास समिति सदस्य  नगर प्रमुख बाँसगढी न पा,5-बर्दिया-1,339707,56
342655,संजय कुमार गौतम,Sanjay Kumar Gautam,नेपाली काँग्रेस,2583,12722,M,False,Kishore Kumar Gautam,,,Bardiya,Sabitri Gautam,,5-बर्दिया-1,342655,62
340010,वीष्णु प्रसाद चौधरी,Bishnu Prasad Chaudhary,नेपाली कम्युनिष्ट पार्टी,2557,9285,M,False,केशव बहादुर थारु,स्नातक,बबई बहुमुखि क्याम्पस,बर्दिया बारबर्दिया नगरपालिका धोविया,जयन्ती  चौधरी,"संविधान सभा सदस्य २०६४
बाणिज्य तथा आपुर्ति राज्य मन्त्री
थारु आयोग अध्यक्ष
समेत",5-बर्दिया-1,340010,53
342415,अब्दुल खान,Abdul Khan,"नागरिक उन्मुक्ति पार्टी, नेपाल(एकल चुनाव चिन्ह)",2531,5724,M,False,Imam Khan,,,Bardiya,,,5-बर्दिया-1,342415,39
342057,विर बहादुर कामी,Bir Bahadur Kami,राष्ट्रिय प्रजातन्त्र पार्टी,2604,1344,M,False,Padame Kami,,,Bardiya,Sirjana Dubi Sunar,,5-बर्दिया-1,342057,48
342141,यमनाथ घिमिरे,Yamanath Ghimire,जनमत पार्टी,2585,712,M,False,अम्विका प्रसाद घिमिरे,,,बर्दिया गुलरिया नगरपालिका ,भगवती  लामिछाने,,5-बर्दिया-1,342141,46
342778,दत्ता थारु,Datta Tharu,आम जनता पार्टी(एकल चुनाव चिन्ह),2581,475,M,False,Triloki Nath Tharu,,,Bardiya,Anita Tharu,,5-बर्दिया-1,342778,47
340623,मनोज यादव,Manoj Yadav,"जनता समाजवादी पार्टी, नेपाल",2542,394,M,False,Rangi Lal Ahir,,,Bardiya,,,5-बर्दिया-1,340623,31
341860,धन बहादुर वि.क,Dhana Bahadura Vi.k,श्रम संस्कृति पार्टी,2501,336,M,False,सर बहादुर सुनार,,,बर्दिया बढैयाताल गाउँपालिका सानो डाँफे,खगीसरा  वि.क,,5-बर्दिया-1,341860,51
341701,लोक बहादुर राना मगर,Lok Bahadur Rana Magar,राष्ट्रिय जनमोर्चा,2522,259,M,False,Moti Ram Rana Magar,,,Bardiya,Gyanu Maya Rana Magar,,5-बर्दिया-1,341701,53
341597,मेघ बहादुर कामी,Megh Bahadur Kami,नेपाल मानवतावादी पार्टी,2503,254,M,False,Ammar Singh Kami,,,Bardiya,Mauti Kumari Kami,,5-बर्दिया-1,341597,52
341394,तिमोथी चौधरी,Timothy Chaudhary,नेपाल कम्युनिस्ट पार्टी (माओवादी),2526,228,M,False,जोधवा  थारु,,,बर्दिया बढैयाताल गाउँपालिका जगतिया,,,5-बर्दिया-1,341394,43
342711,श्याम प्रसाद थारु,Shyam Prasad Tharu,राष्ट्रिय परिवर्तन पार्टी,2568,146,M,False,Radha Krishna Tharu,,,Bardiya,Chiniya Tharu,,5-बर्दिया-1,342711,61
339391,इन्द्र बहादुर रावल,Indra Bahadur Rawal,नेपाल कम्युनिष्ट पार्टी (संयुक्त),2601,129,M,False,Dhan Bahadur Rawal,,,Achham,Mansara Rawal,,5-बर्दिया-1,339391,60
342249,मोहन पौडेल,Mohan Paudel,स्वतन्त्र,IND,119,M,False,Krishna Prasad Paudel,,,Bardiya,,,5-बर्दिया-1,342249,35
340522,पवित्रा शाही,Pabitra Shahi,नेपाल मजदुर किसान पार्टी,2578,61,F,False,पदम बहादुर शाही,,,बर्दिया ठाकुरबाबा नगरपालिका डुम्रेनी,धन राज शाही,,5-बर्दिया-1,340522,51
342756,घनश्याम अधिकारी,Ghanshyam Adhikari,स्वतन्त्र,IND,48,M,False,Durga Prasad Adhikari,Y,,Bardiya,Sita Sharma,,5-बर्दिया-1,342756,43
340264,चन्द्रा कुमारी राजगुरु,Chandra Kumari Rajguru,नेपाल जनमुक्ति पार्टी,2529,44,F,False,Hari Bahadur Rajguru,,,Salyan,Bal Krishna Khanal,,5-बर्दिया-1,340264,58
341251,निर्मल अधिकारी,Nirmal Adhikari,स्वतन्त्र,IND,28,M,False,Narayan Prasad Adhikari,,,Bardiya,,,5-बर्दिया-1,341251,33
342501,ज्योती योन्जन,Jyoti Yonjan,मंगोल नेशनल अर्गनाइजेसन,2511,27,F,False,Singh Raj Yonjan,Y,,Bardiya, ,,5-बर्दिया-1,342501,43
342516,श्रीधर पोख्रेल,Shridhara Pokhrel,राष्ट्रिय स्वतन्त्र पार्टी,2528,29678,M,True,लुमा कान्त पोख्रेल,,,बर्दिया ठाकुरबाबा नगरपालिका ,किरण  शर्मा,,5-बर्दिया-2,342516,53
341186,किशोर सिह राठोर,Kishor Singh Rathore,नेपाली काँग्रेस,2583,20402,M,False,Mahendra Bahadur Singh,,,Salyan,,,5-बर्दिया-2,341186,56
340015,सुरेश पन्थ,Suresh Pantha,नेपाली कम्युनिष्ट पार्टी,2557,19180,M,False,टिकाराम  पन्थ,,,बर्दिया मधुवन नगरपालिका बन्ढरभरिया,हनि  पन्थ,,5-बर्दिया-2,340015,49
339866,बिमला वि.क.,Bimala Vi.ka.,नेपाल कम्युनिष्ट पार्टी (एकीकृत मार्क्सवादी लेनिनवादी),2598,10772,F,False,मंगले  नेपाली,,,बर्दिया मधुवन नगरपालिका श्रीनगर,,,5-बर्दिया-2,339866,40
342110,धर्म वहादुर चौधरी,Dharm Bahadur Chaudhary,उज्यालो नेपाल पार्टी,2566,4472,M,False,खुशी राम थारु,,,बर्दिया राजापुर नगरपालिका बड्की भिम्मापुर,विमला  गुरुङ/नेवार,,5-बर्दिया-2,342110,39
341560,खुशीराम थारु,Khushiram Tharu,"नागरिक उन्मुक्ति पार्टी, नेपाल(एकल चुनाव चिन्ह)",2531,1255,M,False,Phulram Tharu,,,Bardiya,Burki Kumari Tharuni,,5-बर्दिया-2,341560,57
341333,सुशिल चौधरी,Sushil Chaudhary,राष्ट्रिय प्रजातन्त्र पार्टी,2604,1127,M,False,Ganga Ram Chaudhary,,,Bardiya,,,5-बर्दिया-2,341333,36
342006,मान बहादुर वैगार,Man Bahadur Baigar,श्रम संस्कृति पार्टी,2501,390,M,False,Hasta Bahadur Baiga,,,Surkhet,Lakshmi Devi Baigar,,5-बर्दिया-2,342006,74
342295,टिकाराम चौधरी,Tikaram Chaudhary,नेपाल कम्युनिस्ट पार्टी (माओवादी),2526,231,M,False,Tarka Bahadur Chaudhary,,,Bardiya,,,5-बर्दिया-2,342295,44
341952,शशि कुमार यादव,Shashi Kumar Yadav,जनमत पार्टी,2585,228,M,False,Ram Lakhan Yadav,,,Dhanusha,,,5-बर्दिया-2,341952,42
339387,निता शर्मा,Nita Sharma,नेपाल कम्युनिष्ट पार्टी (संयुक्त),2601,124,F,False,Prajapati Jaisi,,,Bardiya,,,5-बर्दिया-2,339387,34
341408,अनिरुध्या आर्य,Anirudh Arya,"जनता समाजवादी पार्टी, नेपाल",2542,91,M,False,मालिक राम वैश्‍य,,,बर्दिया राजापुर नगरपालिका बजार,दुर्गेश कुमारी वैश्य (गुप्‍ता),,5-बर्दिया-2,341408,47
339952,रतन सिं रावत,Ratana Sin Ravat,राष्ट्रिय जनमोर्चा,2522,87,M,False,नरपती  रावत,,,बर्दिया राजापुर नगरपालिका तिहुनी,धनसरा  रावन,,5-बर्दिया-2,339952,61
339482,सोम बहादुर तमाङ,Som Bahadur Tamang,मंगोल नेशनल अर्गनाइजेसन,2511,50,M,False,Bantu Tamang,,,Bardiya,Dipa Tamang,,5-बर्दिया-2,339482,54
340989,धर्म राज जैसी आचार्य,Dharm Raj Jaisi Acharya,नेपाल मजदुर किसान पार्टी,2578,43,M,False,महानन्द  जैसी आचार्य,,,बर्दिया ठाकुरबाबा नगरपालिका शिवपुर हात्तीसार,नामसरा  जैसी आचर्य,,5-बर्दिया-2,340989,51
341303,जनक राज गिरी,Janak Raj Giri,नेपाली काँग्रेस,2583,17173,M,True,Karu Giri,स्नातक,त्रिभुवन विश्वविद्यालय,Bajura,Amrit Kala Giri,,7-बाजुरा-1,341303,60
340567,लाल बहादुर थापा,Lal Bahadur Thapa,नेपाल कम्युनिष्ट पार्टी (एकीकृत मार्क्सवादी लेनिनवादी),2598,16633,M,False,Rang Thapa,स्नातक,त्रिभुवन विश्वविद्यालय,Bajura,Amrita Thapa,"कानून व्यवसायी, प्रतिनिधि सभा सदस्य 2074, जि.वि.स. सभापति, समाजसेवा",7-बाजुरा-1,340567,58
340150,हेमराज थापा,Hemraj Thapa,राष्ट्रिय स्वतन्त्र पार्टी,2528,6035,M,False,Bhim Bahadur Thapa,स्नातकोत्तर,त्रिभुव विश्वविद्यालय काठमाण्डौै,Bajura,,समाजसेवी,7-बाजुरा-1,340150,33
340953,प्रकाश वहादुर शाह,Prakash Bahadur Shah,नेपाली कम्युनिष्ट पार्टी,2557,3301,M,False,Gagan Bahadur Shah,डिप्लोमा इन्जिनियरिङ्ग,फुल्चोक इन्जिनियरिङ्ग कलेज,Bajura,,"प्रदेश सभा सदस्य, संसदीय दलको नेता, प्रदेश आन्तरिक मामिला मन्त्री",7-बाजुरा-1,340953,53
340323,केशर बहादुर शाही,Keshar Bahadur Shahi,राष्ट्रिय प्रजातन्त्र पार्टी,2604,352,M,False,Jay Bahadur Shahi,SLC,बडिमालिका मा.वि.,Banke,Jamuna Shahi,पूर्व कर्मचारी,7-बाजुरा-1,340323,73
341588,भुपेन्द्र  ल्वार ,Bhupendra Lwar,नेपाल कम्युनिस्ट पार्टी (माओवादी),2526,233,M,False,Padam Lwar,SLC ,दिल्पेश्वर मा.वि. दिपायल,Bajura,Tulsi Dhami,"स्थानीय शान्ती समिति संयोजक, वि.व्य.स.अध्यक्ष",7-बाजुरा-1,341588,39
340752,दिपक कुमार डि.सी.,Dipaka Kumara Di.si.,प्रगतिशील लोकतान्त्रिक पार्टी,2516,97,M,False,प्रकाश बहादुर धामी,स्नातकोत्तर,त्रिभुवन विश्वविद्यालय,बाजुरा खप्तड छेडेदह गाउँपालिका गुदु,टिका  रावत,वडा अध्यक्ष / गा.पा. अध्यक्ष निर्वाचन प्रतिश्पर्धा गरेको,7-बाजुरा-1,340752,40
339518,उपेन्द्र शाही,Upendra Shahi,स्वतन्त्र,IND,72,M,False,Madan Raj Shahi,स्नातक,त्रिचन्द्र क्याम्पस काठमाण्डौं,Bajura,,भ्रष्ट्रार विरुद्ध आन्दोलन,7-बाजुरा-1,339518,30
341661,भरत कुमार स्वार,Bharat Kumar Swar,नेपाली काँग्रेस,2583,10759,M,True,Chakra Bahadur Swanr,IA,त्रिभुवन विश्वविद्यालय,Achham,Lakshmi Devi Swar,"जिल्ला विकास समिति अछामको सभापति
विगत ४५ बर्ष देखि समाजिक क्षेत्रको विविध सेवाहरु",7-अछाम-1,341661,70
341030,भीम बहादुर रावल,Bhim Bahadur Rawal,नेपाली कम्युनिष्ट पार्टी,2557,10233,M,False,Moti Singh Rawal,"विद्यावारिधि, वि.एल.",त्रिभुवन विश्वविद्यालय,Achham,Sanjita Rawal,"पूर्व उपप्रधानमन्त्री, रक्षा र गृहमन्त्री
संविधानसभाको सदस्य
पूर्व केन्द्रिय उपाध्यक्ष, नेकपा(एमाले), ५० बर्षको राजनीति
परराष्ट्र नीति र शान्ति प्रक्रियाबारे काम एवं गतिविधिमा संलग्न।",7-अछाम-1,341030,70
340695,दिपक बहादुर साउंद,Dipak Bahadur Saund,नेपाल कम्युनिष्ट पार्टी (एकीकृत मार्क्सवादी लेनिनवादी),2598,7389,M,False,मान बहादुर साउद,स्नातक,त्रिभुवन विश्वविद्यालय,अछाम रामारोशन गाउँपालिका तोली/पटकानी,मिना  शाही,"राजनीति
कृषि फर्म",7-अछाम-1,340695,42
340514,ओमप्रकाश रावल,Omaprakasha Raval,राष्ट्रिय स्वतन्त्र पार्टी,2528,1739,M,False,नौले  रावल,स्नातक,जनसिखा क्याम्पस मेल्लेख अछाम,अछाम मेल्लेख गाउँपालिका ,,सामाजिक क्षेत्रमा काम गरेको,7-अछाम-1,340514,27
341564,लोकेन्द्र बहादुर शाह,Lokendra Bahadur Shahi,राष्ट्रिय प्रजातन्त्र पार्टी,2604,102,M,False,Kesh Bahadur Shahi,SLC पास,यशोदा माध्यामिक विद्यालय,Achham,Bhimsara Debi Shahi,रा प्र पा जिल्ला कार्य समिति सदस्य,7-अछाम-1,341564,39
342782,लोकेन्द्र बहादुर शाही,Lokendra Bahadur Shahi,नेपाल कम्युनिस्ट पार्टी (माओवादी),2526,75,M,False,Kesh Bahadur Shahi,12,कालिका देवी माध्यामिक विद्यालय,Achham,Bhimsara Debi Shahi,विगत लामो समयदेखि न क पा माओवादीको संगठनभित्र रही सामाजिक न्याय र स्वतन्त्रताको लागी संघर्ष गरेको।,7-अछाम-1,342782,40
342315,भिम बहादुर कुँवर,Bhim Bahadur Kunwar,स्वतन्त्र,IND,41,M,False,Chandra Kunwar,SLC,बैधनाथ माध्यामिक विद्यालय,Achham,,सामाजिक सेवा गरेको,7-अछाम-1,342315,32
340229,सुरेन्द्र शाही,Surendra Shahi,नेपाल मजदुर किसान पार्टी,2578,10,M,False,Padam Bahadur Shahi,+2,कात्यायनि माध्यामिक विद्यालय,Achham,,"सामाजिक सेवा
कृषि पेशा
मजदुरी",7-अछाम-1,340229,26
340611,यज्ञ बहादुर बोगटी,Yagya Bahadur Bogati,नेपाल कम्युनिष्ट पार्टी (एकीकृत मार्क्सवादी लेनिनवादी),2598,9518,M,True,Jahar Singh Bogati,Bachelor ,Achham Multiple Campus ,Achham,Laxmi Shah (Bogati),,7-अछाम-2,340611,50
342150,पुष्प बहादुर शाह,Pushpa Bahadur Shah,नेपाली काँग्रेस,2583,9046,M,False,Padma Dhoj Shah,B.L Pass ,Nepal Law Campus ,Achham,Netreshwari Shah,,7-अछाम-2,342150,64
342067,बल बहादुर कुंवर,Bal Bahadur Kunwar,नेपाली कम्युनिष्ट पार्टी,2557,6493,M,False,Jogi Ram Kunwar,12 pass ,Kailali Multiple Campus Kailali ,Achham,Dhauli Kunwar,,7-अछाम-2,342067,64
340307,भुप देव शाह,Bhup Dev Shah,राष्ट्रिय स्वतन्त्र पार्टी,2528,4562,M,False,Nrip Bahadur Shah,master ,kathmandu Unversity,Achham,,,7-अछाम-2,340307,30
341837,शेर बहादुर वि क,Shera Bahadura Vi K,नेपाल कम्युनिस्ट पार्टी (माओवादी),2526,558,M,False,नैने  कामी,Bachelor pass ,Mahendra multiple Campus Nepaljung ,अछाम कमलबजार नगरपालिका ,दुरा कुमारी कामी,,7-अछाम-2,341837,42
340744,मिन बहादुर शाही,Min Bahadur Shahi,राष्ट्रिय प्रजातन्त्र पार्टी,2604,167,M,False,Jora Singh Shahi,12 pass ,shidhaeswori mavi Dhamali ,Achham,Devki Shahi,,7-अछाम-2,340744,52
341537,पुष्प राज न्यौपाने,Pushpa Raj Neupane,प्रगतिशील लोकतान्त्रिक पार्टी,2516,113,M,False,Jakti Ram Upadhyaya,Bacherlor ,rr Campus ,Achham,Durga Paudyal,worked in radio  Nepal ,7-अछाम-2,341537,43
339960,झंकर बहादुर शाही,Jhankar Bahadur Shahi,नेपाल मजदुर किसान पार्टी,2578,60,M,False,Tek Bahadur Shahi,12 pass ,Binyak Campus,Achham,Suntali Shahi,,7-अछाम-2,339960,44
342534,राजेश रावल,Rajesha Raval,उज्यालो नेपाल पार्टी,2566,52,M,False,भ्वान सिंह रावल,12 pass ,Achham Multiple Campus Mangalsen ,अछाम मंगलसेन नगरपालिका ,,,7-अछाम-2,342534,28
340443,ऐन बहादुर महर,Ain Bahadur Mahar,नेपाल कम्युनिष्ट पार्टी (एकीकृत मार्क्सवादी लेनिनवादी),2598,18543,M,True,Ram Dhoj,स्नातकोत्तर,त्रिभुवन विश्वविद्यालय,Bajhang,Sanuja Mahar,"अनेरा स्ववियू केन्द्रीय कमिटी अध्यक्ष
०७९ सालको प्रतिनिधि सभा उम्मेदवार
नेकपा एमाले केन्द्रीय कमिटी सदस्य",7-बझाङ-1,340443,41
341565,प्रकाश रसाइली स्नेही,Prakash Rasaili Snehi,नेपाली काँग्रेस,2583,16304,M,False,Rudraveer Snehi,राजनिति शास्त्र एम ए,त्रिभुवन विश्वविद्यालय,Bajhang,Jhal Maya B.K. Snehi,,7-बझाङ-1,341565,50
339996,मिन बहादुर कुवँर,Mina Bahadura Kuvanr,नेपाली कम्युनिष्ट पार्टी,2557,9757,M,False,विष्णु बहादुर कुवँर,आई ए,जयपृथ्वी बहुमुखी क्याम्पस,बझाङ जयपृथ्वी नगरपालिका खेइरा,कमला  कुवँर,,7-बझाङ-1,339996,47
341236,शैलेश कुमार सिंह,Shailesh Kumar Singh,राष्ट्रिय स्वतन्त्र पार्टी,2528,9263,M,False,Ran Bahadur Singh,एम वि एस,पोखरा विश्वविद्यालय,Bajhang,,"१० वर्ष बैंकमा काम गरेको
५ वर्ष कलेजमा अध्यापन",7-बझाङ-1,341236,38
341606,भरत मल्ल,Bharat Malla,नेपाल कम्युनिस्ट पार्टी (माओवादी),2526,520,M,False,Dhan Bahadur Malla,‌+2,सत्यवादी मावि भोपुर,Bajhang,Ahilya Kumari Bamma Malla,,7-बझाङ-1,341606,41
339857,बिश्व प्रकाश जेठारा,Bishwa Prakash Jethara,राष्ट्रिय प्रजातन्त्र पार्टी,2604,405,M,False,Daman Bahadur Jethara,स्नताक,जयपृथ्वी क्याम्पस,Bajhang,Dipika Jethara,"नेपाल रेडक्रस सोसाईटी पूर्व सभापती
नेपाल बालसंगठ पूर्व सभापती
जिविस बझाङको पूर्व उपसभापती
राप्रपा नेपालको  संस्थापक सचिव तथा अध्यक्ष",7-बझाङ-1,339857,54
339801,दल वहादुर वोहरा,Dala Vahadura Vohara,नेपाल मजदुर किसान पार्टी,2578,41,M,False,मनि राम वोहरा,MA BL,त्रिभुवन विश्व विद्यालय,कञ्चनपुर भीमदत्त नगरपालिका ऐठपुर,श्रीमति ज्योती देवी वोहरा,"शिक्षण पेशा
कानून व्यवसायी
राजनिती
समाज सेवा",7-बझाङ-1,339801,55
341208,भरत बहादुर खड्का,Bharat Bahadur Khadka,नेपाली काँग्रेस,2583,14897,M,True,Dirgha Singh Khadka,स्नातक तह,डोटी बहुमुखी क्यम्पस,Doti,Ratna Devi Khadka,"डोटी जिल्ला सभापति र उपसभापतिको भुमिका निर्वाह गरिसकेको, प्रदेश सभा सांसद क्षेत्र क को भुमिका निर्वाह, सामाजिक अभियानकर्ता भई कार्य गरेको",7-डोटी-1,341208,68
340117,दीपक बहादुर धामी,Deepak Bahadur Dhami,नेपाल कम्युनिष्ट पार्टी (एकीकृत मार्क्सवादी लेनिनवादी),2598,14110,M,False,मान बहादुर धामी,स्नातक,"नेपाल स्वास्थ्य विज्ञान अध्ययन संस्थान, पिएन क्याम्पस, पोखरा",डोटी शिखर नगरपालिका ,जयन्ती  कार्की,,7-डोटी-1,340117,32
340378,नरेन्द्र बहादुर खडका,Narendra Bahadur Khadka,राष्ट्रिय स्वतन्त्र पार्टी,2528,13270,M,False,Prem Singh Khadka,आईकम पास,राम मनोहर लोहिया नाइट जुनियर कलेज मुम्बई भारत,Doti,Sarda Khadka,२०५३ देखि २०६१ सम्म अध्यापन गराएको र समाजसेवा समेत गरेको,7-डोटी-1,340378,53
339731,त्रिलोचन भट्ट,Trilochan Bhatta,नेपाली कम्युनिष्ट पार्टी,2557,5413,M,False,Prasad Bhatta,,,Doti,Durka Devi Bhatt,"२०४५ साल अखिल भारत नेपाली एकता समाज सदस्य, २०४६ साल नेपाल कम्युनिष्ट पार्टी एकता केन्द्र समेत",7-डोटी-1,339731,56
341050,खडक वहादुर अग्रवाल,Khadak Bahadur Agrawal,राष्ट्रिय प्रजातन्त्र पार्टी,2604,594,M,False,Dal Bahadur Agrawal,I ED,,Doti,,,7-डोटी-1,341050,41
339913,मणिराज भट्ट,Maniraj Bhatt,राष्ट्रिय जनमोर्चा,2522,417,M,False,नन्दलाल  भट्ट,कानूनमा स्नातक,त्रिभुवन विश्‍वविद्यालय नेपाल,डोटी के.आई.सिंह गाउँपालिका वालावन,गीता  भट्ट (रिजाल),,7-डोटी-1,339913,55
340860,प्रकास कठायत,Prakash Kathayat,नेपाल कम्युनिस्ट पार्टी (माओवादी),2526,392,M,False,Vir Bahadur Kathayat,12 पास,सरस्वती मा.वि. रानागाउ डोटी,Doti,,,7-डोटी-1,340860,29
341343,सरस्वती कुमारी पाल (मल्ल),Saraswati Kumari Pal (Malla),मितेरी पार्टी नेपाल,2530,43,F,False,Vir Bahadur Pal,स्नातक,कैलाली बहुमुख क्याम्पस,Doti,Madan Malla,,7-डोटी-1,341343,35
339535,खगेन्द्र बहादुर शाही,Khagendra Bahadur Shahi,नेपाल मजदुर किसान पार्टी,2578,32,M,False,Bhim Bahadur Shahi,स्नातक तह,सुर्खेत क्याम्पस शिक्षा,Dailekh,Tulaksha Kumari Shahi,नेपाल मजदुर किसान पार्टीको सदस्य भई जनताको सेवामा समर्पित,7-डोटी-1,339535,58
342184,कोमल ज्ञवाली,Komala Jnyavali,राष्ट्रिय स्वतन्त्र पार्टी,2528,17826,F,True,जानकी विक्रम ज्ञवाली,स्नातक ,नेपाल कमर्स क्याम्पस ,कैलाली टिकापुर नगरपालिका कस्तुरी,दिनेश  सुवेदी,,7-कैलाली-1,342184,47
341307,जनकराज चौधरी,Jankaraj Chaudhary,नेपाली काँग्रेस,2583,12867,M,False,राम प्रसाद चौधरी,स्नात्तकोत्तर,त्रिभुवन विश्वविद्यालय ,कैलाली जोशीपुर गाउँपालिका बनकट्टा,किरण  चौधरी,संविधान सभा सदस्य २०७०,7-कैलाली-1,341307,49
340249,रामलाल डगौरा थारु,Ramlal Dagaura Tharu,नेपाली कम्युनिष्ट पार्टी,2557,8392,M,False,Patilal Tharu,साक्षर ,श्री रा.मा.वि नारायणपुर बेलुवा,Kailali,Ranjana Chaudhary,वडा अध्यक्ष हुँदे नगरप्रमुख सम्मको राजनिति अनुभव ,7-कैलाली-1,340249,45
340572,द्धारिका प्रसाद न्यौपाने,Dharika Prasad Neupane,नेपाल कम्युनिष्ट पार्टी (एकीकृत मार्क्सवादी लेनिनवादी),2598,4493,M,False,शिव लाल न्यौपाने,स्नातकोत्तर,त्रिभुवन विश्वविद्यालय,कैलाली टिकापुर नगरपालिका ,जानुका  वस्याल,विभिन्न सामाजिक संघ संस्थामा नेतृत्वमा रही काम गरेको ,7-कैलाली-1,340572,47
341978,फागु राम थारु,Fagu Ram Tharu,स्वतन्त्र,IND,3388,M,False,वीर वहादुर थारु,साक्षर,,कैलाली जानकी गाउँपालिका मोतीनगर,आजा रानी थरुनी,,7-कैलाली-1,341978,56
340505,लोकेन्‍द्र कुँवर,Lokendra Kunwar,राष्ट्रिय प्रजातन्त्र पार्टी,2604,2937,M,False,Khamba Bahadur Kunwar,स्नात्तकोत्तर,त्रिभुवन विश्विवद्यालय ,Kailali,,रा.प्र.पा केन्द्रिय सदस्य,7-कैलाली-1,340505,36
339881,प्रदिप कुमार चौधरी,Pradeep Kumar Chaudhary,उज्यालो नेपाल पार्टी,2566,2357,M,False,रबी लाल चौधरी,SLC,जनता माध्यामिक विद्यालय कैलाली ,कैलाली जानकी गाउँपालिका ,ललित देवी चौधरी,,7-कैलाली-1,339881,57
342251,विमल कुमार डगौरा,Bimal Kumar Dagaura,श्रम संस्कृति पार्टी,2501,908,M,False,Sundar Prasad Dagaura,साक्षर ,,Kailali,Maya Devi Dagaura,,7-कैलाली-1,342251,40
342456,राम बहादुर विश्‍वकर्मा,Rama Bahadura Vish‍vakarma,नेपाल कम्युनिस्ट पार्टी (माओवादी),2526,315,M,False,शेर बहादुर विश्‍वकर्मा,स्नातक तह ,महेन्द्र रत्न क्याम्पस ताहाचल काठमाण्डौँ ,अछाम तुर्माखाँद गाउँपालिका तलौनी,सरन वि.क.,,7-कैलाली-1,342456,35
341838,जनक राज शाह,Janak Raj Shah,प्रगतिशील लोकतान्त्रिक पार्टी,2516,216,M,False,Dhan Bahadur Shah,बिएल एमपिए एमबिए ,त्रिभुवन विश्वविद्यालय ,Kathmandu,Sunita Shah,प्रमुख कार्यकारी अधिकृत कृर्षि विकास बैंक ,7-कैलाली-1,341838,62
341398,राजेन्द्र बहादुर शाही,Rajendra Bahadur Shahi,स्वतन्त्र,IND,140,M,False,Dil Bahadur Shahi,स्नातक तह ,महेन्द्र बहुमुखी क्याम्पस नेपालगंज ,Achham,,,7-कैलाली-1,341398,32
342585,भगत राम डगाैरा थारु,Bhagat Ram Dagaura Tharu,जनमत पार्टी,2585,113,M,False,Suli Ram Da. Tharu,सामान्य लेखपण,,Kailali,Chhoti Devi Chaudhary,,7-कैलाली-1,342585,54
342070,नरेश रावल,Naresha Raval,स्वतन्त्र,IND,93,M,False,कम्‍ब  रावल,एसएलसी ,सरस्वतीउमावि,कैलाली टिकापुर नगरपालिका ब्‍लक नं. दस,लक्ष्‍मी  रावल,,7-कैलाली-1,342070,43
341482,रुपा कुमारी चौधरी,Rupa Kumari Chaudhary,आम जनता पार्टी(एकल चुनाव चिन्ह),2581,60,F,False,Khushi Ram Dagaura,स्नातक तह ,त्रिभुवन विश्वविद्यालय ,Kailali,,,7-कैलाली-1,341482,36
339945,सुनिता भण्डारा,Sunita Bhandara,नेपाल मजदुर किसान पार्टी,2578,41,F,False,Sarvadal Bhandari,१० कक्षा,दशरथ मा.वि साडेपानी कैलाली ,Dolakha,Hikmat Bhandari,,7-कैलाली-1,339945,25
341922,तपेन्द्र शाह,Tapendra Shah,स्वतन्त्र,IND,27,M,False,Tek Bahadur Shah,स्नातक तह ,टिकापुर बहुमुखी क्यामपस कैलाली ,Kailali,,,7-कैलाली-1,341922,28
342552,अरुण ठकुल्ला,Arun Thakulla,स्वतन्त्र,IND,24,M,False,Nar Bahadur Thakulla,स्नातक तह ,टिकापुर बहुमुखुी क्याम्पस ,Kailali,,,7-कैलाली-1,342552,37
340429,सत्य नारायण भट्टराई,Satya Narayan Bhattarai,स्वतन्त्र,IND,22,M,False,जक्ती राम उपाध्याय,स्नातक तह,त्रिभुवन विश्वविद्यालय ,कैलाली टिकापुर नगरपालिका टिकापुर,,,7-कैलाली-1,340429,36
339795,के पी खनाल,Ke Pi Khanal,राष्ट्रिय स्वतन्त्र पार्टी,2528,19057,M,True,धनी प्रसाद जैशी,स्नातक,त्रिभुवन विश्वविद्यालय,कैलाली लम्कीचुहा नगरपालिका ,,,7-कैलाली-2,339795,26
340250,पति राम चौधरी,Pati Ram Chaudhary,"नागरिक उन्मुक्ति पार्टी, नेपाल(एकल चुनाव चिन्ह)",2531,11949,M,False,Kalu Dagaura Tharu,प्रविणता प्रमाणपत्र तह,,Kailali,Sabita Devi Chaudhary,,7-कैलाली-2,340250,46
340568,सुर्य बहादुर थापा,Surya Bahadur Thapa,नेपाल कम्युनिष्ट पार्टी (एकीकृत मार्क्सवादी लेनिनवादी),2598,7886,M,False,Garbhe Thapa,slc,,Kailali,Surja Devi Thapa,,7-कैलाली-2,340568,58
341235,विजय बहादुर स्वाँर,Vijay Bahadur Swar,नेपाली काँग्रेस,2583,7213,M,False,नैन बहादुर स्वाँर,BA,,कैलाली लम्कीचुहा नगरपालिका जयन्ती मार्ग,प्रमिला  स्वाँर,,7-कैलाली-2,341235,55
340275,नन्द बहादुर साउँद,Nanda Bahadur Saud,नेपाली कम्युनिष्ट पार्टी,2557,4369,M,False,हरिलाल  साँउद,प्रविणतापत्र तह,यशोदा मा वि नेटाकोट,कैलाली बर्दगोरिया गाउँपालिका ,लक्ष्मी  रिमाल,,7-कैलाली-2,340275,39
340644,भरत सिहं वि.सि.(बुढाक्षेत्री),Bharata Sihan Vi.si.(budhakshetri),राष्ट्रिय प्रजातन्त्र पार्टी,2604,744,M,False,परि मल वि.सि.,slc,,कैलाली लम्कीचुहा नगरपालिका थपालीपूर,खीम सरा वि.सि.(बुढाक्षेत्री),,7-कैलाली-2,340644,46
339963,करबीरे कडाँरा,Karbire Kadara,नेपाल मानवतावादी पार्टी,2503,429,M,False,Harrame Kadara,सामान्य लेखपढ,,Bajura,Tulsi Devi Kadara,,7-कैलाली-2,339963,57
340384,राजेश मयाल वि.क.,Rajesha Mayala Vi.ka.,स्वतन्त्र,IND,423,M,False,डवल सिंह मयाल वि.क.,प्रमाणपत्र तह,,कैलाली लम्कीचुहा नगरपालिका तिल्केनी,लाली  मयाल वि.क.,,7-कैलाली-2,340384,43
341188,दिल बहादुर साउँद,Dil Bahadur Saud,नेपाल कम्युनिस्ट पार्टी (माओवादी),2526,270,M,False,खड्के  साउँद,slc,,कैलाली लम्कीचुहा नगरपालिका पूर्व लम्की,बिष्ना  साउँद,,7-कैलाली-2,341188,49
339694,लक्ष्मी पुन मगर,Lakshmi Puna Magar,नेपाल मजदुर किसान पार्टी,2578,152,F,False,विर बहादुर चलाउने,सामान्य लेखपढ,,कैलाली लम्कीचुहा नगरपालिका तिलकपुर,कुल बहादुर पुन मगर,,7-कैलाली-2,339694,38
339572,दल बहादुर बुचामगर,Dal Bahadur Bucha Magar,नेशनल रिपब्लिक नेपाल,2504,76,M,False,सन्त बहादुर बुचामगर,सामान्य लेखपढ,,कैलाली बर्दगोरिया गाउँपालिका बौनियाबजार,हिमा । कौशिला देवी बुचामगर,,7-कैलाली-2,339572,74
339739,डम्वर बहादुर रावल,Damvara Bahadura Raval,प्रगतिशील लोकतान्त्रिक पार्टी,2516,37,M,False,धर्मराज  रावल,स्नातक तह,त्रिभुवन विश्वविद्यालय,अछाम पञ्चदेवल विनायक नगरपालिका मोरेली,,,7-कैलाली-2,339739,43
340353,दिपक रावल,Dipaka Raval,स्वतन्त्र,IND,16,M,False,केश बहादुर रावल,प्रमाणपत्र तह,राष्ट्रिय मावि मोतीपुर,कैलाली लम्कीचुहा नगरपालिका बघिनिया,दिपा देवी रावल,,7-कैलाली-2,340353,37
341305,खगेन्द्र बहादुर रावत,Khagendra Bahadur Rawat,आम जनता पार्टी(एकल चुनाव चिन्ह),2581,14,M,False,Dharma Singh Rawat,slc,,Achham,Amrita Rawat,,7-कैलाली-2,341305,52
341257,सम्झना विष्ट थापा,Samjhana Bista Thapa,मितेरी पार्टी नेपाल,2530,2,F,False,गोकर्ण बहादुर विष्ट,BA,,बाजुरा बुढीगंगा नगरपालिका ,गणेश बहादुर थापा,,7-कैलाली-2,341257,27
342441,जगत प्रसाद जोशी,Jagat Prasad Joshi,राष्ट्रिय स्वतन्त्र पार्टी,2528,20359,M,True,Laxmi Raj Joshi,MA,घोडाघोडी बहुमुखी क्याम्पस,Bajhang,Basanti Kumari Regmi,,7-कैलाली-3,342441,39
340175,विरमान चौधरी,Viramana Chaudhari,नेपाली कम्युनिष्ट पार्टी,2557,11983,M,False,मंङ्गरु  डंगौरा,साक्षर,,कैलाली कैलारी गाउँपालिका फलागपुर,सरु  थारु,कृषि कार्यमा अनुभव,7-कैलाली-3,340175,52
339891,भिम बडुवाल,Bhima Baduval,नेपाली काँग्रेस,2583,9706,M,False,माहारुप  बडुवाल,MA LLB,TU,कैलाली घोडाघोडी नगरपालिका सुखड्,भनिषा  बडुवाल,"१.राजनैतिक अनुभव ३२ वर्ष
२.विभिन्न संघ सस्थामा काम गरेको उज्यालो घोडाघोडीका अभियान्ता
",7-कैलाली-3,339891,47
340796,विक्रम चौधरी,Vikrama Chaudhari,"नागरिक उन्मुक्ति पार्टी, नेपाल(एकल चुनाव चिन्ह)",2531,6747,M,False,रामकृष्ण  डगौरा,साक्षर,,कैलाली भजनी नगरपालिका पडरीया,सोनपती  चौधरी,,7-कैलाली-3,340796,43
340513,गौरी शंकर चौधरी,Gauri Shankar Chaudhary,नेपाल कम्युनिष्ट पार्टी (एकीकृत मार्क्सवादी लेनिनवादी),2598,4752,M,False,Asharam Chaudhary,माध्यामिक तह,दिपेन्द्र माध्यामिक विद्यालय,Kailali,Grishma Chaudhary,"1.कृषि
2.समाज सेवा
3.राजनितिक क्षेत्र",7-कैलाली-3,340513,44
340642,बिरेन्द्र बहादुर बम,Birendra Bahadur Bam,राष्ट्रिय प्रजातन्त्र पार्टी,2604,2347,M,False,Hikmat Bahadur Bam,B.A,त्रिचन्द्र कलेज,Kailali,Asim Bam,,7-कैलाली-3,340642,54
341424,अर्जुन प्रसाद कठरिया,Arjun Prasad Kathariya,नेपाल कम्युनिस्ट पार्टी (माओवादी),2526,256,M,False,Siya Ram Kathariya,"भेटनरी,जेटिए",पहलमानसिंह मेमोरियल प्राविधिक,Kailali,Pramila Devi Kathariya,,7-कैलाली-3,341424,48
340045,देश राज चौधरी,Desh Raj Chaudhary,राष्ट्रिय जनमोर्चा,2522,133,M,False,Khushi Ram Chaudhary,स्नातक तह,घोडाघोडी बहुमुखी क्याम्पस,Kailali,Chandra Chaudhary,,7-कैलाली-3,340045,39
341798,लक्षी राम चौधरी,Lakshi Ram Chaudhary,प्रगतिशील लोकतान्त्रिक पार्टी,2516,102,M,False,धुरकु  डगौरा,+2,"मोहन्याल मा.वि.,भजनी",कैलाली भजनी नगरपालिका ,फुलरानी  चौधरी,समाजसेवी,7-कैलाली-3,341798,39
341157,जुनु महतारा शाही,Junu Mahtara Shahi,नेपाल मजदुर किसान पार्टी,2578,35,F,False,जसि राम महतारा,+2,राष्ट्रिय परिक्षा बोर्ड,कैलाली लम्कीचुहा नगरपालिका लम्की,प्रकाश बहादुर शाही,,7-कैलाली-3,341157,30
339679,शुसिला थापा (मगर),Sushila Thapa (Magar),मितेरी पार्टी नेपाल,2530,23,F,False,Dal Bahadur Thapa,,,Kailali,Mohan Kumar Magar,,7-कैलाली-3,339679,49
342757,खेम राज कोईराला,Khem Raj Koirala,राष्ट्रिय स्वतन्त्र पार्टी,2528,28556,M,True,Maha Nand Koirala,स्नातकोत्तर,,Kailali,Tika Koirala,,7-कैलाली-4,342757,48
341859,गोरख बहादुर विष्ट,Gorakh Bahadur Bista,नेपाली काँग्रेस,2583,11301,M,False,दान बहादुर विष्ट,स्नातक,TU,डोटी जोरायल गाउँपालिका धुपारी,संगिता  विष्ट,,7-कैलाली-4,341859,53
340533,लेख राज भट्ट,Lekh Raj Bhatta,नेपाल कम्युनिष्ट पार्टी (एकीकृत मार्क्सवादी लेनिनवादी),2598,9444,M,False,Dashrath Bhatta,स्नातक,,Kathmandu,Nirmala Devi Bhatt,,7-कैलाली-4,340533,66
340226,हरि राम चौधरी,Hari Ram Chaudhary,नेपाली कम्युनिष्ट पार्टी,2557,5609,M,False,Asha Ram Chaudhary,प्रमाण पत्र तह,कैलाली बहुमुखी क्याम्पस,Kailali,Pratigya Chaudhary,,7-कैलाली-4,340226,47
340040,कमल रजवार,Kamala Rajavar,राष्ट्रिय प्रजातन्त्र पार्टी,2604,1358,M,False,नर बहादुर रजवार,स्नातकोत्तर,अस्कल क्याम्पस,कैलाली चुरे गाउँपालिका ,,,7-कैलाली-4,340040,31
341043,धन बहादुर सुनार,Dhan Bahadur Sunar,"नागरिक उन्मुक्ति पार्टी, नेपाल(एकल चुनाव चिन्ह)",2531,675,M,False,Til Bahadur Sunar,स्नातक,TU,Kailali,Mina B.K.,,7-कैलाली-4,341043,40
342563,भिम बहादुर थापा मगर,Bhim Bahadur Thapa Magar,श्रम संस्कृति पार्टी,2501,379,M,False,Sher Bahadur Thapamagar,सामान्य,,Kailali,Dima/Dhani Devi Thapamagar,,7-कैलाली-4,342563,50
339344,छत्र बहादुर भट्ट खत्री,Chhatra Bahadur Bhatt Khatri,स्वतन्त्र,IND,241,M,False,पद्म बहादुर भट्ट (खत्री),FY Bcom,DAV College,कैलाली गोदावरी नगरपालिका मालाखेती,पदमा  भट्ट (खत्री),,7-कैलाली-4,339344,53
340848,भक्त वहादुर शाही,Bhakt Bahadur Shahi,नेपाल कम्युनिस्ट पार्टी (माओवादी),2526,172,M,False,जंग बहादुर शाही,SLC,,बाजुरा जगन्नाथ गाउँपालिका बस्केना, ,,7-कैलाली-4,340848,42
341412,सुभास कुवर,Subhasa Kuvar,उज्यालो नेपाल पार्टी,2566,157,M,False,उजिर सिह कुवर,Bachelor,कैलाली बहुमुखी क्याम्पस,कैलाली गौरीगंगा नगरपालिका बनबेहडा,राज्य लक्ष्मि कुवर,,7-कैलाली-4,341412,38
341643,यज्ञ बहादुर टमोटा,Yagya Bahadur Tamota,नेपाल मानवतावादी पार्टी,2503,141,M,False,Ram Bahadur Tamata,८ पास,,Kailali,Shanti Devi Tamota,,7-कैलाली-4,341643,46
339919,हेम राज भट्ट,Hem Raj Bhatta,राष्ट्रिय जनमोर्चा,2522,121,M,False,Hari Prasad Bhatta,स्नातक,T.U.,Dadeldhura,,,7-कैलाली-4,339919,34
340094,गोपीलाल चौधरी,Gopilal Chaudhary,नेशनल रिपब्लिक नेपाल,2504,48,M,False,Mainya Dagaura,साक्षर,,Kailali,,,7-कैलाली-4,340094,38
339434,अमृता भुल,Amrita Bhul,नेपाल मजदुर किसान पार्टी,2578,40,F,False,Kallane Bhul,साक्षर,,Kailali,Bal Bhul,,7-कैलाली-4,339434,36
339314,मोहन देव मिश्र,Mohan Dev Mishra,नेपाल कम्युनिष्ट पार्टी (संयुक्त),2601,30,M,False,Nand Lal Mishra,M.A.,Kumau University,Darchula,Dipa Bhandari,,7-कैलाली-4,339314,44
339364,दिनेश कुमार मल्ल,Dinesh Kumar Malla,मितेरी पार्टी नेपाल,2530,11,M,False,Sobhan Singh Malla,एस.एल.सी.,Durgalaxmi Ma.Vi.,Kailali,Maya Malla,,7-कैलाली-4,339364,44
339984,आनन्‍द बहादुर चन्‍द,Ananda Bahadur Chanda,राष्ट्रिय स्वतन्त्र पार्टी,2528,31953,M,True,दान सिंह चन्‍द,विद्यावारीधी,त्रिभुवन बिश्व विद्यालय,बैतडी मेलौली नगरपालिका खलिगाड,स्‍नेहा  बम चन्‍द,,7-कैलाली-5,339984,50
340383,नर नारायण शाह,Nar Narayan Shah,नेपाली काँग्रेस,2583,11958,M,False,Mohan Bahadur Shah,स्‍नातक,लखनउ बिश्वविद्यालय भारत,Kailali,Smriti Shah,,7-कैलाली-5,340383,58
340246,प्रेम वहादुर आले,Prem Bahadur Ale,नेपाली कम्युनिष्ट पार्टी,2557,7876,M,False,Tek Bahadur Ale,प्रविणता प्रमाणपत्र तह,,Dadeldhura,Khagi Devi Ale,,7-कैलाली-5,340246,54
341203,यज्ञ राज ढुंगाना उपाध्याय,Yagya Raj Dhungana Upadhyaya,नेपाल कम्युनिष्ट पार्टी (एकीकृत मार्क्सवादी लेनिनवादी),2598,5839,M,False,Radha Krishna Dhungana,स्‍नातक,कैलाली बहुमुखी क्याम्पस कैलाली,Kailali,Mina Kumari Ojha,,7-कैलाली-5,341203,46
339301,प्यारे लाल राना,Pyare Lal Rana,स्वतन्त्र,IND,1755,M,False,Mandi Rana,IA,UP Board India,Kailali,Sahiba Devi Rana,"2049 सालमा उर्मा गा.वि.स.को निर्वाचित अध्यक्ष
2070 सालको संविधान सभामा समानुपातिक संविधान सभा सदस्य",7-कैलाली-5,339301,61
340800,रोशन शाही,Roshan Shahi,राष्ट्रिय प्रजातन्त्र पार्टी,2604,1592,M,False,Govind Shahi,+2 प्रमाणपत्र तह,कैलाली बहुमुखी क्याम्पस,Kailali,,"सामाजिक कार्य
व्यवसायीक अनुभव
",7-कैलाली-5,340800,32
340168,जगन्नाथ चौधरी,Jagannath Chaudhary,"नागरिक उन्मुक्ति पार्टी, नेपाल(एकल चुनाव चिन्ह)",2531,406,M,False,Madhu Ram Tharu,B Com,,Kailali,Chandra Rani Chaudhary,,7-कैलाली-5,340168,59
341775,बबरजंग बहादुर सिंह,Babarjang Bahadur Singh,नेपाल कम्युनिस्ट पार्टी (माओवादी),2526,212,M,False,Karna Bahadur Singh,स्‍नातक,कैलाली बहुमुखी क्याम्पस कैलाली,Bajhang,,फुलबारी बहुमुखि क्याम्पसको संचालक समिति सदस्य,7-कैलाली-5,341775,35
342259,धन वहादुर चौधरी,Dhan Bahadur Chaudhary,जनमत पार्टी,2585,192,M,False,Rup Lal Chaudhary,प्रविणता प्रमाणपत्र तह,धनगढी मा.वि. धनगढी,Kailali,Ganga Khati (Chaudhary),,7-कैलाली-5,342259,46
340688,शोभामणी जोशी,Shobhamani Joshi,राष्ट्रिय जनमोर्चा,2522,167,F,False,Balram Joshi,BA,TU,Kailali,Vishnu Datta Bhatt,"सिनिय अ.न.मि
सामाजिक सेवा",7-कैलाली-5,340688,68
342165,चन्द्र साउँद,Chandra Saud,उज्यालो नेपाल पार्टी,2566,135,M,False,गगने  साउँद,BA,TU,कैलाली धनगढी उपमहानगरपालिका झलारी,सुरेखा  कार्की,"समाजसेवा
उपभोक्ता अधिका
सिप मुलक तालिम",7-कैलाली-5,342165,49
340927,इश्वरी विष्ट,Ishvari Visht,स्वतन्त्र,IND,21,M,False,कमल सिंह विष्ट,SLC,दिल्पेश्वर मा.वि. दिपायल,कैलाली धनगढी उपमहानगरपालिका राजपुर,किसना देवी विष्ट,"राजनितीक 
पत्रकारीताको अनुभव
कार्यपालिकाको अनुभव",7-कैलाली-5,340927,41
341155,तृषण पुनमगर,Trishan Pun Magar,नेपाल मजदुर किसान पार्टी,2578,20,F,False,Dev Bahadur Pun Magar,स्‍नातक,,Kailali,,,7-कैलाली-5,341155,28
340129,देव सिंह बिष्ट,Dev Singh Bista,आम जनता पार्टी(एकल चुनाव चिन्ह),2581,18,M,False,अजय सिंह बिष्ट,SLC,,कैलाली धनगढी उपमहानगरपालिका ,,,7-कैलाली-5,340129,49
339564,राधिका कुमारी कार्की,Radhika Kumari Karki,मितेरी पार्टी नेपाल,2530,3,F,False,Chandra Bahadur Karki,१० कक्षा,फुबारी मा.वि. फुलबारी कैलाली,Kailali,Nirmal Kumar Magar,,7-कैलाली-5,339564,44
340502,गणेश सिंह ठगुन्ना,Ganesh Singh Thagunna,नेपाल कम्युनिष्ट पार्टी (एकीकृत मार्क्सवादी लेनिनवादी),2598,18891,M,True,Prem Singh Thagunna,,,Darchula,Devki Devi Thagunna,,7-दार्चुला-1,340502,57
341414,धर्मानन्द जोशी,Dharmanand Joshi,नेपाली काँग्रेस,2583,15836,M,False,विष्णुदत्त  जोशी,,,काठमाडौं टोखा नगरपालिका ,सरुन  राजभण्डारी,,7-दार्चुला-1,341414,50
339773,राजेश सिंह सामन्त (साउद),Rajesh Singh Samant (Saud),राष्ट्रिय स्वतन्त्र पार्टी,2528,8936,M,False,चन्द्र सिंह सामन्त (साउद),,,दार्चुला महाकाली नगरपालिका थाप्ला (काटै),कलावती  चैसिर (सामन्त),,7-दार्चुला-1,339773,52
339588,लक्ष्मण दत्त जोशी,Lakshman Datt Joshi,नेपाली कम्युनिष्ट पार्टी,2557,3065,M,False,गोपाल दत्त जोशी,,,दार्चुला महाकाली नगरपालिका किम्तडी,निर्मला  वडाल (जोशी),,7-दार्चुला-1,339588,50
341285,राजेश चन्द,Rajesh Chand,राष्ट्रिय प्रजातन्त्र पार्टी,2604,666,M,False,Nar Bahadur Chand,,,Dolpa,Abhilasha Rajeshwari Thapa,,7-दार्चुला-1,341285,59
341634,नव राज भट्ट,Nawa Raj Bhatt,नेपाल कम्युनिस्ट पार्टी (माओवादी),2526,298,M,False,नरेन्द्र दत्त भट्ट,,,दार्चुला मार्मा गाउँपालिका मटेला,,,7-दार्चुला-1,341634,32
339523,विर्ख राज पन्त,Birkh Raj Panta,राष्ट्रिय जनमोर्चा,2522,86,M,False,प्रमानन्द  पन्त,,,दार्चुला शैल्यशिखर नगरपालिका अम्तोली,,,7-दार्चुला-1,339523,57
341016,विद्या देव जोशी,Bidya Dev Joshi,नेपाल कम्युनिष्ट पार्टी (संयुक्त),2601,41,M,False,चन्द्र देव जोशी,,,कैलाली धनगढी उपमहानगरपालिका सूर्य विक्रम ज्ञवाली मार्ग,हेमा  जोशी,,7-दार्चुला-1,341016,52
340868,प्रेम सिह बडाल,Prem Singh Badal,आम जनता पार्टी(एकल चुनाव चिन्ह),2581,34,M,False,Ram Singh Badal,,,Darchula,Kalawati Badal,,7-दार्चुला-1,340868,64
340385,गगन ठगुन्ना,Gagan Thagunna,संघीय लोकतान्त्रिक राष्ट्रिय मञ्च,2550,19,M,False,Hare Thagunna,,,Darchula,Aita Thagunna,,7-दार्चुला-1,340385,56
339392,रमेश कुमार रावल,Ramesh Kumar Rawal,नेपाल मजदुर किसान पार्टी,2578,18,M,False,Guman Singh Rawal,,,Kailali,Ratna Devi Rawal,,7-दार्चुला-1,339392,48
340516,हरि मोहन भण्डारी,Hari Mohan Bhandari,राष्ट्रिय स्वतन्त्र पार्टी,2528,22134,M,True,Laxman Singh Bhandari,,,Baitadi,Narvada Thapa (Bhandari),,7-बैतडी-1,340516,59
339985,चतुर बहादुर चन्द,Chatur Bahadur Chanda,नेपाली काँग्रेस,2583,18194,M,False,देव बहादुर चन्द,,,बैतडी दशरथचन्द नगरपालिका बस्कोट,अन्जु  चन्द,,7-बैतडी-1,339985,54
339601,दामोदर भण्डारी,Damodar Bhandari,नेपाल कम्युनिष्ट पार्टी (एकीकृत मार्क्सवादी लेनिनवादी),2598,17091,M,False,Uday Singh Bhandari,,,Baitadi,Kabita Bhandari,,7-बैतडी-1,339601,52
340415,प्रमानन्द भट्ट,Pramanand Bhatta,नेपाली कम्युनिष्ट पार्टी,2557,6965,M,False,रतनदेव  भट्ट,,,बैतडी सुर्नया गाउँपालिका मेलडुङग्रा,निर्मला  भट्ट,,7-बैतडी-1,340415,60
339508,भुपेन बाहादुर चन्द,Bhupen Bahadur Chanda,राष्ट्रिय प्रजातन्त्र पार्टी,2604,2681,M,False,लोकेन्द्र बहादुर चन्द,,,बैतडी सुर्नया गाउँपालिका कुरुकुटिया, ,,7-बैतडी-1,339508,46
339786,राम बहादुर कुँवर,Ram Bahadur Kunwar,नेपाल कम्युनिस्ट पार्टी (माओवादी),2526,299,M,False,Daulat Singh Kunwar,,,Baitadi,Parvati Kunwar,,7-बैतडी-1,339786,41
341686,आन सिंह भण्डारी,Aan Singh Bhandari,"जनता समाजवादी पार्टी, नेपाल",2542,94,M,False,Chandra Singh Bhandari,,,Baitadi,Radha Bhandari,,7-बैतडी-1,341686,58
339526,नवराज कोइराला,Navaraj Koirala,नेपाल मजदुर किसान पार्टी,2578,94,M,False,Jayarup Koirala,,,Kalikot,Gori Kala Devi Koirala,,7-बैतडी-1,339526,60
340291,विसन सिंह वोहरा,Visan Singh Bohara,आम जनता पार्टी(एकल चुनाव चिन्ह),2581,82,M,False,विरा  वोहरा,,,बैतडी पुर्चौडी नगरपालिका न्‍वाला,वाटुली  वोहरा,,7-बैतडी-1,340291,40
339667,गजेन्द्र् राज पाण्डेय,Gajendra Raj Pandey,श्रम संस्कृति पार्टी,2501,78,M,False,Jaidev Pandey,,,Kanchanpur,Pushpa Pandey,,7-बैतडी-1,339667,49
340056,जय प्रकाश पन्त,Jay Prakash Panta,स्वतन्त्र,IND,18,M,False,Keshav Raj Pant,,,Baitadi,Rajendri Pant,,7-बैतडी-1,340056,59
340545,तारा प्रसाद जोशी,Tara Prasad Joshi,राष्ट्रिय स्वतन्त्र पार्टी,2528,19131,M,True,Bhavani Dutt Joshi,विद्यावारिधि (PHD),जवाहरलाल नेहरु विश्वविद्यालय (JNU),Dadeldhura,Kumari Shanti Pant/Joshi,"राजनीतिक तथा सामाजिक आन्दोलनमा सक्रिय सहभागिता
संगठन निर्माण, नेतृत्व विकास र जनआधार विस्तारको अनुभव
स्थानीय मुद्दा पहिचान, नीति बहस र समाधान प्रक्रियामा संलग्नता
जनसम्पर्क, अभियान संचालन तथा संगठन व्यवस्थापनको अनुभव
",7-डडेलधुरा-1,340545,54
341455,नैन सिंह महर,Nain Singh Mahar,नेपाली काँग्रेस,2583,12121,M,False,Tula Mahar,स्नातकोत्तर,त्रिभुवन विश्व विद्यालय,Dadeldhura,Sita Kumari Mahar (Saud),"नेपाली काँग्रेस केन्द्रिय सदस्य
नेपाल विद्यार्थी संघ केन्द्रिय अध्यक्ष
स्कूल अफ डेमोक्रेसी अध्यक्ष
नेपाल पत्रकार महासंघ, डडेल्धुराको संस्थापक अध्यक्ष
",7-डडेलधुरा-1,341455,51
340669,मान सिह माल,Mana Siha Mal,नेपाली कम्युनिष्ट पार्टी,2557,6834,M,False,दामोदर  माल,S.L.C.,भागेश्वर मा.वि. कटाल,डडेलधुरा परशुराम नगरपालिका कटाल,गिता देवी माल,,7-डडेलधुरा-1,340669,44
341022,चक्र प्रसाद स्नेही,Chakra Prasad Snehi,नेपाल कम्युनिष्ट पार्टी (एकीकृत मार्क्सवादी लेनिनवादी),2598,2926,M,False,Bijuli Snehi,एस.एल.सि.,"सत्यवादी मा.वि. भोपुर, बझाङ्ग",Bajhang,Parvati Devi Snehi,राष्ट्रिय सभा सदस्य,7-डडेलधुरा-1,341022,52
340616,गोविन्द खडायत,Govinda Khadayat,राष्ट्रिय प्रजातन्त्र पार्टी,2604,882,M,False,तप्त बहादुर खडायत,MSC yoga and science.,"त्रिभुवन विश्व विद्यालय,अन्ना मल्ला विश्वविद्यालय, भारत",डडेलधुरा अमरगढी नगरपालिका सोलपरी,रक्षा  खडायत(खत्री),"२०७९ को प्रतिनिधि सभा उम्मेदवार
योग प्रशिक्षक
व्यवसायी
",7-डडेलधुरा-1,340616,45
341796,गोरख बहादुर ऐर,Gorakh Bahadur Air,स्वतन्त्र,IND,453,M,False,Ishwar Bahadur Air,स्नातक ,त्रिभुवन विश्व विद्यालय,Dadeldhura,-  -,सामाजिक कार्यमा सक्रियता,7-डडेलधुरा-1,341796,28
341748,महेन्द्र पुन मगर,Mahendra Pun Magar,श्रम संस्कृति पार्टी,2501,260,M,False,Prem Bahadur Pun Magar,स्नातकोत्तर,त्रिभुवन विश्व विद्यालय,Dadeldhura,-  -,"मूर्तिकार्
खेलाडी
योग ध्यान
साहित्य",7-डडेलधुरा-1,341748,28
341662,लक्ष्मी दत्त भट्ट,Laxmi Datt Bhatta,जय मातृभूमि पार्टी,2510,117,M,False,छवि राज भट्ट,स्नातकोत्तर,नेपाल कमर्स क्याम्पस मिनभवन,डडेलधुरा नवदुर्गा गाउँपालिका रन्तपला,,"१० वर्ष नेपाली विद्यार्थी संघको नेतृत्व
२५ वर्षदेखि राजनीतिमा सक्रिय
सामाजिक, सांस्कृतिक, धार्मिक, देशको विभिन्न भुगोल अवलोकन
समाजसेवा, कृषि, पर्यटन, व्यापार नोकरी उद्यमशिलता",7-डडेलधुरा-1,341662,39
339347,तिर्थ राज उप्रेती,Tirth Raj Upreti,स्वतन्त्र,IND,107,M,False,चन्द्र देव उप्रेती,आइ.ए.,"यु.पि. बोर्ड, भारत",डडेलधुरा अमरगढी नगरपालिका तुफानडाडाँ,सरु देवी उप्रेती,"सरकारी (निजामति) सेवामा २५ वर्ष लेखा अधिकृत
रजिष्टर्ड लेखा परीक्षक",7-डडेलधुरा-1,339347,71
339861,चन्द्र देव वि‍.क.,Chandra Deva Vi‍.ka.,राष्ट्रिय जनमोर्चा,2522,106,M,False,माने राम वि‍.क.,८ कक्षा पास,"श्री शिद्धेश्वर नि.मा.वि.,बैतडी",डडेलधुरा परशुराम नगरपालिका परिगाउँ,पार्वती देवी वि‍.क.,"भारतबाट १९८२ देखि पार्टी प्रवेश गरी सकृय रहेको
राजनैतिक क्षेत्रमा करिब ४२ वर्षको अनुभव
स्थानीय सामाजिक क्षेत्रमा सकृय सहभागी
समाज सेवामा सक्रियता",7-डडेलधुरा-1,339861,63
340186,सुरेन्‍द्र राज भट्ट,Surendra Raj Bhatta,नेपाल मजदुर किसान पार्टी,2578,70,M,False,Dev Raj Bhatt,प्रविणता प्रमाणपत्र तह,नेपाल ल क्याम्पस,Kanchanpur,Shanti Kumari Joshi,"कानून व्यवसायी
समाजसेवी",7-डडेलधुरा-1,340186,52
341182,सुरेन्द्र रावल,Surendra Rawal,स्वतन्त्र,IND,33,M,False,Karna Singh Rawal,स्नातक,त्रिभुवन विश्व विद्यालय,Dadeldhura,,विद्यार्थी आन्दोलन,7-डडेलधुरा-1,341182,35
339413,खडक बहादुर ठकुराठी,Khadak Bahadur Thakurathi,आम जनता पार्टी(एकल चुनाव चिन्ह),2581,27,M,False,Dhan Singh Thakuraathi,साक्षर,,Dadeldhura,Kalpana Thakurathi,मेकानिकल,7-डडेलधुरा-1,339413,46
339943,जनक सिंह धामी,Janak Singh Dhami,राष्ट्रिय स्वतन्त्र पार्टी,2528,24332,M,True,Laxman Singh Dhami,,,Darchula,Khageshwari Dhami,,7-कञ्चनपुर-1,339943,55
340979,बीना मगर,Bina Magar,नेपाली कम्युनिष्ट पार्टी,2557,11110,F,False,Chandra Bahadur Rajan Magar,,,Kanchanpur,,,7-कञ्चनपुर-1,340979,42
341563,गोपी प्रसाद उपाध्याय,Gopi Prasad Upadhyaya,नेपाली काँग्रेस,2583,8467,M,False,Prem Pati Upadhyaya,,,Kanchanpur,,,7-कञ्चनपुर-1,341563,46
340717,तारा लामा तामाङ,Tara Lama Tamang,नेपाल कम्युनिष्ट पार्टी (एकीकृत मार्क्सवादी लेनिनवादी),2598,8088,M,False,Mem Bahadur Tamang,,,Kanchanpur,Phul Maya Tamang,,7-कञ्चनपुर-1,340717,52
340465,दिल्ली वहादुर शाही,Dilli Bahadur Shahi,राष्ट्रिय प्रजातन्त्र पार्टी,2604,1560,M,False,Mohan Bahadur Shahi,,,Kanchanpur,Bhim Shahi,,7-कञ्चनपुर-1,340465,64
340546,कृष्ण बहादुर चौधरी,Krishna Bahadur Chaudhary,"नागरिक उन्मुक्ति पार्टी, नेपाल(एकल चुनाव चिन्ह)",2531,967,M,False,Bechan Chaudhary,,,Kailali,Mangali Devi Chaudhary,,7-कञ्चनपुर-1,340546,40
340202,माइकल तामाङ,Maikala Tamang,उज्यालो नेपाल पार्टी,2566,759,M,False,राजु  तामाङ,,,कञ्चनपुर पुनर्वास नगरपालिका अरनिकोवस्ती,,,7-कञ्चनपुर-1,340202,32
341692,रुपा देवी बिष्‍ट,Rupa Devi Bista,स्वतन्त्र,IND,608,F,False,धन सिंह खत्री,,,कञ्चनपुर बेलौरी नगरपालिका मटैया,धन बहादुर बिष्‍ट,,7-कञ्चनपुर-1,341692,51
340103,राजा राम डगौरा चौधरी,Raja Ram Dagaura Chaudhary,राष्ट्रिय जनमोर्चा,2522,397,M,False,Ram Prasad Chaudhary,,,Kanchanpur,Parvati Chaudhary,,7-कञ्चनपुर-1,340103,49
341181,पुरन राना  थारु,Puran Rana Tharu,नेपाल कम्युनिस्ट पार्टी (माओवादी),2526,248,M,False,Kali Charan Rana Tharu,,,Kathmandu,Hira Kumari Rana,,7-कञ्चनपुर-1,341181,43
340278,यादव सिंह,Yadav Singh,स्वतन्त्र,IND,168,M,False,Gopal Singh,,,Kanchanpur,,,7-कञ्चनपुर-1,340278,27
341006,सिता वि.क.,Sita Vi.ka.,आम जनता पार्टी(एकल चुनाव चिन्ह),2581,87,F,False,हस्त वहादुर कामी,,,कञ्चनपुर पुनर्वास नगरपालिका ङ गाउ,सुरेन्द्र  वि.क.,,7-कञ्चनपुर-1,341006,36
340595,अनिल राना,Anil Rana,स्वतन्त्र,IND,76,M,False,Ajab Singh Rana,,,Kanchanpur,,,7-कञ्चनपुर-1,340595,27
339727,हुम बहादुर गुरुङ्ग,Hum Bahadur Gurung,मंगोल नेशनल अर्गनाइजेसन,2511,46,M,False,Jaman Bahadur Gurung,,,Rupandehi,Harimaya Gurung,,7-कञ्चनपुर-1,339727,43
339859,देपेन्द्र वहादुर शाही,Dependra Bahadur Shahi,प्रगतिशील लोकतान्त्रिक पार्टी,2516,36,M,False,Mahanvir Bahadur Shahi,,,Kalikot,Kaushila Devi Shahi,,7-कञ्चनपुर-1,339859,44
341400,दानियल वि.क़.,Daniyala Vi.क़.,संयुक्त नागरिक पार्टी,2521,36,M,False,धनी  कामी,,,कैलाली गोदावरी नगरपालिका ,,,7-कञ्चनपुर-1,341400,27
339308,कटक बहादुर शाही,Katak Bahadur Shahi,नेपाल मजदुर किसान पार्टी,2578,34,M,False,Jang Bahadur Shahi,,,Kanchanpur,Nainsara Shahi,,7-कञ्चनपुर-1,339308,65
341931,मन्जु देवी सुनार,Manju Devi Sunar,स्वतन्त्र,IND,20,F,False,Purna Bahadur Sunar,,,Kanchanpur,Vikram Sunar,,7-कञ्चनपुर-1,341931,42
341833,सिया राम राना,Siyaram Rana,मितेरी पार्टी नेपाल,2530,12,M,False,Narayan Rana,,,Kanchanpur,Sangita Rana,,7-कञ्चनपुर-1,341833,27
340896,दिपक राज बोहरा,Deepak Raj Bohara,राष्ट्रिय स्वतन्त्र पार्टी,2528,33952,M,True,गोविन्द राज बोहरा,एस एल सी,घटाल मा.वि ,डडेलधुरा अमरगढी नगरपालिका चु्म्साल,रमा  बोहरा,"विस वर्ष पत्रकारिता, नेपाल वान टेलिभिजन नया दिल्ली, न्युज ट्वान्टी टेलिभिजन ११ वर्ष र ग्यालक्सी दुई वर्ष , नेपाल टेलिभिजन तिन वर्ष ",7-कञ्चनपुर-2,340896,38
341026,नारायण प्रकाश साउद,Narayan Prakash Saud,नेपाली काँग्रेस,2583,10827,M,False,Khadak Singh Saud,स्नातक,त्रि.वि,Dadeldhura,Jyotsna Adhikari Saud,पटक पटक मन्त्री पदमा रही राज्य सञ्चालनमा सहभागिता  ,7-कञ्चनपुर-2,341026,63
341210,बचन बहादुर सिंह,Bachan Bahadur Singh,नेपाल कम्युनिष्ट पार्टी (एकीकृत मार्क्सवादी लेनिनवादी),2598,6418,M,False,Man Bahadur Singh,स्नाकोत्तर ,कुमाउ विश्वविद्यालय,Bajura,Jayanti Pal (Singh),राष्ट्रिय युवा संघको केन्द्रीय अध्यक्ष भई काम गरेको ,7-कञ्चनपुर-2,341210,45
341433,माधव प्रसाद पन्त,Madhav Prasad Panta,नेपाली कम्युनिष्ट पार्टी,2557,6337,M,False,Dev Dutt Pant,एम फिल पि एच डि.,त्रि.वि,Kanchanpur,Durga Bhatt,"राष्ट्रिय अन्तराष्ट्रिय सम्मेलनमा सहभागी, विकास सु सुशानमा समाजिक न्याय, समानताको जानकारी, संविधान कानून राज्यको संवैधानिक वैदेशिक संघियता सम्बन्धी समाज रुपान्तरणमा योगदान ",7-कञ्चनपुर-2,341433,39
340044,तिर्थ राज चटौत,Tirtha Raj Chhauthat,राष्ट्रिय प्रजातन्त्र पार्टी,2604,1993,M,False,जगन्नाथ  चटौत,स्नातक,महेन्द्र रत्न राज्य क्यामपस,कञ्चनपुर भीमदत्त नगरपालिका मेनरोड,गंगा देवी चटौत,समाजिक सेवा व्यवसाय,7-कञ्चनपुर-2,340044,71
339971,प्रेमवती राना,Premwati Rana,"नागरिक उन्मुक्ति पार्टी, नेपाल(एकल चुनाव चिन्ह)",2531,560,F,False,Chhuttan Rana,आठ कक्षा पास,भुवनेश्वरी उ.मा.वि,Kanchanpur,Ramesh Rana,,7-कञ्चनपुर-2,339971,42
341080,धर्मानन्द जोशी,Dharmanand Joshi,प्रगतिशील लोकतान्त्रिक पार्टी,2516,195,M,False,भानदेव  जोशी,स्नाकोत्तर,त्रि.वि,बैतडी दोगडाकेदार गाउँपालिका वडिया,,विद्यालय राजनिति बाह्र वर्ष ,7-कञ्चनपुर-2,341080,34
339771,राम बहादुर कार्की,Ram Bahadur Karki,राष्ट्रिय जनमोर्चा,2522,145,M,False,Khang Singh Karki,आई ए,सिद्वनाथ बहुमुखी क्याम्पस,Kanchanpur,Kopila Devi Karki,"समाजिक संस्थामा नेतृत्व गरेको, अध्ययन काल देखि विधार्थि सहभागी रहेर शैक्षिक सुधारमा संलग्न, स्थानिय स्तरका कल्व विद्यालयहरुको अध्यक्ष भई काम गरेको राष्ट्रिय जनमोर्चाको २०५८ सालदेखि नेतृत्व हन गरेको ",7-कञ्चनपुर-2,339771,49
342069,लोकेन्द्र बहादुर वि क,Lokendra Bahadur B.K.,नेपाल कम्युनिस्ट पार्टी (माओवादी),2526,143,M,False,चैते  कामी,उच्च शिक्षा,सुर्योदय मा.वि बझाङ,कञ्चनपुर शुक्लाफाँटा नगरपालिका ,गिता  वि क,,7-कञ्चनपुर-2,342069,30
339509,राम चन्द्र भट्ट,Ram Chandra Bhatta,जनमत पार्टी,2585,125,M,False,Dhani Ram Bhatt,स्नातोकोत्तर,त्रिभुवन विश्वविध्यालय,Dadeldhura,Shakuntala Devi Bhatt,सरकारी सेवमा ३९ वर्ष,7-कञ्चनपुर-2,339509,59
340822,योगेन्द्र व साउद,Yogendra B. Saud,उज्यालो नेपाल पार्टी,2566,93,M,False,गोपाल सिह साउद,उच्च शिक्षा,देव सिंह कलेज भारत,कञ्चनपुर बेदकोट नगरपालिका ,पार्वती  साउद,,7-कञ्चनपुर-2,340822,40
342246,बिरेन्द्र राना,Birendra Rana,स्वतन्त्र,IND,81,M,False,Chandar Rana,बी फारमेसी,जेहरलाल नेहरु चित्तुर भारत,Kanchanpur,,,7-कञ्चनपुर-2,342246,31
339419,सिता राम राना,Sitaram Rana,नेपाल मजदुर किसान पार्टी,2578,72,M,False,Dukhi Rana,कक्षा ५ ,श्री बैजनाथ मा.बि ,Kanchanpur,Sobar Rana,जनताको सेवा गरेको र ज्याला मजदुरी ,7-कञ्चनपुर-2,339419,60
341995,हरिस बहादुर भट्ट,Harish Bahadur Bhatta,स्वतन्त्र,IND,44,M,False,धन बहादुर भट्ट,स्ननातोकोत्तर,त्रि.वि,कञ्चनपुर शुक्लाफाँटा नगरपालिका बन्शाहा,,समाजसेवा,7-कञ्चनपुर-2,341995,35
340201,जग्गु चौधरी,Jaggu Chaudhary,आम जनता पार्टी(एकल चुनाव चिन्ह),2581,37,M,False,Deumani Chaudhary,उच्च शिक्षा,त्रिनगर मा.वि धनगढी,Kanchanpur,Hiramati Chaudhary,समाजसेवी र कृषि सम्बन्धी,7-कञ्चनपुर-2,340201,57
339678,खडक ताम्राकार,Khadak Tamrakar,संयुक्त नागरिक पार्टी,2521,32,M,False,Ishwari Tamata,एस.एल.सी,उग्रतारा उ.मा.वि डडेल्धुरा,Kanchanpur,Manju Tamrakar,समाजसेवा,7-कञ्चनपुर-2,339678,37
339369,भानु भक्त वोहरा,Bhanu Bhakta Bohara,स्वतन्त्र,IND,26,M,False,Nand Ram Bohara,उच्च शिक्षा,श्री घटाल मा.वि सुडा,Kanchanpur,,समाजिक कार्य किसान,7-कञ्चनपुर-2,339369,38
342320,सिद्धराज जोशी,Siddhraj Joshi,स्वतन्त्र,IND,19,M,False,शंकर दत्त जोशी,उच्च शिक्षा ,थारु राजकिय ईन्टर कलेज खटिमा भारत ,कञ्चनपुर शुक्लाफाँटा नगरपालिका ,कमला  वोकटी  जोशी,शिक्षण पेश पन्ध्र वर्ष ,7-कञ्चनपुर-2,342320,45
339613,तेज बहादुर वडवाल,Teja Bahadura Vadaval,मितेरी पार्टी नेपाल,2530,18,M,False,बल बहादुर वडवाल,स्नातक तह,कुमाउ विश्वविद्यालय,कञ्चनपुर भीमदत्त नगरपालिका ,सृजना  खडायत वडवाल,,7-कञ्चनपुर-2,339613,48
340127,ज्ञानेन्द्र सिंह महता,Jnyanendra Sinha Mahata,राष्ट्रिय स्वतन्त्र पार्टी,2528,27118,M,True,धन बहादुर महता,,,कञ्चनपुर भीमदत्त नगरपालिका ,बिमला  चन्द  महता,,7-कञ्चनपुर-3,340127,40
342171,हरि प्रसाद बोहरा,Hari Prasad Bohara,नेपाली काँग्रेस,2583,9443,M,False,Jaya Nand Bohara,,,Kanchanpur,Lakshmi Devi Bohara,,7-कञ्चनपुर-3,342171,59
340422,दीपक प्रकाश भट्ट,Deepak Prakash Bhatta,नेपाल कम्युनिष्ट पार्टी (एकीकृत मार्क्सवादी लेनिनवादी),2598,7575,M,False,Mahadev Bhatt,,,Kanchanpur,Manisha Bhattarai Bhatt,,7-कञ्चनपुर-3,340422,53
341039,मान बहादुर सुनार,Man Bahadur Sunar,नेपाली कम्युनिष्ट पार्टी,2557,4284,M,False,Udvir Sunar,,,Kanchanpur,Asha Devi Sunar,,7-कञ्चनपुर-3,341039,70
339863,पुर्ण वहादुर चन्द,Purna Bahadur Chanda,राष्ट्रिय प्रजातन्त्र पार्टी,2604,3902,M,False,जय बहादुर चन्द,,,कञ्चनपुर भीमदत्त नगरपालिका भाँसी,मकला  चन्द,,7-कञ्चनपुर-3,339863,51
341820,भिम बहादुर कुमाल,Bhim Bahadur Kumal,उज्यालो नेपाल पार्टी,2566,268,M,False,Nare Kumal,,,Kanchanpur,Gita Kumal Mijar,,7-कञ्चनपुर-3,341820,46
341754,गंगा दत्त जोशी,Ganga Datt Joshi,श्रम संस्कृति पार्टी,2501,224,M,False,चिन्तामणी जोशी,,,कञ्चनपुर भीमदत्त नगरपालिका कटान,चन्द्रा (देवकी) जोशी,,7-कञ्चनपुर-3,341754,67
341538,हर्क बहादुर ऐर,Hark Bahadur Air,स्वतन्त्र,IND,177,M,False,Dal Bahadur Air,,,Baitadi,Kamala Devi Air,,7-कञ्चनपुर-3,341538,52
340736,विष्णु प्रकाश उपाध्याय,Bishnu Prakash Upadhyay,नेपाल कम्युनिस्ट पार्टी (माओवादी),2526,116,M,False,प्रेम राज उपाध्याय,,,बझाङ थलारा गाउँपालिका खुलम,नारायणी  जोशी उपाध्याय,,7-कञ्चनपुर-3,340736,44
341967,थानेश्वर लेखक,Thaneshwar Lekhak,स्वतन्त्र,IND,95,M,False,सह देव लेखक,,,कञ्चनपुर भीमदत्त नगरपालिका ऐठपुर,,,7-कञ्चनपुर-3,341967,43
339498,लाल बहादुर कुँवर,Lal Bahadur Kunwar,राष्ट्रिय जनमोर्चा,2522,87,M,False,Dev Singh Kunwar,,,Kanchanpur,Sumitra Devi Kunwar,,7-कञ्चनपुर-3,339498,44
339558,कर्ण बहादुर चन्द,Karna Bahadur Chanda,नेपाल कम्युनिष्ट पार्टी (संयुक्त),2601,86,M,False,घुरी  चन्द,,,कञ्चनपुर भीमदत्त नगरपालिका सुकासाल,जयन्ती देबी चन्द,,7-कञ्चनपुर-3,339558,55
341277,लोक राज भट्ट,Lok Raj Bhatta,राष्ट्रिय मुक्ति पार्टी नेपाल(एकल चुनाव चिन्ह),2531,71,M,False,Krishna Dutt Bhatt,,,Kanchanpur,,,7-कञ्चनपुर-3,341277,39
339320,मीनु गिरी,Minu Giri,नेपाल मजदुर किसान पार्टी,2578,42,M,False,विरु  गिरी,,,कञ्चनपुर दोधारा चाँदनी नगरपालिका स्‍याउली बजार,जानकी देवी गिरी,,7-कञ्चनपुर-3,339320,64
340335,लक्ष्‍मी कुमारी विष्ट भट्ट,Laxmi Kumari Bista Bhatta,आम जनता पार्टी(एकल चुनाव चिन्ह),2581,31,F,False,लाल सिंह विष्ट,,,कञ्चनपुर भीमदत्त नगरपालिका ,हरि दत्त भट्ट,,7-कञ्चनपुर-3,340335,48
339464,वीर सिंह क्षेत्री,Vira Sinha Kshetri,स्वतन्त्र,IND,21,M,False,दान सिंह क्षेत्री,,,कञ्चनपुर भीमदत्त नगरपालिका ,कमला  भण्डारी,,7-कञ्चनपुर-3,339464,44
339972,किरन थापा,Kiran Thapa,मितेरी पार्टी नेपाल,2530,6,M,False,Dhan Bahadur Thapa,Y,,Kanchanpur, ,,7-कञ्चनपुर-3,339972,43
340029,विक्रम खनाल,Vikrama Khanal,राष्ट्रिय स्वतन्त्र पार्टी,2528,45241,M,True,गोकर्ण  खनाल,स्नातक,त्रिभुवन विश्वविद्यालय,नवलपरासी (बर्दघाट सुस्ता पश्चिम) बर्दघाट नगरपालिका भुताहा,रमा  पोखरेल,,5-नवलपरासी (बर्दघाट सुस्ता पश्चिम)-1,340029,55
341163,विनोद कुमार चौधरी,Vinoda Kumara Chaudhari,नेपाली काँग्रेस,2583,9502,M,False,लुनकरण दास चौधरी,स्नातक,सरस्वती क्याम्पस,नवलपरासी (बर्दघाट सुस्ता पूर्व) देवचुली नगरपालिका दिव्यपुरी,सारिका  चौधरी,,5-नवलपरासी (बर्दघाट सुस्ता पश्चिम)-1,341163,70
340622,राम प्रसाद पाण्डेय,Rama Prasada Pandey,नेपाल कम्युनिष्ट पार्टी (एकीकृत मार्क्सवादी लेनिनवादी),2598,7956,M,False,नारायण प्रसाद पाण्डेय,स्नातकोत्तर,त्रिभुवन विश्वविद्यालय,नवलपरासी (बर्दघाट सुस्ता पश्चिम) सुस्ता गाउँपालिका महलबारी,तिर्था कुमारी पाण्डेय,,5-नवलपरासी (बर्दघाट सुस्ता पश्चिम)-1,340622,51
339333,हृदयेश त्रिपाठी,Hridayesha Tripathi,"जनता समाजवादी पार्टी, नेपाल",2542,7832,M,False,हरिशंकर  त्रिपाठी,स्नातक,इन्सिट्युट अफ ओरिएन्टेसन साइन्सेस मोस्को,नवलपरासी (बर्दघाट सुस्ता पश्चिम) प्रतापपुर गाउँपालिका कठहवा,शोभा  त्रिपाठी,,5-नवलपरासी (बर्दघाट सुस्ता पश्चिम)-1,339333,66
340211,नवनित कुमार मिश्र,Navanita Kumara Mishr,राष्ट्रिय प्रजातन्त्र पार्टी,2604,1593,M,False,देवेश कुमार मिश्र,‌+2,गिनिज इन्टरनेशनल कलेज गौशाला काठमाडौं,नवलपरासी (बर्दघाट सुस्ता पश्चिम) सरावल गाउँपालिका भुजरहवा,,,5-नवलपरासी (बर्दघाट सुस्ता पश्चिम)-1,340211,30
339616,सिन्‍धु जलेसा बुढाथोकी,Sin‍dhu Jalesa Budhathoki,नेपाली कम्युनिष्ट पार्टी,2557,1056,F,False,प्रचन्‍ड बहादुर बुढाथोकी,विदया वारिणी,नेपाल संस्कृत विश्वविद्यालय,नवलपरासी (बर्दघाट सुस्ता पश्चिम) बर्दघाट नगरपालिका चिसापानी,शेर बहादुर आर्चाय,,5-नवलपरासी (बर्दघाट सुस्ता पश्चिम)-1,339616,56
340282,राजु प्रसाद हरिजन,Raju Prasada Harijan,नेपाल कम्युनिस्ट पार्टी (माओवादी),2526,751,M,False,दलसिंगार  चमार,८ कक्षा,नित्यानन्द रतन कुमारी मा.वि.,नवलपरासी (बर्दघाट सुस्ता पश्चिम) बर्दघाट नगरपालिका लगुनाहा,शोभा देवी हरिजन,,5-नवलपरासी (बर्दघाट सुस्ता पश्चिम)-1,340282,50
339639,भिमसेन सुतप्राई मगर,Bhimasena Sutapraee Magar,स्वतन्त्र,IND,733,M,False,खिम बहादुर सुतप्राई मगर,९ कक्षा,सरस्वती मा.वि. कुन्जनपुर,नवलपरासी (बर्दघाट सुस्ता पश्चिम) बर्दघाट नगरपालिका पवित्रवस्ती,कमला  सुतप्राई मगर,,5-नवलपरासी (बर्दघाट सुस्ता पश्चिम)-1,339639,54
341335,रामचन्द्र चौधरी थारु,Ramachandra Chaudhari Tharu,श्रम संस्कृति पार्टी,2501,586,M,False,गोविन्द लाल थारु,SLC,पवन मा.वि.,नवलपरासी (बर्दघाट सुस्ता पश्चिम) रामग्राम नगरपालिका ,निलम  चौधरी,,5-नवलपरासी (बर्दघाट सुस्ता पश्चिम)-1,341335,39
341443,गणेश बहादुर चौधरी,Ganesha Bahadura Chaudhari,जनमत पार्टी,2585,500,M,False,किशुन चौधरी,BSc AG,रामपुर क्याम्पस चितवन,नवलपरासी (बर्दघाट सुस्ता पश्चिम) रामग्राम नगरपालिका फुलवरीया,ज्ञान्ती देवी चौधरी थारु,,5-नवलपरासी (बर्दघाट सुस्ता पश्चिम)-1,341443,59
339869,बिजय कंडेल,Bijaya Kandel,उज्यालो नेपाल पार्टी,2566,346,M,False,हरि भक्त कंडेल,PHD Scholar,नेपाल संस्कृत विश्वविद्यालय,काठमाडौं काठमाडौँ महानगरपालिका ,सुमित्रा  महर्जन,,5-नवलपरासी (बर्दघाट सुस्ता पश्चिम)-1,339869,41
342138,सत्रुधन चौधरी,Satrudhana Chaudhari,"नागरिक उन्मुक्ति पार्टी, नेपाल(एकल चुनाव चिन्ह)",2531,274,M,False,उदित बहादुर थारु,SLC,माध्यमिक शिक्षा परिषद उत्तर प्रदेश भारत,नवलपरासी (बर्दघाट सुस्ता पश्चिम) बर्दघाट नगरपालिका ध्रुवटोल,टुरिष्‍टी  चौधरी,,5-नवलपरासी (बर्दघाट सुस्ता पश्चिम)-1,342138,58
340450,चिरंजीवी खराल,Chiranjivi Kharal,स्वतन्त्र,IND,212,M,False,कृष्ण लाल खराल,SLC,विद मा.वि. पाल्पा,नवलपरासी (बर्दघाट सुस्ता पश्चिम) बर्दघाट नगरपालिका ,सावित्रा  खराल,,5-नवलपरासी (बर्दघाट सुस्ता पश्चिम)-1,340450,54
340728,पुर्ण बहादुर विश्वकर्मा,Purna Bahadura Vishvakarma,राष्ट्रिय जनमुक्ति पार्टी,2605,122,M,False,लाल बहादुर विश्वकर्मा,साक्षर,,नवलपरासी (बर्दघाट सुस्ता पश्चिम) बर्दघाट नगरपालिका बाढीपिडित,कमला  विश्वकर्मा,,5-नवलपरासी (बर्दघाट सुस्ता पश्चिम)-1,340728,66
340570,होम बहादुर सुनार,Homa Bahadura Sunar,स्वतन्त्र,IND,76,M,False,मोती  सुनार,+2,CBC बोर्ड भारत,नवलपरासी (बर्दघाट सुस्ता पश्चिम) बर्दघाट नगरपालिका ,ममता  सुनार,,5-नवलपरासी (बर्दघाट सुस्ता पश्चिम)-1,340570,40
342304,विनोद रेग्मी,Vinoda Regmi,प्रगतिशील लोकतान्त्रिक पार्टी,2516,72,M,False,ओम प्रकाश रेग्मी,+2,एस एन एस कलेज भारत,नवलपरासी (बर्दघाट सुस्ता पश्चिम) बर्दघाट नगरपालिका ,रेखा  अधिकारी,,5-नवलपरासी (बर्दघाट सुस्ता पश्चिम)-1,342304,47
341258,रितमान कामु मगर,Ritamana Kamu Magar,स्वतन्त्र,IND,53,M,False,पूर्ण बहादुर कामु मगर,SLC,उदबुद्ध मा.वि. पाल्पा,नवलपरासी (बर्दघाट सुस्ता पश्चिम) बर्दघाट नगरपालिका धर्मवस्‍ती,सिमा कामु मगर,,5-नवलपरासी (बर्दघाट सुस्ता पश्चिम)-1,341258,50
340509,ढुण्डी राज पोख्रेल,Dhundi Raja Pokhrel,राष्ट्रिय जनमोर्चा,2522,51,M,False,नित्या नन्द पोख्रेल,साक्षर,,नवलपरासी (बर्दघाट सुस्ता पश्चिम) बर्दघाट नगरपालिका तेलहा,गिता देवी पोख्रेल,,5-नवलपरासी (बर्दघाट सुस्ता पश्चिम)-1,340509,62
339317,इन्द्र कुमार गुरुङ्ग,Indra Kumara Gurungg,मंगोल नेशनल अर्गनाइजेसन,2511,39,M,False,दुत बहादुर गुरुङ्ग,SLC,श्री सुर्य मा.वि. होश्राङ्गदी पर्वत,नवलपरासी (बर्दघाट सुस्ता पश्चिम) सुनवल नगरपालिका किर्तीपुर,टक माया गुरुङ्ग,,5-नवलपरासी (बर्दघाट सुस्ता पश्चिम)-1,339317,48
340400,ओम बहादुर चौधरी थारु,Oma Bahadura Chaudhari Tharu,स्वतन्त्र,IND,26,M,False,प्रेम बहादुर चौधरी,+2,दिव्यज्योती बहुमुखी क्याम्पस,नवलपरासी (बर्दघाट सुस्ता पश्चिम) बर्दघाट नगरपालिका जहदा,,,5-नवलपरासी (बर्दघाट सुस्ता पश्चिम)-1,340400,31
339444,भरत लोनिया,Bharata Loniya,स्वतन्त्र,IND,17,M,False,विक्रम  लोनिया,साक्षर,,नवलपरासी (बर्दघाट सुस्ता पश्चिम) सुस्ता गाउँपालिका रतनगंज,जडावती देवी लोनिया,,5-नवलपरासी (बर्दघाट सुस्ता पश्चिम)-1,339444,60
339412,अलियास मिया,Aliyasa Miya,स्वतन्त्र,IND,16,M,False,रसुल  मिया,साक्षर,,नवलपरासी (बर्दघाट सुस्ता पश्चिम) प्रतापपुर गाउँपालिका हर्षपुरा,खैरुल  निस्सा मिया,,5-नवलपरासी (बर्दघाट सुस्ता पश्चिम)-1,339412,73
340786,मिन प्रसाद ढकाल,Mina Prasada Dhakal,स्वतन्त्र,IND,11,M,False,प्रेममणी  ढकाल,SLC,श्री राजा महात्मा पूर्णभद्र मा.वि.,नवलपरासी (बर्दघाट सुस्ता पश्चिम) बर्दघाट नगरपालिका भानुनगर,,,5-नवलपरासी (बर्दघाट सुस्ता पश्चिम)-1,340786,32
341075,गोपिचन्द्र हरिजन,Gopichandra Harijan,स्वतन्त्र,IND,10,M,False,शुरेश  चमार,SLC,जनता मा.वि. भुजहवा,नवलपरासी (बर्दघाट सुस्ता पश्चिम) सरावल गाउँपालिका धवगडवा,कमलवती  हरिजन,,5-नवलपरासी (बर्दघाट सुस्ता पश्चिम)-1,341075,39
342077,गंगा देवी थारु महतो,Ganga Devi Tharu Mahato,स्वतन्त्र,IND,7,F,False,कालिराम  महतो,साक्षर,,नवलपरासी (बर्दघाट सुस्ता पश्चिम) सुस्ता गाउँपालिका सिङाहा,विश्‍वनाथ  थारु,,5-नवलपरासी (बर्दघाट सुस्ता पश्चिम)-1,342077,53
341598,शैलेन्द्र सिँह सदासंकर,Shailendra Sinha Sadasankar,स्वतन्त्र,IND,7,M,False,गणेश  बिश्वकर्मा,+2,दाउन्नेदेवी उच्च मा.वि.,नवलपरासी (बर्दघाट सुस्ता पश्चिम) बर्दघाट नगरपालिका ,,,5-नवलपरासी (बर्दघाट सुस्ता पश्चिम)-1,341598,26
340191,नरेन्द्र कुमार गुप्‍ता,Narendra Kumara Gup‍ta,राष्ट्रिय स्वतन्त्र पार्टी,2528,44138,M,True,गणेश प्रसाद गुप्‍ता,स्नातक,त्रिभुवन विश्वविद्यालय,नवलपरासी (बर्दघाट सुस्ता पश्चिम) रामग्राम नगरपालिका दुर्गाटोल,सिमा  गुप्‍ता,पूर्व मेयर रामग्राम नगरपालिका,5-नवलपरासी (बर्दघाट सुस्ता पश्चिम)-2,340191,51
340076,भीम बहादुर थापा क्षेत्री,Bhima Bahadura Thapa Kshetri,नेपाली काँग्रेस,2583,15945,M,False,कृष्‍ण बहादुर थापा,S.L.C.,महाकवी देवकोटा मा वि,नवलपरासी (बर्दघाट सुस्ता पश्चिम) सुनवल नगरपालिका कावुकनगर,सपना  अधिकारी,पूर्व नगर प्रमुख,5-नवलपरासी (बर्दघाट सुस्ता पश्चिम)-2,340076,54
340529,देबेन्‍द्र यादव,Deben‍dra Yadav,"जनता समाजवादी पार्टी, नेपाल",2542,7212,M,False,बलीराम  यादव,ISC,आर्दश इन्टरकलेज भारत,नवलपरासी (बर्दघाट सुस्ता पश्चिम) रामग्राम नगरपालिका तोनवा,,शिक्षक पेशा,5-नवलपरासी (बर्दघाट सुस्ता पश्चिम)-2,340529,36
339405,धुब्र बहादुर प्रधान,Dhubra Bahadura Pradhan,राष्ट्रिय प्रजातन्त्र पार्टी,2604,4691,M,False,रुद्र बहादुर प्रधान,स्नाकोत्तर,त्रिभुवन विश्वविद्यालय,नवलपरासी (बर्दघाट सुस्ता पश्चिम) रामग्राम नगरपालिका स्वाटिकर,निर्मला  प्रधान,पूर्व कानून न्याय तथा संसदिय व्यवसायी मन्त्री,5-नवलपरासी (बर्दघाट सुस्ता पश्चिम)-2,339405,77
340735,लेखनाथ खरेल,Lekhanatha Kharel,नेपाल कम्युनिष्ट पार्टी (एकीकृत मार्क्सवादी लेनिनवादी),2598,4311,M,False,कुस्माखर  खरेल,प्रविणता प्रमाण पत्र तह,त्रिभुवन विश्वविद्यालय,नवलपरासी (बर्दघाट सुस्ता पश्चिम) सुनवल नगरपालिका भुमही,मिना  खरेल,विभन्न संघ सस्था तथा सहकारी,5-नवलपरासी (बर्दघाट सुस्ता पश्चिम)-2,340735,51
341882,गोविन्‍द प्रसाद चौधरी,Govin‍da Prasada Chaudhari,राष्ट्रिय मुक्ति पार्टी नेपाल(एकल चुनाव चिन्ह),2531,2029,M,False,दुलारे  थारु,स्नातक,नेपाल ल क्याम्पस,नवलपरासी (बर्दघाट सुस्ता पश्चिम) रामग्राम नगरपालिका ,नथुनी  थारु,जि वि स सदस्य,5-नवलपरासी (बर्दघाट सुस्ता पश्चिम)-2,341882,65
341116,देवेन्द्र पौडेल,Devendra Paudel,नेपाली कम्युनिष्ट पार्टी,2557,1838,M,False,पदम पानी उपाध्याय,स्नाकोत्तर,त्रिभुवन विश्वविद्यालय,बाग्लुङ बागलुङ नगरपालिका बरडाडा (डाडा),बलावती  शर्मा,राजनितिक,5-नवलपरासी (बर्दघाट सुस्ता पश्चिम)-2,341116,61
339995,जिवन मल्लाह,Jivana Mallah,जनमत पार्टी,2585,1064,M,False,पिमला  मल्लाह,S.L.C.,पवन मा.वि.,नवलपरासी (बर्दघाट सुस्ता पश्चिम) सुस्ता गाउँपालिका पक्लिहवा,लालमती  मल्लाह,समाजसेवा,5-नवलपरासी (बर्दघाट सुस्ता पश्चिम)-2,339995,49
341682,राम बहादुर केवट,Rama Bahadura Kevat,स्वतन्त्र,IND,752,M,False,चेतमन  केवट,S.L.C.,मुन्दर प्रसाद इन्टरकलेज ,नवलपरासी (बर्दघाट सुस्ता पश्चिम) रामग्राम नगरपालिका पोखरापाली,एकमावती  केवट,समाजीक सेवा,5-नवलपरासी (बर्दघाट सुस्ता पश्चिम)-2,341682,47
340654,संजय कुमार हरिजन,Sanjaya Kumara Harijan,संयुक्त नागरिक पार्टी,2521,407,M,False,प्रभु प्रसाद हरिजन,स्नातक,पाल्ही बहुमुखी क्याम्पस,नवलपरासी (बर्दघाट सुस्ता पश्चिम) पाल्हीनन्दन गाउँपालिका बडकीसुनरी,उर्मिला देवी हरिजन,सामाजिक क्षेत्र,5-नवलपरासी (बर्दघाट सुस्ता पश्चिम)-2,340654,45
339493,इन्द्र बहादुर गुरुङ्ग,Indra Bahadura Gurungg,मंगोल नेशनल अर्गनाइजेसन,2511,305,M,False,चन्द्र बहादुर गुरुङ्ग,S.L.C.,नेपाल सरकार,नवलपरासी (बर्दघाट सुस्ता पश्चिम) सुनवल नगरपालिका ,श्री माया गुरुङ्ग,साधारण,5-नवलपरासी (बर्दघाट सुस्ता पश्चिम)-2,339493,57
339451,पार्वता पौड्याल,Parvata Paudyal,राष्ट्रिय जनमोर्चा,2522,193,F,False,तुल्सीराम  पौड्याल,डिप्लोमा (ओभरसियर्स),प्राविधिक शिक्षा तथा व्यवसायी तालिम परिषद् काठमाण्डौ ,नवलपरासी (बर्दघाट सुस्ता पश्चिम) सुनवल नगरपालिका किर्तीपुर,तिलक प्रसाद पौड्याल,महाकवी देवकोटा मा.वि. प्रा.वि.शिक्षालयमा अध्ययन गरेको,5-नवलपरासी (बर्दघाट सुस्ता पश्चिम)-2,339451,50
341024,चन्द्रभुषण पाठक,Chandrabhushana Pathak,प्रगतिशील लोकतान्त्रिक पार्टी,2516,137,M,False,गजेन्द्र प्रसाद पाठक,स्नातक,राज गान्धी महाविद्यालय भारत,नवलपरासी (बर्दघाट सुस्ता पश्चिम) रामग्राम नगरपालिका पिपरहीया,निलम देवी पाठक,राजनितिक क्षेत्र,5-नवलपरासी (बर्दघाट सुस्ता पश्चिम)-2,341024,48
339797,प्रेम प्रसाद ढकाल,Prema Prasada Dhakal,नेपाल कम्युनिस्ट पार्टी (माओवादी),2526,121,M,False,दाता राम ढकाल,S.L.C.,मातृभूमि माध्यमिक विद्यालय,नवलपरासी (बर्दघाट सुस्ता पश्चिम) सुनवल नगरपालिका सुन्दरवस्ति,सिता  ढकाल,शिक्षक,5-नवलपरासी (बर्दघाट सुस्ता पश्चिम)-2,339797,65
342451,ध्रुव प्रसाद कहार,Dhruva Prasada Kahar,आम जनता पार्टी(एकल चुनाव चिन्ह),2581,88,M,False,नन्‍दलाल  कहार,S.L.C,सिर्दार्थ मा वि,नवलपरासी (बर्दघाट सुस्ता पश्चिम) पाल्हीनन्दन गाउँपालिका पाल्ही,फूल कुमारी गौड (कहार),लेखापढी कानून व्यववसायी,5-नवलपरासी (बर्दघाट सुस्ता पश्चिम)-2,342451,54
342322,यु बहादुर राना,Yu Bahadura Rana,राष्ट्रिय जनमुक्ति पार्टी,2605,46,M,False,जस बहादुर राना,१० पास,आदर्श मा  वि परासी,नवलपरासी (बर्दघाट सुस्ता पश्चिम) सुनवल नगरपालिका मंगलनगर,निर्मला  राना,समाजसेवा,5-नवलपरासी (बर्दघाट सुस्ता पश्चिम)-2,342322,61
342127,सन्जय हरिजन,Sanjaya Harijan,बहुजन शक्ति पार्टी,2536,30,M,False,हरिराम प्रसाद चमार,१० पास,पवन मा वि,नवलपरासी (बर्दघाट सुस्ता पश्चिम) रामग्राम नगरपालिका ,अंगीरा  हरिजन,चालक/समाजसेवक,5-नवलपरासी (बर्दघाट सुस्ता पश्चिम)-2,342127,37
342076,अशोक तेली,Ashoka Teli,स्वतन्त्र,IND,25,M,False,चिनक  तेली,१० पास,पवन मा वि परासी,नवलपरासी (बर्दघाट सुस्ता पश्चिम) पाल्हीनन्दन गाउँपालिका ,,समाजसेवा,5-नवलपरासी (बर्दघाट सुस्ता पश्चिम)-2,342076,31
339519,रञ्जना सुवाल,Ranjana Suwal,नेपाल मजदुर किसान पार्टी,2578,20,F,False,रत्‍न भक्त सुवाल,स्नातक,त्रिभुवन विश्वविद्यालय,भक्तपुर भक्तपुर नगरपालिका बोलाछें,बिश्व राम सुवाल,सामाजिक सेवा,5-नवलपरासी (बर्दघाट सुस्ता पश्चिम)-2,339519,44
342224,उमा शंकर खरविन्द,Uma Shankara Kharavind,स्वतन्त्र,IND,19,M,False,छैबर  खरविन्द,आठ पास,जनता देवी मनरी,नवलपरासी (बर्दघाट सुस्ता पश्चिम) रामग्राम नगरपालिका देउरवाँ,विमला देवी खरविन्द,नेपाल पूर्व प्रहरी,5-नवलपरासी (बर्दघाट सुस्ता पश्चिम)-2,342224,58
340856,हरि नारायण हरिजन,Hari Narayana Harijan,स्वतन्त्र,IND,17,M,False,रामदरश  चमार,साधारण लेखपढ,पवन मा वि परासी,नवलपरासी (बर्दघाट सुस्ता पश्चिम) रामग्राम नगरपालिका ,मिना  हरिजन,समाज सेवा,5-नवलपरासी (बर्दघाट सुस्ता पश्चिम)-2,340856,44
341813,विष्‍णु प्रसाद ढकाल,Vish‍nu Prasada Dhakal,स्वतन्त्र,IND,14,M,False,धनश्‍याम  ढकाल (उपाध्‍याय),प्रविणाता प्रमाण पत्र तह,त्रिभुवन विश्वविद्यालय,नवलपरासी (बर्दघाट सुस्ता पश्चिम) सुनवल नगरपालिका अतिथीचोक,कल्पना  न्‍यौपाने,विभिन्न संघ सस्था,5-नवलपरासी (बर्दघाट सुस्ता पश्चिम)-2,341813,41
340929,मनोज हरिजन,Manoja Harijan,स्वतन्त्र,IND,11,M,False,राम अवध चमार,आठ पास,आर्दश मा वि परासी,नवलपरासी (बर्दघाट सुस्ता पश्चिम) रामग्राम नगरपालिका ,निर्मला देवी हरिजन,कृषि समाज सेवा,5-नवलपरासी (बर्दघाट सुस्ता पश्चिम)-2,340929,33
342007,राजेन्द्र प्रसाद यादव,Rajendra Prasada Yadav,स्वतन्त्र,IND,10,M,False,होम नारायण यादव,१० पास,पवन मा वि परासी,नवलपरासी (बर्दघाट सुस्ता पश्चिम) रामग्राम नगरपालिका ,मिरा  यादव,समाजसेवा,5-नवलपरासी (बर्दघाट सुस्ता पश्चिम)-2,342007,45
341328,सुरेश तेली,Suresha Teli,स्वतन्त्र,IND,10,M,False,विश्वनाथ  तेली,आइ ए,राधा इन्टरकलेज भारत,नवलपरासी (बर्दघाट सुस्ता पश्चिम) पाल्हीनन्दन गाउँपालिका वेलासपुर,सिता देवी तेली,शिक्षक,5-नवलपरासी (बर्दघाट सुस्ता पश्चिम)-2,341328,65
341604,लाल बहादुर कुवर,Lala Bahadura Kuvar,स्वतन्त्र,IND,7,M,False,मान बहादुर कुवर,S.L.C,परिक्षा नियन्त्रण कार्यालय काठमाण्डौ।,नवलपरासी (बर्दघाट सुस्ता पश्चिम) सुनवल नगरपालिका भुमही,जुन/यम कुमारी कुवर,समाज सेवा,5-नवलपरासी (बर्दघाट सुस्ता पश्चिम)-2,341604,69
341415,दामोदर बर्मा सुनार,Damodara Barma Sunar,स्वतन्त्र,IND,6,M,False,गिरधारी  सुनार,साधारण लेखपढ,नखुलेको,नवलपरासी (बर्दघाट सुस्ता पश्चिम) पाल्हीनन्दन गाउँपालिका बिष्णुपुरा,प्रतिमा देवी सुनार,नखुलेको,5-नवलपरासी (बर्दघाट सुस्ता पश्चिम)-2,341415,39
342384,विष्णु प्रसाद पौडेल,Vishnu Prasada Paudel,स्वतन्त्र,IND,6,M,False,रामचन्द्र  पौडेल,S.L.C.,आर्दश मा वि परासी,नवलपरासी (बर्दघाट सुस्ता पश्चिम) सुनवल नगरपालिका चौराहा,डिल माया पौडेल,राजनितिक,5-नवलपरासी (बर्दघाट सुस्ता पश्चिम)-2,342384,62
341941,हद्दीस अलि मिया,Haddisa Ali Miya,स्वतन्त्र,IND,4,M,False,सैयद अली मिया,साधारण लेखपढ,नखुलेको,नवलपरासी (बर्दघाट सुस्ता पश्चिम) रामग्राम नगरपालिका ,नुरजहा  अन्सारी,समाजसेवा,5-नवलपरासी (बर्दघाट सुस्ता पश्चिम)-2,341941,56
340125,गोपाल शर्मा,Gopala Sharma,नेपाली कम्युनिष्ट पार्टी,2557,21609,M,True,नायक प्रमानन्द ढकाल,स्नातक,शितल क्याम्पस चौरजहारी,रुकुम (पश्चिम भाग) चौरजहारी नगरपालिका लहरेसिमल,अन्जु  शर्मा,कर्णाली प्रदेश सभा सदस्य,6-रुकुम (पश्चिम भाग)-1,340125,48
341362,राजु के.सी.,Raju Ke.si.,नेपाली काँग्रेस,2583,16661,M,False,तेज बहादुर खत्री,SLC,बालकुमारी मा.वि. किर्तिपुर काठमाण्डौ,रुकुम (पश्चिम भाग) मुसिकोट नगरपालिका खलंगा,चण्डिका  के.सी.,"समाजसेवा, सहकारी संघसंस्थामा आबद्ध",6-रुकुम (पश्चिम भाग)-1,341362,44
340871,जनार्दन शर्मा,Janardana Sharma,प्रगतिशील लोकतान्त्रिक पार्टी,2516,14346,M,False,इस्कन्द  शर्मा,स्नातक,त्रिभुवन विश्वविद्यालय,रुकुम (पश्चिम भाग) मुसिकोट नगरपालिका सेरीगाउँ,लक्ष्मी  पौडेल,"शान्ती तथा पुनरनिर्माण मन्त्री, उर्जा, गृह,अर्थ मन्त्री",6-रुकुम (पश्चिम भाग)-1,340871,62
341052,मान बहादुर शाही,Mana Bahadura Shahi,राष्ट्रिय स्वतन्त्र पार्टी,2528,4076,M,False,तिलक बहादुर शाही,मास्टर्स डिग्री,लुम्विनी विश्वविद्यालय,रुकुम (पश्चिम भाग) चौरजहारी नगरपालिका ,सुमिता  ओली,ईन्जिनियरिङ्ग डिजाईन तथा सुपरभिजनमा लामो अनुभव,6-रुकुम (पश्चिम भाग)-1,341052,39
340586,नन्दराम देवकोटा,Nandarama Devakota,नेपाल कम्युनिष्ट पार्टी (एकीकृत मार्क्सवादी लेनिनवादी),2598,1869,M,False,प्रजु  जैसी,एम.ए. समाजशास्त्र,त्रिभुवन विश्वविद्यालय,रुकुम (पश्चिम भाग) बाँफिकोट गाउँपालिका काँडा,रमा कुमारी देवकोटा,"गा.वि.स. अध्यक्ष, शिक्षक, पार्टी जिल्ला कमिटि अध्यक्ष",6-रुकुम (पश्चिम भाग)-1,340586,54
341199,चन्द्र वहादुर वुढा,Chandra Vahadura Vudha,नेपाल कम्युनिस्ट पार्टी (माओवादी),2526,366,M,False,हरी प्रसाद वुढा,M.A. Civil sub engeneer,TU,रुकुम (पश्चिम भाग) आठबिसकोट नगरपालिका ,,३ वर्ष शिक्षण तथा ईन्जिनियरिङ्ग,6-रुकुम (पश्चिम भाग)-1,341199,37
340720,गोपाल खडका,Gopala Khadaka,राष्ट्रिय प्रजातन्त्र पार्टी,2604,228,M,False,डिल्ली रमण खड्का,आई ए,राप्ती बबई क्याम्पस तुल्सीपुर,दाङ तुल्सीपुर उपमहानगरपालिका रक्षाचौर,रमा  गौतम खडका,,6-रुकुम (पश्चिम भाग)-1,340720,42
339584,सत्‍यनारायण श्रेष्ठ,Sat‍yanarayana Shreshth,राष्ट्रिय जनमोर्चा,2522,170,M,False,चित्रबहादुर  श्रेष्ठ,आठ कक्षा उतिर्ण,श्री मा.वि. थवाङ्ग,रुकुम (पश्चिम भाग) मुसिकोट नगरपालिका खलंगा,शीतली माया श्रेष्ठ,,6-रुकुम (पश्चिम भाग)-1,339584,62
341508,नरेन्द्र के.सी,Narendra Ke.si,उज्यालो नेपाल पार्टी,2566,84,M,False,पुस्प्रसिंह  के.सी,स्नातकोत्तर,त्रि.वि.वि./ खुला बिश्वविद्यालय भारत,रुकुम (पश्चिम भाग) आठबिसकोट नगरपालिका फारुला,विणा  शर्मा,राष्ट्रिय अन्तर्राष्ट्रिय गैरसरकारी संस्थामा २१  वर्ष,6-रुकुम (पश्चिम भाग)-1,341508,48
341627,शेर बहादुर के.सी.,Shera Bahadura Ke.si.,नेपाल कम्युनिष्ट पार्टी (संयुक्त),2601,54,M,False,दिलबहादुर  के.सी.,प्रमाणपत्र तह,,रुकुम (पश्चिम भाग) चौरजहारी नगरपालिका देउरालटाकुरा,"तुल्सीर पुष्पा,टेका  के.सी.",शिक्षा सास्त्र संस्थान नेपालगञ्ज,6-रुकुम (पश्चिम भाग)-1,341627,70
341758,प्रेमा दमाई नेपाली,Prema Damaee Nepali,आम जनता पार्टी(एकल चुनाव चिन्ह),2581,45,F,False,धर्मे  दमाई,आधारभुत तह,जनजागृति मा.वि. साँख,रुकुम (पश्चिम भाग) मुसिकोट नगरपालिका सालघारी,दलवहादुर  नेपाली,10 वर्ष राजनितकअनुभव,6-रुकुम (पश्चिम भाग)-1,341758,44
340480,धन बहादुर वि.क.,Dhana Bahadura Vi.ka.,नेपाल मजदुर किसान पार्टी,2578,15,M,False,जसी  कामी,प्रमाणपत्र तह,त्रिभुवन विश्वविद्यालय,सुर्खेत पञ्चपुरी नगरपालिका च्युरीखेत,जानकी  सुनार,ने.म.कि.पा.मा विगत २५ वर्षदेखि क्रियासिल,6-रुकुम (पश्चिम भाग)-1,340480,43
