,candidate_id,candidate,party,party_id,votes,gender,is_winner,father,qualification,institution,address,spouse,experience,province,district,constituency,votes_cast,total_voters,education_category,latitude,longitude
0,339933,Khitiz Thebe,Nepal Communist Party (Ekikrit Marxbadi Leninbadi),2598.0,13962,M,True,भुपेन्द्र  थेबे,स्नातक,TU,Taplejung Sirijungha Rural Municipality Madibung,,,Koshi,Taplejung,Taplejung-1,42897,90308,Bachelor's Degree,27.35,87.6667
1,341131,Gajendra Prasad Tumyang Limbu,Nepali Congress,2583.0,11711,M,False,Purna Bahadur Limbu,स्नातक,पाथीभरा वहुमुखी क्याम्पस,Taplejung,Radhika Lingden Tumyang,,Koshi,Taplejung,Taplejung-1,42897,90308,Bachelor's Degree,27.35,87.6667
2,339610,Khel Prasad Buda Chhetri,Nepali Communist Party,2557.0,6775,M,False,शम्सेर बहादुर बुडाक्षेत्री,I.s.c,TU,Taplejung Sirijungha Rural Municipality Chichihang,कुमारी  बुडाक्षेत्री,,Koshi,Taplejung,Taplejung-1,42897,90308,Higher Secondary / Intermediate (10+2 / PCL),27.35,87.6667
3,340005,Santosh Rai,Shram Sanskriti Party,2501.0,5209,M,False,Bal Bahadur Rai,कक्षा ८,गणेश मा.वि. खेवाङ,Taplejung,Sita Rai,,Koshi,Taplejung,Taplejung-1,42897,90308,Basic Education (Up to Grade 8),27.35,87.6667
4,340459,Birendra Shrestha,Rastriya Swatantra Party,2528.0,4155,M,False,Tek Bahadur Shrestha,ईन्जिनेरिङ ग्राजुएड,युनिभर सिटी आर्मानिय,Taplejung,Manolak Wuphashree Shrestha,,Koshi,Taplejung,Taplejung-1,42897,90308,Bachelor's Degree,27.35,87.6667
5,340763,Kirti Man Maden,Ujyalo Nepal Party,2566.0,232,M,False,Narayan Prasad Maden,SLC,भानु जन मा.वि.,Taplejung,Nita Maden,,Koshi,Taplejung,Taplejung-1,42897,90308,Secondary Education (Grade 9-10 / SLC / SEE),27.35,87.6667
6,339429,"Muksam Labung, Limbu",Sanghiya Loktantrik Rastriya Manch,2550.0,221,M,False,बरधोज  लिम्बु,SEE,सरस्वती मा.वि. ,"Setoba, Taplejung Paktanglung rural municipality",,,Koshi,Taplejung,Taplejung-1,42897,90308,Secondary Education (Grade 9-10 / SLC / SEE),27.35,87.6667
7,340160,Indra Prasad Thapa,Rastriya Prajatantra Party,2604.0,185,M,False,Narjung Thapa,आई.ए.,पाथीभरा वहुमुखी क्याम्पस,Kailali,"Ishwara, Punyawati Devi, Prasai, Adhikari (Thapa)",,Koshi,Taplejung,Taplejung-1,42897,90308,Higher Secondary / Intermediate (10+2 / PCL),27.35,87.6667
8,340649,Narpati Paudel,Nepal Communist Party (Maoist),2526.0,155,M,False,Dhurba Paudel,SLC,जनता मावि हाङदेवा,Taplejung,Bimala Khatiwada,,Koshi,Taplejung,Taplejung-1,42897,90308,Secondary Education (Grade 9-10 / SLC / SEE),27.35,87.6667
9,340108,Arun Subba (Lechervo),Janata Samajbadi Party (Ekal Chunab Chinha),2531.0,141,M,False,हिमाल प्रसाद लिम्बु,एस.एल.सी,सिवा माद्यमिक विद्यालय,Taplejung Fungling Municipality,धनिका  चङवाङ,,Koshi,Taplejung,Taplejung-1,42897,90308,Secondary Education (Grade 9-10 / SLC / SEE),27.35,87.6667
10,340363,Surya Gurung,"Janata Samajbadi Party, Nepal",2542.0,55,M,False,San Man Gurung,एम.ए.,BHM,Taplejung,,,Koshi,Taplejung,Taplejung-1,42897,90308,Master's Degree,27.35,87.6667
11,339312,Sant Bahadur Limbu,Mongol National Organization,2511.0,50,M,False,फौद मान लिम्बु,कक्षा १०,,Taplejung Fungling Municipality,लक्ष्मी  लिम्बु,,Koshi,Taplejung,Taplejung-1,42897,90308,Secondary Education (Grade 9-10 / SLC / SEE),27.35,87.6667
12,339488,Indra Kumar Limbu,Nepal Janamukti Party,2529.0,46,M,False,Suk Raj Limbu,साक्षर,,Taplejung,Man Maya Limbu,,Koshi,Taplejung,Taplejung-1,42897,90308,Literate / Non-Formal,27.35,87.6667
13,340563,Narendra Kumar Kerung,Nepali Congress,2583.0,17233,M,True,Dev Man Kerung,स्नात्तकोतर व्यवस्थापन,त्रि.वी क्रितिपुर,Panchthar,Mina Kumari Rijal (Kerung),नेपाली काग्रेस केन्द्रिय सदस्य २०८२ नेपाली कांग्रेस पाँचथर सभापति २०६७-७८ प्रदेश सभा सदस्य उमेद्वार पाँचथर २०७४ संविधान सभा सदस्य उमेद्वार २०७० प्रजान्त्र वादी प्रध्यापक संघको केन्द्रीय सदस्य।,Koshi,Panchthar,Panchthar-1,66921,143358,Master's Degree,27.2167,87.8
14,339925,Hasta Raj Sherma,Shram Sanskriti Party,2501.0,14734,M,False,Nar Bahadur Sherma,SLC,श्री सिद्ध सरस्वती मा.वि,Panchthar,Chanda Numa Sherma,गायन तथा बाध्यवादन,Koshi,Panchthar,Panchthar-1,66921,143358,Secondary Education (Grade 9-10 / SLC / SEE),27.2167,87.8
15,340277,Aindra Sundar Nembang,Nepal Communist Party (Ekikrit Marxbadi Leninbadi),2598.0,14534,M,False,Khamananda Si Nembang,I.A,त्रि.वि,Panchthar,,राजनिति कृयाशिल २५ वर्ष बाट,Koshi,Panchthar,Panchthar-1,66921,143358,Higher Secondary / Intermediate (10+2 / PCL),27.2167,87.8
16,340425,Hark Bahadur Nembang,Nepali Communist Party,2557.0,11443,M,False,गंगा प्रसाद नेम्बाङ,आ.ए,महेन्द्र रत्न क्याम्पस इलाम,Panchthar Fidim Municipality,रमुना  नेम्बाङ,२०५७ साले देखि कम्युनिष्ट आनदोलनमा लागि विभागिय क्षेत्रीय उत्पीडनका बारेमा ग्रामीण बस्तीहरुमा प्रत्यक्ष अनुभव गरेको।,Koshi,Panchthar,Panchthar-1,66921,143358,Higher Secondary / Intermediate (10+2 / PCL),27.2167,87.8
17,340066,Mahendra Bikram Thamsuhang,Rastriya Swatantra Party,2528.0,4197,M,False,Aindra Bikram Thamsuhang,आ.ए,त्रि.वि.वि.,Panchthar,Nandakumari Chemjong,समाजिक अभियन्ता राजनितिक निखारता खेलकुद विभिन्न संघ सस्था,Koshi,Panchthar,Panchthar-1,66921,143358,Higher Secondary / Intermediate (10+2 / PCL),27.2167,87.8
18,340963,Tek Bahadur Subba,Rastriya Paribartan Party,2568.0,2825,M,False,Jit Bahadur Subba,+12,,Panchthar,,राजनिति समाजसेवा संघ सस्था,Koshi,Panchthar,Panchthar-1,66921,143358,Higher Secondary / Intermediate (10+2 / PCL),27.2167,87.8
19,340153,Tej Kumar Kurumbang,Rastriya Prajatantra Party,2604.0,925,M,False,Hari Prasad Kurumbang,आई .कम,पाँचथर क्याम्पस,Panchthar,Sunita Kurumbang,,Koshi,Panchthar,Panchthar-1,66921,143358,Higher Secondary / Intermediate (10+2 / PCL),27.2167,87.8
20,341366,Machindra Prasad Begha,"Janata Samajbadi Party, Nepal",2542.0,247,M,False,Harka Prasad Begha,साक्षर,,Panchthar,Man Rani Limbuni,,Koshi,Panchthar,Panchthar-1,66921,143358,Literate / Non-Formal,27.2167,87.8
21,342252,Bhanu Bhakta Phiak,Sanghiya Loktantrik Rastriya Manch,2550.0,180,M,False,राम जीतहाङ फियाक,बि.ए,दमक बहुमुखी क्याम्पस,Panchthar Miklajung rural municipality Mul village,चन्द्र कला फियाक,समाज सेवा,Koshi,Panchthar,Panchthar-1,66921,143358,Bachelor's Degree,27.2167,87.8
22,339540,Ram Kumar Tumrok,Mongol National Organization,2511.0,162,M,False,Birkha Bahadur Tumrok,सामान्य,श्री सिद्ध कालीका मा.वि,Panchthar,Dilu Rai,कृषि,Koshi,Panchthar,Panchthar-1,66921,143358,Literate / Non-Formal,27.2167,87.8
23,342095,Mitra Lingden,Rastriya Mukti Party Nepal (Ekal Chunab Chinha),2531.0,143,M,False,Sher Bahadur Lingden,बि.ए,पाँचथर बहुमुखी क्याम्पस,Panchthar,,फिल्म लेखन,Koshi,Panchthar,Panchthar-1,66921,143358,Bachelor's Degree,27.2167,87.8
24,341621,Prakash Kafle,Pragatishil Loktantrik Party,2516.0,115,M,False,Chandra Prasad Kafle,12+,पृथ्वी उच्च मा.वि,Panchthar,Puja Kafle,,Koshi,Panchthar,Panchthar-1,66921,143358,Higher Secondary / Intermediate (10+2 / PCL),27.2167,87.8
25,341790,Vijay Nembang,Nepal Communist Party (Maoist),2526.0,90,M,False,राम ध्वोज नेम्वाङ,साक्षर,कृष्ण मा.वि,Wardanda of Panchthar Falgunand Rural Municipality,इन्द्र कुमारी लावती,श्री तिनचुले जरिबुट्टी सहकारी राजनितिक क्षेत्रमा लामो समयदेखि योगदान,Koshi,Panchthar,Panchthar-1,66921,143358,Literate / Non-Formal,27.2167,87.8
26,341025,Narendra Prasada Kurum‍vang,Nepal Janamukti Party,2529.0,61,M,False,रत्न बहादुर कुरुम्‍वाङ,SLC,,Hattimara of Panchthar Miklajung Rural Municipality,पुरन माया कुरुम्‍वाङ,,Koshi,Panchthar,Panchthar-1,66921,143358,Secondary Education (Grade 9-10 / SLC / SEE),27.2167,87.8
27,340696,Laksuman Tamang,Nepal Majdur Kisan Party,2578.0,32,M,False,गान्दे   तामाङ,SLC,श्री जलसी मा.वि,Panchthar Falgunand Rural Municipality,पुर्णी माया तामाङ,,Koshi,Panchthar,Panchthar-1,66921,143358,Secondary Education (Grade 9-10 / SLC / SEE),27.2167,87.8
28,340081,Nishkala Raee,Nepali Congress,2583.0,14543,M,True,तेज बहादुर राई,,,Ilam Suryodaya Municipality Kenchi Village,,,Koshi,Ilam,Ilam-1,59391,112296,,26.9167,88.0
29,339759,Vinoda Nembangga Limbu,Shram Sanskriti Party,2501.0,13632,M,False,भिम बहादुर लिम्बु,,,Ilam Mai Municipality,,,Koshi,Ilam,Ilam-1,59391,112296,,26.9167,88.0
30,339884,Kaji Mana Kagate,Nepal Communist Party (Ekikrit Marxbadi Leninbadi),2598.0,11966,M,False,मन बहादुर कागते,,,Ilam Suryodaya Municipality Dabu Village,दुर्गा  कागते,,Koshi,Ilam,Ilam-1,59391,112296,,26.9167,88.0
31,340213,Vimala Gadal,Rastriya Swatantra Party,2528.0,9160,M,False,दुर्गा बहादुर गदाल,,,Lalitpur Mahalakshmi Municipality Kodakuchok,सीता  रिसाल गदाल,,Koshi,Ilam,Ilam-1,59391,112296,,26.9167,88.0
32,340630,Rana Bahadura Raee,Nepali Communist Party,2557.0,7665,M,False,एत सिह राई,,,Ilam Suryodaya Municipality,शुशीला  राई,,Koshi,Ilam,Ilam-1,59391,112296,,26.9167,88.0
33,339552,Buddha Lala Meche,Mongol National Organization,2511.0,801,M,False,सतालु  मेचे,,,Jhapa Mechinagar Municipality Ward Khal,छिन्ता  मेचे,,Koshi,Ilam,Ilam-1,59391,112296,,26.9167,88.0
34,339362,Jvala Nepala,Rastriya Prajatantra Party,2604.0,577,F,False,तारा  कुमार  नेपाल ,,,Kathmandu Kageshwari Manohara Municipality,,,Koshi,Ilam,Ilam-1,59391,112296,,26.9167,88.0
35,339675,Hari Bahadura Gurung,Ujyalo Nepal Party,2566.0,481,M,False,बोध वीर गुरुङ,,,Ilam Sandakpur Rural Municipality Fameguru,खेम कुमारी गुरुण,,Koshi,Ilam,Ilam-1,59391,112296,,26.9167,88.0
36,341364,Lila Bahadura Sunuvar,Janata Samajbadi Party (Ekal Chunab Chinha),2531.0,296,M,False,नर बहादुर सुनुवार,,,Ilam Suryodaya Municipality Sudung,सन्त माया सुनुवार,,Koshi,Ilam,Ilam-1,59391,112296,,26.9167,88.0
37,341045,Naradamani Sangapangg,Nepal Communist Party (Maoist),2526.0,165,M,False,चन्द्र नारायण साङपाङ्ग,,,Ilam Ilam Municipality,-  ,,Koshi,Ilam,Ilam-1,59391,112296,,26.9167,88.0
38,339474,Tulsi Keshari Prajapati (chhunju),Nepal Majdur Kisan Party,2578.0,44,F,False,तुल्सी भक्त छुंजु,,,Bhaktapur Bhaktapur municipality,राम कृष्ण प्रजापति,,Koshi,Ilam,Ilam-1,59391,112296,,26.9167,88.0
39,342168,Rama Prasada Limbu,Sanghiya Loktantrik Rastriya Manch,2550.0,39,M,False,जंग विर लिम्बू,,,Ilam Phakphokthum Rural Municipality Thingepur,मन माया चेम्जोङ्ग,,Koshi,Ilam,Ilam-1,59391,112296,,26.9167,88.0
40,340811,Dambara Sinha Limbu,Nepal Janamukti Party,2529.0,22,M,False,धन वीर लिम्बु,,,Ilam Sandakpur Rural Municipality Hangwaden,विविन्द्रा  लिम्बु,,Koshi,Ilam,Ilam-1,59391,112296,,26.9167,88.0
41,339922,Suhanga Nembang,Nepal Communist Party (Ekikrit Marxbadi Leninbadi),2598.0,22426,M,True,सुवासचन्द्र  नेम्बाङ्ग,,,Ilam Ilam Municipality,,,Koshi,Ilam,Ilam-2,63781,119475,,26.9,87.85
42,340271,Bhesharaja Aachary,Nepali Congress,2583.0,14650,M,False,कपिलमणि  आचार्य,,,Ilam Ilam Municipality Dihitar,मञ्जु  आचार्य,,Koshi,Ilam,Ilam-2,63781,119475,,26.9,87.85
43,339867,Sudipa Raee,Shram Sanskriti Party,2501.0,14400,M,False,मोहन सिहं राई,,,Ilam Deumai Municipality Surke,,,Koshi,Ilam,Ilam-2,63781,119475,,26.9,87.85
44,341350,Gokula Bahadura Raee,Rastriya Swatantra Party,2528.0,7814,M,False,थर्क बहादुर राई,,,Ilam Deumai Municipality,,,Koshi,Ilam,Ilam-2,63781,119475,,26.9,87.85
45,340605,Oma Bahadura Gurungg,Nepali Communist Party,2557.0,1172,M,False,सन्त बहादुर गुरुङ्ग,,,Ilam Phakphokthum rural municipality Metalung,,,Koshi,Ilam,Ilam-2,63781,119475,,26.9,87.85
46,341060,Pavitra Limbu Tumvangaphe,Rastriya Janamukti Party,2605.0,851,F,False,गणेश बहादुर तुम्वाङफे,,,Ilam Mangsebung Rural Municipality Tenggobung,लाख बहादुर लाबुङ,,Koshi,Ilam,Ilam-2,63781,119475,,26.9,87.85
47,339849,Divasa Raee,Rastriya Paribartan Party,2568.0,751,M,False,नारायण  राई,,,Ilam Mangsebung Rural Municipality,,,Koshi,Ilam,Ilam-2,63781,119475,,26.9,87.85
48,339583,Shyama Bahadura Limvu,Mongol National Organization,2511.0,704,M,False,याम बहादुर लिम्वु,,,Jhapa Mechinagar Municipality Hattisude,,,Koshi,Ilam,Ilam-2,63781,119475,,26.9,87.85
49,339478,Ganesha Prasada Dulal,Rastriya Prajatantra Party,2604.0,352,M,False,पदम लाल दुलाल,,,Ilam Deumai Municipality,गंगा  दुलाल,,Koshi,Ilam,Ilam-2,63781,119475,,26.9,87.85
50,341301,Sadara Sin Lingadena (limbu),Sanghiya Loktantrik Rastriya Manch,2550.0,254,M,False,जस बहादुर लिङदेन (लिम्बु),,,Ilam Mai Municipality,ललिता  लिङदेन (लिम्बु),,Koshi,Ilam,Ilam-2,63781,119475,,26.9,87.85
51,340147,Bala Bahadura Aangadembe,Janata Samajbadi Party (Ekal Chunab Chinha),2531.0,165,M,False,खड्‍ग बहादुर आङदेम्बे,,,Ilam Mai Municipality,सन्च माया आङदेम्बे,,Koshi,Ilam,Ilam-2,63781,119475,,26.9,87.85
52,340003,Homa Prasada Khativada,Nepal Communist Party (Maoist),2526.0,153,M,False,शिव लाल खतिवडा,,,Ilam Deumai Municipality Majhuwa,मञ्जु कला खतिवडा,,Koshi,Ilam,Ilam-2,63781,119475,,26.9,87.85
53,339431,Yama Vahadura Limbu,Nepal Janamukti Party,2529.0,60,M,False,कर्ण वहादुर लिम्बु,,,Ilam Mai Municipality Phul Wari,सुक माया लिम्बु,,Koshi,Ilam,Ilam-2,63781,119475,,26.9,87.85
54,340889,Daka Prasada Gautam,Swatantra,,29,M,False,मधुसुदन  गौतम,,,Ilam Ilam Municipality Kuldhara,हिमकला  शर्मा,,Koshi,Ilam,Ilam-2,63781,119475,,26.9,87.85
55,339485,Nisha Dangi,Rastriya Swatantra Party,2528.0,45680,F,True,Bhim Bahadur Dangi,स्नातकोत्तर,TU,Jhapa,,"पूर्व पत्रकार
पूर्व प्रतिनिधि सभा संसद",Koshi,Jhapa,Jhapa-1,78291,130993,Master's Degree,26.6333,88.0833
56,340934,Keshav Raj Pandey,Nepali Congress,2583.0,10550,M,False,सत्यनारायण  पाण्डे,स्नातक,TU,Jhapa Mechinagar Municipality Satighatta,हिरा देवी वजगाई,"पार्टीमा (ने.का) विभिन्‍न तहमा बसी काम गरेको।
विभिन्‍न संघ संस्थाको नेतृत्व गरेको।",Koshi,Jhapa,Jhapa-1,78291,130993,Bachelor's Degree,26.6333,88.0833
57,339617,Kevalram Rai,Shram Sanskriti Party,2501.0,10004,M,False,बलविर  राई,slc,ज्ञानोदय शिक्षा निकेदन धुलाबारी झापा,Jhapa Mechinagar Municipality Bhanu,सुकुडोमा  तामाङ्ग (राई),"समाजसेवी
कृषि बंगुर पालन 10 बर्षे अनुभव
विभिन्न संस्थामा अध्‍यक्ष भई काम गरेको",Koshi,Jhapa,Jhapa-1,78291,130993,Secondary Education (Grade 9-10 / SLC / SEE),26.6333,88.0833
58,340001,Ramchandra Upreti,Nepal Communist Party (Ekikrit Marxbadi Leninbadi),2598.0,7659,M,False,Trilochan Upreti,कक्षा 12,काँकरभिट्टा मा.वि. झापा,Jhapa,Laxmi Upreti,अध्‍यक्ष नेपाल बहुउद्देश्‍यीय सहकारी संस्था लि. झापा,Koshi,Jhapa,Jhapa-1,78291,130993,Higher Secondary / Intermediate (10+2 / PCL),26.6333,88.0833
59,339749,Hemraj Karki,Rastriya Prajatantra Party,2604.0,1612,M,False,Dil Bahadur Karki,स्नातकोत्तर,TU,Jhapa,Saraswati Karki,"प्राध्‍यापक त्रि.वि
परराष्ट्र ममिला अध्‍ययन प्रतिष्ठान, उपनिर्देशक (2072-73)",Koshi,Jhapa,Jhapa-1,78291,130993,Master's Degree,26.6333,88.0833
60,339463,Santosh Tamang,Mongol National Organization,2511.0,971,M,False,Durga Bahadur Tamang,स्नातक,"मेची बहुमुखी क्याम्पस, भद्रपुर झापा",Jhapa,,"स्वास्थ्‍य कर्मी, औषधी व्यवसायी",Koshi,Jhapa,Jhapa-1,78291,130993,Bachelor's Degree,26.6333,88.0833
61,340297,Ashesh Ghimire,Nepali Communist Party,2557.0,922,M,False,Bhaskar Ghimire,स्नातकोत्तर,TU,Jhapa,,"संगठन
इन्जिनियरिङ",Koshi,Jhapa,Jhapa-1,78291,130993,Master's Degree,26.6333,88.0833
62,340402,Naresh Kumar Lawati,Ujyalo Nepal Party,2566.0,485,M,False,जित बहादुर लावती,SLC ,श्री जन विकास मा.वि. विराटनगर मोरङ,Jhapa Mechinagar Municipality Manghim,साधना  लिम्बु लावती,"सामाजिक क्रियाकलापमा लामो समय काम गरेको।
खेलकुद विभाग तर्फ धेरै योगदान",Koshi,Jhapa,Jhapa-1,78291,130993,Secondary Education (Grade 9-10 / SLC / SEE),26.6333,88.0833
63,341655,Olin Rajbanshi,Nepal Sadbhawana Party,2555.0,109,M,False,सुरेस  राजवंशी,,,Jhapa Mechinagar Municipality Chaudharywadi,सुमित्रा  राजवंशी,,Koshi,Jhapa,Jhapa-1,78291,130993,,26.6333,88.0833
64,340653,Man Bahadur Sawa (Limbu),Sanghiya Loktantrik Rastriya Manch,2550.0,99,M,False,राम बहादुर साँवा(लिम्बु),कक्षा 10 पास,,Jhapa Buddhashanti rural municipality Guransbasti,देशिमाया  लिम्बु,"नवज्योति वन उपभोक्ता समुह शान्तिनगर 4-2 अध्यक्ष 
गणेश मा.वि.बुद्धशान्ति-4  व्यवस्थापन समिति अध्यक्ष 
बर्ने स्किम खानेपानी बुद्धशान्ति -4 सल्लाहकार",Koshi,Jhapa,Jhapa-1,78291,130993,Secondary Education (Grade 9-10 / SLC / SEE),26.6333,88.0833
65,339865,Durga Prasad Sawa Limbu,Swatantra,,84,M,False,अम्वर बहादुर लिम्वु,+ 2,श्री सरस्वती मा.वि. हाङपाङ ताप्लेजुङ,Panchthar Hillihang Rural Municipality Amarpur,लिला माया हेम्व्या,...,Koshi,Jhapa,Jhapa-1,78291,130993,Higher Secondary / Intermediate (10+2 / PCL),26.6333,88.0833
66,341776,Rama Meche,"Janata Samajbadi Party, Nepal",2542.0,43,F,False,Balin Rajbanshi,साधारण,श्री शहिद दशरथचन्द्र मा.वि. चारआली झँपा,Jhapa,Budhalal Meche,,Koshi,Jhapa,Jhapa-1,78291,130993,Literate / Non-Formal,26.6333,88.0833
67,340123,Ganesh Kumar Kharel,Swatantra,,33,M,False,Punya Prasad Kharel,SLC पास,काँकरभिट्टा मा.वि.,Jhapa,Jayanti Kharel,"देवकोटा पार्क व्यवस्थापन समिति अध्‍यक्ष - 6 बर्ष
श्री सुरेन्द्रगरन/घैलाडुब्‍बा मन्दिर संरक्षण समिति अध्‍यक्ष - 2 बर्ष
मेचीनगर -8 मेलमिलापकर्ता
पूर्व विद्यार्थी समाज काँकरभिट्टा मा.वि. सचिव- वर्तमान",Koshi,Jhapa,Jhapa-1,78291,130993,Secondary Education (Grade 9-10 / SLC / SEE),26.6333,88.0833
68,340077,Hiranya Prasad Bhattarai,Nepal Majdur Kisan Party,2578.0,23,M,False,Ramakanta Upadhyaya Bhattarai,SLC (पूर्व मध्‍यमा),"नेपाली संस्कृत विद्यालय बनारस, भारत",Sarlahi,,"कृषि,
प्राथमिक विद्यालयमा संस्थापक अध्‍यक्ष भई काम गरेको। ",Koshi,Jhapa,Jhapa-1,78291,130993,,26.6333,88.0833
69,340268,Khandru Karuwa,Nepal Janamukti Party,2529.0,17,M,False,Labu Kuruwa,साधारण,,Jhapa,Theri Kuruwa,मजदुर नेतृत्‍व,Koshi,Jhapa,Jhapa-1,78291,130993,Literate / Non-Formal,26.6333,88.0833
70,339380,Indira Rana Magar,Rastriya Swatantra Party,2528.0,60110,F,True,Pratap Singh Ranamagar,आई कम ,त्रिभुवन युनिभरसिटि,Jhapa,,"बालबालिका तथा महिला शसक्तिकरण कार्यमा बन्दि सहायता नेपाल मार्फत ३औ वर्ष काम गरेको
१ कार्यकाल प्रतिनिधि उपसभामुख जिम्मेवारी बहन गरेको",Koshi,Jhapa,Jhapa-2,91323,147499,Higher Secondary / Intermediate (10+2 / PCL),26.6167,88.0
71,339775,Dev Raj Ghimire,Nepal Communist Party (Ekikrit Marxbadi Leninbadi),2598.0,11368,M,False,Padam Prasad Ghimire,प्रविणता प्रमाण पत्र,त्रिभुवन विश्वविध्यालय,Taplejung,Tika Devi Ghimire,"2031 सालबाट नेपाल कम्युनिष्ट पार्टिमा संलग्न भई काम गरेको
 राष्ट्रसभा सदस्य (2054-60) 
2079/08/04 मा प्रतिनिधि सभा सदस्य निर्वाचनमा झापा २ बाट निर्वाचित
2079/10/05 मा प्रतिनिधि सभाको सभामुखमा निर्वाचित",Koshi,Jhapa,Jhapa-2,91323,147499,Higher Secondary / Intermediate (10+2 / PCL),26.6167,88.0
72,339545,Keshav Kumar Bhandari,Shram Sanskriti Party,2501.0,7291,M,False,Tulsi Prasad Bhandari,स्नातक तह,मेची क्याम्पस भद्रपुर,Jhapa,,"कम्प्यूटर टेक्निसियन
ड्राइभिङ्ग",Koshi,Jhapa,Jhapa-2,91323,147499,Bachelor's Degree,26.6167,88.0
73,340352,Sarita Prasai,Nepali Congress,2583.0,5616,F,False,Birendra Prasad Prasai,वि ए,मेची बहुमुखी क्याम्पस भद्रपुर झापा,Jhapa,,"नेपाली विद्यार्थि संघ तरुण दलको केन्द्रिय सदस्य
नेपाली काङ्गेसको केन्द्रिय सदस्य
संविधान सभा सदस्य, राष्ट्र सभा सदस्य
प्रतिनिधि सभा सदस्य",Koshi,Jhapa,Jhapa-2,91323,147499,Bachelor's Degree,26.6167,88.0
74,339568,Bhadra Prasad Nepal,Rastriya Prajatantra Party,2604.0,3966,M,False,Lila Dhar Nepal,एम ए एमसीजे विद्यावारिधिरत,त्रि वि / पूर्वाञ्चल विश्वविद्यालय/ लुम्बिनि अन्तराष्ट्रिय विश्वविद्यालय,Jhapa,Radhika Chamlagain,"पत्रकारिता
वकालत
शिक्षण/ प्रध्यापन
",Koshi,Jhapa,Jhapa-2,91323,147499,Doctorate / PhD,26.6167,88.0
75,340124,Dharmashila Chapagai,Nepali Communist Party,2557.0,1115,F,False,डिल्ली प्रसाद चापागाई,स्नातक तह,त्रिभुवन विश्वविद्यालय,Jhapa Arjundhara Municipality Sisne,शंखर  घिमिरे,"2048 सालदेखि 2051 साल सम्म मजदुरहरुको हितमा काम गरेको। 
गाँउमा रहेर स्वास्थ्यको लागि खेल भन्दै जुडो खेलको प्रशिक्षण दिएको
संविधान सभा सदस्य भई संघिय लोकतान्त्रिक अभ्यास गर्दै संविधान निर्माण गरेको
 स्वास्थ्य राज्य मन्त्रि भई स्वास्थ्यमा नितिगत परिवर्तन गरी काम गरेबो",Koshi,Jhapa,Jhapa-2,91323,147499,Bachelor's Degree,26.6167,88.0
76,340596,Chuda Karn Begha,Ujyalo Nepal Party,2566.0,560,M,False,सहर  ध्वज बेघा,वि ए,इन्डोर विश्वविद्यालय भारत,Jhapa Virtamod Municipality,रमला  बेघा,,Koshi,Jhapa,Jhapa-2,91323,147499,Bachelor's Degree,26.6167,88.0
77,341141,Ramesh Kumar Rajbanshi,Janamat Party,2585.0,380,M,False,शंखलाल  राजवंशी,+2,घैलाडुब्बा आदर्श विद्या मन्दिर मा वि ,Jhapa Kankai Municipality Nayadeuniawari,चन्द्रमाया  राजवंशी,,Koshi,Jhapa,Jhapa-2,91323,147499,Higher Secondary / Intermediate (10+2 / PCL),26.6167,88.0
78,339645,Yuvraj Sangroula,Swatantra,,305,M,False,कृष्ण प्रसाद संग्रौला,विद्यावारिधी देल्लि विश्वविद्यालय 2007,देल्हि विश्वविद्यालय कानुन संकाय,Bhaktapur Suryavinayak Municipal Water Tank,गीता  पाठक (संग्रौला),"2043-2046 साल सम्म त्रि वि पृथ्वीनारायण क्याम्पस पोखरा र त्यसपछि 2057 साल सम्म त्री वी कानुन संकाय काठमाण्डौ उपप्रध्यापक, काठमाण्डौ स्कुल अफ ल मा 2059 देखि 2082/04/01 सम्म 2068 साल नेपाल साज्यको महान्यायधिवक्ता आठ महिना विभीन्न निकायमा परामर्शदाता तथा समिति सदस्य",Koshi,Jhapa,Jhapa-2,91323,147499,Doctorate / PhD,26.6167,88.0
79,339400,Akal Bahadur Tamang,Mongol National Organization,2511.0,148,M,False,Man Bahadur Tamang,माध्यामिक तह,,Jhapa,Premkala Tamang,,Koshi,Jhapa,Jhapa-2,91323,147499,Secondary Education (Grade 9-10 / SLC / SEE),26.6167,88.0
80,340434,Til Bahadur Rai,Janata Samajbadi Party (Ekal Chunab Chinha),2531.0,99,M,False,Jagat Bahadur Rai,+ 2,मनकामना हायर सेकेन्डरी स्कुल,Jhapa,,"संविधान सभा निर्वाचन 2070 समानुपातिक उम्मेदवार
स्थानिय निर्वाचन उम्मेदवार
प्रदेश सभा निर्वाचन",Koshi,Jhapa,Jhapa-2,91323,147499,Higher Secondary / Intermediate (10+2 / PCL),26.6167,88.0
81,340650,Arjun Kumar Pandey,Nepal Communist Party (Maoist),2526.0,98,M,False,टिका राम पाण्डे,बि ए ,मेची बहुमुखी क्याम्पस भद्रपुर झापा,Jhapa Buddhashanti Rural Municipality Jaipur,धन कुमारी पाण्डे,"सभापति स्ववियू मेची बहुमुखी क्याम्पस भद्रपुर
उपाध्यक्ष साविक बुधबारे गा वि स",Koshi,Jhapa,Jhapa-2,91323,147499,Bachelor's Degree,26.6167,88.0
82,340575,Shree Prasad Sitaula,Nepal Communist Party (Sanyukta),2601.0,64,M,False,पुन्य प्रसाद सिटौला,कक्षा १२,सरकारी विद्यालय,Jhapa Virtamod Municipality,उमा देवी न्यौपाने,समाज सेवा वि सं 2050 साल देखि,Koshi,Jhapa,Jhapa-2,91323,147499,Higher Secondary / Intermediate (10+2 / PCL),26.6167,88.0
83,341479,Man Bahadur Pulami Magar,Nepal Janamukti Party,2529.0,61,M,False,Prem Bahadur Pulami Magar,साक्षर,,Jhapa,Pavimaya Pulami Magar,,Koshi,Jhapa,Jhapa-2,91323,147499,Literate / Non-Formal,26.6167,88.0
84,340208,Amrita Lawati,Sanghiya Loktantrik Rastriya Manch,2550.0,60,F,False,विर विक्रम  थाम्सुहाङ्ग,साधारण,,Jhapa Virtamod Municipality,लोक बहादुर लावती,,Koshi,Jhapa,Jhapa-2,91323,147499,Literate / Non-Formal,26.6167,88.0
85,340299,Punya Prasad Acharya,Swatantra,,56,M,False,Shiv Prasad Dhimire,साक्षर,,Taplejung,Dhan Maya Dhimire,सामाजिक संघ संस्थामा काम गरेको अनुभव,Koshi,Jhapa,Jhapa-2,91323,147499,Literate / Non-Formal,26.6167,88.0
86,339313,Chandra Kumari Garu,Nepal Majdur Kisan Party,2578.0,20,F,False,Dhan Bahadur Shrestha,कक्षा १०,घैलाडुब्बा मा वि झापा,Bhaktapur,Vishnu Hari Garu,,Koshi,Jhapa,Jhapa-2,91323,147499,Secondary Education (Grade 9-10 / SLC / SEE),26.6167,88.0
87,341084,Ramesh Kumar Karki,Swatantra,,6,M,False,Hem Bahadur Karki,एम ए अर्थशास्त्र / एम वि एस फाइनान्स,त्रिभुवन विश्वविद्यालय क्रितिपुर नेपाल,Tehrathum,Dil Kumari Basnet,"शिक्षण
समाजसेवा
असाप र निम्न क्षमता भएको असजिलोमा परेकालाई सहयोग",Koshi,Jhapa,Jhapa-2,91323,147499,Master's Degree,26.6167,88.0
88,339542,Prakash Pathak,Rastriya Swatantra Party,2528.0,38674,M,True,Teknath Pathak,स्‍नात्तकोतर,TU,Jhapa,,विभिन्न संचार माध्यममा विभिन्न भुमिकामा १४ वर्ष काम गरेको।,Koshi,Jhapa,Jhapa-3,82506,140825,Master's Degree,26.5833,87.95
89,339403,Rajendra Prasad Lingden,Rastriya Prajatantra Party,2604.0,17294,M,False,Man Prasad Lingden,स्‍नातक,TU,Jhapa,Sita Thapa,,Koshi,Jhapa,Jhapa-3,82506,140825,Bachelor's Degree,26.5833,87.95
90,340487,Rajendra Kumar Ghimire,Nepali Congress,2583.0,8199,M,False,Nanda Kumar Ghimire,डिप्लोमा,TU,Jhapa,Bimala Paudel,,Koshi,Jhapa,Jhapa-3,82506,140825,Diploma / Certificate Level,26.5833,87.95
91,340163,Hari Bahadur Rajbanshi,Nepal Communist Party (Ekikrit Marxbadi Leninbadi),2598.0,7492,M,False,खङ्गसिंह  राजवंशी,प्रविणता प्रमाण पत्र तह,,Jhapa Barhadashi rural municipality,गुदु  राजवंशी,"३७ वर्षको शिक्षण पेशा अनुभव
विभिन्न सामाजिक संस्थाको नेतृत्वको अनुभव
२०७० सालको संविधान सभा सदस्य",Koshi,Jhapa,Jhapa-3,82506,140825,Higher Secondary / Intermediate (10+2 / PCL),26.5833,87.95
92,339824,Dipak Timsina,Shram Sanskriti Party,2501.0,7339,M,False,Jay Prasad Timsina,BA,TU,Jhapa,Anju Timsina,,Koshi,Jhapa,Jhapa-3,82506,140825,Bachelor's Degree,26.5833,87.95
93,340843,Dilliram Ghimire,Nepali Communist Party,2557.0,1450,M,False,Dadhiram Ghimire,आइ. ए,TU,Jhapa,Shanta Ghimire,,Koshi,Jhapa,Jhapa-3,82506,140825,Higher Secondary / Intermediate (10+2 / PCL),26.5833,87.95
94,341526,Abhay Rajwanshi,Swatantra,,531,M,False,भानुभक्त  राजवंशी,आई एड,PU,Jhapa Kankai Municipality Mantribari,सकुन्तला  राजवंशी,,Koshi,Jhapa,Jhapa-3,82506,140825,Higher Secondary / Intermediate (10+2 / PCL),26.5833,87.95
95,341802,Shyam Krishna Pathak,Ujyalo Nepal Party,2566.0,388,M,False,Abikeshwar Pathak,स्‍नातक,TU,Jhapa,Yamuna Pathak,,Koshi,Jhapa,Jhapa-3,82506,140825,Bachelor's Degree,26.5833,87.95
96,339510,Yam Kumar Shrestha,Mongol National Organization,2511.0,380,M,False,Tara Bahadur Shrestha,SLC,,Jhapa,Januka Shrestha,,Koshi,Jhapa,Jhapa-3,82506,140825,Secondary Education (Grade 9-10 / SLC / SEE),26.5833,87.95
97,340341,Harsalal Rajbanshi,Janamat Party,2585.0,354,M,False,जरीया  राजवंशी,,,Jhapa Kachankawal Rural Municipality Wudhware,मिलन  राजवंशी,,Koshi,Jhapa,Jhapa-3,82506,140825,,26.5833,87.95
98,340751,Binita Kumari Rajbanshi,Janata Samajbadi Party (Ekal Chunab Chinha),2531.0,126,F,False,रेशम लाल राजवंशी,‌+2,,Jhapa Barhadashi rural municipality,,"शिक्षक तालिम प्राप्‍त/ मेची टेक्निकल ट्रेडिङ एकेडेमी बिर्तामोड झापा
अ.न.मि. तालिम प्राप्‍त CMA CTEVT Nepal",Koshi,Jhapa,Jhapa-3,82506,140825,Higher Secondary / Intermediate (10+2 / PCL),26.5833,87.95
99,342548,Santosh Katuwal,Nepal Communist Party (Maoist),2526.0,76,M,False,Duryodhan Katuwal,आइ ए,,Taplejung,,राजनैतिक सामाजिक संघ संस्था,Koshi,Jhapa,Jhapa-3,82506,140825,Higher Secondary / Intermediate (10+2 / PCL),26.5833,87.95
100,341225,Manprakash Sangroula,Swatantra,,74,M,False,रामचन्द्र  संग्रौला,स्‍नातक तह,TU,Jhapa Barhadashi Rural Municipality Durgadevi,,,Koshi,Jhapa,Jhapa-3,82506,140825,Bachelor's Degree,26.5833,87.95
101,341091,Karna Lal Rajbanshi,"Janata Samajbadi Party, Nepal",2542.0,48,M,False,रतिया  राजवंशि,SLC,,Jhapa Kachankawal Rural Municipality,निरु माया राजवंशि,,Koshi,Jhapa,Jhapa-3,82506,140825,Secondary Education (Grade 9-10 / SLC / SEE),26.5833,87.95
102,341953,Jayen Magar,National Republic Nepal,2504.0,38,M,False,Vishnu Kumar Thapa Magar,+2,HSEB,Jhapa,Man Maya Magar,,Koshi,Jhapa,Jhapa-3,82506,140825,Higher Secondary / Intermediate (10+2 / PCL),26.5833,87.95
103,341425,Chandrakala Sawa,Sanghiya Loktantrik Rastriya Manch,2550.0,33,F,False,Tek Bahadur Limbu,साधारण,,Jhapa,Milan Kumar Limbu,,Koshi,Jhapa,Jhapa-3,82506,140825,Literate / Non-Formal,26.5833,87.95
104,339466,Dharm Laxmi Duval (Laghu),Nepal Majdur Kisan Party,2578.0,10,F,False,मोहन बहादुर लघु,,,Bhaktapur Bhaktapur Municipality Inacho,सत्य राज दुवाल,जन प्रतिनिधी भई ५ वर्ष कार्य गरेको,Koshi,Jhapa,Jhapa-3,82506,140825,,26.5833,87.95
105,339393,Shambhu Prasad Dhakal,Rastriya Swatantra Party,2528.0,43631,M,True,Charan Prasad Dhakal,एम ए राजनीति शास्त्र,,Jhapa,Sharada Parajuli Dhakal,,Koshi,Jhapa,Jhapa-4,77054,130704,Master's Degree,26.5667,87.85
106,339967,Lal Prasad Sawa Limbu,Nepal Communist Party (Ekikrit Marxbadi Leninbadi),2598.0,11986,M,False,बुद्धि मान लिम्बू,एम ए,त्रि वि,Jhapa Shivsatakshi Municipality Milanchowk,मनिषा  सुब्बा नाल्बु,पूर्व शिक्षक र प्रतिनिधि सभा २ कार्यकाल,Koshi,Jhapa,Jhapa-4,77054,130704,Master's Degree,26.5667,87.85
107,340608,Deu Kumar Thewe,Nepali Congress,2583.0,9434,M,False,कृतिमान  थेवे,एस एल सि,,Jhapa Jhapa Rural Municipality Situmari,डम्वर कुमारी थेवे,"२ कार्यकाल झापा गापा को अध्यक्ष
हेटौडा सिमेन्ट उद्योगको सदस्य ए कार्यकाल
नेपाली काग्रेस जिल्ला सभापति",Koshi,Jhapa,Jhapa-4,77054,130704,Secondary Education (Grade 9-10 / SLC / SEE),26.5667,87.85
108,339446,Amrita Devi Rai,Shram Sanskriti Party,2501.0,7161,F,False,Vishnu Das Rai,एस एल सी (अन्डर),,Jhapa,,,Koshi,Jhapa,Jhapa-4,77054,130704,Secondary Education (Grade 9-10 / SLC / SEE),26.5667,87.85
109,339903,Bhakti Prasad Sitaula,Rastriya Prajatantra Party,2604.0,2080,M,False,Devibhakta Sitoula,स्नातक,त्रि वि वि,Tehrathum,Luna Sitoula,,Koshi,Jhapa,Jhapa-4,77054,130704,Bachelor's Degree,26.5667,87.85
110,340367,Purushottam Chudal,Nepali Communist Party,2557.0,1362,M,False,Prem Prasad Chudal,स्नातक,त्रिवि,Jhapa,Pushpa Upreti Chudal,सामाजिक कार्य र पार्टी संचालन,Koshi,Jhapa,Jhapa-4,77054,130704,Bachelor's Degree,26.5667,87.85
111,340865,Santosh Tamang,Ujyalo Nepal Party,2566.0,432,M,False,Man Bahadur Tamang,इन्जिनियर,एसिमि इन्जिनियरिङ कलेज,Jhapa,,सिनियर इन्जिनियर इन रोमन कन्सट्रक्सन,Koshi,Jhapa,Jhapa-4,77054,130704,Bachelor's Degree,26.5667,87.85
112,340169,Lothro Hemram,Janamat Party,2585.0,260,M,False,श्रीराम  हेमरम,सामान्य लेखपढ,,Jhapa Jhapa Rural Municipality,छुमी  हेमरम,,Koshi,Jhapa,Jhapa-4,77054,130704,Literate / Non-Formal,26.5667,87.85
113,341104,Kiran Limbu Lingden,Sanghiya Loktantrik Rastriya Manch,2550.0,141,M,False,Jas Bahadur Limbu Lingden,एस एल सी,राष्ट्रिय रमणिय मा वि दुधे झापा,Jhapa,Hari Kala Limbu Lingden,"शान्ति समाज सेवा क्लबको आजिवन सदस्य
जातिय संघ संस्थामा आवद्ध
यहि पार्टीको स्थापनाकाल देखि निरन्तर हाल",Koshi,Jhapa,Jhapa-4,77054,130704,Secondary Education (Grade 9-10 / SLC / SEE),26.5667,87.85
114,341325,Tara Bahadur Thapa,Nepal Communist Party (Maoist),2526.0,125,M,False,Bhim Bahadur Thapa,एस एल सी पास,,Jhapa,,"२० वर्षदेखि राजनीतिमा क्रियाशिल
समाज सेवामा आवद्ध
कृषि व्यवसायमा क्रियाशिल",Koshi,Jhapa,Jhapa-4,77054,130704,Secondary Education (Grade 9-10 / SLC / SEE),26.5667,87.85
115,339699,Dilip Dhimal,Mongol National Organization,2511.0,120,M,False,Harka Dhimal,प्रविणता प्रमाण पत्र तह,,Jhapa,,पत्रकारिता,Koshi,Jhapa,Jhapa-4,77054,130704,Higher Secondary / Intermediate (10+2 / PCL),26.5667,87.85
116,341568,Trinarayan Rajwanshi,Rastriya Mukti Party Nepal (Ekal Chunab Chinha),2531.0,98,M,False,रतनलाल  राजवंशी,एस एल सी,आदर्श मा वि घैलाडुब्बा,Jhapa Kankai Municipality Durgapur,देवीमाया  राजवंशी,,Koshi,Jhapa,Jhapa-4,77054,130704,Secondary Education (Grade 9-10 / SLC / SEE),26.5667,87.85
117,340788,Tek Bahadur Adhikari,Nepal Communist Party Marxbadi (Pushpalal),2523.0,74,M,False,Jang Bahadur Adhikari,साधारण,,Jhapa,Anita Adhikari,,Koshi,Jhapa,Jhapa-4,77054,130704,Literate / Non-Formal,26.5667,87.85
118,342097,Sajan Majhi,Swatantra,,57,M,False,Tanka Bahadur Majhi,प्लस टु,,Jhapa,,,Koshi,Jhapa,Jhapa-4,77054,130704,Higher Secondary / Intermediate (10+2 / PCL),26.5667,87.85
119,340952,Palatana Tajapuriya,"Janata Samajbadi Party, Nepal",2542.0,54,M,False,ग्रहनलाल  ताजपुरिया,साधारण,,Jhapa Shivsatakshi Municipal People,देबन्ती  ताजपुरिया,,Koshi,Jhapa,Jhapa-4,77054,130704,Literate / Non-Formal,26.5667,87.85
120,339646,Tulsi Laxmi Dumru (Bati),Nepal Majdur Kisan Party,2578.0,39,F,False,Tulsi Narayan Dumru,एम एड,,Bhaktapur,Pranesh Bati,दश वर्षदेखि शिक्षण सेवामा,Koshi,Jhapa,Jhapa-4,77054,130704,Master's Degree,26.5667,87.85
121,339653,Balendra Shah,Rastriya Swatantra Party,2528.0,68348,M,True,Ram Narayan Shah,BTU,,Kathmandu,,,Koshi,Jhapa,Jhapa-5,102338,163356,Bachelor's Degree,26.55,87.7
122,340111,KP Sharma Oli,Nepal Communist Party (Ekikrit Marxbadi Leninbadi),2598.0,18734,M,False,मोहन प्रसाद ओली,,,Bhaktapur Suryavinayak Municipality Balkot,राधिका  शाक्य,,Koshi,Jhapa,Jhapa-5,102338,163356,,26.55,87.7
123,342365,Samir Tamang,Shram Sanskriti Party,2501.0,9233,M,False,Dhan Bahadur Tamang,10+2,,Sunsari,,,Koshi,Jhapa,Jhapa-5,102338,163356,Higher Secondary / Intermediate (10+2 / PCL),26.55,87.7
124,340445,Mandhara Chimariya,Nepali Congress,2583.0,1821,F,False,Lal Bahadur Chimariya,SLC,,Taplejung,Rajendra Kumar Paudel,,Koshi,Jhapa,Jhapa-5,102338,163356,Secondary Education (Grade 9-10 / SLC / SEE),26.55,87.7
125,339386,Laxmi Prasad Sangroula,Rastriya Prajatantra Party,2604.0,1536,M,False,श्रीप्रसाद  संग्रौला,आइ ए,,Jhapa Damak Municipality Lakshmi Marg,लिला देवी विमली,,Koshi,Jhapa,Jhapa-5,102338,163356,Higher Secondary / Intermediate (10+2 / PCL),26.55,87.7
126,340171,Ranjit Tamang,Nepali Communist Party,2557.0,1461,M,False,Lok Bahadur Tamang,,TU,Jhapa,Durga Bhattarai,,Koshi,Jhapa,Jhapa-5,102338,163356,,26.55,87.7
127,340730,Amritlal Mahto,Janamat Party,2585.0,296,M,False,नन्दलाल महतो,SLC,,Telkani of Jhapa Gouriganj Rural Municipality,महंगीकुमारी महतो,,Koshi,Jhapa,Jhapa-5,102338,163356,Secondary Education (Grade 9-10 / SLC / SEE),26.55,87.7
128,339687,Sushant Sampang Rai,Rastriya Paribartan Party,2568.0,204,M,False,Shyam Kumar Rai,,TU,Jhapa,,फोटो व्यवसायी,Koshi,Jhapa,Jhapa-5,102338,163356,,26.55,87.7
129,339421,San Bahadur Meche,Mongol National Organization,2511.0,166,M,False,Nandalal Meche,10+2,,Jhapa,Anupa Meche,,Koshi,Jhapa,Jhapa-5,102338,163356,Higher Secondary / Intermediate (10+2 / PCL),26.55,87.7
130,341042,Shobha Bhandari,Swatantra,,82,F,False,Ram Bahadur Magar,SLC,,Jhapa,Kiran Bhandari,,Koshi,Jhapa,Jhapa-5,102338,163356,Secondary Education (Grade 9-10 / SLC / SEE),26.55,87.7
131,341101,Sanjay Rai,Nepal Communist Party (Maoist),2526.0,76,M,False,Bhal Bahadur Rai,BBS,,Jhapa,,,Koshi,Jhapa,Jhapa-5,102338,163356,Bachelor's Degree,26.55,87.7
132,340581,Padam Bahadur Javegu,Nepal Janamukti Party,2529.0,72,M,False,श्री प्रसाद जवेगु,BBS,TU,Creation of Jhapa Damak Municipality,,व्यापार तथा खेलकुद क्षेत्रमा,Koshi,Jhapa,Jhapa-5,102338,163356,Bachelor's Degree,26.55,87.7
133,341500,Sushant Sampang Rai,Sanghiya Loktantrik Rastriya Manch,2550.0,72,M,False,Shyam Kumar Rai,bachelor,,Jhapa,,,Koshi,Jhapa,Jhapa-5,102338,163356,Bachelor's Degree,26.55,87.7
134,341745,Dhiren Subba,"Janata Samajbadi Party, Nepal",2542.0,42,M,False,Chhatrasingh Lawati,10+2,,Kathmandu,Hari Devi Rai,,Koshi,Jhapa,Jhapa-5,102338,163356,Higher Secondary / Intermediate (10+2 / PCL),26.55,87.7
135,340964,Amrit Rasaili,Rastriya Mukti Party Nepal (Ekal Chunab Chinha),2531.0,35,M,False,Buddhiman Rasaili,SLC,,Tehrathum,Bimala Rasaili,,Koshi,Jhapa,Jhapa-5,102338,163356,Secondary Education (Grade 9-10 / SLC / SEE),26.55,87.7
136,339300,Dharmraj Guragain,People First Party,2552.0,34,M,False,नर प्रसाद गुरागाई,10+2,,Jhapa Gouradah Municipality Gouradah,सरस्वति  पोखरेल,,Koshi,Jhapa,Jhapa-5,102338,163356,Higher Secondary / Intermediate (10+2 / PCL),26.55,87.7
137,342521,Khemnath Shiwakoti,Swatantra,,25,M,False,Chandra Prasad Shiwakoti,SLC,,Morang,Sabitra Shivakoti,,Koshi,Jhapa,Jhapa-5,102338,163356,Secondary Education (Grade 9-10 / SLC / SEE),26.55,87.7
138,342687,Damvara Shahu,Swatantra,,24,M,False,सिउले  शाहु,स्नात्कोत्तर,,Salyan Sidd Kumakh Rural Municipality,सरस्वती  बुढाथोकी,,Koshi,Jhapa,Jhapa-5,102338,163356,Master's Degree,26.55,87.7
139,342498,Puskar Khatiwada,Swatantra,,24,M,False,सेतु  खतिवडा,आचार्य,,Jhapa Buddhashanti Rural Municipality,,,Koshi,Jhapa,Jhapa-5,102338,163356,Master's Degree,26.55,87.7
140,341971,Bipul Guragain,Swatantra,,19,M,False,Yagya Prasad Guragai,10+2,,Jhapa,,,Koshi,Jhapa,Jhapa-5,102338,163356,Higher Secondary / Intermediate (10+2 / PCL),26.55,87.7
141,341581,Arjun Sapkota,Swatantra,,15,M,False,Prajapati Sapkota,SLC,,Jhapa,,,Koshi,Jhapa,Jhapa-5,102338,163356,Secondary Education (Grade 9-10 / SLC / SEE),26.55,87.7
142,342192,Ranjana Gautam,Swatantra,,10,F,False,Kamalpati Gautam,10+2,,Jhapa,Bhawani Dahal,,Koshi,Jhapa,Jhapa-5,102338,163356,Higher Secondary / Intermediate (10+2 / PCL),26.55,87.7
143,339787,Matrika Bhattarai,Swatantra,,6,M,False,Padam Prasad Bhattarai,,,Jhapa,Bimala Bhattarai,,Koshi,Jhapa,Jhapa-5,102338,163356,,26.55,87.7
144,341230,Prakash Nepal,Swatantra,,3,M,False,Dambar Prasad Nepal,10+2,,Bhojpur,Radhika Karki,,Koshi,Jhapa,Jhapa-5,102338,163356,Higher Secondary / Intermediate (10+2 / PCL),26.55,87.7
145,340348,Arjun Kumar Karki,Nepal Communist Party (Ekikrit Marxbadi Leninbadi),2598.0,15636,M,True,Ratna Bahadur Karki,बिद्यावारीधि,"university of east anglia, school of development studies, UK",Sankhuwasabha,Gauri Thakuri,"संयुक्त राज्य अमेरिका तथा ल्याटिन अमेरिका र क्यारिवियन क्षेत्रका बिभिन्ने देशहरूमा नेपालको राजदुतको रुपमा सेवा गर्दै नेपालको सार्वभौमिकता, राष्ट्रिय हित र अन्तर्राष्ट्रिय सम्बन्ध सुदृढ गर्ने कार्यमा नेपालको तर्फबाट नेतृत्वदायी भूमिकासमेत।",Koshi,Sankhuwasabha,Sankhuwasabha-1,58888,119388,Doctorate / PhD,27.6,87.25
146,340114,Mingma Sherpa,Rastriya Swatantra Party,2528.0,15000,M,False,Ongdi Sherpa,कक्षा ७ उत्तीर्ण,,Sankhuwasabha,Chungla Sherpa,"पर्वतारोहण
पर्यटन व्यवसाय
सामाजिक कार्य
राजनीति",Koshi,Sankhuwasabha,Sankhuwasabha-1,58888,119388,Basic Education (Up to Grade 8),27.6,87.25
147,340661,Dipen Kumar Shrestha,Nepali Congress,2583.0,13271,M,False,राम बहादुर श्रेष्ठ,एम.ए,त्रिभूवन विश्वविद्यालय,Sankhuwasabha Khandwari Municipality Redkramarg,सलवन  श्रेष्ठ,"केन्द्रिय सदस्य ने.वि.सं
पूर्व सभापति ने.का, संस
केन्द्रिय सदस्य ने.का.",Koshi,Sankhuwasabha,Sankhuwasabha-1,58888,119388,Master's Degree,27.6,87.25
148,339989,Uma Kumari Rai,Shram Sanskriti Party,2501.0,9857,F,False,Dil Kumar Rai,बि.एड,त्रिभुवन विश्वविद्यालय,Sankhuwasabha,Bhagwan Rai,"जिल्ला उसु प्रशिक्षक संखुवासभा
राष्ट्रिय उसु प्रशिक्षक
समाजसेवी
राष्ट्रिय कोच",Koshi,Sankhuwasabha,Sankhuwasabha-1,58888,119388,Bachelor's Degree,27.6,87.25
149,341044,Sarita Thapa,Nepali Communist Party,2557.0,2812,F,False,Balkumar Thapa,एम.एड.,पूर्वाञ्चल विश्वविद्यालय,Morang,Dambar Bahadur Khadka,"शिक्षण १७ वर्ष
प्रदेश सांसद ५ वर्ष
प्रदेश सामाजिक विकास समिति सभापति",Koshi,Sankhuwasabha,Sankhuwasabha-1,58888,119388,Master's Degree,27.6,87.25
150,341337,Ghanshyam Waling Rai,Rastriya Paribartan Party,2568.0,1352,M,False,दल बहादुर वालिङ राई,BBS,त्रिभूवन विश्वविद्यालय,Sankhuwasabha Khandwari Municipality Mayam,सुमित्रा  राई,,Koshi,Sankhuwasabha,Sankhuwasabha-1,58888,119388,Bachelor's Degree,27.6,87.25
151,339647,Puspa Koirala,Nepal Communist Party (Maoist),2526.0,265,M,False,निर बहादुर कोईराला,एम.एड.,त्रिभूवन विश्वविद्यालय,Sankhuwasabha Chainpur Municipality Paudel,टिका देवी कोईराला,"राजनैतिक पार्टिमा 2041 सालदेखि निरन्तर सक्रिय, शिक्षण पेशा पनि गरेको।",Koshi,Sankhuwasabha,Sankhuwasabha-1,58888,119388,Master's Degree,27.6,87.25
152,342606,Padam Bahadur Tamang,Rastriya Prajatantra Party,2604.0,199,M,False,Harka Bahadur Tamang,आई.ए,,Sankhuwasabha,Him Kumari Tamang,,Koshi,Sankhuwasabha,Sankhuwasabha-1,58888,119388,Higher Secondary / Intermediate (10+2 / PCL),27.6,87.25
153,340520,Bharat Kumar Rai (Yakkha),"Janata Samajbadi Party, Nepal",2542.0,135,M,False,Ran Bahadur Rai (Yakkha),स्नातकोत्तर,त्रिभूवन विश्वविद्यालय,Sankhuwasabha,Tara Rai (Yakkha),"याक्खा मतृभाषाको विशेषज्ञ
खानेपानी संस्था पाँच वर्ष
याक्खा मातृसाक्षरता कार्यक्रम 
किरात याक्खा छुम्मा संस्थाको उपमहासचिव",Koshi,Sankhuwasabha,Sankhuwasabha-1,58888,119388,Master's Degree,27.6,87.25
154,342003,Hem Kumar Gurung,Rastriya Janamorcha,2522.0,107,M,False,Govardhan Gurung,साधारण लेखपढ,,Sankhuwasabha,Tika Maya Gurung,समाजसेवा तथा राजनीतिक ज्ञानसमेत,Koshi,Sankhuwasabha,Sankhuwasabha-1,58888,119388,Literate / Non-Formal,27.6,87.25
155,341209,Krishna Bahdur Rai,Nepali Janashramdan Sanskriti Party,2579.0,89,M,False,चन्द्र बहादुर राई,एम. एड,पूर्वाञ्चल विश्वविद्यालय,Sankhuwasabha Silichong rural municipality,,"सामाजिक सेवा
देशको सेवा राष्ट्रिय अन्तर्राष्टिय समन्वय",Koshi,Sankhuwasabha,Sankhuwasabha-1,58888,119388,Master's Degree,27.6,87.25
156,339449,Devendra Kuar (Rilli) Ghale,Mongol National Organization,2511.0,63,M,False,शन्त वीर घले,अन्डर एस.एल.सी.,,Sankhuwasabha Chichila rural municipality Bagsida,दिल माया गुरुङ,,Koshi,Sankhuwasabha,Sankhuwasabha-1,58888,119388,Secondary Education (Grade 9-10 / SLC / SEE),27.6,87.25
157,340212,Vasudeba Dahal,Swatantra,,29,M,False,देवी प्रसाद दाहाल,SLC/CMA,,Sankhuwasabha Madi Municipality,इन्दिरा  मैनाली,,Koshi,Sankhuwasabha,Sankhuwasabha-1,58888,119388,Diploma / Certificate Level,27.6,87.25
158,340791,Keshar Singh Rai,Nepal Janamukti Party,2529.0,27,M,False,Bhimsen Bahadur Rai,प्राथमिक तह,,Sankhuwasabha,Indra Kumari Rai,"वडा अध्यक्ष
राजनीतिक दल पार्टी सभापति
समाजसेवा",Koshi,Sankhuwasabha,Sankhuwasabha-1,58888,119388,Basic Education (Up to Grade 8),27.6,87.25
159,340947,Ran Maya Rai (Chamling),Sanghiya Loktantrik Rastriya Manch,2550.0,24,F,False,Rahaman Rai,९ कक्षा,हेदाङना माध्यमिक विद्यालय,Sankhuwasabha,Tek Bahadur Rai (Chamling),सामाजिक सञ्जाल अभियान्ता समेत,Koshi,Sankhuwasabha,Sankhuwasabha-1,58888,119388,Secondary Education (Grade 9-10 / SLC / SEE),27.6,87.25
160,339355,Raj Kumar Laghu,Nepal Majdur Kisan Party,2578.0,22,M,False,Mohan Bahadur Laghu,एम.ए. राजनौतिक शास्त्र,त्रिभूवन विश्वविद्यालय,Bhaktapur,Babi Kawan,,Koshi,Sankhuwasabha,Sankhuwasabha-1,58888,119388,Master's Degree,27.6,87.25
161,340612,Santosha Subva,Nepali Congress,2583.0,11561,M,True,सुरेश कुमार निङलेकु,एल.एल.बि,महेन्द्र मोरङ विराटनगर,Tehrathum Myanglung Municipality Campus Tol,नैना कुमारी स‌ंग्रौला सुब्बा),,Koshi,Tehrathum,Tehrathum-1,36795,73093,Bachelor's Degree,27.1333,87.5333
162,340855,Bhanu Bhakta Dhakal,Nepal Communist Party (Ekikrit Marxbadi Leninbadi),2598.0,10682,M,False,कुल प्रसाद ढकाल,बि.एड. एम.ए समाज शास्त्र,त्रि.वि.वि.,Morang Sundarharaincha Municipality,इन्दिरा  फुयौल ढकाल,,Koshi,Tehrathum,Tehrathum-1,36795,73093,Master's Degree,27.1333,87.5333
163,342758,Surendra Karki,Rastriya Swatantra Party,2528.0,7737,M,False,विरेन्द्र  कार्की,,,Tehrathum Myanglung Municipality,,,Koshi,Tehrathum,Tehrathum-1,36795,73093,,27.1333,87.5333
164,339986,Suvindra Kumara Limvu,Shram Sanskriti Party,2501.0,5200,M,False,हस्त  बहादुर  लिम्वु ,स्नातक तह,,Tehrathum Myanglung Municipality,लक्ष्मी   लिम्वु ,,Koshi,Tehrathum,Tehrathum-1,36795,73093,Bachelor's Degree,27.1333,87.5333
165,341720,Ranadhvaja Limvu,Nepali Communist Party,2557.0,919,M,False,राज बहादुर लिम्वु,,,Jhapa Jhapa Rural Municipality,,,Koshi,Tehrathum,Tehrathum-1,36795,73093,,27.1333,87.5333
166,339666,Usha Laksh‍mi Tumvahangaphe,Rastriya Paribartan Party,2568.0,283,F,False,भिम बहादुर तुम्वाहाङफे,+2 pass,,Tehrathum Myanglung Municipality Lamachautara,,,Koshi,Tehrathum,Tehrathum-1,36795,73093,Higher Secondary / Intermediate (10+2 / PCL),27.1333,87.5333
167,339724,Shankara Mana Limbu,Sanghiya Loktantrik Rastriya Manch,2550.0,136,M,False,हेम प्रसाद लिम्बु,,,Tehrathum Chhathar Rural Municipality Kabra Bote,आन्नद कुमारी लिम्बु,,Koshi,Tehrathum,Tehrathum-1,36795,73093,,27.1333,87.5333
168,342034,Homabhakta Limbu (kurumvanga),Rastriya Prajatantra Party,2604.0,125,M,False,बल बहादुर लिम्बु (कुरुम्वाङ),,,Tehrathum Fedap Rural Municipality Pahare Sakfara,सानु  लिम्बु (कुरुम्वाङ),,Koshi,Tehrathum,Tehrathum-1,36795,73093,,27.1333,87.5333
169,341875,Mana Kumara Limvu,Nepal Communist Party (Maoist),2526.0,71,M,False,ज्ञान  बहादुर लिम्वू,,,Tehrathum Myanglung Municipality,नरवदा   लिम्वू,,Koshi,Tehrathum,Tehrathum-1,36795,73093,,27.1333,87.5333
170,340235,Ganga Vahadura Chongavang Limbu,Mongol National Organization,2511.0,41,M,False,जित वहादुर चोङवाङ् लिम्बु,एस.एल.सि,श्री ईसिबू मा.वि,Tehrathum Fedap rural municipality,,,Koshi,Tehrathum,Tehrathum-1,36795,73093,Secondary Education (Grade 9-10 / SLC / SEE),27.1333,87.5333
171,341762,Sagara Natha Regmi,Nepal Janamukti Party,2529.0,23,M,False,कुल प्रसाद रेग्मी,,,Tehrathum Myanglung Municipality Pipley,रुक मिना रेग्मी,,Koshi,Tehrathum,Tehrathum-1,36795,73093,,27.1333,87.5333
172,339382,Tanka Prasada Bhattaraee,Nepal Communist Party Marxbadi (Pushpalal),2523.0,17,M,False,मनरथ  भट्टराई,,,Tehrathum Fedap Rural Municipality Batase,,,Koshi,Tehrathum,Tehrathum-1,36795,73093,,27.1333,87.5333
173,339479,Dhruvaraja Raee,Shram Sanskriti Party,2501.0,16663,M,True,मणि प्रसाद राई,,,Bhojpur Temkemaiung rural municipality,,,Koshi,Bhojpur,Bhojpur-1,53728,125710,,27.1667,87.05
174,339661,Sherdhan Rai,Nepal Communist Party (Ekikrit Marxbadi Leninbadi),2598.0,14750,M,False,Jagirman Rai,,,Bhojpur,,,Koshi,Bhojpur,Bhojpur-1,53728,125710,,27.1667,87.05
175,341046,Balkrishna Thapa,Nepali Congress,2583.0,8670,M,False,Ganesh Bahadur Thapa,,,Bhojpur,Sunita Thapa,,Koshi,Bhojpur,Bhojpur-1,53728,125710,,27.1667,87.05
176,340071,Ramesh Prashad Ojha,Rastriya Swatantra Party,2528.0,6102,M,False,चन्द्र प्रसाद ओझा,,,Bhojpur Bhojpur Municipality,पर्मिला कुमारी बराल (ओझा),,Koshi,Bhojpur,Bhojpur-1,53728,125710,,27.1667,87.05
177,340789,Ajambar Rai Kangman,Nepali Communist Party,2557.0,5728,M,False,सुर्य धन राई,,,Bhojpur Temkemaiyung Rural Municipality Charghare,कुमारी  राई,,Koshi,Bhojpur,Bhojpur-1,53728,125710,,27.1667,87.05
178,339814,Jitendra Rai,Rastriya Paribartan Party,2568.0,812,M,False,Kumar Rai,,,Bhojpur,Sushila Rai,,Koshi,Bhojpur,Bhojpur-1,53728,125710,,27.1667,87.05
179,340762,Gopal Kumar Rai,Janata Samajbadi Party (Ekal Chunab Chinha),2531.0,256,M,False,Karna Bahadur Rai,,,Bhojpur,Chitra Rekha Rai,,Koshi,Bhojpur,Bhojpur-1,53728,125710,,27.1667,87.05
180,340219,Chandra Prasad Rai,Mongol National Organization,2511.0,246,M,False,Sarku Man Rai,,,Bhojpur,,,Koshi,Bhojpur,Bhojpur-1,53728,125710,,27.1667,87.05
181,340499,Dewan Raj Rai,Nepal Communist Party (Maoist),2526.0,203,M,False,Jaman Singh Rai,,,Bhojpur,Anjana Rai,,Koshi,Bhojpur,Bhojpur-1,53728,125710,,27.1667,87.05
182,339882,Janak Nepal,Rastriya Prajatantra Party,2604.0,197,M,False,Som Prasad Nepal,,,Bhojpur,,,Koshi,Bhojpur,Bhojpur-1,53728,125710,,27.1667,87.05
183,339311,Raja Ram Bashi,Nepal Majdur Kisan Party,2578.0,66,M,False,पुर्ण बहादुर बासी, एस एल सी,.,Bhaktapur Bhaktapur Municipal District,लक्ष्मी शोभा बासी,,Koshi,Bhojpur,Bhojpur-1,53728,125710,,27.1667,87.05
184,342286,Yubaraj Thapa,Aam Janata Party (Ekal Chunab Chinha),2581.0,35,M,False,Gobinda Bahadur Thapa,,,Bhojpur,,,Koshi,Bhojpur,Bhojpur-1,53728,125710,,27.1667,87.05
185,339725,Rajendra Kumar Rai,Nepal Communist Party (Ekikrit Marxbadi Leninbadi),2598.0,18132,M,True,Tej Bahadur Rai,आई.ए.,त्रि.वि.,Dhankuta,Manju Rai,"२०७४ र २०७९ मा सम्पन्न प्रतिनिधि सभा सदस्य निर्वाचन विजयी
दुई पटक संघीय मन्त्रीको जिम्मेवारी 
२०४९ मा जि.वि.स. सदस्य र २०५४ मा जि.वि.स. उपसभापति",Koshi,Dhankuta,Dhankuta-1,59208,118339,Higher Secondary / Intermediate (10+2 / PCL),26.9833,87.3333
186,340038,Dinesh Rai,Nepali Congress,2583.0,14257,M,False,Ganga Bahadur Rai,आई.एड.,त्रि.वि.,Dhankuta,Sangita Rai,"किरात आठपहरिया समाजको संयोजक 
जनजाती युवा मंहासघ धनकुटाको जिल्ला अध्यक्ष
सहकारी संस्थाको अध्यक्ष
",Koshi,Dhankuta,Dhankuta-1,59208,118339,Higher Secondary / Intermediate (10+2 / PCL),26.9833,87.3333
187,339496,San Bahadur Rai,Shram Sanskriti Party,2501.0,11932,M,False,Jan Bahadur Rai,एस.एल.सि.,एस.एल.सि. बोर्ड,Dhankuta,Bina Rikham Magar,,Koshi,Dhankuta,Dhankuta-1,59208,118339,Secondary Education (Grade 9-10 / SLC / SEE),26.9833,87.3333
188,340886,Dinesh Bhandari,Rastriya Swatantra Party,2528.0,9944,M,False,Dhan Bahadur Bhandari,स्नातक,त्रि.वि.,Dhankuta,,,Koshi,Dhankuta,Dhankuta-1,59208,118339,Bachelor's Degree,26.9833,87.3333
189,340302,Dharma Raj Paudel,Nepali Communist Party,2557.0,1665,M,False,_____ ___ _____ (Uddhav Mani Paudel),एम.ए,त्रि.वि.,Dhankuta,Bindu Paudel,जि.वि.स.धनकुटाको पूर्वसभापति २०४९-२०५४,Koshi,Dhankuta,Dhankuta-1,59208,118339,Master's Degree,26.9833,87.3333
190,342473,Lakpa Tamang,Swatantra,,1181,M,False,Dhan Bahadur Tamang,स्नातकोत्तर,त्रि.वि.,Dhankuta,,,Koshi,Dhankuta,Dhankuta-1,59208,118339,Master's Degree,26.9833,87.3333
191,340463,Bibhatsu Thapa,Rastriya Prajatantra Party,2604.0,703,M,False,Virat Thapa,वि.एड. डब्लु,त्रि.वि.,Kathmandu,,U-19 राष्ट्रिय क्रिकेट,Koshi,Dhankuta,Dhankuta-1,59208,118339,Bachelor's Degree,26.9833,87.3333
192,341432,Ait Raj Limbu,"Janata Samajbadi Party, Nepal",2542.0,432,M,False,Hasta Bahadur Limbu,आई.एड,त्रि.वि.,Dhankuta,Buddha Rani Limbu,,Koshi,Dhankuta,Dhankuta-1,59208,118339,Higher Secondary / Intermediate (10+2 / PCL),26.9833,87.3333
193,340798,Nishan Rai,Janata Samajbadi Party (Ekal Chunab Chinha),2531.0,238,M,False,Bam Bahadur Rai,+२,राष्ट्रिय परिक्षा बोर्ड,Dhankuta,,,Koshi,Dhankuta,Dhankuta-1,59208,118339,Higher Secondary / Intermediate (10+2 / PCL),26.9833,87.3333
194,341624,Shalik Ram Rai,Rastriya Paribartan Party,2568.0,221,M,False,Gajendra Bahadur Rai,+2,राष्ट्रिय परिक्षा बोर्ड,Dhankuta,,,Koshi,Dhankuta,Dhankuta-1,59208,118339,Higher Secondary / Intermediate (10+2 / PCL),26.9833,87.3333
195,341138,Rabin Kumar Rai,Nepal Communist Party (Maoist),2526.0,132,M,False,Dik Bahadur Rai,एल.एल.सी,एल.एल.सी बोर्ड,Dhankuta,Shusila Rai,,Koshi,Dhankuta,Dhankuta-1,59208,118339,Secondary Education (Grade 9-10 / SLC / SEE),26.9833,87.3333
196,342229,Jitendra Rai,Swatantra,,91,M,False,Jay Bahadur Rai,एस.एल.सी,एस.एल.सी बोर्ड,Dhankuta,Lila Maya Rai,,Koshi,Dhankuta,Dhankuta-1,59208,118339,Secondary Education (Grade 9-10 / SLC / SEE),26.9833,87.3333
197,341732,Sagar Rai,Mongol National Organization,2511.0,82,M,False,Ram Bahadur Rai,व्याचुलर डिग्री,,Jhapa,,,Koshi,Dhankuta,Dhankuta-1,59208,118339,Bachelor's Degree,26.9833,87.3333
198,339823,Bal Kumar Tamli,Sanghiya Loktantrik Rastriya Manch,2550.0,65,M,False,Padam Bahadur Tamli,+२,राष्ट्रिय परिक्षा बोर्ड,Dhankuta,,,Koshi,Dhankuta,Dhankuta-1,59208,118339,Higher Secondary / Intermediate (10+2 / PCL),26.9833,87.3333
199,341926,Man Kumar Yonjan,Swatantra,,56,M,False,Gokul Singh Tamang,एस.एल.सि.,एस.एल.सि. बोर्ड,Dhankuta,,,Koshi,Dhankuta,Dhankuta-1,59208,118339,Secondary Education (Grade 9-10 / SLC / SEE),26.9833,87.3333
200,339756,Prem Bahadur Thapa,Aam Janata Party (Ekal Chunab Chinha),2581.0,55,M,False,Purna Bahadur Thapa,साधरण लेखपढ,,Dhankuta,,,Koshi,Dhankuta,Dhankuta-1,59208,118339,Literate / Non-Formal,26.9833,87.3333
201,339324,Uttam Sakakarmi,Nepal Majdur Kisan Party,2578.0,22,M,False,बावु काजी साखकर्मी,स्नातक,त्रि.वि.,Bhaktapur Changunarayan Municipality Taikabu,,,Koshi,Dhankuta,Dhankuta-1,59208,118339,Bachelor's Degree,26.9833,87.3333
202,341227,Yajnyamani Nyaaipane,Rastriya Swatantra Party,2528.0,27367,M,True,दिवाकर  न्याैपाने,एम.ए.,,Kathmandu Kathmandu Metropolitan City,चन्द्र कला अधिकारी,,Koshi,Morang,Morang-1,71962,128276,Master's Degree,26.65,87.55
203,339426,Shanti Pakhrin Lama,Shram Sanskriti Party,2501.0,17522,F,False,Sher Bahadur Gurung,स्‍नातक,त्रिभुवन विश्‍वविद्यालय,Morang,Maniraj Lama,"-महिला अधिकार मञ्‍च
-उद्धघोषण भाषण तथा रेडियो टेलिभिजन कार्यक्रम प्रस्तोता
-स्थानीय सरकार संचालन ऐन तथा कानून प्रशिक्षक
",Koshi,Morang,Morang-1,71962,128276,Bachelor's Degree,26.65,87.55
204,340351,Khadga Bahadur Phago,Nepali Congress,2583.0,11986,M,False,Chancha Lal Phagu,स्नातकोत्तर,उर्लावारी बहुमुखी क्याम्पस,Dhankuta,Renuka Hangma Phagu,,Koshi,Morang,Morang-1,71962,128276,Master's Degree,26.65,87.55
205,339614,Ghana Shyam Khatiwada,Nepal Communist Party (Ekikrit Marxbadi Leninbadi),2598.0,9823,M,False,Indra Prasad Khatiwada,,,Morang,Dil Kumari Khatiwada,"-गा.वि.स.अध्यक्ष, गा.वि.स.महासंघ केन्द्रिय अध्यक्ष
-प्रतिनिधि सभा सदस्य
-प्रतिनिधि सभामा बैठक सञ्‍चालनको अनुभव
-प्रतिनिधि सभाको विभिन्न समितिमा रही काम गरेको । ",Koshi,Morang,Morang-1,71962,128276,,26.65,87.55
206,340750,Kul Prasad Samba,Nepali Communist Party,2557.0,2224,M,False,Brikha Bahadur Limbu,प्लस टु,श्री पब्लिक मा वि.ग्रामथान,Morang,Pavitra Kumari Dahal,,Koshi,Morang,Morang-1,71962,128276,Higher Secondary / Intermediate (10+2 / PCL),26.65,87.55
207,340178,Suraj Limbu,Mongol National Organization,2511.0,1068,M,False,Barna Dhoj Limbu,एस.एल.सी.,,Tehrathum,Sumitra Limbu,"-राजिनितिक
-समाजसेवा
-संघ संस्था
-व्यापार व्यवसाय",Koshi,Morang,Morang-1,71962,128276,Secondary Education (Grade 9-10 / SLC / SEE),26.65,87.55
208,339954,Purna Bahadur Waiba Tamang,Rastriya Prajatantra Party,2604.0,900,M,False,ध्वज वीर वाइवा,प्रमाण पत्र उतीर्ण,मेची क्याम्पस,Morang Urlabari Municipality Shanti,निन्दा लक्ष्मी वाइवा,सामाजिक राजनैतिक क्षेत्रमा,Koshi,Morang,Morang-1,71962,128276,Higher Secondary / Intermediate (10+2 / PCL),26.65,87.55
209,340594,Prema Vardeva,Swatantra,,308,M,False,अमृत कुमार वर्देवा,एल.एल.सि.,पञ्‍चायत मा.वि.,Morang Urlabari Municipality Pragatitol,,,Koshi,Morang,Morang-1,71962,128276,Secondary Education (Grade 9-10 / SLC / SEE),26.65,87.55
210,339677,Durga Kumari Tamang,Rastriya Paribartan Party,2568.0,291,F,False,Man Singh Tamang,एल.एल.सि.,,Morang,Devendra Tamang,,Koshi,Morang,Morang-1,71962,128276,Secondary Education (Grade 9-10 / SLC / SEE),26.65,87.55
211,340657,Dil Kumari Lawati,Sanghiya Loktantrik Rastriya Manch,2550.0,245,F,False,सन्तविर  लावती,१२,सुनपकुवा मा वि,Morang Urlabari Municipality Sunday,श्याम बहादुर लावती,,Koshi,Morang,Morang-1,71962,128276,Higher Secondary / Intermediate (10+2 / PCL),26.65,87.55
212,340614,Dilli Ram Nepali,Nepal Communist Party (Maoist),2526.0,59,M,False,Rudra Bahadur Darji,आइ ए,दमक बहुमुखी क्याम्पस,Jhapa,Kunti Maya Nepali,,Koshi,Morang,Morang-1,71962,128276,Higher Secondary / Intermediate (10+2 / PCL),26.65,87.55
213,341374,Eeshora Vagle,Swatantra,,40,M,False,गणेश बहादुर वाग्ले,एस एल सि,नया नमुना मा.वि.पाँचथर,Morang Urlabari Municipality Durgapuri,,,Koshi,Morang,Morang-1,71962,128276,Secondary Education (Grade 9-10 / SLC / SEE),26.65,87.55
214,339351,Yam Prasad Dahal,Swatantra,,39,M,False,Nanda Lal Dahal,"एम.ए, एम.फिल(संविधान)",त्रिभुवन विश्‍वविद्यालय,Morang,,,Koshi,Morang,Morang-1,71962,128276,M.Phil,26.65,87.55
215,339740,Milan Bhandari,Swatantra,,31,M,False,Basanta Kumar Bhandari,एम.ए.ग्रामिण विकाश,उर्लावारी ब.क्या.उर्लावारी,Morang,Hari Maya Dahal,"-योग शिक्षक प्रशिक्षक
-मेनुवल थेरापि प्रशिक्षक
-गाउँघरमा समाज सेवामा निरन्तर",Koshi,Morang,Morang-1,71962,128276,Master's Degree,26.65,87.55
216,341605,Phiva Raja Limvu,Nepal Janamukti Party,2529.0,30,M,False,कान्छा वहादुर लिम्वु,प्रमाण पत्र तह,महेन्द्र क्याम्पस ,Morang Kerabari Rural Municipality Hachuwa,वुद्ध माया लिम्वु,,Koshi,Morang,Morang-1,71962,128276,Higher Secondary / Intermediate (10+2 / PCL),26.65,87.55
217,341097,Pashupati Ghimire,Swatantra,,17,M,False,Bhakti Prasad Ghimire,दशौं कक्षा उत्तीर्ण,वाल्मिकी विद्यापीठ काठमाडौं,Morang,Kalpana Ghimire,,Koshi,Morang,Morang-1,71962,128276,Secondary Education (Grade 9-10 / SLC / SEE),26.65,87.55
218,340020,Dilli Ram Limbu,Miteri Party Nepal,2530.0,12,M,False,Yuva Raj Limbu,एस.एल.सि.,कालिका सा.उ.मा.वि.,Morang,Arati Lawati,"-लावा खोला खा.पा.को अध्यक्षमा काम गरि सकेको ।
-टाडी अस्थाई प्रहरी व्यवस्थापनको अ.मा काम गरी सकेको 
-कोइली सा.उ.वनको विद्यालय व्यव.समितिमा काम गरेको ।",Koshi,Morang,Morang-1,71962,128276,Secondary Education (Grade 9-10 / SLC / SEE),26.65,87.55
219,341642,Krishna Kumar Karki,Rastriya Swatantra Party,2528.0,40924,M,True,Chandra Bahadur Karki,,,Okhaldhunga,,,Koshi,Morang,Morang-2,74603,129145,,26.6,87.5
220,341506,Dilip Kumar Agrawal,Nepal Communist Party (Ekikrit Marxbadi Leninbadi),2598.0,15624,M,False,Madan Lal Agrawal,,,Morang,Manisha Devi Agrawal,,Koshi,Morang,Morang-2,74603,129145,,26.6,87.5
221,341194,Minendra Prasad Rijal,Nepali Congress,2583.0,12764,M,False,Shree Prasad Rijal,,,Morang,Durga Rijal,,Koshi,Morang,Morang-2,74603,129145,,26.6,87.5
222,340580,Abuho Rairah,Shram Sanskriti Party,2501.0,1822,M,False,Mo. Roidarraman Rairahha,,,Morang,Abuhoreira Rai,,Koshi,Morang,Morang-2,74603,129145,,26.6,87.5
223,340488,Chandra Bir Rai,Nepali Communist Party,2557.0,1366,M,False,Satya Lal Rai,,,Sankhuwasabha,Gaumati Rai (Jimi),,Koshi,Morang,Morang-2,74603,129145,,26.6,87.5
224,340119,Kans Raj Rajbanshi,Rastriya Prajatantra Party,2604.0,766,M,False,हरुप नारायण राजवंशी,,,Morang Sunavarshi Municipality Kadamgachi,,,Koshi,Morang,Morang-2,74603,129145,,26.6,87.5
225,341289,Ghana Shyam Chaudhary,Janamat Party,2585.0,310,M,False,Narayan Chaudhary,,,Morang,Rekha Chaudhary,,Koshi,Morang,Morang-2,74603,129145,,26.6,87.5
226,339976,Dhana Vahadura Sunuvar,Rastriya Paribartan Party,2568.0,277,M,False,मेख वहादुर सुनुवार,,,Morang Ratuwamai Municipality Koilidangi,,,Koshi,Morang,Morang-2,74603,129145,,26.6,87.5
227,339848,Dhan Bahadur Limbu,Mongol National Organization,2511.0,270,M,False,Bhuwan Singh Limbu,,,Jhapa,Babita Dhimal,,Koshi,Morang,Morang-2,74603,129145,,26.6,87.5
228,341893,Binod Kumar Singh Gangai,"Janata Samajbadi Party, Nepal",2542.0,87,M,False,वरत लाल  गनगाई,,,Morang Ratuwamai Municipality Doria,दिना कुमारी मण्डल गनगाई,,Koshi,Morang,Morang-2,74603,129145,,26.6,87.5
229,339567,Meghendra Kumar Rokka,Nepal Communist Party (Maoist),2526.0,82,M,False,Chhatra Bahadur Rokka,,,Morang,,,Koshi,Morang,Morang-2,74603,129145,,26.6,87.5
230,341487,Madhav Prasad Rajbanshi,Rastriya Mukti Party Nepal (Ekal Chunab Chinha),2531.0,80,M,False,तिलक चन्द राजवंशी,,,Morang Rangeli Municipality Waragachi,कमला कुमारी राजवंशी,,Koshi,Morang,Morang-2,74603,129145,,26.6,87.5
231,339454,Manoj Kumar Rajbanshi,"Rastriya Urjashil Party, Nepal",2534.0,74,M,False,राज कुमार राजवंशी,,,Morang Kanepokhari Rural Municipality Wayarvan,,,Koshi,Morang,Morang-2,74603,129145,,26.6,87.5
232,341079,Anil Kumar Sah,Swatantra,,56,M,False,Shankar Prasad Sah,,,Morang,Bibha Sah,,Koshi,Morang,Morang-2,74603,129145,,26.6,87.5
233,342119,Rajan Niraula,Swatantra,,48,M,False,Somnath Niroula,,,Morang,Iswara Baral,,Koshi,Morang,Morang-2,74603,129145,,26.6,87.5
234,341706,Budhu Rishidev,Swatantra,,35,M,False,Rupa Lal Rishidev,,,Morang,Purni Devi Rishidev,,Koshi,Morang,Morang-2,74603,129145,,26.6,87.5
235,341437,Naresh Kumar Sah,Swatantra,,18,M,False,Devi Sah,,,Morang,Anjani Devi Sah,,Koshi,Morang,Morang-2,74603,129145,,26.6,87.5
236,341077,Ganesh Karki,Rastriya Swatantra Party,2528.0,36924,M,True,Surbir Karki,स्‍नात्तकोत्तर,त्रि.वि.,Morang,,पत्रकारिता,Koshi,Morang,Morang-3,89456,158021,Master's Degree,26.5667,87.45
237,340372,Shunil Kumar Sharma,Nepali Congress,2583.0,24354,M,False,लोकनाथ  न्यौपाने,Bachelor of Medicine ,,Morang Belwari Municipality Pragatitol,ईन्दिरा  शर्मा बराल,,Koshi,Morang,Morang-3,89456,158021,Bachelor's Degree,26.5667,87.45
238,340808,Amir Magar,Shram Sanskriti Party,2501.0,16509,M,False,Ram Bahadur Magar,स्‍नातक,सुकुना बहुमुखि  क्याम्पस,Morang,,,Koshi,Morang,Morang-3,89456,158021,Bachelor's Degree,26.5667,87.45
239,339926,Iran Kumar Rai,Nepal Communist Party (Ekikrit Marxbadi Leninbadi),2598.0,7752,M,False,Bi Kumar Rai,एम ए बि एड,,Sunsari,Rekha Subedi,,Koshi,Morang,Morang-3,89456,158021,Master's Degree,26.5667,87.45
240,340327,Da. Deumana Samvahangaphe,Nepali Communist Party,2557.0,1259,M,False,जैश्‍वर  लिम्बु,विधावारिधि,त्रिभुवन विश्वविद्यालय,Morang Pathari Shanishare Municipality,सोभा  कन्दङवा (सम्वाहाङफे),१४ वर्ष शिक्षण,Koshi,Morang,Morang-3,89456,158021,Doctorate / PhD,26.5667,87.45
241,339408,Prem Prasad Subedi,Rastriya Prajatantra Party,2604.0,733,M,False,Krishna Lal Subedi,I.A,,Morang,Sakuntala Subedi,सामाजिक कार्यकर्ता,Koshi,Morang,Morang-3,89456,158021,Higher Secondary / Intermediate (10+2 / PCL),26.5667,87.45
242,340011,Bikendra Rai,Mongol National Organization,2511.0,647,M,False,Sukh Man Rai,+2,भगवती मा.वि.,Bhojpur,,राजनितिक,Koshi,Morang,Morang-3,89456,158021,Higher Secondary / Intermediate (10+2 / PCL),26.5667,87.45
243,340940,Mitrasen Yonjan,Ujyalo Nepal Party,2566.0,643,M,False,Sher Bahadur Yonjan,आई कम,"महेन्द्र बहुमुखी कम्यापस , धरान",Morang,Rita Kumari Yonjan (Tamang),सामाजिक क्षेत्रमा २० वर्ष कार्य गरेको,Koshi,Morang,Morang-3,89456,158021,Higher Secondary / Intermediate (10+2 / PCL),26.5667,87.45
244,339447,Khadga Bahadur Karki,Nepal Communist Party (Maoist),2526.0,142,M,False,Lain Bahadur Karki,एस.एल.सि.,श्री महेन्द्र मा.वि.  पाँचथर,Panchthar,Sarmila Rai,,Koshi,Morang,Morang-3,89456,158021,Secondary Education (Grade 9-10 / SLC / SEE),26.5667,87.45
245,339627,Dilli Bahadur Jawegu,Sanghiya Loktantrik Rastriya Manch,2550.0,129,M,False,हस्त वहादुर जबेगु,एस एल सि,सरस्वती मा.वि.दमक झापा,Morang Pathari Shanishare Municipality Jai Chowk,शान्ती  जबेगु,आइटम अपरेटर ,Koshi,Morang,Morang-3,89456,158021,Secondary Education (Grade 9-10 / SLC / SEE),26.5667,87.45
246,341445,Bidur Adhikari,Sanyukta Nagarik Party,2521.0,88,M,False,Chandra Prasad Adhikari,M.A,TU,Morang,Januka Bhattarai,"शिक्षण, माध्यमिक तह",Koshi,Morang,Morang-3,89456,158021,Master's Degree,26.5667,87.45
247,340257,Prashuram Bishwas Tharu,Nepal Majdur Kisan Party,2578.0,53,M,False,जोगलाल विश्वास,साधारण,,Bhedibathna of Morang Gramthan Rural Municipality,शुशिला देवी थारु,,Koshi,Morang,Morang-3,89456,158021,Literate / Non-Formal,26.5667,87.45
248,342021,Kamal Kumar Rai,Aam Janata Party (Ekal Chunab Chinha),2581.0,51,M,False,Thakuri Rai,,,Morang,Rupa Maya Rai,,Koshi,Morang,Morang-3,89456,158021,,26.5667,87.45
249,340577,Nawaraj Maskey,Jaya Matribhumi Party,2510.0,49,M,False,इन्द्र वहादुर मास्के,वि ए,त्रिभुवन विश्वविद्यालय,Morang Sundarharaincha Municipality Haraicha Bazar,शर्मिला  मास्के,,Koshi,Morang,Morang-3,89456,158021,Bachelor's Degree,26.5667,87.45
250,340756,Ganesh Mishra,Swatantra,,44,M,False,Jagannath Mishra,SLC,पार्वती मा.वि.,Dhankuta,Gita Kumari Dhakal,,Koshi,Morang,Morang-3,89456,158021,Secondary Education (Grade 9-10 / SLC / SEE),26.5667,87.45
251,341529,Bhuvana Kumara Vagle,"Rastriya Urjashil Party, Nepal",2534.0,31,M,False,नरेन्द्र प्रसाद वाग्ले,स्‍नात्तकोत्तर,TU,Dhankuta Dhankuta Municipality,शुभ कला दाहाल,शिक्षण तथा शैक्षिक नेत्वत्व,Koshi,Morang,Morang-3,89456,158021,Master's Degree,26.5667,87.45
252,341752,Tej Prasad Bhandari,Swatantra,,30,M,False,Kedar Nath Bhandari,slc,पञ्चायत उच्च मा.वि.,Morang,Anjana Wagle,,Koshi,Morang,Morang-3,89456,158021,Secondary Education (Grade 9-10 / SLC / SEE),26.5667,87.45
253,342254,Majebul Rahaman,"Janata Samajbadi Party, Nepal",2542.0,18,M,False,दुखा  मिया,,,Morang Sunavarshi Municipality Dainia,समिना  खातुन,,Koshi,Morang,Morang-3,89456,158021,,26.5667,87.45
254,342293,Santosh Rajbanshi,Rastriya Swatantra Party,2528.0,40833,M,True,राम पुजन राजवंशी,स्‍नातक ,त्रि वि,Morang Biratnagar Metropolitan City,,पत्रकारिता,Koshi,Morang,Morang-4,74529,119173,Bachelor's Degree,26.5333,87.3833
255,341356,Guru Raj Ghimire,Nepali Congress,2583.0,12818,M,False,Hari Prasad Ghimire,"एम ए, विड",टि यु,Morang,Mira Lamichhane (Ghimire),चार पटक लामो राजनीतिक जीवन ७ वटा पुस्तक  प्रकाशन तथा नियमित  ,Koshi,Morang,Morang-4,74529,119173,Master's Degree,26.5333,87.3833
256,341465,Aman Lal Modi,Nepali Communist Party,2557.0,10762,M,False,Pawan Lal Modi,वि ए स्नातक एम ए ,त्रि वि,Morang,,"प्रतिनिध सभा सदस्यमा निर्वाचित 
मन्त्री (सामान्य प्रशासन)",Koshi,Morang,Morang-4,74529,119173,Master's Degree,26.5333,87.3833
257,340158,Jivan Ghimire,Nepal Communist Party (Ekikrit Marxbadi Leninbadi),2598.0,6933,M,False,तारा नाथ घिमीरे,स्‍नातक,,Morang Biratnagar Metropolitan City New Tol,विमला  घिमीरे,"मनमोहन विश्वविद्यालयको संस्थापक सह कुलपती
सामाजिक विकास मन्त्री कोशी प्रदेश सरकार",Koshi,Morang,Morang-4,74529,119173,Bachelor's Degree,26.5333,87.3833
258,342387,Madhav Prasad Acharya,Rastriya Prajatantra Party,2604.0,1163,M,False,Hari Prasad Acharya,वि वि एस,महेन्द्र मोरङ्ग आदर्श बहुमुखी क्याम्पस,Morang,Binda Acharya,,Koshi,Morang,Morang-4,74529,119173,Bachelor's Degree,26.5333,87.3833
259,341700,Krishna Kumar Atal,Shram Sanskriti Party,2501.0,1001,M,False,Om Prakash Atal,१२ कक्षा,नेशनल एकेडेमी अफ साइन्स एणड कमर्स,Sunsari,Gunjan Atal,"व्यापार,  नोकरी, सामाजिक कार्य",Koshi,Morang,Morang-4,74529,119173,Higher Secondary / Intermediate (10+2 / PCL),26.5333,87.3833
260,342472,Jivan Kumar Gupta,Janamat Party,2585.0,348,M,False,"पुस्पेन्द्र कुमार राजेन्द्र,गुप्‍ता",slc,,Morang Biratnagar Metropolitan City Bakhri,रिकुं  देवी,,Koshi,Morang,Morang-4,74529,119173,Secondary Education (Grade 9-10 / SLC / SEE),26.5333,87.3833
261,342132,Kalpana Devi Yadav,Rashtra Nirman Dal Nepal,2527.0,176,F,False,Homeshwar Prasad Yadav,slc,,Saptari,Siya Ram Yadav,,Koshi,Morang,Morang-4,74529,119173,Secondary Education (Grade 9-10 / SLC / SEE),26.5333,87.3833
262,341233,Golchaa Rai,Mongol National Organization,2511.0,87,M,False,पुर्ण  कुमार  राई,slc,श्री कालिका वाल विकास मा वी ,Morang Belwari Municipality,सोभा  देवो  राई ,श्रम अनि कृषिमा आधारित कठिन वाल्यकालको जिवन देश चिन्ने र विविधता वुझ्ने कठोर भोट प्रदेशको यात्रा अनुशासन र राष्ट्र सेवकको आर्मी जिवन १६ वर्ष २ महिना,Koshi,Morang,Morang-4,74529,119173,Secondary Education (Grade 9-10 / SLC / SEE),26.5333,87.3833
263,342189,Ashok Sharma,Aam Janata Party (Ekal Chunab Chinha),2581.0,72,M,False,Mohan Sharma,‌+2 ,श्री सरस्वती माध्यमिक विद्यालय,Morang,Jamuna Devi Sharma,"फर्निचर व्यवसायी २० वर्षको अनुभव 
नव आदर्श वचत तथा ऋण सहकारीको सचिव
मोरङ्ग फर्निचर तथा फर्निसिङ्ग जिल्लाको उपाध्यक्ष",Koshi,Morang,Morang-4,74529,119173,,26.5333,87.3833
264,340292,Hari Bahadur Basnet,Nepal Communist Party (Maoist),2526.0,61,M,False,Yadu Kumar Basnet,आइ ए,महेन्द्र मोरङ्ग आदर्श बहुमुखी क्याम्पस,Morang,Tara Basnet,"धनपाल मा वि व्यवस्थापन अध्यक्ष
गार्मेन्ट उद्योग बजार व्यवस्थापन
बेतना तथा लोहन्द्रा नहर सिँचाई संस्थापक अध्यक्ष",Koshi,Morang,Morang-4,74529,119173,Higher Secondary / Intermediate (10+2 / PCL),26.5333,87.3833
265,342367,Tavareja Akhatara Aalama,"Janata Samajbadi Party, Nepal",2542.0,60,M,False,समसाद  आलम,slc,,Morang Biratnagar Metropolitan City Sarauchia,नासिन  खातुन,,Koshi,Morang,Morang-4,74529,119173,Secondary Education (Grade 9-10 / SLC / SEE),26.5333,87.3833
266,341068,Numa Limbu,Samabeshi Samajbadi Party,2590.0,55,F,False,Singh Bahadur Limbu,प्रविणता प्रमाणपत्र तह,कोशी क्याम्पस विराटनगर,Jhapa,,,Koshi,Morang,Morang-4,74529,119173,Higher Secondary / Intermediate (10+2 / PCL),26.5333,87.3833
267,342084,Bhakt Mani Dahal,Swatantra,,40,M,False,हिरण्य प्रसाद दाहाल,स्नातकोत्तर,सम्पुर्ण नन्द विश्वविद्यालय,Morang Biratnagar Metropolitan City Belgachi,चेतना  अधिकारी,,Koshi,Morang,Morang-4,74529,119173,Master's Degree,26.5333,87.3833
268,340858,Hari Narayan Chaudhary,"Nagarik Unmukti Party, Nepal (Ekal Chunab Chinha)",2531.0,38,M,False,Dukhi Chaudhary,एस एल सी,प्रगतिशिल मा वि,Morang,Usha Devi Chaudhary,"अ हे व मेडिकल 
शिक्षक",Koshi,Morang,Morang-4,74529,119173,Secondary Education (Grade 9-10 / SLC / SEE),26.5333,87.3833
269,339348,Jayram Tharu,Nepal Majdur Kisan Party,2578.0,29,M,False,अन्तराम  थारु,साधारण,,Morang Gramthan Rural Municipality Tetaria,नैनसर  थारु,,Koshi,Morang,Morang-4,74529,119173,Literate / Non-Formal,26.5333,87.3833
270,342319,Gyanendra Khatri,Swatantra,,25,M,False,Bhupendra Khatri,वि ए स्नातक ,त्रि वि,Morang,Jamuna Kumari Basnet,अधिल्लो आम निर्वाचनमा समेत स्वतन्त्र,Koshi,Morang,Morang-4,74529,119173,Bachelor's Degree,26.5333,87.3833
271,342228,Binod Kumar Karki,Swatantra,,17,M,False,Dhan Bahadur Karki,+2 ,,Morang,Anjana Karki,,Koshi,Morang,Morang-4,74529,119173,,26.5333,87.3833
272,342355,Harnu Musahar,Sanghiya Loktantrik Rastriya Manch,2550.0,11,M,False,मुनेश्‍वर  मुसहर,प्राथमिक तह ,,Morang Biratnagar Metropolitan City Bhanpura,देवकी  मुसहर,कृषि पेशा,Koshi,Morang,Morang-4,74529,119173,Basic Education (Up to Grade 8),26.5333,87.3833
273,341509,Aasha Jha,Rastriya Swatantra Party,2528.0,30434,F,True,हरिश्र्चन्द्र  झा,स्नातक,"लक्ष्मीवल्लभ नर्सिङ मल्टिपल कलेज, सप्तरी",Morang Biratnagar Metropolitan City Greetings Toll,आमोद कुमार झा,नागरिक समाज भै काम गरेको,Koshi,Morang,Morang-5,70560,110157,Bachelor's Degree,26.4833,87.3167
274,341353,Phul Kumar Lalwani,Nepali Congress,2583.0,9415,M,False,Paras Mal Lalwani,स्नातक,पटना युनिभरसिटी,Kathmandu,Santosh Devi Lalwani,"संघसंस्थामा कार्यरत,समाजसेवा",Koshi,Morang,Morang-5,70560,110157,Bachelor's Degree,26.4833,87.3167
275,340375,Raj Kumar Yadav,"Janata Samajbadi Party, Nepal",2542.0,8747,M,False,Kuldip Lal Yadav,एस.एल.सि.,पव्लिक मा.वि.,Morang,Mamata Yadav,समाजसेवी,Koshi,Morang,Morang-5,70560,110157,Secondary Education (Grade 9-10 / SLC / SEE),26.4833,87.3167
276,339521,Shiva Kumar Mandal (Kewat),Nepali Communist Party,2557.0,8614,M,False,किसन लाल मंडल (केवट),प्रविणता प्रमाण पत्र तह,महेन्द्र मोरङ क्याम्पस,Morang Sunavarshi Municipality Kaimi,शिवरानी देवी मंडल ,पूर्व मन्त्रि भै काम गरेको,Koshi,Morang,Morang-5,70560,110157,Higher Secondary / Intermediate (10+2 / PCL),26.4833,87.3167
277,339949,Manoj Kumar Agrawal,Nepal Communist Party (Ekikrit Marxbadi Leninbadi),2598.0,6945,M,False,Mangilal Agrawal,एस.एल.सि.पास,पव्लिक मा.वि.,Morang,Asu Agrawal,समाजिक संस्थामा काम गरेको,Koshi,Morang,Morang-5,70560,110157,Secondary Education (Grade 9-10 / SLC / SEE),26.4833,87.3167
278,340767,Yogendra Mandal,"Rastriya Urjashil Party, Nepal",2534.0,4199,M,False,Tikam Lal Mandal,वि.सए.सि.,त्रिभुवन विश्वविद्दालय,Morang,Rivol Mandal,समाजसेवी,Koshi,Morang,Morang-5,70560,110157,Bachelor's Degree,26.4833,87.3167
279,341402,Kumod Raya,Rastriya Prajatantra Party,2604.0,549,M,False,जोगेन्द्र नारायण राय,प्रविणता प्रमाणपत्र तह,सरस्वती उ.मा.वि. धनपालथान,Morang Dhanpalthan Rural Municipality Weria,रानी देवी राय,समाजसेवा,Koshi,Morang,Morang-5,70560,110157,Higher Secondary / Intermediate (10+2 / PCL),26.4833,87.3167
280,339918,Mohammad Reza Hussain,Swatantra,,523,M,False,Mohamad Kazim Ansari,एस.एल.सि. पास,सेन्ट जोसेफ,Morang,Mini Niraula,समाजसेवा,Koshi,Morang,Morang-5,70560,110157,Secondary Education (Grade 9-10 / SLC / SEE),26.4833,87.3167
281,341128,Parmeshwar Murmu,Janamat Party,2585.0,364,M,False,Lakhiram Murmu,प्रविणता प्रमाणपत्र तह,महेन्द्र मोरङ क्याम्पस,Morang,,समाजसेवी,Koshi,Morang,Morang-5,70560,110157,Higher Secondary / Intermediate (10+2 / PCL),26.4833,87.3167
282,339729,Amar Kumar Yadav,Swatantra,,363,M,False,Dinesh Kumar Yadav,स्नातक,पूर्वाञ्चन विश्व विद्दालय,Morang,,कानून विद्दार्थी,Koshi,Morang,Morang-5,70560,110157,Bachelor's Degree,26.4833,87.3167
283,339705,Ganga Prasad Giri,Nepal Communist Party (Maoist),2526.0,117,M,False,Hari Bhakta Giri,साधारण लेखपढ,,Morang,Nirmala Giri,राजनिति,Koshi,Morang,Morang-5,70560,110157,Literate / Non-Formal,26.4833,87.3167
284,341721,Rajendra Prasad Mandal Kewat,Pragatishil Loktantrik Party,2516.0,82,M,False,सीताराम  मण्डल केवट,एस.एस.सि.पास,पव्लिक मा.वि.रंगेली,Morang Dhanpalthan Rural Municipality Mayaganj,अनिता देवी मण्डल,भुपु प्रहरी ,Koshi,Morang,Morang-5,70560,110157,Secondary Education (Grade 9-10 / SLC / SEE),26.4833,87.3167
285,340926,Raj Kumar Rajbanshi,Swatantra,,47,M,False,किसन वहादुर राजवंशी,प्रविणता प्रमाणपत्र तह,इन्जिनियरिङ क्यामपस धरान,Morang Biratnagar Metropolitan City Sangam Chowk,श्रीमति गीता देवी राजवंशी,समेजसेवा,Koshi,Morang,Morang-5,70560,110157,Higher Secondary / Intermediate (10+2 / PCL),26.4833,87.3167
286,341574,Mangal Rishidev,Sanghiya Loktantrik Rastriya Manch,2550.0,34,M,False,Tunai Rishidev,एस.एल.सि.पास,लक्ष्मिनिया मा.वि.मोरङ,Morang,Shobha Devi Rishidev,"समाजसेवा, राजमिस्त्रि",Koshi,Morang,Morang-5,70560,110157,Secondary Education (Grade 9-10 / SLC / SEE),26.4833,87.3167
287,342056,Naresh Kumar Labh,Rastriya Mukti Party Nepal (Ekal Chunab Chinha),2531.0,28,M,False,Jitendra Labh,सामान्य लेखपढ,,Saptari,Purnima Labh,समाजसेवा,Koshi,Morang,Morang-5,70560,110157,Literate / Non-Formal,26.4833,87.3167
288,341853,Sujit Kumar Sah,Swatantra,,28,M,False,Shyam Sah Sudi,स्नातक,शैलेजा आचार्य पोलि टेकनिकल,Morang,,शिक्षक,Koshi,Morang,Morang-5,70560,110157,Bachelor's Degree,26.4833,87.3167
289,339389,Ganga Kumari Rajbanshi,Nepal Majdur Kisan Party,2578.0,22,F,False,सुरज कुमार राजवशी,स्नातक,नेशनस एकेडेमी,Morang Jahda Rural Municipality,,शिक्षण पेशा गरेको,Koshi,Morang,Morang-5,70560,110157,Bachelor's Degree,26.4833,87.3167
290,339561,Sakuntala Shrestha,Mongol National Organization,2511.0,17,F,False,टंक बहादुर श्रेष्‍ठ,प्रविणता प्रमाणपत्र ,सरस्वती उ.मा.वि.,Morang Sunavarshi Municipality Amardah,रबिन्द्र कुमार श्रेष्‍ठ,शिक्षण पेशा,Koshi,Morang,Morang-5,70560,110157,Higher Secondary / Intermediate (10+2 / PCL),26.4833,87.3167
291,341311,Mamata Yadav,Swatantra,,13,F,False,Chandeshwar Yadav,एस.एल.सि.,केरोन मा.वि.,Morang,Raj Kumar Yadav,समाजसेवा,Koshi,Morang,Morang-5,70560,110157,Secondary Education (Grade 9-10 / SLC / SEE),26.4833,87.3167
292,341265,Bikash Shrestha,Swatantra,,11,M,False,Ananda Shrestha,ऐस.एल.सि.,आदर्श मा.वि.,Sunsari,Anita Tamrakar,समाजसेवा,Koshi,Morang,Morang-5,70560,110157,Secondary Education (Grade 9-10 / SLC / SEE),26.4833,87.3167
293,341800,Surya Narayan Thakur,Swatantra,,5,M,False,Shri Kant Thakur,एस.एल.सि.,पव्लिक मा.वि.रंगेली,Morang,Renu Devi Thakur,समाजसेवा,Koshi,Morang,Morang-5,70560,110157,Secondary Education (Grade 9-10 / SLC / SEE),26.4833,87.3167
294,340835,Jai Narayan Sharma,Swatantra,,3,M,False,नथुनी  शर्मा,सामान्य लेखपढ,,Morang Dhanpalthan Rural Municipality Kadmah,तेतरी देवी शर्मा केवट,समाजसेवा,Koshi,Morang,Morang-5,70560,110157,Literate / Non-Formal,26.4833,87.3167
295,341123,Rubina Acharya,Rastriya Swatantra Party,2528.0,55513,F,True,Suresh Acharya,MBA,,Morang,,,Koshi,Morang,Morang-6,85455,137783,Master's Degree,26.45,87.25
296,340656,Dr. Shekhar Koirala,Nepali Congress,2583.0,12850,M,False,केशव प्रसाद कोइराला,MS/MD स्नातकोत्तर,,Morang Biratnagar Metropolitan Hospital Road,पुनम  कोइराला,,Koshi,Morang,Morang-6,85455,137783,Master's Degree,26.45,87.25
297,339853,Binod Prasad Dhakal,Nepal Communist Party (Ekikrit Marxbadi Leninbadi),2598.0,8317,M,False,Vishnu Prasad Dhakal,स्नातक तह,,Morang,Radha Dhakal,,Koshi,Morang,Morang-6,85455,137783,Bachelor's Degree,26.45,87.25
298,340711,Matrika Paudel,Shram Sanskriti Party,2501.0,3400,M,False,Jay Prasad Paudel,10,,Morang,Sharada Paudel,,Koshi,Morang,Morang-6,85455,137783,Secondary Education (Grade 9-10 / SLC / SEE),26.45,87.25
299,340080,Savin Niraula,Rastriya Prajatantra Party,2604.0,2092,M,False,राम प्रसाद निरौला,स्नातक,,Morang Pathari Shanishare Municipality,,,Koshi,Morang,Morang-6,85455,137783,Bachelor's Degree,26.45,87.25
300,339909,Opendra Kumar Raya,Nepali Communist Party,2557.0,1716,M,False,रामजी लाल राय अमात,SLC,,Morang Budhiganga Rural Municipality West Toll,दिल कुमारी राय,,Koshi,Morang,Morang-6,85455,137783,Secondary Education (Grade 9-10 / SLC / SEE),26.45,87.25
301,340305,Sudha Ram Majhi,Janamat Party,2585.0,420,M,False,Musaharu Majhi,SLC,,Morang,Rekha Majhi,,Koshi,Morang,Morang-6,85455,137783,Secondary Education (Grade 9-10 / SLC / SEE),26.45,87.25
302,341640,Basanta Budhathoki,Ujyalo Nepal Party,2566.0,243,M,False,मोहन  बुढाथोकि,10+2,,Morang Biratnagar Metropolitan City,आस्था  उप्रेती,,Koshi,Morang,Morang-6,85455,137783,Higher Secondary / Intermediate (10+2 / PCL),26.45,87.25
303,339713,Priti Jha,Sarbabhaum Nagarik Party,2520.0,200,F,False,Tulakanta Mishra,10+2,,Morang,Santosh Kumar Jha,,Koshi,Morang,Morang-6,85455,137783,Higher Secondary / Intermediate (10+2 / PCL),26.45,87.25
304,339893,Raju Mandal Rajbanshi,"Janata Samajbadi Party, Nepal",2542.0,148,M,False,खेलु  राजवंशी,,,Morang Budhiganga Rural Municipality Banswari,रीता  राजवंशी,,Koshi,Morang,Morang-6,85455,137783,,26.45,87.25
305,339652,Kumar Prashad Khatiwada,Nepal Communist Party (Maoist),2526.0,126,M,False,भिम प्रसाद खतिवडा,स्नातक,महेन्द्र मोरङ आदर्श बहुमुखी क्याम्पस विराटनगर,Morang Budhiganga Rural Municipality Gokuwa,टीका  पोखरेल,,Koshi,Morang,Morang-6,85455,137783,Bachelor's Degree,26.45,87.25
306,340760,Balarama Khavas,"Nagarik Unmukti Party, Nepal (Ekal Chunab Chinha)",2531.0,118,M,False,श्यामलाल  खवास,SLC,,Morang Sundarharaincha Municipality,नेत्रकला  खवास,,Koshi,Morang,Morang-6,85455,137783,Secondary Education (Grade 9-10 / SLC / SEE),26.45,87.25
307,341405,Badri Pasavan,Aam Janata Party (Ekal Chunab Chinha),2581.0,97,M,False,विन्देश्‍वर  पासवान,साधारण,,Morang Budhiganga Rural Municipality Gangachowk,सुनिता  पासवान,,Koshi,Morang,Morang-6,85455,137783,Literate / Non-Formal,26.45,87.25
308,340479,Uttam Dahal,Swatantra,,79,M,False,Dilli Raman Dahal,SLC,,Sunsari,Sakuntala Dahal,,Koshi,Morang,Morang-6,85455,137783,Secondary Education (Grade 9-10 / SLC / SEE),26.45,87.25
309,339817,Anu Magar,Mongol National Organization,2511.0,62,F,False,Man Bahadur Rai,SLC,,Kathmandu,Nar Bahadur Magar,,Koshi,Morang,Morang-6,85455,137783,Secondary Education (Grade 9-10 / SLC / SEE),26.45,87.25
310,339578,Kiran Khadka,Swatantra,,39,M,False,Man Bahadur Khadka,,,Morang,,,Koshi,Morang,Morang-6,85455,137783,,26.45,87.25
311,340517,Khada Nanda Rijal,Swatantra,,35,M,False,Ganga Prasad Rijal,SLC,,Khotang,,,Koshi,Morang,Morang-6,85455,137783,Secondary Education (Grade 9-10 / SLC / SEE),26.45,87.25
312,339794,Harka Raj Rai,Shram Sanskriti Party,2501.0,35741,M,True,Til Bikram Rai,स्‍नातक,टि.यु.,Khotang,Nirmala Limbu,"अङ्गेजी भाषा तथा कम्प्युटरमा तालिक गराएको, प्रशासनिक काम गरेको, यातायात देवा व्यवस्थापन, नगर प्रमुखको पदमा रही जनताको सेवा गरेको।",Koshi,Sunsari,Sunsari-1,82982,150376,Bachelor's Degree,26.8,87.2833
313,341436,Goma Tamang,Rastriya Swatantra Party,2528.0,27249,F,False,Pratap Sing Tamang,एस.एस.सी. ,चक्र जनता सहिद गंगा मा.वि. सर्लाही,Sunsari,,समाजसेवा।,Koshi,Sunsari,Sunsari-1,82982,150376,Secondary Education (Grade 9-10 / SLC / SEE),26.8,87.2833
314,339932,Tika Ram Limbu,Nepal Communist Party (Ekikrit Marxbadi Leninbadi),2598.0,6463,M,False,Deu Kumar Limbu,स्‍नातकोत्तर,टि.यु.,Taplejung,,"2060 देखि 2071 सम्म अनेरास्वीयू पदाधिकारी, पार्टी जिल्ला कमिटिमा तीन कार्याकाल, नेपाल रेडक्रश सोसाइटीमा रही सामाजिक काम गरेको।",Koshi,Sunsari,Sunsari-1,82982,150376,Master's Degree,26.8,87.2833
315,340539,Suryaa Bahadur Bhattarai,Nepali Communist Party,2557.0,6185,M,False,तिलक बहादुर भट्टराई,एस.एस.सी. पास,ज्ञानोदय मा.वि. धरान,Sunsari Dharan Sub Metropolitan Railway,मनिषा  कार्की,"दुई पटक वडा अध्यक्षमा निर्वाचित, धरान खानेपानी बोर्डको सदस्य।",Koshi,Sunsari,Sunsari-1,82982,150376,Secondary Education (Grade 9-10 / SLC / SEE),26.8,87.2833
316,340894,Sujendra Tamang,Nepali Congress,2583.0,3970,M,False,Ram Bahadur Tamang,स्‍नातक,टियू,Bhojpur,Ranjana Thapa,"राजनैतिक, सांस्कृतिक, धार्मिक, सामाजिक संस्थाको नेतृत्व, प्रशासनिक।",Koshi,Sunsari,Sunsari-1,82982,150376,Bachelor's Degree,26.8,87.2833
317,342440,Uddav Shrestha,Rastriya Prajatantra Party,2604.0,1419,M,False,कर्ण बहादुर श्रेष्‍ठ,एम.ए.,टि.यु.,Sunsari Dharan Sub-Metropolis Prithvi Path,पार्वती  श्रेष्‍ठ,"पूर्वान्चल क्याम्पस, सुनसरी बहुमुखी क्याम्पस, सुनसरी टेक्निकल क्याम्पस, महेन्द्र बहुमुखी क्याम्पसमा समेत अध्यापन।",Koshi,Sunsari,Sunsari-1,82982,150376,Master's Degree,26.8,87.2833
318,341559,Damvara Lavati,Ujyalo Nepal Party,2566.0,590,M,False,सिगं वहादुर लावती,एम.ए./एल.एल.वि.,टि.यु.,Sunsari Dharan Sub-Metropolis Hansari,,समाजसेवी/व्यवसायी,Koshi,Sunsari,Sunsari-1,82982,150376,Master's Degree,26.8,87.2833
319,342617,Nagendra Bahadur Limbu,Janata Samajbadi Party (Ekal Chunab Chinha),2531.0,202,M,False,Aas Bahadur Limbu,स्‍नातक,टि.यु.,Morang,Tanka Kumari Limbu,2074 मा लेटाङ्ग 1 मा वडाध्यक्ष उम्मेदवार।,Koshi,Sunsari,Sunsari-1,82982,150376,Bachelor's Degree,26.8,87.2833
320,341849,Bhipi Rai,Rastriya Sajha Party,2543.0,191,M,False,वक्र बहादुर राई,उच्च शिक्षा,भारत इलावाबाद,Sunsari Dharan Sub Metropolitan Bhawani Marg,कमला  राई,समाजसेवी,Koshi,Sunsari,Sunsari-1,82982,150376,Higher Secondary / Intermediate (10+2 / PCL),26.8,87.2833
321,341076,Naresha Vi.ka.,Sanyukta Nagarik Party,2521.0,125,M,False,पूर्ण  वि.क.,एस.एस.सी. ,--,Sunsari Dharan Sub-Metropolis Sivaganga Vasti,शान्‍ती  वि.क.,समाजसेवी,Koshi,Sunsari,Sunsari-1,82982,150376,Secondary Education (Grade 9-10 / SLC / SEE),26.8,87.2833
322,342390,Subasa Vishvakarma,Swatantra,,107,M,False,पूर्ण बहादुर विश्वकर्मा,एस.एस.सी. पास,सरस्वती मा.वि. धरान,Sunsari Dharan Sub-Metropolitan City,,समाजसेवी,Koshi,Sunsari,Sunsari-1,82982,150376,Secondary Education (Grade 9-10 / SLC / SEE),26.8,87.2833
323,340732,Dil Bahadur Bastola,Nepal Communist Party (Maoist),2526.0,94,M,False,Padam Bahadur Bastola,दश कक्षा,पाँचकन्या मा.वि. पानवारी,Sunsari, ,समाजसेवी,Koshi,Sunsari,Sunsari-1,82982,150376,Secondary Education (Grade 9-10 / SLC / SEE),26.8,87.2833
324,340609,Raj Kumar Limbu,Sanghiya Loktantrik Rastriya Manch,2550.0,83,M,False,Nebi Raj Limbu,एस.एस.सी.,--,Sankhuwasabha, ,समाजसेवा,Koshi,Sunsari,Sunsari-1,82982,150376,Secondary Education (Grade 9-10 / SLC / SEE),26.8,87.2833
325,340666,Raj Kumar Rai,Nepali Janashramdan Sanskriti Party,2579.0,83,M,False,Bhaluman Rai,प्लस टु,साकेला उच्च मा.वि।,Khotang,,समाज सेवा,Koshi,Sunsari,Sunsari-1,82982,150376,Higher Secondary / Intermediate (10+2 / PCL),26.8,87.2833
326,339515,Deuman Limbu,Swatantra,,74,M,False,Sher Bahadur Limbu,दश कक्षा,....,Taplejung,Chandra Devi Limbu,समाजसेवी,Koshi,Sunsari,Sunsari-1,82982,150376,Secondary Education (Grade 9-10 / SLC / SEE),26.8,87.2833
327,342710,Sumit Rai,Swatantra,,69,M,False,Ratan Prasad Rai,स्‍नातक,टि.यु.,Sunsari,,समाजसेवा,Koshi,Sunsari,Sunsari-1,82982,150376,Bachelor's Degree,26.8,87.2833
328,339334,Mahesh Shrestha,Nepal Majdur Kisan Party,2578.0,63,M,False,Khadga Bahadur Shrestha,प्रमाणपत्र तह उर्तिण,टि.यु.,Sunsari,Ambika Shrestha,पत्रकार,Koshi,Sunsari,Sunsari-1,82982,150376,Higher Secondary / Intermediate (10+2 / PCL),26.8,87.2833
329,342327,Sanjay Rai,"Janata Samajbadi Party, Nepal",2542.0,53,M,False,Ganesh Kumar Rai,शिक्षित,,Ilam,Urmila Rai,अध्यापक,Koshi,Sunsari,Sunsari-1,82982,150376,Literate / Non-Formal,26.8,87.2833
330,341988,Rama Bahadura Vish‍t,Aam Janata Party (Ekal Chunab Chinha),2581.0,52,M,False,डीक बहादुर विष्‍ट,आई.ए.,टि.यु.,Sunsari Barahkshetra Municipality,कुसुम  विष्‍ट,समाजसेवी,Koshi,Sunsari,Sunsari-1,82982,150376,Higher Secondary / Intermediate (10+2 / PCL),26.8,87.2833
331,339607,Rajendra Gurung,Mongol National Organization,2511.0,46,M,False,Rohit Bahadur Gurung,दश कक्षा पास,श्री कालिका मा.वि. भोजपुर,Bhojpur,Sumitra Gurung,समाजसेवी,Koshi,Sunsari,Sunsari-1,82982,150376,Secondary Education (Grade 9-10 / SLC / SEE),26.8,87.2833
332,342657,Jivan Kala Rai,Swatantra,,37,F,False,हर्क बहादुर राई,एस.एस.सी. ,नेपाल,Sunsari Dharan Sub-metropolis Uday Tol,,समाजसेवी,Koshi,Sunsari,Sunsari-1,82982,150376,Secondary Education (Grade 9-10 / SLC / SEE),26.8,87.2833
333,341730,Yam Bahadur Limbu,Nepal Janamukti Party,2529.0,27,M,False,Dal Bahadur Limbu,सामान्य,,Taplejung,Tika Devi Maden Limbu,समाजसेवा।,Koshi,Sunsari,Sunsari-1,82982,150376,Literate / Non-Formal,26.8,87.2833
334,342768,Raksha Kumar Rai,Miteri Party Nepal,2530.0,17,M,False,Ram Bahadur Rai,पि.एच.डि.,"यु.एस.ए. फ्रान्स्, जर्मनी, इटाली",Bhojpur,,"विश्‍वकिर्तिमान, पि.एच.डी, समाजसेवा, राजनितिशास्त्र",Koshi,Sunsari,Sunsari-1,82982,150376,Doctorate / PhD,26.8,87.2833
335,342257,Shesh Prasad Regmi,Swatantra,,17,M,False,Tika Prasad Regmi,स्‍नातकोत्तर,टि.यु.,Sunsari,,समाजसेवा,Koshi,Sunsari,Sunsari-1,82982,150376,Master's Degree,26.8,87.2833
336,342697,Chet Bahadur Rai,Swatantra,,16,M,False,Bhup Bahadur Rai,एस.एस.सी. पास,बोर्ड नेपाल,Sunsari,Puja Rai,समाजसेवा,Koshi,Sunsari,Sunsari-1,82982,150376,Secondary Education (Grade 9-10 / SLC / SEE),26.8,87.2833
337,342086,Om Krishna Udas,Swatantra,,9,M,False,Hari Krishna Udas,एस.एस.सी. पास,नेपाल बोर्ड,Sunsari,,समाजसेवी।,Koshi,Sunsari,Sunsari-1,82982,150376,Secondary Education (Grade 9-10 / SLC / SEE),26.8,87.2833
338,341392,Lal Bikram Thapa,Rastriya Swatantra Party,2528.0,57348,M,True,Govinda Bahadur Thapa,डिप्लोमा इन सिभिल इन्जिनियरिङ्ग,पूर्वाञ्चल क्याम्पस,Dhankuta,Samjhana Khadka,"सामाजिक तथा राजनितिक
होराईजन इन्जिनियरिङ्ग कलेजमा संस्थापकको रुपमा काम गरेको",Koshi,Sunsari,Sunsari-2,95441,158886,Diploma / Certificate Level,26.7333,87.2
339,340635,Rajib Koirala,Nepali Congress,2583.0,16071,M,False,केशरीराज  शर्मा,स्नातक,निजी/ सरकारी,Sunsari Inaruwa Municipality Jankeshari,गीता कुमारी उपाध्याय,"प्रदेश सदस्य, कोशी प्रदेश (संसदिय दलको नेता ने.का.) पू्व नेपाली काग्रेस केन्द्रिय सदस्य , पूर्व नेपाली काँग्रेस जिल्ला सभापति, पूर्व जेसीस अध्यक्ष १९९७",Koshi,Sunsari,Sunsari-2,95441,158886,Bachelor's Degree,26.7333,87.2
340,342651,Sujan Lama,Nepal Communist Party (Ekikrit Marxbadi Leninbadi),2598.0,8303,M,False,Bhakta Lama Tamang,एस.एल.सी.,भासी मा.वि. रामधुनी,Sunsari,Yasoda Tamang,"युवा संघ, कोशी प्रदेश कमिटी संयोजक
सामाजिक कार्यकर्ता",Koshi,Sunsari,Sunsari-2,95441,158886,Secondary Education (Grade 9-10 / SLC / SEE),26.7333,87.2
341,342369,Chtean Rai,Shram Sanskriti Party,2501.0,7484,M,False,नन्द प्रसाद राई,एस.एल.सी,पाथीभारा कलेज,Sunsari Itahari Sub Metropolitan Awash,,वैदेशिक रोजगार,Koshi,Sunsari,Sunsari-2,95441,158886,Secondary Education (Grade 9-10 / SLC / SEE),26.7333,87.2
342,341120,Ram Kumari Chaudhary,Nepali Communist Party,2557.0,1816,F,False,Ghuran Chaudhary,स्नातक,पूर्वाञ्चल विश्व विद्यालय,Sunsari,Santosh Kumar Tharu,,Koshi,Sunsari,Sunsari-2,95441,158886,Bachelor's Degree,26.7333,87.2
343,341906,Dinesh Kumar Basnet,Rastriya Prajatantra Party,2604.0,1287,M,False,Kedar Bahadur Basnet,आई.ए.,,Sunsari,Lila Kumari Basnet,,Koshi,Sunsari,Sunsari-2,95441,158886,Higher Secondary / Intermediate (10+2 / PCL),26.7333,87.2
344,340224,Gopal Tamang,Ujyalo Nepal Party,2566.0,734,M,False,Singabir Tamang,स्नाकोत्तर ,निजी,Sunsari,,"शैक्षिक संस्थामा कार्य गरेको
सञ्चार क्षेत्रमा कार्य गरेको",Koshi,Sunsari,Sunsari-2,95441,158886,Master's Degree,26.7333,87.2
345,342670,Aditya Acharya,Rashtra Nirman Dal Nepal,2527.0,536,M,False,Prabhat Kumar Acharya,स्नातक,टि.यू.,Sunsari,,"अटो मोवाइल इन्जिनियर
विद्युतिय सवारीमा अनुभव",Koshi,Sunsari,Sunsari-2,95441,158886,Bachelor's Degree,26.7333,87.2
346,342402,Ram Chandra Mehata,"Janata Samajbadi Party, Nepal",2542.0,380,M,False,सत्य नारायण मेहता,एस. एल. सी.,भगवती मा.वि,Sunsari Inaruwa Municipal Jail Field,ज्योती  मेहता,,Koshi,Sunsari,Sunsari-2,95441,158886,Secondary Education (Grade 9-10 / SLC / SEE),26.7333,87.2
347,342582,Mahabir Mehata,Janamat Party,2585.0,329,M,False,तेज नारायण मेहता,व्याचलर,टि.यू.,Sunsari Inaruwa Municipality,,,Koshi,Sunsari,Sunsari-2,95441,158886,Bachelor's Degree,26.7333,87.2
348,342151,Tajina Visht,Pragatishil Loktantrik Party,2516.0,176,F,False,भिम  कुमार  विष्ट ,+2,,Sunsari Itahari Sub-Metropolitan City,,,Koshi,Sunsari,Sunsari-2,95441,158886,Higher Secondary / Intermediate (10+2 / PCL),26.7333,87.2
349,342310,Santosh Kumar Mehata,Rastriya Mukti Party Nepal (Ekal Chunab Chinha),2531.0,169,M,False,राम लखन मेहता,व्याचलर,टि.यू.,Sunsari Inaruwa Municipality Inaruwa,,"2058 देखि राजनितिमा प्रवेश
राजनितिक",Koshi,Sunsari,Sunsari-2,95441,158886,Bachelor's Degree,26.7333,87.2
350,340073,Iphatakhara Hasana (ikavala),Swatantra,,155,M,False,अब्दुल अजिज अहमद,स्‍नातक,निजी,Sunsari Inruwa Municipality Ahmed Tol,,"30 वर्ष पत्रकारिता
2 वर्ष न्यूनतम पारिश्रमिक निर्धारण समिति",Koshi,Sunsari,Sunsari-2,95441,158886,Bachelor's Degree,26.7333,87.2
351,339779,Santahira Rai,Mongol National Organization,2511.0,152,F,False,Laxmi Prasad Rai,एस एल सी,सरकारी,Khotang,Dipendra Rai,,Koshi,Sunsari,Sunsari-2,95441,158886,Secondary Education (Grade 9-10 / SLC / SEE),26.7333,87.2
352,341635,Krishna Kumari Dunuwar,Nepal Communist Party (Maoist),2526.0,125,F,False,पृथिवी बहादुर दनुवार,+2,निजी/सरकारी,Sunsari Itahari Sub-Metropolitan City,,,Koshi,Sunsari,Sunsari-2,95441,158886,Higher Secondary / Intermediate (10+2 / PCL),26.7333,87.2
353,342193,Nunu Ram Chaudhary,Nepal Loktantrik Party,2553.0,107,M,False,Ram Prasad Chaudhary,बि.कम.,,Sunsari,Tara Kumari Chaudhary,,Koshi,Sunsari,Sunsari-2,95441,158886,Bachelor's Degree,26.7333,87.2
354,342483,Tulasa Limbu,Sanghiya Loktantrik Rastriya Manch,2550.0,75,F,False,राजेन्द्र कुमार लिम्बु,एस.एल.सी.,,Sunsari Itahari Sub Metropolitan Kanchenjunga,खड्ग बहादुर लिम्बु,,Koshi,Sunsari,Sunsari-2,95441,158886,Secondary Education (Grade 9-10 / SLC / SEE),26.7333,87.2
355,342461,Navraj Paudel,Swatantra,,45,M,False,कृष्ण वहादुर पौडेल,वि.एड.,धनकुटा बहुमुखी क्याम्पस,Sunsari Itahari Sub Metropolitan Tulsatol,पदम कुमारी भण्डारी,,Koshi,Sunsari,Sunsari-2,95441,158886,Bachelor's Degree,26.7333,87.2
356,341710,Atit Nepal,Nepal Communist Party (Sanyukta),2601.0,31,M,False,Kedar Nepal,स्नातक,त्रि.वि.,Bhojpur,,,Koshi,Sunsari,Sunsari-2,95441,158886,Bachelor's Degree,26.7333,87.2
357,342561,Niranjan Thakur,Aam Janata Party (Ekal Chunab Chinha),2581.0,28,M,False,Bisheshwar Thakur,एस.एल.सी.,,Saptari,Anjana Rai,व्यपार,Koshi,Sunsari,Sunsari-2,95441,158886,Secondary Education (Grade 9-10 / SLC / SEE),26.7333,87.2
358,342336,Devendra  Paudel,Swatantra,,20,M,False,Ashok Paudel,स्नातक तह ,टि.यू.,Sunsari,,"कलाकार
शिक्षक
कृषक
राजनितिक",Koshi,Sunsari,Sunsari-2,95441,158886,Bachelor's Degree,26.7333,87.2
359,342576,Anjana Devi Gupta,Swatantra,,18,F,False,Govinda Prasad Gupta,आठ पास,,Sunsari,,,Koshi,Sunsari,Sunsari-2,95441,158886,Basic Education (Up to Grade 8),26.7333,87.2
360,339956,Gita Maiya Bajiko,Nepal Majdur Kisan Party,2578.0,14,F,False,Satya Narayan Bajiko,एस.एल.सि.,सरकारी,Bhaktapur,Vikram Raj Shrestha,,Koshi,Sunsari,Sunsari-2,95441,158886,Secondary Education (Grade 9-10 / SLC / SEE),26.7333,87.2
361,341814,Raj Kumar Khatri,Swatantra,,14,M,False,Kul Bahadur Kh____ (Khatri),एस.एल.सी.,सरकारी,Bhojpur,Chandrakala Khadka,समाज सेवा,Koshi,Sunsari,Sunsari-2,95441,158886,Secondary Education (Grade 9-10 / SLC / SEE),26.7333,87.2
362,342031,Satya Narayan Pandit,Swatantra,,10,M,False,Nathu Pandit,साधारण,,Sunsari,Sujani Pandit,सामाजिक सेवा,Koshi,Sunsari,Sunsari-2,95441,158886,Literate / Non-Formal,26.7333,87.2
363,342681,Dambar Bahadur Baraili,Swatantra,,6,M,False,Brikha Lal Baraili,+2,,Taplejung,Indu Baraili,,Koshi,Sunsari,Sunsari-2,95441,158886,Higher Secondary / Intermediate (10+2 / PCL),26.7333,87.2
364,341975,Bhim Bahadur Dahal,Swatantra,,6,M,False,Nanda Bahadur Dahal,एस.एल.सी.,सरकारी,Khotang,Hem Kumari Dahal,समाजसेवा,Koshi,Sunsari,Sunsari-2,95441,158886,Secondary Education (Grade 9-10 / SLC / SEE),26.7333,87.2
365,342597,Roshani Rail,Swatantra,,2,F,False,बम बहादुर राई,आई.ए.,टि.यू.,Sunsari Itahari Sub-Metropolitan City,,सामाजिक सेवा,Koshi,Sunsari,Sunsari-2,95441,158886,Higher Secondary / Intermediate (10+2 / PCL),26.7333,87.2
366,340042,Ashok Kumar Chaudhary,Rastriya Swatantra Party,2528.0,47421,M,True,Balram Chaudhary,+2 ,,Sunsari,Jiwan Kumari Chaudhary,,Koshi,Sunsari,Sunsari-3,89389,134275,,26.65,87.1333
367,341886,Vijaya Kumara Gach‍chhadar,Nepali Congress,2583.0,20501,M,False,सिरु  गच्‍छदार,स्‍नातकोत्तर,,Sunsari Duhavi Municipality Pachira,निर्मला  गच्‍छदार,,Koshi,Sunsari,Sunsari-3,89389,134275,Master's Degree,26.65,87.1333
368,340632,Bhagwati Chaudhary,Nepal Communist Party (Ekikrit Marxbadi Leninbadi),2598.0,15083,F,False,Biran Lal Chaudhary,स्‍नातकोत्तर,,Sunsari,Dinesh Kumar Chaudhary,,Koshi,Sunsari,Sunsari-3,89389,134275,Master's Degree,26.65,87.1333
369,340100,Ram Prasha Sada,Shram Sanskriti Party,2501.0,1780,M,False,भिखन  सदा मुसहर,8 पास,,Sunsari Duhavi Municipality,मिरा  सदा,,Koshi,Sunsari,Sunsari-3,89389,134275,Basic Education (Up to Grade 8),26.65,87.1333
370,341189,Durgesh Kumar Chaudhary,Nepali Communist Party,2557.0,1551,M,False,Banhu Chaudhary,+2,,Sunsari,Sita Kumari Chaudhary,,Koshi,Sunsari,Sunsari-3,89389,134275,Higher Secondary / Intermediate (10+2 / PCL),26.65,87.1333
371,340726,Ghanashyama Gurungg,Rastriya Prajatantra Party,2604.0,885,M,False,भक्त बहादुर गुरुङ्ग,प्रवेशिका,,Sunsari Itahari Sub-Metropolitan City,सविना  तामाङ्ग,,Koshi,Sunsari,Sunsari-3,89389,134275,Secondary Education (Grade 9-10 / SLC / SEE),26.65,87.1333
372,342058,Krishna Kumar Chaudhary,Sarbabhaum Nagarik Party,2520.0,602,M,False,Sitalchand Majhi,एम.वि.एस.,TU,Sunsari,Vijeta Chaudhary,,Koshi,Sunsari,Sunsari-3,89389,134275,Master's Degree,26.65,87.1333
373,341503,Ram Narayan Tharu,Janamat Party,2585.0,389,M,False,Shiv Narayan Madar Tharu,SLC,,Sunsari,Bauki Kumari Majhi,,Koshi,Sunsari,Sunsari-3,89389,134275,Secondary Education (Grade 9-10 / SLC / SEE),26.65,87.1333
374,341367,Jagesh‍vara Yadav,Ujyalo Nepal Party,2566.0,286,M,False,भोला  यादव,SLC,,Sunsari Garhi Rural Municipality Holaiya,राम कुमारी यादव,,Koshi,Sunsari,Sunsari-3,89389,134275,Secondary Education (Grade 9-10 / SLC / SEE),26.65,87.1333
375,342795,Kishora Kumara Vish‍vas,Samabeshi Samajbadi Party Nepal,2572.0,225,M,False,सवारी लाल विश्‍वास,स्‍नातक,,Sunsari Duhavi Municipality Barade,,,Koshi,Sunsari,Sunsari-3,89389,134275,Bachelor's Degree,26.65,87.1333
376,341660,Badri Prashad Yadav,"Janata Samajbadi Party, Nepal",2542.0,177,M,False,भरथु  यादव,स्‍नातकोत्तर,त्रिभुवन विश्व विद्यालय,Sunsari Barju rural municipality Chimdi,बाल कुमारी यादव,"शिक्षण, वन तथा कृषि",Koshi,Sunsari,Sunsari-3,89389,134275,Master's Degree,26.65,87.1333
377,339810,Aashutosh Dhungel,Nepal Communist Party (Maoist),2526.0,140,M,False,गोपाल प्रसाद ढुङगेल,एस.एल.सी,श्री जनता मा.वि. इटहरी,Sunsari Itahari Sub-Metropolis Tengratoli,लक्ष्मी  सुनुवार,रंगरोगन सम्बन्धी र लेखापढी सम्बन्धी।,Koshi,Sunsari,Sunsari-3,89389,134275,Secondary Education (Grade 9-10 / SLC / SEE),26.65,87.1333
378,341562,Pramoda Paudyal,Pragatishil Loktantrik Party,2516.0,119,M,False,टंक प्रसाद पौड्याल,एम.ए,,Shivtoll of Morang Budhiganga Rural Municipality,,,Koshi,Sunsari,Sunsari-3,89389,134275,Master's Degree,26.65,87.1333
379,342591,Bashudev Sahu Teli,"Nagarik Unmukti Party, Nepal (Ekal Chunab Chinha)",2531.0,91,M,False,लक्ष्मण  साह,10,,Vice President of Sunsari Garhi Rural Municipality,रुकमणि कुमारी साहु,,Koshi,Sunsari,Sunsari-3,89389,134275,Secondary Education (Grade 9-10 / SLC / SEE),26.65,87.1333
380,341968,Rohan Kumar Shah,Aam Janata Party (Ekal Chunab Chinha),2581.0,29,M,False,Mugalal Shah,+2,,Sunsari,Kaushilya Devi Shah,संघ सस्थाहरु तथा समाज सेवीको रुपमा काम गरेको।,Koshi,Sunsari,Sunsari-3,89389,134275,Higher Secondary / Intermediate (10+2 / PCL),26.65,87.1333
381,341053,Kasani Tharuni,Swatantra,,27,F,False,बिरन लाल चौधरी,,,Sunsari Duhavi Municipality Simaria,जय नारायण माझी,,Koshi,Sunsari,Sunsari-3,89389,134275,,26.65,87.1333
382,340689,Kumari Urav,Swatantra,,25,F,False,राम  उराव,,,Sunsari Duhvi Municipality Duhvi,अगमु  उराव,,Koshi,Sunsari,Sunsari-3,89389,134275,,26.65,87.1333
383,339316,Prakriti Basi,Nepal Majdur Kisan Party,2578.0,17,F,False,Krishna Sagar Basi,स्‍नाकोत्तर,,Bhaktapur,,,Koshi,Sunsari,Sunsari-3,89389,134275,Master's Degree,26.65,87.1333
384,341835,Chet Narayan Chaudhary,Swatantra,,12,M,False,कवदान  चौधरी,+2,जनता मा.वि. इटहरी,Sunsari Itahari Sub-Metropolis Budb Tol,उमा देवी चौधरी,,Koshi,Sunsari,Sunsari-3,89389,134275,Higher Secondary / Intermediate (10+2 / PCL),26.65,87.1333
385,341247,Dip Bahadur Tamang,Mongol National Organization,2511.0,10,M,False,Ram Bahadur Tamang,SLC,,Khotang,Anju Gurung Tamang,,Koshi,Sunsari,Sunsari-3,89389,134275,Secondary Education (Grade 9-10 / SLC / SEE),26.65,87.1333
386,342177,Shyan Kumar Mudiyari,Swatantra,,8,M,False,माधव  मुडियारी,,,Sunsari Inaruwa Municipality Barchwa,सरस्वती देवी मुडियारी,,Koshi,Sunsari,Sunsari-3,89389,134275,,26.65,87.1333
387,341015,Suman Kumari Chaudhary,Swatantra,,8,F,False,Laxmi Narayan Chaudhary,SLC,,Sunsari,Duli Chand Chaudhary,,Koshi,Sunsari,Sunsari-3,89389,134275,Secondary Education (Grade 9-10 / SLC / SEE),26.65,87.1333
388,342399,Rajan Kumar Gautam,Swatantra,,3,M,False,Homnath Gautam,SLC,भादगाउँ सिनुवारी मा.वि. झुम्का,Sunsari,Ganga Gautam,"सामाजिक, राजनितिक",Koshi,Sunsari,Sunsari-3,89389,134275,Secondary Education (Grade 9-10 / SLC / SEE),26.65,87.1333
389,340603,Dipaka Kumara Sah,Rastriya Swatantra Party,2528.0,42771,M,True,मदन लाल साह,स्तानक मेकानिकल इन्जिनियरिङ्ग,त्रि.यु पुलचौक इन्जिनियरिङ्ग क्याम्पस पुलचौक ललितपुर,Sunsari Bhokraha Narsingh Rural Municipality,शारदा  सुमन साह,23 वर्ष सम्म हाइड्रो पावरमा काम गरेको ,Koshi,Sunsari,Sunsari-4,78463,137322,Bachelor's Degree,26.55,87.05
390,340452,Gyanendra Bahadur Karki,Nepali Congress,2583.0,16587,M,False,Krishna Mohan Karki,स्नातोकत्तर(राजनैतिक शास्त्र),त्रि.वि.वि.,Bhojpur,Bina Rana,,Koshi,Sunsari,Sunsari-4,78463,137322,Master's Degree,26.55,87.05
391,341375,Jagdish Prasad Kusiyaith,Nepal Communist Party (Ekikrit Marxbadi Leninbadi),2598.0,8631,M,False,फनिलाल  कुसियैत,एस.एल.सी.,हनुमान मा.वि. हनुमाननगर,Sunsari Koshi rural municipality Sripur,किरण देवी कुसियैत,राजनिति,Koshi,Sunsari,Sunsari-4,78463,137322,Secondary Education (Grade 9-10 / SLC / SEE),26.55,87.05
392,341017,Mo. Gulab Ansari,Nepali Communist Party,2557.0,3432,M,False,रजाक  मिया,स्नातक,त्रि.वि.वि,Sunsari Harinagar Rural Municipality Bantu,निकहत  प्रविन,,Koshi,Sunsari,Sunsari-4,78463,137322,Bachelor's Degree,26.55,87.05
393,340143,Bishnu Rana,Shram Sanskriti Party,2501.0,2763,M,False,Resham Rana,कक्षा १२ पास,आर्दश उच्च मा.वि. बराहक्षेत्र-२,Sunsari,Sita Rana,,Koshi,Sunsari,Sunsari-4,78463,137322,Higher Secondary / Intermediate (10+2 / PCL),26.55,87.05
394,341994,Prem Prasad Bhattarai,Rastriya Prajatantra Party,2604.0,821,M,False,Padam Prasad Bhattarai,आई.ए,त्रि.वि.वि,Mahottari,Bimala Bhattarai,,Koshi,Sunsari,Sunsari-4,78463,137322,Higher Secondary / Intermediate (10+2 / PCL),26.55,87.05
395,341970,Samid Khan,Rashtra Nirman Dal Nepal,2527.0,735,M,False,Mastakim Khan,एस.एल.सी,जनता मा.वि मधुवन,Sunsari,Juhi Kahakasa,व्यापार,Koshi,Sunsari,Sunsari-4,78463,137322,Secondary Education (Grade 9-10 / SLC / SEE),26.55,87.05
396,342349,Kapaleshvara Yadav,Janamat Party,2585.0,558,M,False,नीलाम्बर  यादव,+2 ,त्रिचन्द्र क्याम्पस,Sunsari Harinagar Rural Municipality Dharampur,कोशिल्या देवी यादव,,Koshi,Sunsari,Sunsari-4,78463,137322,,26.55,87.05
397,341793,Sabita Yadav,"Janata Samajbadi Party, Nepal",2542.0,486,F,False,Moti Lal Yadav,एस.एल.सी.,भगवती मा.वि. सुनसरी,Sunsari,Ram Avatar Yadav,,Koshi,Sunsari,Sunsari-4,78463,137322,Secondary Education (Grade 9-10 / SLC / SEE),26.55,87.05
398,340832,Hari Parajuli,Swatantra,,356,M,False,Navaraj Parajuli,+2 पास,श्री प्रकाश मा.वि.,Sunsari,,सामाजिक अभियन्ता,Koshi,Sunsari,Sunsari-4,78463,137322,Higher Secondary / Intermediate (10+2 / PCL),26.55,87.05
399,342287,Mo. Tajmul Miyan,Swatantra,,198,M,False,महमद सलिम  मियाँ,SLC,मध्यमा विहार,Sunsari Koshi Rural Municipality Bhantawari,तेतरी/नुरजाहान  खातुन,"राजनैतिक
ठेकेदार
समाजसेवी",Koshi,Sunsari,Sunsari-4,78463,137322,Secondary Education (Grade 9-10 / SLC / SEE),26.55,87.05
400,339570,Ayuv Ansari,Samabeshi Samajbadi Party Nepal,2572.0,168,M,False,इसाहक  अंसारी,कक्षा ५ पास,,Sunsari Bhokraha Narsingh Rural Municipality,हसिना  खातुन,,Koshi,Sunsari,Sunsari-4,78463,137322,Basic Education (Up to Grade 8),26.55,87.05
401,341450,Bhesharaj Bajagai,Nepal Communist Party (Maoist),2526.0,153,M,False,जगन  बजगाई,+२ पास,आर्दश उच्च मा.वि.,Sunsari Barahkshetra Municipality Dhik Jhora,निर्मला  बजगाई,,Koshi,Sunsari,Sunsari-4,78463,137322,Higher Secondary / Intermediate (10+2 / PCL),26.55,87.05
402,340663,Rojana Vish‍vakarma,Swatantra,,146,M,False,मान वहादुर विश्‍वकर्मा,एस.एल.सी,श्री प्रकाश माध्यमिक विद्यालय बराहक्षेत्र-10,Sunsari Barahkshetra Municipality Prakashpur,,"वैदेशिक रोजगार
दलित अभियन्ता",Koshi,Sunsari,Sunsari-4,78463,137322,Secondary Education (Grade 9-10 / SLC / SEE),26.55,87.05
403,340945,Mo. Gulab Ansari,Swatantra,,123,M,False,इलियास अंसारी,+2 पास,शिक्षा दिप मा.वि,Sunsari Harinagar Rural Municipality Bhutaha, ,,Koshi,Sunsari,Sunsari-4,78463,137322,Higher Secondary / Intermediate (10+2 / PCL),26.55,87.05
404,342379,Tavrej Alam Ansari,Aam Janata Party (Ekal Chunab Chinha),2581.0,87,M,False,समसुल  मिया,+2,श्रि बालकृष्ण मा.वि,Sunsari Harinagar Rural Municipality,सकिना  प्रविण,"समाजसेवी
राजनैतिक
",Koshi,Sunsari,Sunsari-4,78463,137322,Higher Secondary / Intermediate (10+2 / PCL),26.55,87.05
405,340115,Mankumar Rai,Mongol National Organization,2511.0,74,M,False,Larsange Rai,कक्षा ८ पास,,Sunsari,Phulasara Rai,भारतीय सैनिक,Koshi,Sunsari,Sunsari-4,78463,137322,Basic Education (Up to Grade 8),26.55,87.05
406,341873,Ramesh Kumar Sah,Nepal Janata Party,2507.0,63,M,False,Kisan Sah,lab Assitant,national institute of Technology,Sunsari,Manju Devi Sah,,Koshi,Sunsari,Sunsari-4,78463,137322,Diploma / Certificate Level,26.55,87.05
407,341610,Ankit Karki,Swatantra,,49,M,False,Salikgram Karki,+2 पास,कस्तुरी कलेज इटहरी ,Sunsari,,सामाजिक सेवमा निरन्तर सहभागी भई न्याय संविधानको पालना गर्दै परोपकारमा संलग्न,Koshi,Sunsari,Sunsari-4,78463,137322,Higher Secondary / Intermediate (10+2 / PCL),26.55,87.05
408,341768,Satya Narayan Lahutiya,Nepal Communist Party (Sanyukta),2601.0,39,M,False,Ramji Lahutiya,एस.एल.सी,,Sunsari,Kunti Devi Lahutiya,,Koshi,Sunsari,Sunsari-4,78463,137322,Secondary Education (Grade 9-10 / SLC / SEE),26.55,87.05
409,342027,Tej Narayan Goit,Swatantra,,34,M,False,Nandalal Goit Yadav,प्रमाणपत्र तह,कुवार ससिन्दर महता विद्यालय विरपुर,Sunsari,Chandrakala Devi Yadav,सामाजिक अध्ययन,Koshi,Sunsari,Sunsari-4,78463,137322,Higher Secondary / Intermediate (10+2 / PCL),26.55,87.05
410,342248,Kundan Kausik,Swatantra,,33,M,False,Vishwanath Sah,+2 पास,कोशी राजकिय उच्च विद्यालय विरपुर (भारत),Sunsari,Juli Devi Sah,,Koshi,Sunsari,Sunsari-4,78463,137322,Higher Secondary / Intermediate (10+2 / PCL),26.55,87.05
411,341703,Mo. Sadik Miya,Sanghiya Loktantrik Rastriya Manch,2550.0,29,M,False,आवास  मियाँ,साधारण लेखपढ,,Sunsari Koshi rural municipality Judhganj,खतिजा  खातुन,,Koshi,Sunsari,Sunsari-4,78463,137322,Literate / Non-Formal,26.55,87.05
412,341481,Upendra Kumar Sah,Swatantra,,25,M,False,Braja Mohan Sah,एस.एल.सी,जनता मा.वि. नरसिंह,Sunsari,Raj Kumari Sah,,Koshi,Sunsari,Sunsari-4,78463,137322,Secondary Education (Grade 9-10 / SLC / SEE),26.55,87.05
413,341423,Dev Narayan Mahto,Swatantra,,16,M,False,फतुली  महतो,साधारण लेखपढ,,Sunsari Bhokraha Narsingh Rural Municipality,सिता देवी महतो,,Koshi,Sunsari,Sunsari-4,78463,137322,Literate / Non-Formal,26.55,87.05
414,341281,Sharmanand Khatiwada,Swatantra,,16,M,False,श्रीविलास  खतिवडा,एस.एल.सी,महेन्द्रनगर मा.वि. महेन्द्रनगर सुनसरी,Sunsari Itahari Sub-Metropolitan Hasposa,गोमा देवी खतिवडा,"25 वर्ष शिक्षक पेशामा कार्यरत
किसान र कृषी मजदुरको कामको अनुभव
गित कविताहरु लेख्ने
विद्यार्थी जिवन देखी राजनिति काम गरेको
राजनैतिक अनुभव",Koshi,Sunsari,Sunsari-4,78463,137322,Secondary Education (Grade 9-10 / SLC / SEE),26.55,87.05
415,341829,Mahendra Sunchauri,Swatantra,,14,M,False,Harka Bahadur Sunchauri,+2 पास,श्री प्रकाश मा.वि.,Sunsari,,"वैदेशिक रोजगार
समाज सेवा",Koshi,Sunsari,Sunsari-4,78463,137322,Higher Secondary / Intermediate (10+2 / PCL),26.55,87.05
416,341571,Jalal Miyan,Swatantra,,13,M,False,महवुद  अंसारी,कक्षा ९ पास ,भगवती मा.वि.,Sunsari Bhokraha Narsingh Rural Municipality Chirauli,अलफुसानी  खातुन,राजनिति,Koshi,Sunsari,Sunsari-4,78463,137322,Secondary Education (Grade 9-10 / SLC / SEE),26.55,87.05
417,341229,Chanchala Nhisutu,Nepal Majdur Kisan Party,2578.0,12,F,False,सूर्य  सिन्ताकल,एस.एल.सी,शिक्षा निकेतन मा.वि भक्तपुर,Bhaktapur Bhaktapur Municipality Dogan,शिव राम न्हिसुतु,,Koshi,Sunsari,Sunsari-4,78463,137322,Secondary Education (Grade 9-10 / SLC / SEE),26.55,87.05
418,342202,Parvati Mukhia,Swatantra,,12,F,False,बेचु  मलाह मुखिया,साधारण लेखपढ,,Sunsari Koshi Rural Municipality Gori Tol,सुवन्‍सी  मुखिया,,Koshi,Sunsari,Sunsari-4,78463,137322,Literate / Non-Formal,26.55,87.05
419,341061,Yamuna Ke.si.,Swatantra,,11,F,False,मोतीराम  के.सी.,12 पास,बालकल्याण माध्यमिक विद्यालय रोल्पा लिवाङ,Rolpa Sunil Smriti Rural Municipality,तिलक  भारती,"सामाजिक सेवा
राजनितिक सेवा
वातावरण संरक्षण
महिला/बाल बालिका संरक्षण सेवा तथा साधु सन्त सत्कार",Koshi,Sunsari,Sunsari-4,78463,137322,Higher Secondary / Intermediate (10+2 / PCL),26.55,87.05
420,342404,Phul Kumari Khan,Swatantra,,4,F,False,Chhatar Khan,निरक्षर,,Sunsari,Muturja Kha,,Koshi,Sunsari,Sunsari-4,78463,137322,Illiterate,26.55,87.05
421,342181,Budheshwar Yadav,Swatantra,,4,M,False,Bhola Mahatman,प्रविणता प्रमाणपत्र तह,कुमार ससिन्दर महा विद्यालय विरपुर,Sunsari,Punam Devi Mahatman,सामाजिक कार्यकर्ता,Koshi,Sunsari,Sunsari-4,78463,137322,Higher Secondary / Intermediate (10+2 / PCL),26.55,87.05
422,341534,Prakash Singh Karki,Nepali Congress,2583.0,13166,M,True,Kriti Bahadur Karki,+2,,Solukhumbu,Mandira Basnet (Karki),,Koshi,Solukhumbu,Solukhumbu-1,38566,85429,Higher Secondary / Intermediate (10+2 / PCL),27.7833,86.7333
423,341788,Ashim Rai,Nepali Communist Party,2557.0,9414,M,False,Ran Dhwoj Rai,विविएस,,Solukhumbu,,,Koshi,Solukhumbu,Solukhumbu-1,38566,85429,Bachelor's Degree,27.7833,86.7333
424,340324,Kalpana Rai,Nepal Communist Party (Ekikrit Marxbadi Leninbadi),2598.0,8228,F,False,Guman Singh Rai,,,Solukhumbu,Vir Udas Shrestha,,Koshi,Solukhumbu,Solukhumbu-1,38566,85429,,27.7833,86.7333
425,340888,Rishi Dhan Thulung Rai,Rastriya Swatantra Party,2528.0,3642,M,False,Nawab Singh Rai,पिएच डि,,Solukhumbu,Gita Devi Rai,,Koshi,Solukhumbu,Solukhumbu-1,38566,85429,Doctorate / PhD,27.7833,86.7333
426,340116,Viyas Rai,Shram Sanskriti Party,2501.0,3363,M,False,राई मन राई,,,Solukhumbu Nechasalyan Rural Municipality,पर्वत कुमारी राई,,Koshi,Solukhumbu,Solukhumbu-1,38566,85429,,27.7833,86.7333
427,339638,Pemba Chiri Sherpa,Ujyalo Nepal Party,2566.0,278,M,False,दागेल्जेन  शेर्पा,+2,,Solukhumbu Khumbu Pasanglhamu rural municipality Kharikhola,,,Koshi,Solukhumbu,Solukhumbu-1,38566,85429,Higher Secondary / Intermediate (10+2 / PCL),27.7833,86.7333
428,340018,Lakpa Sherpa,"Janata Samajbadi Party, Nepal",2542.0,203,M,False,Pasang Sherpa,,,Bhojpur,Usha Dahal Sherpa,,Koshi,Solukhumbu,Solukhumbu-1,38566,85429,,27.7833,86.7333
429,340592,Rajendra Basnet,Rastriya Prajatantra Party,2604.0,157,M,False,Rekh Bahadur Basnet,+2,मञ्जु देवी बस्नेत,Solukhumbu,,,Koshi,Solukhumbu,Solukhumbu-1,38566,85429,Higher Secondary / Intermediate (10+2 / PCL),27.7833,86.7333
430,342208,Gunaraja Epha Bhattaraee,Aam Janata Party (Ekal Chunab Chinha),2581.0,41,M,False,योग्य प्रसाद भट्टरा,+2,,Solukhumbu Nechasalyan Rural Municipality,खेन्डु  भट्टरा,,Koshi,Solukhumbu,Solukhumbu-1,38566,85429,Higher Secondary / Intermediate (10+2 / PCL),27.7833,86.7333
431,339360,Man Kumar Gurung,Mongol National Organization,2511.0,34,M,False,Kul Bahadur Gurung,साक्षरता,श्री त्रिभुवन विद्योदय प्रा.वि.,Solukhumbu,Bhaj Maya Gurung,,Koshi,Solukhumbu,Solukhumbu-1,38566,85429,Literate / Non-Formal,27.7833,86.7333
432,339738,Kamal Bahadur Magar,Nepal Majdur Kisan Party,2578.0,31,M,False,Prasad Magar,+2,सोलुखुम्बु बहुमुखी कम्यापस,Solukhumbu,,जेटिए,Koshi,Solukhumbu,Solukhumbu-1,38566,85429,Higher Secondary / Intermediate (10+2 / PCL),27.7833,86.7333
433,341248,Shridhvaja Tamangg,Miteri Party Nepal,2530.0,9,M,False,बिर बहादुर तामाङ्ग,साक्षरता,,Solukhumbu Thulung Dudhkoshi Rural Municipality Chandane,मन कुमारी तामाङ्ग,,Koshi,Solukhumbu,Solukhumbu-1,38566,85429,Literate / Non-Formal,27.7833,86.7333
434,339964,Aren Rai,Shram Sanskriti Party,2501.0,16612,M,True,Ekraj Rai,+2,कितिनी कलेज ललितपुर,Khotang,Pramila Rai,विगत  निकै लामो समय देखि राजनीतिक समाजिक क्षेत्रमा काम गर्दै आएको । समाज देखिएको विभिन्न मुद्दाहरुको लागि काम गर्दै आएको । ,Koshi,Khotang,Khotang-1,58638,146712,Higher Secondary / Intermediate (10+2 / PCL),27.2,86.7833
435,340043,Dev Bikram Rai,Nepal Communist Party (Ekikrit Marxbadi Leninbadi),2598.0,12714,M,False,Shubha Ser Rai,एम‍.ए. (स्नातकोत्तर),त्रिभुवन विश्व विद्यालय,Khotang,Nirmala Rai,,Koshi,Khotang,Khotang-1,58638,146712,Master's Degree,27.2,86.7833
436,341644,Bir Kaji Rai,Nepali Congress,2583.0,11957,M,False,Dal Bahadur Rai,,,Khotang,Vishnu Rai,,Koshi,Khotang,Khotang-1,58638,146712,,27.2,86.7833
437,340262,Hari Roka,Nepali Communist Party,2557.0,9443,M,False,Meg Bahadur Roka,विधावारिधि,जवाराहाल नेहरु विश्वाविधालय नयाँ दिल्ली,Khotang,Krishna Roka,"जिल्ला इन्चार्ज जिल्ला सचिव केन्द्रिय समिती
स.सचिव सहकारी विकास बोर्ड
प्रतिनिधि सभा सदस्य अन्तरिम प्रतिनिधि 2063
संविधान सभा संस्करण लेखक",Koshi,Khotang,Khotang-1,58638,146712,Doctorate / PhD,27.2,86.7833
438,340918,Rudra Giri,Rastriya Swatantra Party,2528.0,5704,M,False,Ratna Giri,प्रमाण पत्र तह,दिक्तेल बहुमुखि क्याम्पस,Khotang,Saraswati Giri,"नेपाली नेत्रज्योति संघ खोटाङ पूर्वसभापति
खोटाङ उधोग वाणिज्य संघ पूर्व अध्यक्ष
होटल हलेसी भिलेज संचालक",Koshi,Khotang,Khotang-1,58638,146712,Higher Secondary / Intermediate (10+2 / PCL),27.2,86.7833
439,341217,Miresh Rai,Rastriya Paribartan Party,2568.0,947,M,False,Gam Raj Rai,बि.एड,महेन्द्र रत्न क्याम्पस ताहचल,Khotang,,,Koshi,Khotang,Khotang-1,58638,146712,Bachelor's Degree,27.2,86.7833
440,341376,Dipaka Tamangg,Rastriya Prajatantra Party,2604.0,477,M,False,ईश्‍वर बहादुर तामाङ्ग,,,Khotang Halesi Tuwachung Municipality Bangama,खिला  मगर (तामाङ्ग),नेपाली सेनामा १६ वर्ष १३ दिन  सेवा गरेको,Koshi,Khotang,Khotang-1,58638,146712,,27.2,86.7833
441,340862,Rakesh Rai,Janata Samajbadi Party (Ekal Chunab Chinha),2531.0,337,M,False,Ratna Rai,एस.एल.सी,चम्मावति मा.वि बईपा,Khotang,Anjana Kumari Rai,,Koshi,Khotang,Khotang-1,58638,146712,Secondary Education (Grade 9-10 / SLC / SEE),27.2,86.7833
442,340424,Chandra Bahadur Budhathoki,Nepal Communist Party (Maoist),2526.0,182,M,False,बखत बहादुर बुढाथोकी,स्नातक तह,त्रि.वि.वि(भोजपुर बहुमुखी क्याम्पस भोजपुर),Khotang Sakela Rural Municipality Sekhuwa,राधा  बुढाथोकी,,Koshi,Khotang,Khotang-1,58638,146712,Bachelor's Degree,27.2,86.7833
443,340364,Sunil Chamling,"Janata Samajbadi Party, Nepal",2542.0,111,M,False,Nir Bahadur Rai,एस.एल.सी,श्री मा.वि. मझुवा बास्बोटे,Khotang,Sarala Rai,,Koshi,Khotang,Khotang-1,58638,146712,Secondary Education (Grade 9-10 / SLC / SEE),27.2,86.7833
444,341259,Tilak Chandra Rai,Swatantra,,43,M,False,Vishwaraj Rai,एस.एल.सी,,Khotang,,,Koshi,Khotang,Khotang-1,58638,146712,Secondary Education (Grade 9-10 / SLC / SEE),27.2,86.7833
445,340584,Prayag Rai,Mongol National Organization,2511.0,32,M,False,Bal Kumar Rai,माध्यमिक तह,श्री सबित्रा माध्यमिक विधालय,Khotang,Yasoda Kandangwa,,Koshi,Khotang,Khotang-1,58638,146712,Secondary Education (Grade 9-10 / SLC / SEE),27.2,86.7833
446,341731,Raj Kumar Rai,Swatantra,,27,M,False,Panch Bahadur Rai,पि.एच.डि.,The University of Tenessee Knoxville USA,Jhapa,Pyaro Rai,शिक्षण प्राध्यापन ३० वर्ष भन्दा माथी,Koshi,Khotang,Khotang-1,58638,146712,Doctorate / PhD,27.2,86.7833
447,339609,Dhyan Prashad Dhakal,Nepal Majdur Kisan Party,2578.0,26,M,False,श्रीलाल पाध्या ढकाल,एस.एल.सि.,सरस्वती मा.वि. मात्तिम,Khotang Sakela Rural Municipality,,,Koshi,Khotang,Khotang-1,58638,146712,Secondary Education (Grade 9-10 / SLC / SEE),27.2,86.7833
448,341463,Keshar Man Chamling,Miteri Party Nepal,2530.0,26,M,False,Mugadhan Rai,एस.एल.सि.,,Khotang,Prabha Rai,,Koshi,Khotang,Khotang-1,58638,146712,Secondary Education (Grade 9-10 / SLC / SEE),27.2,86.7833
449,339838,Brish Raj Pokharel,Rastriya Swatantra Party,2528.0,13953,M,True,लक्ष्मण प्रसाद पोखरेल,एम. ए.,त्रिभुवन विश्वविद्यालय,Kathmandu Kathmandu Metropolitan City Kopila Marg,नवोदीता  शर्मा(पोखरेल),"क) २९ वर्ष नेपाल प्रहरी सेवा
ख) ५ वर्ष न्याय सेवा
ग) २ वर्ष प्रशासन सेवा",Koshi,Okhaldhunga,Okhaldhunga-1,55535,122659,Master's Degree,27.3167,86.5
450,341555,Kumar Luitel,Nepali Congress,2583.0,13948,M,False,Laxmi Prasad Luitel,स्नातकोत्तर,त्रिभुवन विश्वविद्यालय,Okhaldhunga,Sulochana Neupane,,Koshi,Okhaldhunga,Okhaldhunga-1,55535,122659,Master's Degree,27.3167,86.5
451,342143,Ambir Babu Gurung,Nepali Communist Party,2557.0,11296,M,False,Karna Singh Gurung,एस.एल.सी.,,Okhaldhunga,Renuka Gurung,"क) प्रदेश सभा सदस्य, भौतिक पूर्वाधार मन्त्री",Koshi,Okhaldhunga,Okhaldhunga-1,55535,122659,Secondary Education (Grade 9-10 / SLC / SEE),27.3167,86.5
452,340598,Asmita Thapa,Nepal Communist Party (Ekikrit Marxbadi Leninbadi),2598.0,10720,F,False,Chitra Bahadur Thapa,स्नातक,त्रिभुवन विश्वविद्यालय,Okhaldhunga,,"क) समाजसेवा
ख) स्थानिय तह उपाध्यक्ष (लिखु गाउँपालिका)
ग) ने.क.पा. एमाले केन्द्रिय सदस्य
घ) अनेरास्ववियु सचिवालय सदस्य",Koshi,Okhaldhunga,Okhaldhunga-1,55535,122659,Bachelor's Degree,27.3167,86.5
453,341111,Uddav Kumar Rai,Shram Sanskriti Party,2501.0,3858,M,False,राम बहादुर राई,ज्योतिषशास्त्र विद्यावारिधी,Vishwo Jyotish Vidyapith Kolkata,Okhaldhunga Manebhanjyang Rural Municipality,एविना  शेर्मा,"क) सामाजिक कार्य
ख) ज्योतिष विद्या सम्बन्धी कार्यहरु",Koshi,Okhaldhunga,Okhaldhunga-1,55535,122659,Doctorate / PhD,27.3167,86.5
454,340812,Kishori Karki,Ujyalo Nepal Party,2566.0,965,F,False,Himal Kaji Karki,स्नातक,ब्राइट भिजन ल क्याम्पस,Morang,,"क) पत्रकारिता, उद्घोषक, समाज सेवी
ख) राजनिती गरेको
ग) कानून सम्बन्धी काम गरेको",Koshi,Okhaldhunga,Okhaldhunga-1,55535,122659,Bachelor's Degree,27.3167,86.5
455,340187,Bajendra Rai,Mongol National Organization,2511.0,223,M,False,Khadga Bahadur Rai,एस. एल. सी.,श्री भगवती मा.वि. मानेभन्ज्याङ,Okhaldhunga,Dhansari Rai,"क) राजनैतिक
ख) शैक्षिक
ग) आर्थिक
घ) सामाजिक",Koshi,Okhaldhunga,Okhaldhunga-1,55535,122659,Secondary Education (Grade 9-10 / SLC / SEE),27.3167,86.5
456,341342,Dika Prasad Bastola,Rastriya Prajatantra Party,2604.0,178,M,False,राम  बास्तोला,आइ. ए.,रुम्जाटार उ.मा.वि.,Bhaktapur Changunarayan Municipality,,सामाजिक क्षेत्र,Koshi,Okhaldhunga,Okhaldhunga-1,55535,122659,Higher Secondary / Intermediate (10+2 / PCL),27.3167,86.5
457,342401,Pinki Raee (begu Rama Raee),Samabeshi Samajbadi Party,2590.0,100,M,False,डवल सिंह राई,एस.एल.सी.,"श्री मालिका माध्यमिक विद्यालय, खोटाङ",Okhaldhunga Manebhanjyang Rural Municipality,,,Koshi,Okhaldhunga,Okhaldhunga-1,55535,122659,Secondary Education (Grade 9-10 / SLC / SEE),27.3167,86.5
458,341898,Netra Bahadur Newang,Janata Samajbadi Party (Ekal Chunab Chinha),2531.0,92,M,False,कर्ण धोज नेम्वाङ,१०+२,पशुपति कलेज चावहिल काठमाण्डौ,Okhaldhunga Siddicharan Municipality Bhairab Tol,,"क) राजनिती
ख) व्यापार व्यवसाय
ग) खेलकुद
घ) पत्रकारिता",Koshi,Okhaldhunga,Okhaldhunga-1,55535,122659,Higher Secondary / Intermediate (10+2 / PCL),27.3167,86.5
459,340673,Sher Bahadur Khatri,Rastriya Janamorcha,2522.0,62,M,False,Kul Bahadur Khatri,एस.एल.सी.,स.ज.मा.वि. ओखलढुंगा,Okhaldhunga,Kunta Devi Khatri,"क) शिक्षण
ख) कृषि
ग) लेखा 
घ) प्रशासन",Koshi,Okhaldhunga,Okhaldhunga-1,55535,122659,Secondary Education (Grade 9-10 / SLC / SEE),27.3167,86.5
460,339634,Bikram Dahal,Swatantra,,53,M,False,Dulhari Dahal,स्नातकोत्तर,Sikkim Manipal University,Okhaldhunga,,"IT officer in Rural Municipality, School college Teacher, Real state agent",Koshi,Okhaldhunga,Okhaldhunga-1,55535,122659,Master's Degree,27.3167,86.5
461,339406,Sabina Prajapati,Nepal Majdur Kisan Party,2578.0,40,F,False,Purna Bhagat Prajapati,आइ एड,नब दुर्गा बहुमुखी क्याम्पस,Bhaktapur,Raja Ram Prajapati,शिक्षण,Koshi,Okhaldhunga,Okhaldhunga-1,55535,122659,Higher Secondary / Intermediate (10+2 / PCL),27.3167,86.5
462,342636,Kumar Bahadur Lama,Miteri Party Nepal,2530.0,29,M,False,Harka Bahadur Lama,८ कक्षा पास,,Kathmandu,Dhan Kumari Tamang,,Koshi,Okhaldhunga,Okhaldhunga-1,55535,122659,Basic Education (Up to Grade 8),27.3167,86.5
463,342604,Narayan Kaji Tamang,Swatantra,,18,M,False,Prati Man Tamang,आइ. ए.,त्रिभुवन विश्वविद्यालय,Okhaldhunga,Devi Tamang,क) २०४६ सालको जनआन्दोलनमा विद्यार्थी नेताको हैसियतले बहुदलिय प्रजातन्त्र ल्याउने आन्दोलनमा सकृय सहभागी भई हालसम्म राजनिती जीवनमै सिमित ।,Koshi,Okhaldhunga,Okhaldhunga-1,55535,122659,Higher Secondary / Intermediate (10+2 / PCL),27.3167,86.5
464,341485,Paras Mani Gelal,Rastriya Swatantra Party,2528.0,30590,M,True,दुर्गा प्रसाद गेलाल,स्नातकोत्तर,त्रि.वि.,Sunsari Inaruwa Municipality Sikari,गंगा कुमारी गौतम गेलाल,,Koshi,Udayapur,Udayapur-1,73916,142759,Master's Degree,26.9,86.7
465,340152,Rajesh Kumar Rai,Shram Sanskriti Party,2501.0,11606,M,False,Sarkiman bhannne Bhaga Bahadur Rai,+2,HSEB,Khotang,Pramila Rai,,Koshi,Udayapur,Udayapur-1,73916,142759,Higher Secondary / Intermediate (10+2 / PCL),26.9,86.7
466,340831,Bal Dev Chaudhary,Nepali Communist Party,2557.0,10021,M,False,Ram Dhani Chaudhary,BL,TU,Udaipur,Shanti Kumari Chaudhary,,Koshi,Udayapur,Udayapur-1,73916,142759,Bachelor's Degree,26.9,86.7
467,341310,Vidura Vasnet,Nepali Congress,2583.0,9675,M,False,अम्वेवर सिंह वस्नेत,स्नातक,त्रि.वि.,Udaipur Triyuga Municipality Ratmate,बशुन्धरा  वस्नेत,,Koshi,Udayapur,Udayapur-1,73916,142759,Bachelor's Degree,26.9,86.7
468,340070,Durga Kumar Thapa,Nepal Communist Party (Ekikrit Marxbadi Leninbadi),2598.0,9206,M,False,Surya Bahadur Thapa,स्नातकोत्तर,त्रि.वि.,Udaipur,Devi Kumari Thapa,,Koshi,Udayapur,Udayapur-1,73916,142759,Master's Degree,26.9,86.7
469,339844,Subhash Chandra Khadka,Rastriya Prajatantra Party,2604.0,941,M,False,टेक बहादुर खड्का,+2,"Everest English Boarding School, Galko Pakha, Thamel",Udaipur Velka Municipality,रमा कुमारी खड्का,,Koshi,Udayapur,Udayapur-1,73916,142759,Higher Secondary / Intermediate (10+2 / PCL),26.9,86.7
470,340729,Ganesh Kumar Rai,Janata Samajbadi Party (Ekal Chunab Chinha),2531.0,597,M,False,Janak Rai,साधारण लेखपढ,,Khotang,Sajita Dewan,,Koshi,Udayapur,Udayapur-1,73916,142759,Literate / Non-Formal,26.9,86.7
471,342045,Arjun Tamang,Ujyalo Nepal Party,2566.0,564,M,False,Krishna Bahadur Tamang,मा.व.,चुईचुम्मा ओख्रे,Khotang,Tirtha Maya Tamang,,Koshi,Udayapur,Udayapur-1,73916,142759,Secondary Education (Grade 9-10 / SLC / SEE),26.9,86.7
472,341422,Badri Bikram Rai,Mongol National Organization,2511.0,120,M,False,Indra Bahadur Rai,SLC,चिसापनी मा.वि. खोटाङ्,Khotang,Mina Rai,,Koshi,Udayapur,Udayapur-1,73916,142759,Secondary Education (Grade 9-10 / SLC / SEE),26.9,86.7
473,341582,Amrit Bahadur Khatri,Nepal Communist Party (Maoist),2526.0,112,M,False,Tanka Bahadur Khatri,SLC,श्री अम्बेबर जनता मा.वि. राजावास (खैरेनी),Udaipur,,,Koshi,Udayapur,Udayapur-1,73916,142759,Secondary Education (Grade 9-10 / SLC / SEE),26.9,86.7
474,341650,Suresh Rai,Sanyukta Nagarik Party,2521.0,101,M,False,कृखि बहादुर राई,१२ पास,पाटन उच्च मा.वि.,Kavrepalanchok Dhulikhel Municipality,उपासना  राई,,Koshi,Udayapur,Udayapur-1,73916,142759,Higher Secondary / Intermediate (10+2 / PCL),26.9,86.7
475,340411,Kusheshvara Chaudhari,Nepali Janata Dal,2595.0,85,M,False,शिव नारायण चौधरी,SLC,Shree Triyuga Ma Vi Gaighat,Udaipur Triyuga Municipality Khaijanpur,सम्झना कुमारी चौधरी,,Koshi,Udayapur,Udayapur-1,73916,142759,Secondary Education (Grade 9-10 / SLC / SEE),26.9,86.7
476,339766,Devraj Roka,Swatantra,,83,M,False,Man Bahadur Roka,पि.एच.डी.,इन्टरनेशनल युनिभर्सिटी अफ विजिनेश इकाेनोमिक्स,Khotang,Tara Roka,,Koshi,Udayapur,Udayapur-1,73916,142759,Doctorate / PhD,26.9,86.7
477,340024,Manoj Kumar Paudel,Aam Janata Party (Ekal Chunab Chinha),2581.0,49,M,False,Gaga Bahadur Paudel,B.Ed.,TU,Udaipur,,,Koshi,Udayapur,Udayapur-1,73916,142759,Bachelor's Degree,26.9,86.7
478,339504,Bishnu Bahadur Khatri,Nepal Majdur Kisan Party,2578.0,48,M,False,Agam Bahadur Khatri,एम. ए.,TU,Udaipur,Sarita Thapa (Khatri),"अध्यापन,
कृषी,
फोटोग्राफी,
डि.डि.आर.टी.",Koshi,Udayapur,Udayapur-1,73916,142759,Master's Degree,26.9,86.7
479,341937,Lil Kumari Rai,Rastriya Janamorcha,2522.0,44,M,False,जुक्त मान राई,BBS,TU,Udaipur Triyuga Municipality Banswari,सीता राई,,Koshi,Udayapur,Udayapur-1,73916,142759,Bachelor's Degree,26.9,86.7
480,340301,Prashant Kumar Rai,Nagarik Sarbochchata Party Nepal (Ekal Chunab Chinha),2537.0,44,M,False,Ashok Chandra Rai,BA,TU,Udaipur,Manju Shrestha,,Koshi,Udayapur,Udayapur-1,73916,142759,Bachelor's Degree,26.9,86.7
481,339929,Gokarna Rai,Nepal Janamukti Party,2529.0,30,M,False,Devi Bahadur Rai,दश पास,महेन्द्रदय मा‍.वि. खोटाङ्ग,Sunsari,Jayanti Rai,,Koshi,Udayapur,Udayapur-1,73916,142759,Secondary Education (Grade 9-10 / SLC / SEE),26.9,86.7
482,341674,Surya Bahadur Tamang,Rastriya Swatantra Party,2528.0,14802,M,True,Padam Bahadur Tamang,,,Udaipur,Tabita Rai,,Koshi,Udayapur,Udayapur-2,40756,96077,,26.8833,86.4
483,339923,Ambar Bahadur Raimajhi,Nepal Communist Party (Ekikrit Marxbadi Leninbadi),2598.0,7648,M,False,टंक बहादुर राया,,,Udaipur Rautamai Rural Municipality,जमुना कुमारी कार्की रायामाझी,,Koshi,Udayapur,Udayapur-2,40756,96077,,26.8833,86.4
484,340970,Ram Kumar Rai,Nepali Congress,2583.0,7290,M,False,Kashiraj Rai,,,Udaipur,Sita Kumari Rai,,Koshi,Udayapur,Udayapur-2,40756,96077,,26.8833,86.4
485,340225,Suresh Kumar Rai,Nepali Communist Party,2557.0,5197,M,False,Indra Dhwoj Rai,,,Udaipur,Vijayawati Rai,,Koshi,Udayapur,Udayapur-2,40756,96077,,26.8833,86.4
486,340503,Arun Rai,Shram Sanskriti Party,2501.0,4139,M,False,Man Bahadur Rai,,,Udaipur,सम्झना कुमारी रा,,Koshi,Udayapur,Udayapur-2,40756,96077,,26.8833,86.4
487,339520,Arun Rai,Rastriya Paribartan Party,2568.0,607,M,False,Man Bahadur Rai,,,Udaipur,,,Koshi,Udayapur,Udayapur-2,40756,96077,,26.8833,86.4
488,339385,Bhaskar Rai,Mongol National Organization,2511.0,383,M,False,Govinda Bahadur Rai,,,Udaipur,Priti Rai,,Koshi,Udayapur,Udayapur-2,40756,96077,,26.8833,86.4
489,339453,Bishnu Bahadur Khadka,Rastriya Prajatantra Party,2604.0,220,M,False,Wan Bahadur Khadka,,,Udaipur,Bhagawati Khadka,,Koshi,Udayapur,Udayapur-2,40756,96077,,26.8833,86.4
490,340793,Durga Bahadur  Tamang,Nepal Communist Party (Maoist),2526.0,152,M,False,Ram Bahadur Tamang,,,Udaipur,,,Koshi,Udayapur,Udayapur-2,40756,96077,,26.8833,86.4
491,340890,Keshav Bahadur Magar,Janata Samajbadi Party (Ekal Chunab Chinha),2531.0,103,M,False,Khadga Bir Magar,,,Udaipur,Ambika Thapa Magar,,Koshi,Udayapur,Udayapur-2,40756,96077,,26.8833,86.4
492,342072,Mejar Kumar Rai,Swatantra,,90,M,False,सहल मान राई,,,In Udaipur Limchungbung Rural Municipality,गोपी कृष्णा राई,,Koshi,Udayapur,Udayapur-2,40756,96077,,26.8833,86.4
493,339784,Bam Bahadur Magar,Aam Janata Party (Ekal Chunab Chinha),2581.0,85,M,False,Dik Bahadur Magar,,,Udaipur,Binda Kumari Magar,,Koshi,Udayapur,Udayapur-2,40756,96077,,26.8833,86.4
494,339356,Purna Bahadur Budathoki,Nepal Majdur Kisan Party,2578.0,40,M,False,Dal Bahadur Budhathoki,,,Udaipur,Dhan Kumari Budhathoki,,Koshi,Udayapur,Udayapur-2,40756,96077,,26.8833,86.4
495,341238,Pushpa Kumari Chaudhary,Rastriya Swatantra Party,2528.0,38195,F,True,Govinda Chaudhary,,,Saptari,,,Madhesh,Saptari,Saptari-1,71324,119031,,26.5833,86.9
496,339850,Sumit Kumar,Swabhiman Party,2569.0,7847,M,False,Nawalkishore Sah,,,Saptari,Manju Devi Sah,,Madhesh,Saptari,Saptari-1,71324,119031,,26.5833,86.9
497,340346,Suman Raj Pyakurel,Nepal Communist Party (Ekikrit Marxbadi Leninbadi),2598.0,7652,M,False,Hom Raj Pyakurel,,,Saptari,Jyoti Pyakurel,,Madhesh,Saptari,Saptari-1,71324,119031,,26.5833,86.9
498,341170,Ramdev Sah (Teli),Nepali Congress,2583.0,6994,M,False,Hitlal Sah (Teli),,,Saptari,Sumitra Devi Sah (Teli),,Madhesh,Saptari,Saptari-1,71324,119031,,26.5833,86.9
499,342037,Jaya Kanta Raut,Janamat Party,2585.0,4833,M,False,श्वेताम्बर  राउत,,,Saptari Mahadeva Rural Municipality Mahdeva,उषा देवी राउत,,Madhesh,Saptari,Saptari-1,71324,119031,,26.5833,86.9
500,340882,Shyam Sundar Sardar,"Janata Samajbadi Party, Nepal",2542.0,2558,M,False,Ram Sardar Watar,,,Saptari,Asha Devi Sardar,,Madhesh,Saptari,Saptari-1,71324,119031,,26.5833,86.9
501,342797,Rabindra Chaudhary,Nepali Communist Party,2557.0,1626,M,False,Sudarshan Chaudhary,,,Saptari,Pushpa Kumari Singh,,Madhesh,Saptari,Saptari-1,71324,119031,,26.5833,86.9
502,339346,Satya Jit Kumar Jha,Rastriya Prajatantra Party,2604.0,422,M,False,Jagmohan Jha,,,Saptari,Pramila Jha,,Madhesh,Saptari,Saptari-1,71324,119031,,26.5833,86.9
503,340781,Harkha Narayan Chaudhary,Ujyalo Nepal Party,2566.0,289,M,False,Mahagu Chaudhary,,,Saptari,Savitri Kumari Chaudhary,,Madhesh,Saptari,Saptari-1,71324,119031,,26.5833,86.9
504,340589,Khem Raj Jaishi,Nepal Janata Sanrakshan Party,2541.0,218,M,False,धनी राम जैशी,,,Saptari Agnisair Krishnasavaran Rural Municipality Manhuli, ,,Madhesh,Saptari,Saptari-1,71324,119031,,26.5833,86.9
505,339465,Dipendra Prasad Yadav,Nepal Janata Party,2507.0,203,M,False,कुन्जी लाल विराजी यादव,,,Saptari Tirhut rural municipality Goithi,चन्द्रिका कुमारी यादव,,Madhesh,Saptari,Saptari-1,71324,119031,,26.5833,86.9
506,341448,Jagdev Sada,Swatantra,,147,M,False,Narayan Sada,,,Saptari,Samuj Devi Sada,,Madhesh,Saptari,Saptari-1,71324,119031,,26.5833,86.9
507,341782,Shambhu Prasad Dev,Rastriya Ekata Dal,2548.0,134,M,False,Shivanarayan Lal Dev,,,Saptari,Asha Kumari Dev,,Madhesh,Saptari,Saptari-1,71324,119031,,26.5833,86.9
508,340691,Tikalaxmi Narayan Chaudhary,"Nagarik Unmukti Party, Nepal (Ekal Chunab Chinha)",2531.0,75,F,False,Lalbahadur Chaudhary,,,Saptari,Premkant Chaudhary,,Madhesh,Saptari,Saptari-1,71324,119031,,26.5833,86.9
509,341612,Kaushal Sah,Aam Janata Party (Ekal Chunab Chinha),2581.0,40,M,False,Kapleshwar Prasad Sah,,,Saptari,,,Madhesh,Saptari,Saptari-1,71324,119031,,26.5833,86.9
510,342120,Md. Amin,Swatantra,,25,M,False,रसुल  मियाँ,,,Saptari Kanchanrup Municipality,गुसन  खातुन,,Madhesh,Saptari,Saptari-1,71324,119031,,26.5833,86.9
511,341850,Rijwana Khatun,Swatantra,,20,F,False,अनवारुल  हक,,,Saptari Kanchanrup Municipality Dhodhanpur,अकवर  मियाँ,,Madhesh,Saptari,Saptari-1,71324,119031,,26.5833,86.9
512,340064,Sanjay Kumar Sharma,Swatantra,,16,M,False,Upendra Sharma,,,Saptari,,,Madhesh,Saptari,Saptari-1,71324,119031,,26.5833,86.9
513,341008,Umda Devi Sada,Swatantra,,13,F,False,Gulten Sada,,,Saptari,Kameshwar Sada,,Madhesh,Saptari,Saptari-1,71324,119031,,26.5833,86.9
514,340284,Lekhnath Kumar Thakur,Swatantra,,9,M,False,नारायण  ठाकुर,,,Saptari Hanumannagar Kankalini Municipality Hanumannagar,आशा देवी ठाकुर,,Madhesh,Saptari,Saptari-1,71324,119031,,26.5833,86.9
515,342366,Ram Kumari Khang,Swatantra,,8,F,False,Bhola Khang,,,Saptari,Shatrughan Khang,,Madhesh,Saptari,Saptari-1,71324,119031,,26.5833,86.9
516,339852,Ramji Yadav,Rastriya Swatantra Party,2528.0,28404,M,True,Suret Lal Yadav,Bachelor,,Saptari,,,Madhesh,Saptari,Saptari-2,62783,105909,Bachelor's Degree,26.5667,86.8
517,339376,Umesh Kumar Yadav,"Janata Samajbadi Party, Nepal",2542.0,14263,M,False,Kisun Dev Yadav,बि.ए,,Saptari,Sulekha Kumari Yadav,,Madhesh,Saptari,Saptari-2,62783,105909,Bachelor's Degree,26.5667,86.8
518,342002,Chandra Kant Raut,Janamat Party,2585.0,9880,M,False,Shwetambar Raut,P.hd,,Saptari,Soni Sindhu Rani,,Madhesh,Saptari,Saptari-2,62783,105909,Doctorate / PhD,26.5667,86.8
519,341143,Satish Kumar Singh,Swabhiman Party,2569.0,3557,M,False,Shekhar Kumar Singh,Bachelor,,Saptari,Anu Singh,,Madhesh,Saptari,Saptari-2,62783,105909,Bachelor's Degree,26.5667,86.8
520,341231,Ram Kumar Yadav,Nepali Congress,2583.0,2498,M,False,Bindev Yadav,+2,,Saptari,Rekha Yadav,,Madhesh,Saptari,Saptari-2,62783,105909,Higher Secondary / Intermediate (10+2 / PCL),26.5667,86.8
521,341531,Apharoja Aalam,Rashtra Nirman Dal Nepal,2527.0,1120,M,False,मो.  अलाउद्बिन,slc,,Saptari Rajviraj Municipality,रफत  प्रवीण,,Madhesh,Saptari,Saptari-2,62783,105909,Secondary Education (Grade 9-10 / SLC / SEE),26.5667,86.8
522,340664,Mohammad Jiaul Rahman,Nepal Communist Party (Ekikrit Marxbadi Leninbadi),2598.0,883,M,False,सफिद रहमान खाँ,Master,,Saptari Rajviraj Municipality Rahmatpur,,,Madhesh,Saptari,Saptari-2,62783,105909,Master's Degree,26.5667,86.8
523,340980,Suryanath Prasad Yadav,Nepali Communist Party,2557.0,426,M,False,Ram Prasad Yadav,+2,,Saptari,Laxmi Devi Yadav,,Madhesh,Saptari,Saptari-2,62783,105909,Higher Secondary / Intermediate (10+2 / PCL),26.5667,86.8
524,340304,Ajay Kumar Das,Rastriya Prajatantra Party,2604.0,374,M,False,Shiv Kumar Das,+2,,Saptari,,,Madhesh,Saptari,Saptari-2,62783,105909,Higher Secondary / Intermediate (10+2 / PCL),26.5667,86.8
525,339628,Ranju Kumari Jha (Thakur),Nepal Janata Party,2507.0,240,F,False,Rama Kanta Jha,ma,,Saptari,Mihir Kumar Thakur,,Madhesh,Saptari,Saptari-2,62783,105909,Master's Degree,26.5667,86.8
526,339704,Dipaka Chaudhari,Ujyalo Nepal Party,2566.0,224,M,False,दिवाकर  चौधरी,P.hd,,Morang Biratnagar Metropolitan Municipality Ashram Tol,उषा  चौधरी,,Madhesh,Saptari,Saptari-2,62783,105909,Doctorate / PhD,26.5667,86.8
527,341078,Anish Ansari,Rastriya Mukti Party Nepal (Ekal Chunab Chinha),2531.0,210,M,False,Samsulhaq Ansari,,,Saptari,Bibi Shahajadi Khatun,,Madhesh,Saptari,Saptari-2,62783,105909,,26.5667,86.8
528,342074,Tribhuvan Khang,Shram Sanskriti Party,2501.0,91,M,False,Adhik Lal Khang,,,Saptari,Lukhiya Devi Khang,,Madhesh,Saptari,Saptari-2,62783,105909,,26.5667,86.8
529,339457,Nilam Kumari Yadav,Nepal Majdur Kisan Party,2578.0,90,F,False,Ram Kumar Yadav,+२,,Saptari, ,,Madhesh,Saptari,Saptari-2,62783,105909,Higher Secondary / Intermediate (10+2 / PCL),26.5667,86.8
530,340464,Sharad Singh Yadav,Jan Adhikar Party,2540.0,81,M,False,Yogendra Prasad Yadav,स्नातक,,Saptari,Sarita Kumari Yadav,,Madhesh,Saptari,Saptari-2,62783,105909,Bachelor's Degree,26.5667,86.8
531,341291,Santosh Kumar Rajak,Swatantra,,66,M,False,Ghoghar Safi,,,Saptari,,,Madhesh,Saptari,Saptari-2,62783,105909,,26.5667,86.8
532,341389,Indrasagar Gupta,Nepalka Lagi Nepali Party,2524.0,63,M,False,Rajendra Prasad Gupta,,,Saptari,Nitu Kumari Gupta,,Madhesh,Saptari,Saptari-2,62783,105909,,26.5667,86.8
533,342148,Deepak Kumar Mandal,Sarbabhaum Nagarik Party,2520.0,58,M,False,जगदिश  मंडल,,,Saptari Mahadeva Rural Municipality Dhikuli,,,Madhesh,Saptari,Saptari-2,62783,105909,,26.5667,86.8
534,340597,Vishesh‍vara Yadav,Swatantra,,33,M,False,जसो लाल यादव,slc,,Saptari Rajviraj Municipality Rampur,,,Madhesh,Saptari,Saptari-2,62783,105909,Secondary Education (Grade 9-10 / SLC / SEE),26.5667,86.8
535,339602,Balram Prasad Yadav,"Janata Loktantrik Party, Nepal",2574.0,29,M,False,Ramnath Yadav,,,Saptari,सरीता कुमारी यादव,,Madhesh,Saptari,Saptari-2,62783,105909,,26.5667,86.8
536,339655,Sunil Raj Das,Aam Janata Party (Ekal Chunab Chinha),2581.0,26,M,False,Purandhar Das,बि.ई,,Saptari,Sujata Bimal Yadav,,Madhesh,Saptari,Saptari-2,62783,105909,Bachelor's Degree,26.5667,86.8
537,341429,Vinodanand Jha,Swatantra,,25,M,False,हिरा लाल झा,,,Saptari Rajviraj Municipality Lankatol,इन्दु देवी झा,,Madhesh,Saptari,Saptari-2,62783,105909,,26.5667,86.8
538,339511,Raj Kumar Mandal,Nepal Sanghiya Samajbadi Party (Ekal Chunab Chinha),2567.0,23,M,False,Maheshwar Khang,एस.एल.सि,,Saptari,Pramila Devi Mandal,,Madhesh,Saptari,Saptari-2,62783,105909,Secondary Education (Grade 9-10 / SLC / SEE),26.5667,86.8
539,340126,Jitendra Kumar Yadav,Swatantra,,22,M,False,Chandeshwar Yadav,स्नातक,,Saptari,,,Madhesh,Saptari,Saptari-2,62783,105909,Bachelor's Degree,26.5667,86.8
540,340412,Parasmani Yadav,Swatantra,,20,M,False,दुबी लाल यादव,+2,,Saptari Rajviraj Municipality Deuri Bharuwa,,,Madhesh,Saptari,Saptari-2,62783,105909,Higher Secondary / Intermediate (10+2 / PCL),26.5667,86.8
541,341584,Ram Bilas Thakur,Swatantra,,13,M,False,Sita Ram Thakur,,,Saptari,Devaki Thakur,,Madhesh,Saptari,Saptari-2,62783,105909,,26.5667,86.8
542,342323,Bindu Kumari Chaudhary,Swatantra,,13,F,False,Bilat Chaudhary,,,Saptari,Ram Naresh Chaudhary,,Madhesh,Saptari,Saptari-2,62783,105909,,26.5667,86.8
543,341666,Kisundev Ram,Swatantra,,12,M,False,Bilat Mochi,,,Saptari,Babita Ram,,Madhesh,Saptari,Saptari-2,62783,105909,,26.5667,86.8
544,341880,Am‍vika Devi Saphi,Swatantra,,11,F,False,दरवारी  साफी,,,Saptari Rajviraj Municipality Farsaith,भगवानी  साफी,,Madhesh,Saptari,Saptari-2,62783,105909,,26.5667,86.8
545,339917,Prem Kumar Yadav,Swatantra,,9,M,False,Kameshwar Prasad Yadav,H.A,,Saptari,,,Madhesh,Saptari,Saptari-2,62783,105909,Diploma / Certificate Level,26.5667,86.8
546,341488,Shushila Kumari Sah,Swatantra,,9,F,False,देव कुमार साह,,,Saptari Rajviraj Municipality Jolhari,हरि गवन साह,,Madhesh,Saptari,Saptari-2,62783,105909,,26.5667,86.8
547,341331,Sanjay Kumar Chaudhary,Swatantra,,4,M,False,Narayan Chaudhary,,,Saptari,,,Madhesh,Saptari,Saptari-2,62783,105909,,26.5667,86.8
548,342275,Sahana Das,Swatantra,,4,F,False,रामजि प्रसाद  दास ,,,Saptari Rajviraj Municipality,नारायण  प्रसाद  दास ,,Madhesh,Saptari,Saptari-2,62783,105909,,26.5667,86.8
549,341946,Abhinash Kumar Singh,Swatantra,,2,M,False,Umesh Prasad Singh,,,Saptari,,,Madhesh,Saptari,Saptari-2,62783,105909,,26.5667,86.8
550,341099,Amar Kant Chaudhary,Rastriya Swatantra Party,2528.0,32875,M,True,Chandra Kant Chaudhary,स्नातक,,Saptari,Renu Chaudhary,,Madhesh,Saptari,Saptari-3,69296,111853,Bachelor's Degree,26.55,86.7
551,340917,Upendra Yadav,"Janata Samajbadi Party, Nepal",2542.0,15239,M,False,Dhani Lal Yadav,स्नातकोत्तर,,Sunsari,Parvati Devi Yadav,,Madhesh,Saptari,Saptari-3,69296,111853,Master's Degree,26.55,86.7
552,339812,Dinesh Kumar Yadav,Nepali Congress,2583.0,8428,M,False,Dev Narayan Yadav,,,Saptari,Nirmala Kumari Yadav,,Madhesh,Saptari,Saptari-3,69296,111853,,26.55,86.7
553,340599,Tarakant Chaudhary,Nepal Communist Party (Ekikrit Marxbadi Leninbadi),2598.0,6715,M,False,Umakanta Chaudhary,प्रविणता प्रमाणपत्र तह,,Saptari,Mina Kumari Chaudhary,,Madhesh,Saptari,Saptari-3,69296,111853,Higher Secondary / Intermediate (10+2 / PCL),26.55,86.7
554,339942,Surendra Prasad Sharma,Janamat Party,2585.0,2869,M,False,Satya Narayan Sharma,स्नातक,,Saptari,Anamika Sharma,,Madhesh,Saptari,Saptari-3,69296,111853,Bachelor's Degree,26.55,86.7
555,340561,Arun Kumar Sah,Nepali Communist Party,2557.0,1635,M,False,Bhola Prasad Sah,स्नातक,,Saptari,,,Madhesh,Saptari,Saptari-3,69296,111853,Bachelor's Degree,26.55,86.7
556,339528,Umdeshowr Prasad Sahu,Rastriya Prajatantra Party,2604.0,556,M,False,चन्दरलाल  साहु,,,Saptari Shambhunath Municipality Mohanpur,मूर्ती देवी साहु,,Madhesh,Saptari,Saptari-3,69296,111853,,26.55,86.7
557,340265,Paramesh‍vara Lala Sah,Ujyalo Nepal Party,2566.0,212,M,False,गगाइ  साहु(तेली),एस एल सी,,Saptari Bishnupur rural municipality Bishnupur,फुलो देवी साह,,Madhesh,Saptari,Saptari-3,69296,111853,Secondary Education (Grade 9-10 / SLC / SEE),26.55,86.7
558,341594,Dhanik Lal Chaudhary,Aam Janata Party (Ekal Chunab Chinha),2581.0,188,M,False,Bilat Chaudhary,एल एल सी,,Siraha,Rita Devi Chaudhary,,Madhesh,Saptari,Saptari-3,69296,111853,Secondary Education (Grade 9-10 / SLC / SEE),26.55,86.7
559,340962,Santosh Kumar Chaman,Nepal Janata Party,2507.0,168,M,False,Panchdev Yadav,,,Saptari,Renu Kumari Yadav,,Madhesh,Saptari,Saptari-3,69296,111853,,26.55,86.7
560,342463,Jay Narayan Mandal,Shram Sanskriti Party,2501.0,108,M,False,Jhagaru Mandal,प्रविणता प्रमाण पत्र तह,,Saptari,Durga Devi Mandal,,Madhesh,Saptari,Saptari-3,69296,111853,Higher Secondary / Intermediate (10+2 / PCL),26.55,86.7
561,340421,Gajendra Kumar Mandal,Rastriya Mukti Party Nepal (Ekal Chunab Chinha),2531.0,71,M,False,Madanmohan Mandal,प्रविणता प्रमाण पत्र तह,,Saptari,Ranju Kumari Mandal,,Madhesh,Saptari,Saptari-3,69296,111853,Higher Secondary / Intermediate (10+2 / PCL),26.55,86.7
562,339357,Prabhu Prasad Sah,Nepal Majdur Kisan Party,2578.0,67,M,False,Yogendra Sah,,,Saptari,Shanti Devi Sah,,Madhesh,Saptari,Saptari-3,69296,111853,,26.55,86.7
563,340814,Sarita Kumari Yadav,Swatantra,,44,F,False,Chhutaharu Yadav,प्रविणता प्रमाण पत्र तह,,Saptari,Shubha Narayan Yadav,,Madhesh,Saptari,Saptari-3,69296,111853,Higher Secondary / Intermediate (10+2 / PCL),26.55,86.7
564,341159,Mahadev Ram,Bahujan Ekata Party Nepal (Ekal Chunab Chinha),2567.0,40,M,False,Bindeshwar Mochi,साधारण लेखपढ,,Saptari,Parvati Devi Ram,,Madhesh,Saptari,Saptari-3,69296,111853,Literate / Non-Formal,26.55,86.7
565,340727,Koshila Devi Paswan,Swatantra,,21,F,False,Chalitar Paswan,साक्षर,,Saptari,Harihar Paswan,,Madhesh,Saptari,Saptari-3,69296,111853,Literate / Non-Formal,26.55,86.7
566,341125,Hari Narayan Pasman,Swatantra,,18,M,False,सोती  पासमान,एस एल सी,,Saptari Dakneshwari Municipality Fatehpur,कमला देवी पासमान,,Madhesh,Saptari,Saptari-3,69296,111853,Secondary Education (Grade 9-10 / SLC / SEE),26.55,86.7
567,342044,Kaushal Kumari Chaudhary,Swatantra,,17,F,False,Bindeshwar Chaudhary,एस एल सी,,Sunsari,Madanesh Kumar Chaudhary,,Madhesh,Saptari,Saptari-3,69296,111853,Secondary Education (Grade 9-10 / SLC / SEE),26.55,86.7
568,340792,Dubi Lal Yadav,Swatantra,,11,M,False,बेचु  यादव,,,Saptari Bishnupur Rural Municipality Prasahi,विमला देवी यादव,,Madhesh,Saptari,Saptari-3,69296,111853,,26.55,86.7
569,341294,Pabhu Narayan Chaudhary,Swatantra,,8,M,False,शिव नारायण चौधरी,+2,,Saptari Shambhunath Municipality Kathuna,कविता  चौधरी,,Madhesh,Saptari,Saptari-3,69296,111853,Higher Secondary / Intermediate (10+2 / PCL),26.55,86.7
570,340859,Rajiya Devi Sada,Swatantra,,4,F,False,Laxmi Sada,साक्षर,,Saptari,Sukadev Sada,,Madhesh,Saptari,Saptari-3,69296,111853,Literate / Non-Formal,26.55,86.7
571,341669,Oma Prakasha Vish‍vakarma,Swatantra,,2,M,False,सबुर लाल विश्‍वकर्मा,+2,,Saptari Rupani Rural Municipality Nakti,सुरेखा  विश्‍वकर्मा,,Madhesh,Saptari,Saptari-3,69296,111853,Higher Secondary / Intermediate (10+2 / PCL),26.55,86.7
572,341103,Sitaram Sah,Rastriya Swatantra Party,2528.0,36412,M,True,Bachchu Sah,I.sc Forestory,HETAUDA,Saptari,Maya Kumari Sah,,Madhesh,Saptari,Saptari-4,66303,109543,Higher Secondary / Intermediate (10+2 / PCL),26.5333,86.6
573,340625,Teju Lal Chaudhary,Nepali Congress,2583.0,13103,M,False,Sataun Chaudhary,स्नातकोत्तर,TU,Saptari,Parvati Chaudhary,,Madhesh,Saptari,Saptari-4,66303,109543,Master's Degree,26.5333,86.6
574,340112,Vanvi Sinh,"Janata Samajbadi Party, Nepal",2542.0,10280,F,False,मृगेन्र्द कुमार सिंह यादव,विद्यावारिधि (पि.एच.डि),तिलका माँझी भागलपुर विश्वविद्यालय ,Saptari Bodebarsine Municipality,रविन्र्द कुमार यादव,,Madhesh,Saptari,Saptari-4,66303,109543,Doctorate / PhD,26.5333,86.6
575,339323,Rubi Kumari Karn,Nepali Communist Party,2557.0,1709,F,False,राम नारायण कायस्थ,स्नातक ,म.वि.व. क्याम्पस राजविराज,Saptari Khadak Municipality Wisanpur,,,Madhesh,Saptari,Saptari-4,66303,109543,Bachelor's Degree,26.5333,86.6
576,341334,Ganga Prasad Chaudhary,Nepal Communist Party (Ekikrit Marxbadi Leninbadi),2598.0,1177,M,False,Raksu Chaudhary,एम. ई.,MOSCO RUS,Saptari,Pacho Kumari Chaudhary,,Madhesh,Saptari,Saptari-4,66303,109543,Master's Degree,26.5333,86.6
577,341001,Jitendra Kumar Sah,Janamat Party,2585.0,995,M,False,________ ___ (Brihaspati Sah),वि.एड,J S MURARKA CAMPUS LAHAN,Saptari,Ranjit Kumari Sah,,Madhesh,Saptari,Saptari-4,66303,109543,Bachelor's Degree,26.5333,86.6
578,342341,Rama Kant Chaudhary,"Nagarik Unmukti Party, Nepal (Ekal Chunab Chinha)",2531.0,550,M,False,Hari Narayan Chaudhary,B.COM,,Saptari,Mohani Devi Chaudhary,,Madhesh,Saptari,Saptari-4,66303,109543,Bachelor's Degree,26.5333,86.6
579,342111,Binod Kumar Mandal,Swatantra,,544,M,False,Musan Khang,अनपढ,,Saptari,Kanti Devi Mandal,,Madhesh,Saptari,Saptari-4,66303,109543,Illiterate,26.5333,86.6
580,341912,Mo. Jakir Ali,Rashtra Nirman Dal Nepal,2527.0,385,M,False,मो रहमत  अली,ISC,,Kathmandu Kathmandu Metropolitan City Thapa Village Marg,सवनम  आरा,,Madhesh,Saptari,Saptari-4,66303,109543,Higher Secondary / Intermediate (10+2 / PCL),26.5333,86.6
581,340932,Rup Kumar Neupane,Rastriya Prajatantra Party,2604.0,382,M,False,Hira Bahadur Neupane,स्नातक तह BA,ल.ना.मि.वि.वि. भारत,Saptari,Anju Neupane,,Madhesh,Saptari,Saptari-4,66303,109543,Bachelor's Degree,26.5333,86.6
582,340739,Bisho Kumar Yadav,Ujyalo Nepal Party,2566.0,182,M,False,Hari Narayan Yadav,पल्स टु पास,रोयल सफटेक कल्ज लहान,Saptari,,,Madhesh,Saptari,Saptari-4,66303,109543,Higher Secondary / Intermediate (10+2 / PCL),26.5333,86.6
583,339632,Koshal Kishor Das,Nepal Janata Party,2507.0,175,M,False,Asarfi Das,आठ पास,रा.ज.म.वि.काचन ,Saptari,Umda Devi Das,,Madhesh,Saptari,Saptari-4,66303,109543,Basic Education (Up to Grade 8),26.5333,86.6
584,342004,Anita Kumari Chaudhari,Aam Janata Party (Ekal Chunab Chinha),2581.0,111,F,False,अमृत लाल चौधरी,प्रविणता प्रमाणपत्र,,Saptari Surunga Municipality,राजेन्द्र नारायण चौधरी,,Madhesh,Saptari,Saptari-4,66303,109543,Higher Secondary / Intermediate (10+2 / PCL),26.5333,86.6
585,340314,Santosh Prashad Singh,Swatantra,,107,M,False,श्‍यामनन्द  सिंह,आई कम,विहार काउन्सिल पटना ,Saptari Bode Barsain Municipality Bode Barsain,सुनिता देवी सिंह,,Madhesh,Saptari,Saptari-4,66303,109543,Higher Secondary / Intermediate (10+2 / PCL),26.5333,86.6
586,341771,Ramavavu Rajak,Nepali Janata Dal,2595.0,57,M,False,हरि नारायण रजक,पल्स टु,,Saptari Dakneshwari Municipality Banaula,जमुना देवी रजक,,Madhesh,Saptari,Saptari-4,66303,109543,Higher Secondary / Intermediate (10+2 / PCL),26.5333,86.6
587,341961,Shiva Kumar Kapair,Swatantra,,27,M,False,रामेश्‍वर  कापैर,एस एल सी,,Saptari Balan Bihul Rural Municipality Kapair,,,Madhesh,Saptari,Saptari-4,66303,109543,Secondary Education (Grade 9-10 / SLC / SEE),26.5333,86.6
588,341870,Sanjiv Kumar Sah,Swatantra,,26,M,False,बिहारी  साह,एस एल सि,,Saptari Khadak Municipality Lalpatti,ललिता कुमारी साह,,Madhesh,Saptari,Saptari-4,66303,109543,Secondary Education (Grade 9-10 / SLC / SEE),26.5333,86.6
589,339752,Ram Narayan Sah,Nepal Majdur Kisan Party,2578.0,20,M,False,Kari Sah,स्नातक,त्रिभुवन विश्व विद्यालय,Saptari,Sushila Kumari Sah,,Madhesh,Saptari,Saptari-4,66303,109543,Bachelor's Degree,26.5333,86.6
590,341587,Shyamsundar Sahu,Swatantra,,13,M,False,Nanchari Sahu,प्रमाण पत्र तह,,Saptari,Koshila Devi Sahu,,Madhesh,Saptari,Saptari-4,66303,109543,Higher Secondary / Intermediate (10+2 / PCL),26.5333,86.6
591,340495,Rameshowr Mandal Dhanuk,Swatantra,,11,M,False,सुखित लाल म‌ंडल,साक्षर,,Saptari Bodebarsine Municipality Hanthi,सुरज देवी मंडल,,Madhesh,Saptari,Saptari-4,66303,109543,Literate / Non-Formal,26.5333,86.6
592,341192,Prem Kumari Mahara,Swatantra,,9,F,False,नन्दी  महरा,SEE PASS ,उ.मा.वि. मिर्चैया रामनगर,Saptari Surunga Municipality Pramanpur,गंगा लाल राम,,Madhesh,Saptari,Saptari-4,66303,109543,Secondary Education (Grade 9-10 / SLC / SEE),26.5333,86.6
593,341222,Durga Prasad Yadav,Swatantra,,8,M,False,Jivachh Yadav,SLC PASS,,Saptari,Lalita Devi Yadav,,Madhesh,Saptari,Saptari-4,66303,109543,Secondary Education (Grade 9-10 / SLC / SEE),26.5333,86.6
594,340535,Sanam Kumari Chaudhary,Swatantra,,7,F,False,Kunjilal Chaudhary,एस.एल.सि.पास,लहान,Saptari,Kripananda Chaudhary,,Madhesh,Saptari,Saptari-4,66303,109543,Secondary Education (Grade 9-10 / SLC / SEE),26.5333,86.6
595,340426,Sunil Kumar Yadav,Swatantra,,7,M,False,Brijendra Prasad Yadav,एस.एल.सी ,,Saptari,Asha Devi Yadav,,Madhesh,Saptari,Saptari-4,66303,109543,Secondary Education (Grade 9-10 / SLC / SEE),26.5333,86.6
596,341519,Keshar Prasad Sah,Swatantra,,6,M,False,दया  राम  साह ,SLC PASS,Ra.Tu. Ja. Siswa ,Saptari Surunga Municipality,मंजु  देवी  साह ,,Madhesh,Saptari,Saptari-4,66303,109543,Secondary Education (Grade 9-10 / SLC / SEE),26.5333,86.6
597,340556,Bablu Gupta,Rastriya Swatantra Party,2528.0,41322,M,True,Bisun Baniya,स्नातक,स्नातक,Siraha,,,Madhesh,Siraha,Siraha-1,67352,104320,Bachelor's Degree,26.6833,86.45
598,341756,Ram Sundar Chaudhary,Nepali Congress,2583.0,9784,M,False,Ganeshi Chaudhary,B.COM,,Siraha,Punam Chaudhary,,Madhesh,Siraha,Siraha-1,67352,104320,Bachelor's Degree,26.6833,86.45
599,341049,Ram Shankar Yadav,Nepal Communist Party (Ekikrit Marxbadi Leninbadi),2598.0,7886,M,False,Dhanamanti Yadav,आई एल,,Siraha,Mira Devi Yadav,,Madhesh,Siraha,Siraha-1,67352,104320,Higher Secondary / Intermediate (10+2 / PCL),26.6833,86.45
600,340818,Ramchandra Yadav,Nepali Communist Party,2557.0,2853,M,False,Saini Yadav,प्रविणता तह,,Siraha,Urmila Devi Yadav,,Madhesh,Siraha,Siraha-1,67352,104320,Higher Secondary / Intermediate (10+2 / PCL),26.6833,86.45
601,340996,Satya Narayan Yadav,"Janata Samajbadi Party, Nepal",2542.0,2285,M,False,Boue Lal Yadav,SLC,,Siraha,Shushila Devi Yadav,,Madhesh,Siraha,Siraha-1,67352,104320,Secondary Education (Grade 9-10 / SLC / SEE),26.6833,86.45
602,342123,Rama Svarupa Chaudhari,Janamat Party,2585.0,1589,M,False,कुंजी लाल चौधरी,M.A,TU,Siraha Lahan Municipality Singrahi,आशा वति चौधरी,,Madhesh,Siraha,Siraha-1,67352,104320,Master's Degree,26.6833,86.45
603,342546,Sanjiv Kumar Singh,Aam Janata Party (Ekal Chunab Chinha),2581.0,346,M,False,मन्जप  सिंह दनुवार,+2,,Siraha Laxmipur Patari Rural Municipality Laxmipur,,,Madhesh,Siraha,Siraha-1,67352,104320,Higher Secondary / Intermediate (10+2 / PCL),26.6833,86.45
604,339665,Basudev Sah,Rastriya Prajatantra Party,2604.0,236,M,False,Bachchelal Sah,साधारण लेखपढ,,Siraha,Kapali/Budharani Sah,,Madhesh,Siraha,Siraha-1,67352,104320,Literate / Non-Formal,26.6833,86.45
605,342566,Tara Kumari Chaudhary,Ujyalo Nepal Party,2566.0,214,F,False,Genai Chaudhary,स्नातक,,Siraha,Deepak Chaudhary,,Madhesh,Siraha,Siraha-1,67352,104320,Bachelor's Degree,26.6833,86.45
606,341546,Dr. Jivcha Thakur,Shram Sanskriti Party,2501.0,157,M,False,सुख नारायण ठाकुर,MBBS,,Siraha Lahan Municipality,सुसमा कुमारी ठाकुर,,Madhesh,Siraha,Siraha-1,67352,104320,Bachelor's Degree,26.6833,86.45
607,342494,Badri Narayan Chaudhary,Sanghiya Loktantrik Rastriya Manch,2550.0,134,M,False,Kanta Lal Chaudhary,साधारण लेखपढ,,Siraha,Draupadi Chaudhary,,Madhesh,Siraha,Siraha-1,67352,104320,Literate / Non-Formal,26.6833,86.45
608,342186,Santosha Silaval,Swatantra,,122,M,False,हरी  सिलवाल,स्नातक,,Kathmandu Tokha Municipality Dhapasi,उष्मा  लामा,,Madhesh,Siraha,Siraha-1,67352,104320,Bachelor's Degree,26.6833,86.45
609,341147,Prayag Lal Yadav,Swatantra,,108,M,False,Hari Lal Yadav,स्नातक,,Siraha,Shobha Kumari Yadav,,Madhesh,Siraha,Siraha-1,67352,104320,Bachelor's Degree,26.6833,86.45
610,342235,Ram Kumar Sah,Nepalka Lagi Nepali Party,2524.0,73,M,False,Ram Sebak Sah,7,,Siraha,Lila Devi Sah,,Madhesh,Siraha,Siraha-1,67352,104320,Basic Education (Up to Grade 8),26.6833,86.45
611,339381,Siriya Pasman,Nepal Majdur Kisan Party,2578.0,45,M,False,झवर  पासमान,8,,Siraha Bhagwanpur Rural Municipality Thadhi Vishwaspadtti,फूलकेसरी देवी पासमान,,Madhesh,Siraha,Siraha-1,67352,104320,Basic Education (Up to Grade 8),26.6833,86.45
612,341620,Prabin Kumar Chaudhary,"Nagarik Unmukti Party, Nepal (Ekal Chunab Chinha)",2531.0,33,M,False,Ramapati Chaudhary,B.A. JMC,,Siraha,,,Madhesh,Siraha,Siraha-1,67352,104320,Bachelor's Degree,26.6833,86.45
613,342269,Durga Prasad Mahato,Swatantra,,24,M,False,Visun Dev Mahato,प्रमाणपत्र तह,,Siraha,,,Madhesh,Siraha,Siraha-1,67352,104320,Higher Secondary / Intermediate (10+2 / PCL),26.6833,86.45
614,340678,Pankaj Goshswami,Swatantra,,21,M,False,बहादुर  गोश्‍वामी,स्नातक,स्नातक,Siraha Lahan Municipality Raghunath Pur,,,Madhesh,Siraha,Siraha-1,67352,104320,Bachelor's Degree,26.6833,86.45
615,341493,Aashish Mahato,Swatantra,,19,M,False,संतोष कुमार महतो,BE CIVIL,,Siraha Lahan Municipality,,,Madhesh,Siraha,Siraha-1,67352,104320,Bachelor's Degree,26.6833,86.45
616,342311,Ram Kumar Mahato,Swatantra,,16,M,False,Gosai Mahato Koiri,स्नातक,,Siraha,,,Madhesh,Siraha,Siraha-1,67352,104320,Bachelor's Degree,26.6833,86.45
617,341690,Aananda Kumar Yadav,Swatantra,,12,M,False,राम चन्द्र यादव,SLC,,Siraha Lakshmipur Patari Rural Municipality Kharukayahi,सोभा  यादव,,Madhesh,Siraha,Siraha-1,67352,104320,Secondary Education (Grade 9-10 / SLC / SEE),26.6833,86.45
618,342000,Bhola Pasman,Swatantra,,11,M,False,लक्ष्मी  पासमान,साक्षर,,Siraha Bhagwanpur rural municipality Bhagwanpur,राज कुमारी पासमान,,Madhesh,Siraha,Siraha-1,67352,104320,Literate / Non-Formal,26.6833,86.45
619,342659,Sulochana Kushmi,Swatantra,,10,F,False,Hari Lal Chaudhary,slc,,Kailali, ,,Madhesh,Siraha,Siraha-1,67352,104320,Secondary Education (Grade 9-10 / SLC / SEE),26.6833,86.45
620,342519,Dinesh Pasman,Swatantra,,9,M,False,रामविलास  पासमान,slc,,Siraha Lahan Municipality,शान्ती देवी पासमान,,Madhesh,Siraha,Siraha-1,67352,104320,Secondary Education (Grade 9-10 / SLC / SEE),26.6833,86.45
621,341314,Ram Chandar Yadav,Swatantra,,9,M,False,Jagdev Yadav,प्रविणता प्रमाण पत्र,,Siraha,,,Madhesh,Siraha,Siraha-1,67352,104320,Higher Secondary / Intermediate (10+2 / PCL),26.6833,86.45
622,341816,Ashish Lal Das,Swatantra,,7,M,False,Shyam Lal Tanti,B.A.,,Siraha,,,Madhesh,Siraha,Siraha-1,67352,104320,Bachelor's Degree,26.6833,86.45
623,341401,Gugai Mandal,Swatantra,,7,M,False,राम जी खंग खत्वे,साक्षर,,Siraha Bhagwanpur Rural Municipality Thadhi,संम्वर देवी खंग खत्वे,,Madhesh,Siraha,Siraha-1,67352,104320,Literate / Non-Formal,26.6833,86.45
624,342396,Indra Dev Mahato,Swatantra,,5,M,False,Gudar Mahato,+2,,Siraha,,,Madhesh,Siraha,Siraha-1,67352,104320,Higher Secondary / Intermediate (10+2 / PCL),26.6833,86.45
625,341173,Nagendra Kumar Yadav,Swatantra,,5,M,False,Gangai Yadav,आई एड,,Siraha,,,Madhesh,Siraha,Siraha-1,67352,104320,Higher Secondary / Intermediate (10+2 / PCL),26.6833,86.45
626,342075,Shri Nanda Safi Dhobi,Swatantra,,5,M,False,गौरी शंकर साफि,slc,,Siraha Bhagwanpur rural municipality Bhagwanpur,श्रीमती दयावती  साफी,,Madhesh,Siraha,Siraha-1,67352,104320,Secondary Education (Grade 9-10 / SLC / SEE),26.6833,86.45
627,342371,Valeshvara Dasa Tatma,Swatantra,,4,M,False,रामफल दास तत्मा,slc,,Siraha Lahan Municipality,मिना देवी दास,,Madhesh,Siraha,Siraha-1,67352,104320,Secondary Education (Grade 9-10 / SLC / SEE),26.6833,86.45
628,340795,Ramdev Thakur,Swatantra,,1,M,False,Ghuran Thakur,SLC,SLC,Siraha,Shobha Kumari Thakur,,Madhesh,Siraha,Siraha-1,67352,104320,Secondary Education (Grade 9-10 / SLC / SEE),26.6833,86.45
629,341250,Shiva Shankar Yadav,Rastriya Swatantra Party,2528.0,39561,M,True,राम पृत  यादव,स्नातक,tu,Siraha Sukhipur Municipality Bidyanagar,यादव,छैन,Madhesh,Siraha,Siraha-2,69643,105871,Bachelor's Degree,26.6667,86.3667
630,340877,Ram Chandra Yadav,Nepali Congress,2583.0,12814,M,False,Ram Otar Yadav,S.L.C,बोर्ड नेपाल,Siraha,Ruso Devi Yadav,छैन,Madhesh,Siraha,Siraha-2,69643,105871,Secondary Education (Grade 9-10 / SLC / SEE),26.6667,86.3667
631,341363,Nabin Kumar Yadav,Nepal Communist Party (Ekikrit Marxbadi Leninbadi),2598.0,6713,M,False,Tarani Prasad Yadav,प्रविन्ता प्रमाण  पत्र तह,tu,Siraha,Punita Kumari Yadav,छ,Madhesh,Siraha,Siraha-2,69643,105871,Higher Secondary / Intermediate (10+2 / PCL),26.6667,86.3667
632,340325,Mukti Narayan Singh,Nepali Communist Party,2557.0,3680,M,False,Shiv Kumar Singh,S.L.C,नेपाल बोर्ड,Siraha,,छ,Madhesh,Siraha,Siraha-2,69643,105871,Secondary Education (Grade 9-10 / SLC / SEE),26.6667,86.3667
633,340477,Sanjiv Kumar Yadav,"Janata Samajbadi Party, Nepal",2542.0,3087,M,False,भरोसी  यादव,एम.एड,pu,Siraha Dhangadhimai Municipality Jaipur,गीता कुमारी यादव,छ,Madhesh,Siraha,Siraha-2,69643,105871,Master's Degree,26.6667,86.3667
634,341069,Binod Kumar Yadav,Janamat Party,2585.0,2360,M,False,Jageshwar Yadav,स्नातक,tu,Siraha,Chandrakala Devi Yadav,छैन,Madhesh,Siraha,Siraha-2,69643,105871,Bachelor's Degree,26.6667,86.3667
635,340991,Kapaleshavara Yadav,Swatantra,,349,M,False,देवसुन्दर यादव,S.L.C,नेपाल बोर्ड,Siraha Sukhipur Municipality Mohanpur,ललिता देवी यादव,छैन,Madhesh,Siraha,Siraha-2,69643,105871,Secondary Education (Grade 9-10 / SLC / SEE),26.6667,86.3667
636,340965,Ram Kumar Yadav,Nepalka Lagi Nepali Party,2524.0,211,M,False,Ras Lal Yadav,छैन,छैन,Siraha,Samala Kumari Yadav,छैन,Madhesh,Siraha,Siraha-2,69643,105871,Illiterate,26.6667,86.3667
637,342343,Lalit Kumar Singh,Ujyalo Nepal Party,2566.0,173,M,False,Surya Narayan Singh,10+2,H.S.B,Saptari,Nilam Kumari Rai,छैन,Madhesh,Siraha,Siraha-2,69643,105871,Higher Secondary / Intermediate (10+2 / PCL),26.6667,86.3667
638,340086,Shyam Kishor Sah Haluwai,Rastriya Prajatantra Party,2604.0,168,M,False,नारायण  साह,S.L.C,नेपाल बोर्ड,Siraha Dhangadhimai Municipality Dhangadhi,गिर्जा वती हलुवाइ,छैन,Madhesh,Siraha,Siraha-2,69643,105871,Secondary Education (Grade 9-10 / SLC / SEE),26.6667,86.3667
639,340693,Ganga Ram Thakur,Shram Sanskriti Party,2501.0,119,M,False,Jiv Lal Thakur,बिएड,tu,Siraha,Sujan Barahi,छैन,Madhesh,Siraha,Siraha-2,69643,105871,Bachelor's Degree,26.6667,86.3667
640,341746,Biltu Yadav,Aam Janata Party (Ekal Chunab Chinha),2581.0,92,M,False,Madhav Yadav,प्रविन्ता प्रमाण तह,T.U,Siraha,Ramsunair Devi Yadav,छैन,Madhesh,Siraha,Siraha-2,69643,105871,Higher Secondary / Intermediate (10+2 / PCL),26.6667,86.3667
641,340806,Kaushal Kumar Singh,Rastriya Mukti Party Nepal (Ekal Chunab Chinha),2531.0,64,M,False,Yogendra Narayan Singh,स्नातक,tu,Siraha,Shunila Singh,छैन,Madhesh,Siraha,Siraha-2,69643,105871,Bachelor's Degree,26.6667,86.3667
642,341489,Bijay Kumar Yadav,Swatantra,,52,M,False,Ghutar Yadav,छैन,छैन,Siraha,Bimal Devi Yadav,छैन,Madhesh,Siraha,Siraha-2,69643,105871,Illiterate,26.6667,86.3667
643,341852,Savur Lal Ram,Bahujan Ekata Party Nepal (Ekal Chunab Chinha),2567.0,38,M,False,सरुप  दास,M. FIL,T.U,Siraha Dhangadhimai Municipality,सरिता कुमारी -,छ,Madhesh,Siraha,Siraha-2,69643,105871,M.Phil,26.6667,86.3667
644,340154,Raj Kumar Pasman,Nepal Majdur Kisan Party,2578.0,30,M,False,बचकुन पासमान,साधारण लेखपढ,छैन,Siraha Sukhipur Municipality Shivnagar,इन्द्रा देवी पासमान,छैन,Madhesh,Siraha,Siraha-2,69643,105871,Literate / Non-Formal,26.6667,86.3667
645,341954,Anshwar Kumar Mahto,Swatantra,,28,M,False,राम विलास महतो,छैन,छैन,Siraha Sukhipur Municipality,सोनी कुमारी महतो,छैन,Madhesh,Siraha,Siraha-2,69643,105871,Illiterate,26.6667,86.3667
646,341548,Rajesh‍vara Sah,Swatantra,,16,M,False,पंची साह तेली,I.Com,tu,Siraha Sukhipur Municipality Balhi,दुलारी देवी साह,छ,Madhesh,Siraha,Siraha-2,69643,105871,Higher Secondary / Intermediate (10+2 / PCL),26.6667,86.3667
647,341129,Shiva Kumar Kamait,Swatantra,,14,M,False,प्रमेश्वर  कामैत,साधारण लेखपढ,छैन,Siraha Dhangadhimai Municipality,बिन्देश्वरी देवी कामैत,छैन,Madhesh,Siraha,Siraha-2,69643,105871,Literate / Non-Formal,26.6667,86.3667
648,342090,Jay Prakash Mahato,Swatantra,,13,M,False,गौरी  महतो,स्नातक ,T.U,Siraha Dhangadhimai Municipality Jaipur,अमिर कला महतो,छैन,Madhesh,Siraha,Siraha-2,69643,105871,Bachelor's Degree,26.6667,86.3667
649,341590,Rabindra Kumar Yadav,Swatantra,,13,M,False,Harihar Yadav,10+2,T.U,Siraha,Kalpana Kumari Yadav,छैन,Madhesh,Siraha,Siraha-2,69643,105871,Higher Secondary / Intermediate (10+2 / PCL),26.6667,86.3667
650,340748,Usha Kumari Yadav,Swatantra,,9,F,False,Ram Vilas Yadav,छैन,छैन,Siraha,Ram Pukar Yadav,छैन,Madhesh,Siraha,Siraha-2,69643,105871,Illiterate,26.6667,86.3667
651,342149,Ram Ganesh Yadav,Swatantra,,8,M,False,Rajdev Yadav,10+2,H.S.B,Siraha,Rekha Yadav,छैन,Madhesh,Siraha,Siraha-2,69643,105871,Higher Secondary / Intermediate (10+2 / PCL),26.6667,86.3667
652,342047,Uday Kumar Magar,Swatantra,,7,M,False,Tej Bahadur Magar,S.L.C,नेपाल बोर्ड,Siraha,,छैन,Madhesh,Siraha,Siraha-2,69643,105871,Secondary Education (Grade 9-10 / SLC / SEE),26.6667,86.3667
653,340849,Raj Kumar Chaudhary,Swatantra,,6,M,False,Gudari Chaudhary,S.L.C,नेपाल बोर्ड,Siraha,Sonu Chaudhary,छैन,Madhesh,Siraha,Siraha-2,69643,105871,Secondary Education (Grade 9-10 / SLC / SEE),26.6667,86.3667
654,341919,Rovina Yadav,Swatantra,,5,M,False,बेचन  यादव,10+2,H.S.B,Siraha Navrajpur Rural Municipality,,छैन,Madhesh,Siraha,Siraha-2,69643,105871,Higher Secondary / Intermediate (10+2 / PCL),26.6667,86.3667
655,341979,Ramesh Kumar Yadav,Swatantra,,5,M,False,Kapileswar Yadav,10+2,H.S.B,Siraha,,छैन,Madhesh,Siraha,Siraha-2,69643,105871,Higher Secondary / Intermediate (10+2 / PCL),26.6667,86.3667
656,340647,Shanti Devi Yadav,Swatantra,,5,F,False,Gauri Yadav,छैन,छैन,Siraha,Jagarnath Yadav,छैन,Madhesh,Siraha,Siraha-2,69643,105871,Illiterate,26.6667,86.3667
657,342298,Kapalesh‍vari Devi Sah,Swatantra,,3,F,False,शिवु साह,साक्षर,छैन,Siraha Sukhipur Municipality Mohanpur,गेनी लाल साह,छैन,Madhesh,Siraha,Siraha-2,69643,105871,Literate / Non-Formal,26.6667,86.3667
658,342059,Shambhu Kumar Yadav,Rastriya Swatantra Party,2528.0,32249,M,True,Ram Sundar Raut Yadav,एम वि.वि.एस,chancho univarcity,Siraha,Aradhana Yadav,चिकित्सक र समाजसेवी,Madhesh,Siraha,Siraha-3,70638,111487,Bachelor's Degree,26.65,86.2833
659,340864,Lilanath Shrestha,Nepal Communist Party (Ekikrit Marxbadi Leninbadi),2598.0,10156,M,False,Jit Bahadur Shrestha,स्नातक,TU,Siraha,Vishwa Shrestha,2037साल देखि राजनीतिक ,Madhesh,Siraha,Siraha-3,70638,111487,Bachelor's Degree,26.65,86.2833
660,341461,Vish‍vanatha Sah,Nepali Communist Party,2557.0,9942,M,False,सूर्य  साह,मास्टर डिग्री,TU,Siraha Goalbazar Municipality Nipaniyan,सीता  पोखरेल,राजनीतिक,Madhesh,Siraha,Siraha-3,70638,111487,Master's Degree,26.65,86.2833
661,341723,Subhash Chandra Yadav,Nepali Congress,2583.0,9879,M,False,Chandra Narayan Yadav,M.D.,भारत बनारस,Siraha,Indu Kumari Yadav,चिकित्सक,Madhesh,Siraha,Siraha-3,70638,111487,Master's Degree,26.65,86.2833
662,340534,Aseshvara Yadav,"Janata Samajbadi Party, Nepal",2542.0,5671,M,False,सहदेव  यादव,M.Sc. M.A,TU,Siraha Bishnupur Rural Municipality Lakshmipur,इला देवी यादव, राजनीतिक र किसान,Madhesh,Siraha,Siraha-3,70638,111487,Master's Degree,26.65,86.2833
663,341998,Rohit Mahto,Janamat Party,2585.0,820,M,False,गजाधर  महतो,sLC,मोहन मा.वि.रामनगर मिर्चैया,Siraha Goalbazar Municipality Sukdev,मिना देवी महतो,समाजसेवी,Madhesh,Siraha,Siraha-3,70638,111487,Secondary Education (Grade 9-10 / SLC / SEE),26.65,86.2833
664,341169,Shravana Pasavan,Ujyalo Nepal Party,2566.0,570,M,False,दिपक  पासमान,स्नातक,TU,Siraha Siraha Municipality,,समाजसेवी,Madhesh,Siraha,Siraha-3,70638,111487,Bachelor's Degree,26.65,86.2833
665,342263,Dip Kumar Lama,Shram Sanskriti Party,2501.0,287,M,False,Som Lal Tamang,sLC,श्री जनता माध्यविक विद्यालय चन्द्रलालपुर चोहर्बा,Siraha,Asha Kumari Lama,समाजसेवी,Madhesh,Siraha,Siraha-3,70638,111487,Secondary Education (Grade 9-10 / SLC / SEE),26.65,86.2833
666,340779,Dilip Kumar Pasman,Swatantra,,239,M,False,योग नारायण पासमान,sLC,श्री माध्यमिक विद्यालय भलुवाही सिराहा,Siraha Bishnupur Rural Municipality Lakshmipur P.M.,निर्जला  पासमान,समाजसेवी र कृषि,Madhesh,Siraha,Siraha-3,70638,111487,Secondary Education (Grade 9-10 / SLC / SEE),26.65,86.2833
667,339811,Dev Dayal Singh,Rastriya Prajatantra Party,2604.0,234,M,False,Ram Lakhan Mahato,नभएको,छैन,Siraha,Manju Kumari Singh,छैन,Madhesh,Siraha,Siraha-3,70638,111487,Illiterate,26.65,86.2833
668,340636,Aravinda Kumara Yadav,Swatantra,,113,M,False,जगदिश  यादव,B.A,Tu,Siraha Bishnupur Rural Municipality Lakshmipur,,राजनीतिक र कृषि,Madhesh,Siraha,Siraha-3,70638,111487,Bachelor's Degree,26.65,86.2833
669,341320,Kamal Raya,Nepal Communist Party (Maoist),2526.0,78,M,False,सहदेव  राय,sLC,च.मा.वि. सिराहा,Siraha Siraha Municipality Siraha,मलुका  राय,राजनीति र कृषि,Madhesh,Siraha,Siraha-3,70638,111487,Secondary Education (Grade 9-10 / SLC / SEE),26.65,86.2833
670,340379,Pujan Kumar Singh,Pragatishil Loktantrik Party,2516.0,64,M,False,Maheshwar Singh, एम.ए.,Tu,Siraha,। । ।,राजनीति  र व्यवसाय तथा कृषि,Madhesh,Siraha,Siraha-3,70638,111487,Master's Degree,26.65,86.2833
671,341630,Baijnath Kami,Swatantra,,58,M,False,Bhutai Kami,९ कक्षा पास,सरस्वती मा.वि. तिरतिया जमदह,Siraha,Sangita Vishwakarma,समाजसे्वी,Madhesh,Siraha,Siraha-3,70638,111487,Secondary Education (Grade 9-10 / SLC / SEE),26.65,86.2833
672,341769,Jnyanu Devi Danuvar,Aam Janata Party (Ekal Chunab Chinha),2581.0,47,F,False,मानवीर  तामाङ्ग,साक्षर,,Siraha Naraha Rural Municipality Panwari,ज्ञानदेव  सिंह दनुवार,समाजसेवी,Madhesh,Siraha,Siraha-3,70638,111487,Literate / Non-Formal,26.65,86.2833
673,341254,Ramcharitra Prasad Sah,Swatantra,,22,M,False,Latu Sahu,sLC,र.ज.मा.वि. बल्ही सिराहा,Siraha,Shanti Devi Sah,कृषि र समाजसेवी,Madhesh,Siraha,Siraha-3,70638,111487,Secondary Education (Grade 9-10 / SLC / SEE),26.65,86.2833
674,341551,Umesh Kumar Baral,Swatantra,,20,M,False,Ramdayal Baral,sLC,श्री जनता माध्यमिक विद्यालय असनपुर गाोलबजार सिराहा,Siraha,Gita Sharma Baral,,Madhesh,Siraha,Siraha-3,70638,111487,Secondary Education (Grade 9-10 / SLC / SEE),26.65,86.2833
675,341207,Arjun Kumar Yadav,Swatantra,,19,M,False,Sahadev Yadav,sLC,च.मा.वि. सिराहा,Siraha,Radha Kumari Yadav,राजनीतिक  र कृषि,Madhesh,Siraha,Siraha-3,70638,111487,Secondary Education (Grade 9-10 / SLC / SEE),26.65,86.2833
676,341847,Ashish Kumar Mandal,Swatantra,,19,M,False,Surya Narayan Mandal,sLC,श्री ला.स.मा.वि. माडर,Siraha,Bibha Devi Mandal,समाजसेवी,Madhesh,Siraha,Siraha-3,70638,111487,Secondary Education (Grade 9-10 / SLC / SEE),26.65,86.2833
677,342467,Indila Kumari Yadav,Swatantra,,16,F,False,Ram Lakhan Yadav,‌+2,ब्रजमोहन मा.वि. माडर सिराहा,Siraha,Nand Kishor Yadav,समाजसेवी,Madhesh,Siraha,Siraha-3,70638,111487,Higher Secondary / Intermediate (10+2 / PCL),26.65,86.2833
678,342142,Shobit Kumar Yadav,Swatantra,,16,M,False,ललित कुमार यादव,BBs,TU,Siraha Siraha Municipality Sanhaitha,फुल कुमारी यादव,२० वर्ष देखि राजनीतिक कर्मी,Madhesh,Siraha,Siraha-3,70638,111487,Bachelor's Degree,26.65,86.2833
679,342621,Krishna Kumar Yadav,Swatantra,,15,M,False,Jagdev Yadav,‌‌‍‌+2,ब्रजमोहन जनता मा.वि. माडर सिराहा,Siraha,,समाजसेवी,Madhesh,Siraha,Siraha-3,70638,111487,Higher Secondary / Intermediate (10+2 / PCL),26.65,86.2833
680,340977,Dinesh Yadav,Swatantra,,13,M,False,Kusheshwar Dhurjhar,Inter,TU,Siraha,Kumbhika Yadav,व्यापार,Madhesh,Siraha,Siraha-3,70638,111487,Higher Secondary / Intermediate (10+2 / PCL),26.65,86.2833
681,341599,Bijay Kumar Ram,Swatantra,,12,M,False,Badri Narayan Ram,M.A,TU,Siraha,Anjana Kumari Raya,समाजसेबी,Madhesh,Siraha,Siraha-3,70638,111487,Master's Degree,26.65,86.2833
682,342665,Navina Kumara Yadav,Swatantra,,8,M,False,राजेन्द्र  यादव,+२,जे.एम एकेडेमी सिराहा,Siraha Siraha Municipality Kati,,शिक्षण पेशा,Madhesh,Siraha,Siraha-3,70638,111487,Higher Secondary / Intermediate (10+2 / PCL),26.65,86.2833
683,342647,Bablu Kumar Yadav,Swatantra,,8,M,False,Ram Babu Yadav,H.A,विराट हेल्थ कलेज,Siraha,,समाजसेवी,Madhesh,Siraha,Siraha-3,70638,111487,Diploma / Certificate Level,26.65,86.2833
684,341944,Ankit Kumar Yadav,Swatantra,,7,M,False,Ghanshyam Yadav,८ कक्षा,ब्रजमोहन मा.वि. माडर ,Siraha,,समाजसेवी,Madhesh,Siraha,Siraha-3,70638,111487,Basic Education (Up to Grade 8),26.65,86.2833
685,342195,Dushyant Kumar Karna,Swatantra,,7,M,False,Jay Narayan Das Madhup,B.ed,TU,Siraha,Navin Kumari Karna,शिक्षण सेवा हाल अवकास,Madhesh,Siraha,Siraha-3,70638,111487,Bachelor's Degree,26.65,86.2833
686,341511,Aananda Vishvakarma,Swatantra,,6,M,False,शिव दयाल विश्वकर्मा,+२,श्री जनता माध्यमिक विद्यालय गोलबजार सिराहा,Siraha Goalbazar Municipality,पवित्रा  विश्वकर्मा,समासेवा,Madhesh,Siraha,Siraha-3,70638,111487,Higher Secondary / Intermediate (10+2 / PCL),26.65,86.2833
687,342575,Surya Dev Yadav,Swatantra,,6,M,False,Jaylal Yadav,साक्षर,,Siraha,Ratan Devi Yadav,समाजसेवी,Madhesh,Siraha,Siraha-3,70638,111487,Literate / Non-Formal,26.65,86.2833
688,342104,Se. Jahur,Swatantra,,6,M,False,से. मजलुम,९ कक्षा पास,विहार,Siraha Siraha Municipality Ramaul,सरवरी  खातुन,समाजसेवी,Madhesh,Siraha,Siraha-3,70638,111487,Secondary Education (Grade 9-10 / SLC / SEE),26.65,86.2833
689,341676,Ram Pukar Kamati,Swatantra,,5,M,False,Brahm Dev Kamait,स्नातक,TU,Siraha,Sarita Kapar,समाजसे्वी,Madhesh,Siraha,Siraha-3,70638,111487,Bachelor's Degree,26.65,86.2833
690,341808,Rakesh Kumar Yadav,Swatantra,,5,M,False,Ram Ashish Yadav,स्नातक,TU,Siraha,Rinku Kumari Yadav,समाजसेबी,Madhesh,Siraha,Siraha-3,70638,111487,Bachelor's Degree,26.65,86.2833
691,341378,Dipendara Kumar Yadav,Swatantra,,4,M,False,वीरेन्द्र कुमार यादव,स्नातक,TU,Siraha Goalbazar Municipal Magistrate Tol,नीलम कुमारी ढकाल (यादव),राष्ट्र समाचार समितको केन्द्रिय बोर्ड सदस्य पदमा काम गरेको अनुभव,Madhesh,Siraha,Siraha-3,70638,111487,Bachelor's Degree,26.65,86.2833
692,342680,Ramesh Chandra Sharma,Swatantra,,4,M,False,Laxman Thakur,sLC,च.मा.वि. सिराहा,Siraha,,समाजसेवी,Madhesh,Siraha,Siraha-3,70638,111487,Secondary Education (Grade 9-10 / SLC / SEE),26.65,86.2833
693,341034,Pradeep Kumar Shrestha,Swatantra,,3,M,False,हरि बहदुर श्रेष्ठ,inter,विहार,Siraha Goalbazar Municipality Chauharwa,सुमिता  श्रेष्ठ,राजनीतिक,Madhesh,Siraha,Siraha-3,70638,111487,Higher Secondary / Intermediate (10+2 / PCL),26.65,86.2833
694,342728,Rajesh‍vara Yadav,Swatantra,,3,M,False,रुप लाल यादव,साक्षर,,Siraha Siraha Municipality Lagdi Gadiani,निरो देवी यादव,समाजसेवी,Madhesh,Siraha,Siraha-3,70638,111487,Literate / Non-Formal,26.65,86.2833
695,341117,Sumit Shrestha,Swatantra,,3,M,False,Shyam Kumar Shrestha,मास्टर डिग्री,TU,Siraha,,राजनीति र व्यवसाय,Madhesh,Siraha,Siraha-3,70638,111487,Master's Degree,26.65,86.2833
696,340942,Jivachha Kumara Yadav,Swatantra,,2,M,False,राम सुन्दर यादव,HA,आई एच आर टी जनकपुर,Siraha Siraha Municipality,सुनिता कुमारी यादव,राजनीतिक र कृषि तथा construction work,Madhesh,Siraha,Siraha-3,70638,111487,Diploma / Certificate Level,26.65,86.2833
697,341884,Manchan Mahato,Swatantra,,1,M,False,Ram Chandra Mahato,B.ed,TU,Siraha,Rajeshwari Kumar Singh,समाजसेवी,Madhesh,Siraha,Siraha-3,70638,111487,Bachelor's Degree,26.65,86.2833
698,341083,Satish Chandra Singh,Swatantra,,1,M,False,Ganga Prasad Mahato,मास्तर डिग्री,TU,Siraha,,राजनीतिक र कृषि तथा व्यापार,Madhesh,Siraha,Siraha-3,70638,111487,Master's Degree,26.65,86.2833
699,341713,Tapeshvara Yadav,Rastriya Swatantra Party,2528.0,36210,M,True,सत्यनारायण  यादव,सिभिल ईन्जीनियर,TU,Siraha Naraha Rural Municipality Naraha,,,Madhesh,Siraha,Siraha-4,63165,106047,Bachelor's Degree,26.6333,86.2
700,340961,Ajay Shankar Nayak,Nepali Communist Party,2557.0,7972,M,False,Ram Sharan ____ (Nayak),स्‍नातक,त्रि.वि.वि.,Siraha,Sanjila Kumari Gai Nayak,,Madhesh,Siraha,Siraha-4,63165,106047,Bachelor's Degree,26.6333,86.2
701,340417,Birendra Prasad Mahato,Janamat Party,2585.0,5041,M,False,Ram Ashis Sah,पि.एच.डी,रसिया,Siraha,Kriti Kumari Mahato,,Madhesh,Siraha,Siraha-4,63165,106047,Doctorate / PhD,26.6333,86.2
702,342560,Dharmanath Prasad Sah,Nepal Communist Party (Ekikrit Marxbadi Leninbadi),2598.0,4227,M,False,Kasturi Sah,स्‍नातक कानुन,TU,Kathmandu,Raj Kumari Sah,,Madhesh,Siraha,Siraha-4,63165,106047,Bachelor's Degree,26.6333,86.2
703,341888,Chandra Kala Kumari Yadav,Nepali Congress,2583.0,4061,F,False,Rajendra Yadav,S.L.C,बर्छवा मा.वि. नरहा,Siraha,Ganesh Kumar Yadav,,Madhesh,Siraha,Siraha-4,63165,106047,Secondary Education (Grade 9-10 / SLC / SEE),26.6333,86.2
704,339524,Raj Kishor Yadav,"Janata Samajbadi Party, Nepal",2542.0,3484,M,False,Ganga Ram Yadav,स्‍नातक,पंजाप एयरक्राफ्ट ईन्जि. कलेज भारत (पंजाव),Siraha,Sarita Kumari Yadav,,Madhesh,Siraha,Siraha-4,63165,106047,Bachelor's Degree,26.6333,86.2
705,342261,Bharat Sah,Swatantra,,511,M,False,Vaijnath Sah Teli,९ पास,मोहन मा.वि.,Siraha, ,,Madhesh,Siraha,Siraha-4,63165,106047,Secondary Education (Grade 9-10 / SLC / SEE),26.6333,86.2
706,339452,Suvendra Kumar Sah,Rastriya Prajatantra Party,2604.0,283,M,False,प्रमेश्‍वर  साह,स्‍नातक,TU,Siraha Kalyanpur Municipality Kalyanpur,रीना कुमारी साह,,Madhesh,Siraha,Siraha-4,63165,106047,Bachelor's Degree,26.6333,86.2
707,341327,Bishvendra Paswan,Bahujan Shakti Party,2536.0,279,M,False,विलट  पासवान,एल.एल.बि.,"पटना युनिर्वासिटि, भारत",Siraha Mirchaiya Municipality Matierwa,रामकुमारी देवी पासवान,,Madhesh,Siraha,Siraha-4,63165,106047,Bachelor's Degree,26.6333,86.2
708,342619,Dilip Kumar Mahara,Bahujan Ekata Party Nepal (Ekal Chunab Chinha),2567.0,241,M,False,विन्देश्‍वर  महरा,+2,युनिभर्सल एकेडेमी जनकपुर,Siraha Kalyanpur Municipality Rampura,इन्दुर देवी महरा,,Madhesh,Siraha,Siraha-4,63165,106047,Higher Secondary / Intermediate (10+2 / PCL),26.6333,86.2
709,340799,Vinaya Pravin,Ujyalo Nepal Party,2566.0,207,M,False,जमुना साह तेली,एम.पि.ए.,TU,Siraha Kalyanpur Municipality,,,Madhesh,Siraha,Siraha-4,63165,106047,Master's Degree,26.6333,86.2
710,342743,Pankaj Kumar Thakur,Shram Sanskriti Party,2501.0,160,M,False,Kamal Kumar Thakur,‌+2,मोहन मा.वि. मिर्चैया,Siraha,,,Madhesh,Siraha,Siraha-4,63165,106047,Higher Secondary / Intermediate (10+2 / PCL),26.6333,86.2
711,342709,Moibarain Ansari,Swatantra,,90,M,False,इनुस  मियाँ,+2,जनता उच्च माध्यमिक विद्यालय गोलबजार,Siraha Naraha Rural Municipality Khoria,- - -,,Madhesh,Siraha,Siraha-4,63165,106047,Higher Secondary / Intermediate (10+2 / PCL),26.6333,86.2
712,342748,Jeevan Kumar Mehara,Nepal Communist Party (Maoist),2526.0,57,M,False,विपतिया  मेहरा,s.l.c,मोहन मा.वि. मिर्चैया,Siraha Mirchaiya Municipality Raghopur,,,Madhesh,Siraha,Siraha-4,63165,106047,Secondary Education (Grade 9-10 / SLC / SEE),26.6333,86.2
713,341652,Rameshvara Sah,Nepal Majdur Kisan Party,2578.0,42,M,False,राम भवन साह,साधारण लेखपढ,,Siraha Kalyanpur Municipality Bangthiya,दलितिया देवी साह,,Madhesh,Siraha,Siraha-4,63165,106047,Literate / Non-Formal,26.6333,86.2
714,342497,Rupesh Kumar Mandal,Swatantra,,31,M,False,Shreedev Mandal,८ कक्षा,रामदुलारी मा.वि. कल्याणपुर,Siraha,,,Madhesh,Siraha,Siraha-4,63165,106047,Basic Education (Up to Grade 8),26.6333,86.2
715,340180,Kishori Yadav,Swatantra,,28,M,False,Bilat Yadav,S.L.C,कल्याणपुर मा.वि.,Siraha,Pramila Devi Yadav,,Madhesh,Siraha,Siraha-4,63165,106047,Secondary Education (Grade 9-10 / SLC / SEE),26.6333,86.2
716,341122,Phuladeva Thakura Hajam,Swatantra,,27,M,False,वासुदेव  ठाकुर हजाम,स्‍नातक,बर्छवा कलेज,Siraha Mirchaiya Municipality Majhauliya,,,Madhesh,Siraha,Siraha-4,63165,106047,Bachelor's Degree,26.6333,86.2
717,342733,Kuseshwor Sah Sudi,Swatantra,,25,M,False,शब्द लाता पंजियार,साक्षर,,Siraha Kalyanpur Municipality Bhokraha,किरण कुमारी साह सुडी,,Madhesh,Siraha,Siraha-4,63165,106047,Literate / Non-Formal,26.6333,86.2
718,341029,Anil Sah,Swatantra,,18,M,False,Ram Nath Sah,स्‍नातक,TU,Siraha,,,Madhesh,Siraha,Siraha-4,63165,106047,Bachelor's Degree,26.6333,86.2
719,342773,Ramesh Kumar Sah,Swatantra,,17,M,False,Gauri Shankar Sah Kalal,+2,लर्ड बुद्द बिराटनगर,Siraha,Laxmi Kumari Sah,,Madhesh,Siraha,Siraha-4,63165,106047,Higher Secondary / Intermediate (10+2 / PCL),26.6333,86.2
720,340733,Visesh‍vara Yadav,Swatantra,,17,M,False,विल्टु गोहिवार यादव,S.L.C,जनता मा.वि.,Siraha Karjanha Municipality Mirchaiya,गायत्री देवी यादव,,Madhesh,Siraha,Siraha-4,63165,106047,Secondary Education (Grade 9-10 / SLC / SEE),26.6333,86.2
721,341185,Santosh Mahato,Swatantra,,17,M,False,Rajeshwar Mahato,+2,छिनमस्ता एजुकेश एकेडेमी राजविराज,Siraha,Sudha Devi,,Madhesh,Siraha,Siraha-4,63165,106047,Higher Secondary / Intermediate (10+2 / PCL),26.6333,86.2
722,342698,Nathuniya Sada,Swatantra,,16,M,False,Sewata Sada,निरक्षर,,Siraha,Paraniya Kumari Devi Sada,,Madhesh,Siraha,Siraha-4,63165,106047,Illiterate,26.6333,86.2
723,342760,Rajdev Yadav,Swatantra,,14,M,False,Siya Ram Yadav,९ कक्षा पास,,Siraha,Anita Devi Yadav,,Madhesh,Siraha,Siraha-4,63165,106047,Secondary Education (Grade 9-10 / SLC / SEE),26.6333,86.2
724,342750,Umesh Kumar Ram,Swatantra,,13,M,False,Ram Lakhan Mochi,M.DE,रारा बहुमुखि क्यामपस धनुषा जनकपुर,Siraha,Asha Devi Ram,,Madhesh,Siraha,Siraha-4,63165,106047,Master's Degree,26.6333,86.2
725,342211,Kameshvara Sinh,Swatantra,,12,M,False,फुदन  सिंह,बि.ए.,रामपुर चितवन,Siraha Kalyanpur Municipality Laxminiyan,सुशिला कुमारी सिंह,,Madhesh,Siraha,Siraha-4,63165,106047,Bachelor's Degree,26.6333,86.2
726,342316,Kedara Vish‍vakarma,Swatantra,,11,M,False,पदमे  मिजार,s.l.c,फुलकुमारी मा.वि.,Siraha Karjanha Municipality Badhara,मिना देवी विश्‍वकर्मा,,Madhesh,Siraha,Siraha-4,63165,106047,Secondary Education (Grade 9-10 / SLC / SEE),26.6333,86.2
727,341799,Dhanavira Kapaira Kevat,Swatantra,,11,M,False,राम भरोस कापैर,सामान्य,,Siraha Mirchaiya Municipality Malhania,जिवछी कुमारी कापैर,,Madhesh,Siraha,Siraha-4,63165,106047,Literate / Non-Formal,26.6333,86.2
728,342124,Shushil Kumar Singh,Swatantra,,11,M,False,गंगाराम  महतो,स्‍नातक,TU,Siraha Kalyanpur Municipality,उषा कुमारी महतो,,Madhesh,Siraha,Siraha-4,63165,106047,Bachelor's Degree,26.6333,86.2
729,342745,Yogendra Prasad Mahara,Swatantra,,9,M,False,लक्ष्‍मी  महरा,१० कक्षा पास,मोहन मा.वि. मिर्चैया,Siraha Karjanha Municipality Gautadi,अधाथिया देवी महरा,,Madhesh,Siraha,Siraha-4,63165,106047,Secondary Education (Grade 9-10 / SLC / SEE),26.6333,86.2
730,342766,Ram Vriksh Mehra,Swatantra,,7,M,False,ठिठर  महरा,साधारण लेखपढ,,Siraha Naraha Rural Municipality Naraha,मखनी देवी महरा,,Madhesh,Siraha,Siraha-4,63165,106047,Literate / Non-Formal,26.6333,86.2
731,341388,Vindeshvara Mahato,Swatantra,,6,M,False,कपलेश्वर  महतो,आ.ए,भारत,Siraha Narha Rural Municipality Barchhwa,इसैर देवी महतो,,Madhesh,Siraha,Siraha-4,63165,106047,Higher Secondary / Intermediate (10+2 / PCL),26.6333,86.2
732,342592,Bhageshvara Das,Swatantra,,4,M,False,कारीचन  दास,S.L.C,रामदुलारी मा.वि. कल्याणपुर,Siraha Kalyanpur Municipality Bishnupar,सोना वती  दास,,Madhesh,Siraha,Siraha-4,63165,106047,Secondary Education (Grade 9-10 / SLC / SEE),26.6333,86.2
733,340101,Ranjit Kumar Yadav,Swatantra,,4,M,False,Chandeshwar Yadav,स्‍नातक,PU,Siraha,Anju Kumari Yadav,,Madhesh,Siraha,Siraha-4,63165,106047,Bachelor's Degree,26.6333,86.2
734,342718,Jiwacha Mochi,Swatantra,,2,M,False,नन्दी  मोची,S.L.C,गोलबजार,Siraha Mirchaiya Municipality,रामकुमारी देवी मोची,,Madhesh,Siraha,Siraha-4,63165,106047,Secondary Education (Grade 9-10 / SLC / SEE),26.6333,86.2
735,339522,Jagadisha Kharel,Rastriya Swatantra Party,2528.0,32376,M,True,लोक नाथ खरेल,Bachelor,Nepal,Dolakha Kalinchok rural municipality,,,Bagmati,Dolakha,Dolakha-1,79815,170303,Bachelor's Degree,27.7833,86.2
736,339643,Parvata Gurung,Nepal Communist Party (Ekikrit Marxbadi Leninbadi),2598.0,17449,M,False,मकर ध्‍वज गुरुङ,Bachelor,Nepal,Dolakha Gourishankar Rural Municipality Kapti,सरस्‍वती  राई गुरुङ,,Bagmati,Dolakha,Dolakha-1,79815,170303,Bachelor's Degree,27.7833,86.2
737,340303,Vishala Khadka,Nepali Communist Party,2557.0,13065,M,False,वृष वहादुर खड्का,bachelor,nepal,Dolakha Gourishankar Rural Municipality,,,Bagmati,Dolakha,Dolakha-1,79815,170303,Bachelor's Degree,27.7833,86.2
738,341082,Ajaya Babu Shivakoti,Nepali Congress,2583.0,12298,M,False,श्याम प्रसाद शिवाकोटी,Master,Nepal,Dolakha Bhimeshwar Municipality,,,Bagmati,Dolakha,Dolakha-1,79815,170303,Master's Degree,27.7833,86.2
739,339379,Nima Dorje Lama,Ujyalo Nepal Party,2566.0,1663,M,False,सुन्‍दोर्जे  लामा,10+2,nepal,Kathmandu Kathmandu Metropolitan City,,,Bagmati,Dolakha,Dolakha-1,79815,170303,Higher Secondary / Intermediate (10+2 / PCL),27.7833,86.2
740,339571,Pravina Kumara Thokara/tamangg,Rastriya Prajatantra Party,2604.0,1010,M,False,छत्र बहादुर तामाङ्ग,Bachelor,Nepal,Dolakha Melung Rural Municipality Manidanda,गीता शाही ठकुरी,,Bagmati,Dolakha,Dolakha-1,79815,170303,Bachelor's Degree,27.7833,86.2
741,341818,Karna Bahadura Phuyal,Swatantra,,388,M,False,छत्र बहादुर फुयाल,sLc,Nepal,Dolakha Tamakoshi Rural Municipality Jausara,विन्दा  फुयाल,,Bagmati,Dolakha,Dolakha-1,79815,170303,Secondary Education (Grade 9-10 / SLC / SEE),27.7833,86.2
742,341033,Hepa Bahadura Thami,Shram Sanskriti Party,2501.0,381,M,False,मन बहादुर थामी,under slc,Nepal,Dolakha Vigu Rural Municipality Sherpa Alampu,भद्रि  थामी,,Bagmati,Dolakha,Dolakha-1,79815,170303,Secondary Education (Grade 9-10 / SLC / SEE),27.7833,86.2
743,340652,Shudarshana Karki,Rastriya Paribartan Party,2568.0,356,M,False,नारायण विक्रम कार्की,Bachelor,Nepal,Dolakha Shailung Rural Municipality Chulthe,रोजिता  कार्की,,Bagmati,Dolakha,Dolakha-1,79815,170303,Bachelor's Degree,27.7833,86.2
744,341889,Raja Kumara Lamichhane,Nepal Communist Party (Maoist),2526.0,165,M,False,इन्द्र बहादुर लामिछाने,10+2,Nepal,Dolakha Kalinchok Rural Municipality Bhadaure,,,Bagmati,Dolakha,Dolakha-1,79815,170303,Higher Secondary / Intermediate (10+2 / PCL),27.7833,86.2
745,341583,Vinoda Ghimire,Swatantra,,160,M,False,लाल बहादुर घिमिरे,10+2,Nepal,Dolakha Vaiteshwar Rural Municipality Khariswara,,,Bagmati,Dolakha,Dolakha-1,79815,170303,Higher Secondary / Intermediate (10+2 / PCL),27.7833,86.2
746,339341,Kumara Tamangg,Mongol National Organization,2511.0,103,M,False,राम बहादुर तामाङ्ग,10+2,nepal,Dolakha Bhimeshwar Municipality Chothang,,,Bagmati,Dolakha,Dolakha-1,79815,170303,Higher Secondary / Intermediate (10+2 / PCL),27.7833,86.2
747,341317,Gopala Nepali,"Janata Samajbadi Party, Nepal",2542.0,64,M,False,लाल बहादुर नेपाली,10+2,Nepal,Dolakha Vaiteshwar rural municipality area,,,Bagmati,Dolakha,Dolakha-1,79815,170303,Higher Secondary / Intermediate (10+2 / PCL),27.7833,86.2
748,341512,Kamala Khatri,Pragatishil Loktantrik Party,2516.0,60,M,False,राम कृष्ण के.सी.,10+2,Nepal,Dolakha Bhimeshwar Municipality Pipl Khatrigaon,,,Bagmati,Dolakha,Dolakha-1,79815,170303,Higher Secondary / Intermediate (10+2 / PCL),27.7833,86.2
749,339306,Vimala Shreshtha,Nepal Majdur Kisan Party,2578.0,40,F,False,कृष्ण  राज  श्रेष्ठ ,slc,nepal,Bhaktapur Changunarayan Municipality,नारायण  लाल  श्रेष्ठ ,,Bagmati,Dolakha,Dolakha-1,79815,170303,Secondary Education (Grade 9-10 / SLC / SEE),27.7833,86.2
750,341380,Madhava Koeerala Khatri,Swatantra,,33,M,False,हरि वहादुर खत्री,slc,Nepal,Dolakha Shailung rural municipality,भगवती  कोईराला,,Bagmati,Dolakha,Dolakha-1,79815,170303,Secondary Education (Grade 9-10 / SLC / SEE),27.7833,86.2
751,342219,Purna Bahadura Shivakoti,Swatantra,,30,M,False,हरी लाल शिवाकोटी,साधारण,,Dolakha Kalinchok rural municipality,लक्ष्‍मी  शिवाकोटी,,Bagmati,Dolakha,Dolakha-1,79815,170303,Literate / Non-Formal,27.7833,86.2
752,341969,Sukra Tamangg,Aam Janata Party (Ekal Chunab Chinha),2581.0,24,M,False,चक्र बहादुर तमाङ्ग,under slc,,Dolakha Shailung Rural Municipality,निम  तमाङ्ग,,Bagmati,Dolakha,Dolakha-1,79815,170303,Secondary Education (Grade 9-10 / SLC / SEE),27.7833,86.2
753,342272,Sandesha Koirala,Swatantra,,20,M,False,राम बहादुर खत्री,10+2,Nepal,Dolakha Shailung Rural Municipality Dhand,,,Bagmati,Dolakha,Dolakha-1,79815,170303,Higher Secondary / Intermediate (10+2 / PCL),27.7833,86.2
754,339358,Hari Bola Basnet,Swatantra,,15,M,False,कृति बहादुर बस्‍नेत,10+2,nepal,Dolakha Bhimeshwar Municipality Sakhine,कल्पना  बस्नेत,,Bagmati,Dolakha,Dolakha-1,79815,170303,Higher Secondary / Intermediate (10+2 / PCL),27.7833,86.2
755,341178,Suresa Upreti,Swatantra,,14,M,False,रामजी  उप्रेती,10+2,Nepal,Dolakha Tamakoshi rural municipality Gopikhola,सविता  उप्रेती,,Bagmati,Dolakha,Dolakha-1,79815,170303,Higher Secondary / Intermediate (10+2 / PCL),27.7833,86.2
756,342032,Sarmila Phuyala Chaulagaee,Swatantra,,13,F,False,देबि  प्रसाद  फुयाल ,slc,Nepal,Dolakha Bhimeshwar Municipality,दिपक   चौलागाई,,Bagmati,Dolakha,Dolakha-1,79815,170303,Secondary Education (Grade 9-10 / SLC / SEE),27.7833,86.2
757,339352,Prakasha Dahal,Swatantra,,12,M,False,तिर्थ बहादुर खत्री,slc,nepal,Dolakha Vaiteshwar Rural Municipality,सरिता   दहाल,,Bagmati,Dolakha,Dolakha-1,79815,170303,Secondary Education (Grade 9-10 / SLC / SEE),27.7833,86.2
758,340617,Sangita Shresh‍th,Swatantra,,12,F,False,राम बहादुर श्रेष्‍ठ,साधारण,,Dolakha Gourishankar Rural Municipality Gyanjamu,टिका बहादुर श्रेष्‍ठ,,Bagmati,Dolakha,Dolakha-1,79815,170303,Literate / Non-Formal,27.7833,86.2
759,340975,Sudipa Khad‍ka,Swatantra,,10,M,False,,10+2,Nepal,Dolakha Melung Rural Municipality Khadka Wholesale,कमला   खड्‍का ,,Bagmati,Dolakha,Dolakha-1,79815,170303,Higher Secondary / Intermediate (10+2 / PCL),27.7833,86.2
760,340591,Ramila Sarki,Swatantra,,9,F,False,गणेश बहादुर वयलकोटी सार्की,साधारण ,,Dolakha Vigu Rural Municipality Dhursa,राउन्ने  सार्की,,Bagmati,Dolakha,Dolakha-1,79815,170303,Literate / Non-Formal,27.7833,86.2
761,341705,Puskara Kumara Adhikari,Swatantra,,8,M,False,नेत्र बहादुर अधिकारी,10+2,Nepal,Dolakha Vaiteshwar Rural Municipality Shitalwasti,,,Bagmati,Dolakha,Dolakha-1,79815,170303,Higher Secondary / Intermediate (10+2 / PCL),27.7833,86.2
762,341431,Mahendra Khadka,Swatantra,,8,M,False,रमेश कुमार खड्का,Bachelor,Nepal,Dolakha Tamakoshi rural municipality Fedi,,,Bagmati,Dolakha,Dolakha-1,79815,170303,Bachelor's Degree,27.7833,86.2
763,341648,Bharata Kumara Shreshth,Swatantra,,7,M,False,कृष्ण  बहादुर  श्रेष्ठ,Bachelor,Nepal,Dolakha Vaiteshwar Rural Municipality Kshatrapa,भगवती   श्रेष्ठ,,Bagmati,Dolakha,Dolakha-1,79815,170303,Bachelor's Degree,27.7833,86.2
764,339722,Ramakaji Lama,Swatantra,,7,M,False,दल बहादुर तमाङ,Under SLC,Nepal,Dolakha Bhimeshwar Municipality Chothang,राम माया तमाङ,,Bagmati,Dolakha,Dolakha-1,79815,170303,Secondary Education (Grade 9-10 / SLC / SEE),27.7833,86.2
765,341262,Rima Bahadura Oli,Swatantra,,5,M,False,ओकलाल  ओली,10+2,Nepal,Dolakha Vigu Rural Municipality Nayaghar,,,Bagmati,Dolakha,Dolakha-1,79815,170303,Higher Secondary / Intermediate (10+2 / PCL),27.7833,86.2
766,340911,Luka Dorje Sherpa,Swatantra,,5,M,False,न्योदोर्जी  शेर्पा,10,Nepal,Dolakha Jiri Municipal Pottale,सोमडोमा  शेर्पा,,Bagmati,Dolakha,Dolakha-1,79815,170303,Secondary Education (Grade 9-10 / SLC / SEE),27.7833,86.2
767,339325,Sumana Thapa,Swatantra,,5,M,False,तिर्थ बहादुर थापा,slc,nepal,Dolakha Bhimeshwar Municipality Garashwara,गीता भट्ट क्षेत्री (थापा),,Bagmati,Dolakha,Dolakha-1,79815,170303,Secondary Education (Grade 9-10 / SLC / SEE),27.7833,86.2
768,340091,Krishna Hari Budhathoki,Rastriya Swatantra Party,2528.0,24808,M,True,गणेश बहादुर बुढाथोकी,Ph.D,त्रिभुवन वि.,Ramechhap Manthali Municipality,सुजा  बुढाथोकी,वैकिङ्ग वित्तिय क्षेत्र सामाजिक मानवीय भूमिका अध्ययन अनुसन्धान,Bagmati,Ramechhap,Ramechhap-1,81994,187939,Doctorate / PhD,27.3333,86.0833
769,340239,Madhav Prasad Dhungel,Nepal Communist Party (Ekikrit Marxbadi Leninbadi),2598.0,17609,M,False,Bodh Raj Dhungel,स्नाकोत्तर,त्रि.वि.,Ramechhap,Sarita Dhungel,,Bagmati,Ramechhap,Ramechhap-1,81994,187939,Master's Degree,27.3333,86.0833
770,341939,Ram Chandra Khadka,Nepali Congress,2583.0,16307,M,False,Bhakta Bahadur Khadka,स्नातक,त्रि.वि.,Ramechhap,Urmila Khadka,शिक्षण सामाजिक राजिनितिक,Bagmati,Ramechhap,Ramechhap-1,81994,187939,Bachelor's Degree,27.3333,86.0833
771,339706,Shyam Kumar Shrestha,Nepali Communist Party,2557.0,13354,M,False,Tirtha Das Shrestha,M.A.,,Ramechhap,Tika Maya Shrestha,2048 सालदेखी राजनितिक सामाजिक क्षेत्रमा निरन्तर क्रियाशिल पार्टी केन्द्रीय कमिटिमा 13 वर्ष विभिन्न जिम्मेवारीमा रहेको,Bagmati,Ramechhap,Ramechhap-1,81994,187939,Master's Degree,27.3333,86.0833
772,341242,Dip Bahadur Yonjan,Ujyalo Nepal Party,2566.0,7201,M,False,Singh Bahadur Tamang,+2,,Ramechhap,,समाजसेवी सामाजिक अभियान्ता,Bagmati,Ramechhap,Ramechhap-1,81994,187939,Higher Secondary / Intermediate (10+2 / PCL),27.3333,86.0833
773,340741,Dhal Bahadur Khapangi Magar,Shram Sanskriti Party,2501.0,1336,M,False,Bhim Thapa,स्नातक,,Ramechhap,- - -,,Bagmati,Ramechhap,Ramechhap-1,81994,187939,Bachelor's Degree,27.3333,86.0833
774,339874,Gore Tamang,Rastriya Prajatantra Party,2604.0,543,M,False,Thule Bahadur Tamang,साधारण,,Ramechhap,Rupa Maya Tamang,निर्माण व्यवसायी,Bagmati,Ramechhap,Ramechhap-1,81994,187939,Literate / Non-Formal,27.3333,86.0833
775,340407,Arjun Bahadur Thapa Magar,Rastriya Janamorcha,2522.0,161,M,False,Min Bahadur Thapa Magar,साक्षर,,Ramechhap,Sant Maya Thapa Magar,,Bagmati,Ramechhap,Ramechhap-1,81994,187939,Literate / Non-Formal,27.3333,86.0833
776,342126,Yamun Bahadur Basnet,Nepal Communist Party (Maoist),2526.0,156,M,False,Yagya Bahadur Basnet,slc,गौरी शंकर,Ramechhap,Kalpana Basnet,कानूनी राजनैतिक सामाजिक अनुभव,Bagmati,Ramechhap,Ramechhap-1,81994,187939,Secondary Education (Grade 9-10 / SLC / SEE),27.3333,86.0833
777,341413,Birendra Shrestha,Pragatishil Loktantrik Party,2516.0,115,M,False,Indra Bahadur Shrestha,MAA-Phd M.Ed,त्रि.वि.,Ramechhap,Goma Shrestha,व्यवसाय समाजसेवा शिक्षणपेशा IT,Bagmati,Ramechhap,Ramechhap-1,81994,187939,Doctorate / PhD,27.3333,86.0833
778,340628,Arun Karki,Swatantra,,98,M,False,Bhim Bahadur Karki,+2,श्री गौरीशंकर मा.वि.,Ramechhap,,,Bagmati,Ramechhap,Ramechhap-1,81994,187939,Higher Secondary / Intermediate (10+2 / PCL),27.3333,86.0833
779,340907,Yam Bahadur Moktan,National Republic Nepal,2504.0,75,M,False,Singh Man Tamang,llm,,Ramechhap,Bimala Deula,,Bagmati,Ramechhap,Ramechhap-1,81994,187939,Master's Degree,27.3333,86.0833
780,341491,Santosh Ghimire,Swatantra,,61,M,False,Keshab Prasad Ghimire,+2,,Ramechhap,,,Bagmati,Ramechhap,Ramechhap-1,81994,187939,Higher Secondary / Intermediate (10+2 / PCL),27.3333,86.0833
781,339396,Keshari Shrestha,Nepal Majdur Kisan Party,2578.0,56,F,False,Bhim Bahadur Shrestha,वि.एड,,Arghakhanchi,Umesh Lal Pradhan,,Bagmati,Ramechhap,Ramechhap-1,81994,187939,Bachelor's Degree,27.3333,86.0833
782,342376,Binod Ghising,Mongol National Organization,2511.0,56,M,False,Thulokanchha Tamang,एस एल सि,,Ramechhap,Dhanmaya Tamang,,Bagmati,Ramechhap,Ramechhap-1,81994,187939,Secondary Education (Grade 9-10 / SLC / SEE),27.3333,86.0833
783,341626,Padam Bahadur Tamang,Aam Janata Party (Ekal Chunab Chinha),2581.0,36,M,False,Bijule Tamang,एस एल सी,,Ramechhap,Purnima/Devi Tamang,शिक्षा राजनिति,Bagmati,Ramechhap,Ramechhap-1,81994,187939,Secondary Education (Grade 9-10 / SLC / SEE),27.3333,86.0833
784,341158,Babu Kaji Khadka,Swatantra,,22,M,False,सन्त बहादुर खड्का,साधारण,,Ramechhap Monthly Municipality Karamvot,,,Bagmati,Ramechhap,Ramechhap-1,81994,187939,Literate / Non-Formal,27.3333,86.0833
785,340281,Dhanendra Karki,Rastriya Swatantra Party,2528.0,16659,M,True,Tika Bahadur Karki,,,Sindhuli,,,Bagmati,Sindhuli,Sindhuli-1,57280,110381,,27.25,85.95
786,340576,Pradipa Kumara Katuvala Kshetri (ke Si),Nepal Communist Party (Ekikrit Marxbadi Leninbadi),2598.0,15875,M,False,रत्‍न बहादुर कटुवाल क्षेत्री (के सी),,,Upper Chante of Sindhuli Fikkal Rural Municipality,वाल कुमारी कार्की कटुवाल क्षेत्री (के सी),,Bagmati,Sindhuli,Sindhuli-1,57280,110381,,27.25,85.95
787,341357,Ujjvala Prasada Varal,Nepali Congress,2583.0,15570,M,False,गंगा प्रसाद वराल,,,Sindhuli Kamalamai Municipality Upper Ranivasa,समिता  कोईराला(बराल),,Bagmati,Sindhuli,Sindhuli-1,57280,110381,,27.25,85.95
788,340188,Dekendra Prasad Subedi,Nepali Communist Party,2557.0,4708,M,False,Tek Prasad Subedi,,,Sindhuli,Yashoda Kumari Khahal (Subedi),,Bagmati,Sindhuli,Sindhuli-1,57280,110381,,27.25,85.95
789,340218,Nim Bahadur Moktan,Shram Sanskriti Party,2501.0,2596,M,False,Dudh Bahadur Moktan,,,Sindhuli,Hari Kumari Tamang,,Bagmati,Sindhuli,Sindhuli-1,57280,110381,,27.25,85.95
790,342362,Moto Lal Tamang,Ujyalo Nepal Party,2566.0,755,M,False,तिलक बहादुर तामाङ,,,Sindhuli Dudhauli Municipality Kumvitar,धन कुमारी तामाङ,,Bagmati,Sindhuli,Sindhuli-1,57280,110381,,27.25,85.95
791,341297,Ram Narayan Adhikari,Rastriya Prajatantra Party,2604.0,510,M,False,Ram Lakhan Adhikari,,,Sindhuli,Babita Adhikari,,Bagmati,Sindhuli,Sindhuli-1,57280,110381,,27.25,85.95
792,340679,Santosh Kumar Sunuwar,Rastriya Paribartan Party,2568.0,223,M,False,Kamal Bahadur Sunuwar,,,Siraha,,,Bagmati,Sindhuli,Sindhuli-1,57280,110381,,27.25,85.95
793,341887,Sushil Hamal,Nepal Communist Party (Maoist),2526.0,167,M,False,Dak Bahadur Hamal,,,Sindhuli,,,Bagmati,Sindhuli,Sindhuli-1,57280,110381,,27.25,85.95
794,339368,Som Bahadur Ghalan,Mongol National Organization,2511.0,161,M,False,Raj Jit Ghalan,,,Sindhuli,Dil Kumari Ghalan,,Bagmati,Sindhuli,Sindhuli-1,57280,110381,,27.25,85.95
795,339326,Rajendra Bakhunche,Nepal Majdur Kisan Party,2578.0,29,M,False,Sanu Krishnabahadur Bakhunchhe,,,Bhaktapur,Nani Chhori Bakhunchhe,,Bagmati,Sindhuli,Sindhuli-1,57280,110381,,27.25,85.95
796,342145,Amrita Bahadura Vish‍vakarma,Swatantra,,27,M,False,ललित बहादुर विश्‍वकर्मा,,,Sindhuli Fikkal Rural Municipality Okhreni Vetini,खिन माया विश्‍वकर्मा,,Bagmati,Sindhuli,Sindhuli-1,57280,110381,,27.25,85.95
797,340203,Aashish Gajurel,Rastriya Swatantra Party,2528.0,17940,M,True,मुरारी  गजुरेल,मस्टर इन ट्रसपेटेसन सिटम ,टेकनिकल युनिर्भसिटि मिउनिक जर्मनी,Sindhuli Kamalamai Municipality,अजिता  अधिकारी,,Bagmati,Sindhuli,Sindhuli-2,53661,104610,Master's Degree,27.2333,85.75
798,340409,Lekh Nath Dahal,Nepali Communist Party,2557.0,14780,M,False,Lila Nath Dahal,आ ए,सुनकोशी बहुमुखि क्यापस 03,Sindhuli,Deepa Bohora/Dahal,,Bagmati,Sindhuli,Sindhuli-2,53661,104610,Higher Secondary / Intermediate (10+2 / PCL),27.2333,85.75
799,340515,Manoj Jung Thapa,Nepal Communist Party (Ekikrit Marxbadi Leninbadi),2598.0,11606,M,False,Dilip Jang Thapa,एस ल सी,श्री कमला मध्यामिक विद्यायल सिन्धुली ढुङ्ग्रेबास,Sindhuli,Sonalisa K.C. (Thapa),,Bagmati,Sindhuli,Sindhuli-2,53661,104610,Secondary Education (Grade 9-10 / SLC / SEE),27.2333,85.75
800,341107,Sushila Thing,Nepali Congress,2583.0,6760,F,False,मर्दन सिंह थिङ,एम ए/ बी एल,त्रिभुवन विश्व विद्यालय,Sindhuli Kamalamai Municipality Lower Bohore,,,Bagmati,Sindhuli,Sindhuli-2,53661,104610,,27.2333,85.75
801,341410,Mahesh‍vara Dahal,Swatantra,,586,M,False,इश्‍वरी प्रसाद दाहाल,स्नातक,त्रिभुवन विश्व विद्यालय,Kathmandu Kathmandu Metropolitan City Gitanjali Marg,सीता  अधिकारी (दाहाल),,Bagmati,Sindhuli,Sindhuli-2,53661,104610,Bachelor's Degree,27.2333,85.75
802,340326,Indra Bahadur B.K,Shram Sanskriti Party,2501.0,471,M,False,पृथी बहादुर कामी,बि. ए.ल ल बी,नेपाल ल क्मपस,Sindhuli Dudhauli Municipality,सोनाम  वि.क,,Bagmati,Sindhuli,Sindhuli-2,53661,104610,Bachelor's Degree,27.2333,85.75
803,341577,Khadga Bahadur Waiba,Swatantra,,458,M,False,कुल मान वाईवा,साधारण लेखपढ,महेन्द्र प्रा.वि,Sindhuli Khyanglekh Rural Municipality Shikharpur Beshi,कन्या माया वाईवा,,Bagmati,Sindhuli,Sindhuli-2,53661,104610,Literate / Non-Formal,27.2333,85.75
804,339327,Shanta Bir Lama,Mongol National Organization,2511.0,432,M,False,Krishna Bahadur Lama,+2,सिन्धुली बहुमुख क्यापस,Sindhuli,Taramaya Tamang,,Bagmati,Sindhuli,Sindhuli-2,53661,104610,Higher Secondary / Intermediate (10+2 / PCL),27.2333,85.75
805,340915,Mukunda Prasad Gajurel,Rastriya Prajatantra Party,2604.0,249,M,False,लीला नाथ गजुरेल,पी एच डी,लेलिन ग्रण फइनान्स विश्व विद्यालय रसिया,Sindhuli Kamalamai Municipality Dhungrewas,शोभा गजुरेल,,Bagmati,Sindhuli,Sindhuli-2,53661,104610,Doctorate / PhD,27.2333,85.75
806,341757,Batrya Bahadur Rai,Nepal Communist Party (Maoist),2526.0,163,M,False,तेज बहादुर राई,+2,जनता उच्च मा.वि,Sindhuli Hariharpurgarhi Rural Municipality Wakhfar,,,Bagmati,Sindhuli,Sindhuli-2,53661,104610,Higher Secondary / Intermediate (10+2 / PCL),27.2333,85.75
807,341226,Nirmal Kumar Syangtan,Pragatishil Loktantrik Party,2516.0,104,M,False,Jit Bahadur Tamang,+2,जनज्योति मा.वि फ्रोस्रेटार,Sindhuli, ,,Bagmati,Sindhuli,Sindhuli-2,53661,104610,Higher Secondary / Intermediate (10+2 / PCL),27.2333,85.75
808,339349,Rameshowri Koju,Nepal Majdur Kisan Party,2578.0,33,F,False,दामोदर  कोजु,स्नातकोत्तर,त्रिभुवन विश्व विद्यालय,Bhaktapur Bhaktapur Municipality Taulachhen,,,Bagmati,Sindhuli,Sindhuli-2,53661,104610,Master's Degree,27.2333,85.75
809,342630,Madhav Prasad Neupane,Swatantra,,25,M,False,Umakanta Neupane,isc,सानोठिमी क्याम्पस,Sindhuli,Shrimati Shanta Neupane,,Bagmati,Sindhuli,Sindhuli-2,53661,104610,Higher Secondary / Intermediate (10+2 / PCL),27.2333,85.75
810,342342,Saroj B.K.,Swatantra,,22,M,False,पदम बहादुर बि.क.,bbs,पिनाकल एकेडिमी,Sindhuli Kamalamai Municipality,,,Bagmati,Sindhuli,Sindhuli-2,53661,104610,Bachelor's Degree,27.2333,85.75
811,341275,Nar Hari Paudel,Swatantra,,20,M,False,Ganga Bahadur Paudel,एस एल सि,कमल मा.वि सिन्धुली,Khotang,Mira Karki Paudel,,Bagmati,Sindhuli,Sindhuli-2,53661,104610,Secondary Education (Grade 9-10 / SLC / SEE),27.2333,85.75
812,340358,Rajan Acchami,Miteri Party Nepal,2530.0,12,M,False,हर्क बहादुर सार्की,slc,श्री दुर्घ मा.वि खाल्टे,Sindhuli Sunkoshi Rural Municipality Simkhet,सुष्मा  अछामी,,Bagmati,Sindhuli,Sindhuli-2,53661,104610,Secondary Education (Grade 9-10 / SLC / SEE),27.2333,85.75
813,341166,Kishori Saha Kamal,Rastriya Swatantra Party,2528.0,29863,M,False,लक्ष्मी साहु सुडी,डिप्लोमा इन्जिनियरिङ्ग,पुलचौक इन्जिनियरिङ्ग क्याम्पस ललितपुर,Dhanusha Sabala Municipality,अंजिला  साह,"कमल निर्माण सेवाको शेयर होल्डर भएर काम गरेको
पुर्व प्रदेश सभा सदस्य भई विकास निर्माण कार्यमा सहभागी भएको",Madhesh,Dhanusha,Dhanusha-1,71191,126003,Diploma / Certificate Level,26.75,86.05
814,339549,Matrika Prasada Yadav,Nepali Communist Party,2557.0,10430,M,True,अयोधी  यादव,आइ ऐड,,Dhanusha Sabala Municipality,प्रर्मिला देवी यादव,,Madhesh,Dhanusha,Dhanusha-1,71191,126003,Higher Secondary / Intermediate (10+2 / PCL),26.75,86.05
815,341137,Rama Palatana Sah,Nepali Congress,2583.0,9502,M,False,शिवजी  साह,एस एल सी,,Dhanusha Mithila Bihari Municipality Mithileshwar Mauwahi,ललिता देवी साह,,Madhesh,Dhanusha,Dhanusha-1,71191,126003,Secondary Education (Grade 9-10 / SLC / SEE),26.75,86.05
816,340982,Ramachandra Mandal,Nepal Communist Party (Ekikrit Marxbadi Leninbadi),2598.0,9315,M,False,परमेश्वर  मण्डल,मास्टर डिग्री,त्रिभुवन विश्व विद्यालय,Dhanusha Mithila Bihari Municipality,मिथिला देवी मण्डल,"मा वि शिक्षक
ग्रामिन अभास कम्पनीको जि.एम.
मधेश प्रदेश सभाको सभामुख
दुइ कार्यकाल प्रदेश सभामा निर्वाचित धनुषा निर्वाचन क्षे. नं.1ख",Madhesh,Dhanusha,Dhanusha-1,71191,126003,Master's Degree,26.75,86.05
817,340747,Dipaka Karki,"Janata Samajbadi Party, Nepal",2542.0,4145,M,False,खङ बहादुर भन्ने बलराम सिंह कार्की,एस एल सी,बुढालिङ्क स्कुल,Dhanusha Ganeshman Charnath Municipality Bhotleni,अंजना  बस्नेत [कार्की],"पछिल्लो प्रतिनिधि सभा सदस्य
पार्टीको समन्वय समितिको सदस्य",Madhesh,Dhanusha,Dhanusha-1,71191,126003,Secondary Education (Grade 9-10 / SLC / SEE),26.75,86.05
818,339940,Manoja Malla Thakuri,Rastriya Prajatantra Party,2604.0,3729,M,False,हेम बहादुर मल्ल  ठकुरी ,SLC,जानकी मा.वि जनकपुर,Dhanusha Dhanushadham Municipality Sarsatol,प्रेक्षा  मल्ल,कृषि व्यवसाय,Madhesh,Dhanusha,Dhanusha-1,71191,126003,Secondary Education (Grade 9-10 / SLC / SEE),26.75,86.05
819,340924,Brahamadeva Mahato,Janamat Party,2585.0,2404,M,False,शिवहार  महतो,स्नातक,गौरी क्याम्पस,Dhanusha Ganeshman Charnath Municipality Lakhanpur,,"दश वर्ष Teaching
शिपमुलक तालिम लिइएको
सामाजिक अभियान्ता",Madhesh,Dhanusha,Dhanusha-1,71191,126003,Bachelor's Degree,26.75,86.05
820,342508,Mahesha Kumara Yadav,Ujyalo Nepal Party,2566.0,367,M,False,रामनाथ  यादव,BE,उतराखण्ड युनिभर्सिटी देहरादुन,Dhanusha Dhanushadham Municipality,,"समाजसेवा
समाज निर्माण",Madhesh,Dhanusha,Dhanusha-1,71191,126003,Bachelor's Degree,26.75,86.05
821,340138,Raja Narayana Sah,Swatantra,,320,M,False,राम करण साह सुडी,SLC,,Dhanusha Mithila Bihari Municipality Ramaul,,,Madhesh,Dhanusha,Dhanusha-1,71191,126003,Secondary Education (Grade 9-10 / SLC / SEE),26.75,86.05
822,341516,Bihari Raya Amat,Nepal Communist Party (Maoist),2526.0,237,M,False,पलट  राय अमात,,,Dhanusha Dhanushadham Municipality Sisampur,सुमारी देवी राय अमात,,Madhesh,Dhanusha,Dhanusha-1,71191,126003,,26.75,86.05
823,341373,Sharada Devi Ghisingag,Swatantra,,156,F,False,सुक बहादुर थोकर,कक्षा ८,श्री त्रिभुवन मा.वि.चिसापानी,Dhanusha Dhanushadham Municipality Dharapani,गुमान लाल घिसिङग्,,Madhesh,Dhanusha,Dhanusha-1,71191,126003,Basic Education (Up to Grade 8),26.75,86.05
824,342550,Satara Mansur,Nepal Sanghiya Samajbadi Party (Ekal Chunab Chinha),2567.0,115,M,False,इद्रिस  मंसुर,साधारण लेखपढ,,Dhanusha Ganeshman Charnath Municipality Godar,जिवछी  खातुन,गाँउघरको  व्यवहार,Madhesh,Dhanusha,Dhanusha-1,71191,126003,Literate / Non-Formal,26.75,86.05
825,342666,Indrajita Saphi,Aam Janata Party (Ekal Chunab Chinha),2581.0,110,M,False,विक्रम धोवि,Y,,Dhanusha Ganeshman Charnath Municipality Bharatpur, ,,Madhesh,Dhanusha,Dhanusha-1,71191,126003,Unspecified / Others,26.75,86.05
826,339788,Parashurama Sah,Swatantra,,80,M,False,राम किशुन साह,आइ ऐ,रा रा ब जनकपुर,Dhanusha Sabela Municipality Sabela,कुशमी देवी साह,राजनितिमा लगभग 25 वर्ष,Madhesh,Dhanusha,Dhanusha-1,71191,126003,Higher Secondary / Intermediate (10+2 / PCL),26.75,86.05
827,340643,Rama Bahadura Lama,Mongol National Organization,2511.0,76,M,False,पूर्ण बहादुर  तमाङ,,,Dhanusha Ganeshman Charnath Municipality Radhapur,,,Madhesh,Dhanusha,Dhanusha-1,71191,126003,,26.75,86.05
828,342599,Roshana Kumara Sah,Swatantra,,61,M,False,राज कुमार साह,स्‍नातक,,Dhanusha Sabala Municipality Raghunathpur, ,आफै संचालक भएर काम काज गरेको,Madhesh,Dhanusha,Dhanusha-1,71191,126003,Bachelor's Degree,26.75,86.05
829,341018,Ajaya Bhandari,Swatantra,,41,M,False,रामलोचन  माली,,,Dhanusha Dhanushadham Municipality Jugeswarpur,,,Madhesh,Dhanusha,Dhanusha-1,71191,126003,,26.75,86.05
830,341459,Kirana Kumari Yadab,Swatantra,,32,F,False,राजकुमार  यादब,+ २ पास,यादव मा.वि.वेलही धनुषा,Dhanusha Hanspur Municipality Velhi,बटोही  यादब,"राजनितिक
समाजिक
महिला हिंस्सा",Madhesh,Dhanusha,Dhanusha-1,71191,126003,Higher Secondary / Intermediate (10+2 / PCL),26.75,86.05
831,342705,Jaya Krishna Sah,Swatantra,,21,M,False,लक्षमी साह सुडी,एस एल सी,बरकुरवा,Dhanusha Sabala Municipality Raghunathpur,इन्द्रा कुमारी महासेठ,बेवसायी र निर्माणको काम,Madhesh,Dhanusha,Dhanusha-1,71191,126003,Secondary Education (Grade 9-10 / SLC / SEE),26.75,86.05
832,341074,Jagaranatha Mandal,Swatantra,,19,M,False,रामभरोस  मंडल,एस एल सी,नेपाल बोर्ड,Dhanusha Hanspur Municipality Kathpulla,अनिता देवी मंडल,,Madhesh,Dhanusha,Dhanusha-1,71191,126003,Secondary Education (Grade 9-10 / SLC / SEE),26.75,86.05
833,342742,Sudipa Kumara Yadav,Swatantra,,19,M,False,किशोरी  यादव,एस एल सी,,Dhanusha Dhanushadham Municipality,रंनु  देवी,,Madhesh,Dhanusha,Dhanusha-1,71191,126003,Secondary Education (Grade 9-10 / SLC / SEE),26.75,86.05
834,342701,Badri Narayana Thakura Sonar,Itihasik Janata Party,2539.0,18,M,False,राम वृक्ष ठाकुर,आइ कम,पटना,Dhanusha Mithila Bihari Municipality Bhoothi,सिला कुमारी देवी,"समाजिक सेवा
राजनैतिक अनुभव
",Madhesh,Dhanusha,Dhanusha-1,71191,126003,Higher Secondary / Intermediate (10+2 / PCL),26.75,86.05
835,342412,Chandesh‍vara Dasa Tatma,Swatantra,,13,M,False,दशरथ दास तत्मा,८ पास,श्री मा वि भरतपुर,Dhanusha Ganeshman Charnath Municipality,तारा देवी दास,,Madhesh,Dhanusha,Dhanusha-1,71191,126003,Basic Education (Up to Grade 8),26.75,86.05
836,342713,Rama Dulari Mahato,Swatantra,,13,F,False,विपतीया  महतो,सामान्य,,Dhanusha Ganeshman Charnath Municipality Kerawari,राज किशोर महतो,,Madhesh,Dhanusha,Dhanusha-1,71191,126003,Literate / Non-Formal,26.75,86.05
837,342339,Kirana Kumari Kapar,Swatantra,,12,F,False,राम पदारथ कापर केवट,बि.एड,,Dhanusha Sabala Municipality,,,Madhesh,Dhanusha,Dhanusha-1,71191,126003,Bachelor's Degree,26.75,86.05
838,341554,Rajesha Kumara Sahani,Swatantra,,10,M,False,राजेन्द्रा  सहनी,+2,HSEB,Dhanusha Dhanushadham Municipality,,,Madhesh,Dhanusha,Dhanusha-1,71191,126003,Higher Secondary / Intermediate (10+2 / PCL),26.75,86.05
839,342688,Jitana Raya Amat,Swatantra,,8,M,False,महादेव राय अमात,एस एल सी,,Dhanusha Dhanushadham Municipality,अनिता देवी अमात,,Madhesh,Dhanusha,Dhanusha-1,71191,126003,Secondary Education (Grade 9-10 / SLC / SEE),26.75,86.05
840,342474,Auti Kumari Vishvakarma,Swatantra,,7,F,False,राज कुमार कामी,अनौपचारीक लेखपढ,,Dhanusha Ganeshman Charnath Municipality,शुभ  वि. क.,,Madhesh,Dhanusha,Dhanusha-1,71191,126003,Literate / Non-Formal,26.75,86.05
841,342725,Bala Krishna Yadav,Swatantra,,7,M,False,सुर्यनाथ  यादव,+2,,Dhanusha Dhanushadham Municipality,,,Madhesh,Dhanusha,Dhanusha-1,71191,126003,Higher Secondary / Intermediate (10+2 / PCL),26.75,86.05
842,342144,Ramaprita Dasa Tatma,Swatantra,,7,M,False,बुलन  दास,प्राथमिक परिक्षा पास,,Dhanusha Mithila Bihari Municipality Mithileshwar Mauwahi,जानकी देवी दास,,Madhesh,Dhanusha,Dhanusha-1,71191,126003,Basic Education (Up to Grade 8),26.75,86.05
843,339611,Vijaya Kumara Yadab,Swatantra,,7,M,False,भुषण  यादब,BA,RRM CAMPUS,Dhanusha Hanspur Municipality Velhi,किरण कुमारी यादब,समाज सेवी,Madhesh,Dhanusha,Dhanusha-1,71191,126003,Bachelor's Degree,26.75,86.05
844,341981,Sudisha Mandal,Swatantra,,7,M,False,महाबिर मंडल धानुक,८ पास,,Dhanusha Dhanushadham Municipality,लक्ष्मीनीया देवी मंडल,,Madhesh,Dhanusha,Dhanusha-1,71191,126003,Basic Education (Up to Grade 8),26.75,86.05
845,341899,Manamohana Prasada Yadav,Swatantra,,6,M,False,हरिश्चन्द्र प्रसाद हरिऔध,प्रविणता प्रमाणपत्र,उच्च मा वि शि,Dhanusha Sabala Municipality,सुनिता  यादव,,Madhesh,Dhanusha,Dhanusha-1,71191,126003,Higher Secondary / Intermediate (10+2 / PCL),26.75,86.05
846,341321,Ramesh‍vara Sahu Sudi,Swatantra,,6,M,False,सोभित साहु सुडी,कक्षा ९,श्री भानु मा.बस किसानपुर,Dhanusha Dhanushadham Municipality Mulawari,रामो कुमारी साह,,Madhesh,Dhanusha,Dhanusha-1,71191,126003,Secondary Education (Grade 9-10 / SLC / SEE),26.75,86.05
847,339840,Parikshana Yadav,Swatantra,,5,M,False,बहादुर  यादव,SLC,,Dhanusha Dhanushadham Municipality,कला देवी यादवनी,,Madhesh,Dhanusha,Dhanusha-1,71191,126003,Secondary Education (Grade 9-10 / SLC / SEE),26.75,86.05
848,342646,Kirana Kumari Pasaman,Swatantra,,4,F,False,तेतरा पासमान,10 + 2,यज्ञभुमी क्याम्पस,Dhanusha Ganeshman Charnath Municipality,दिनेश कुमार पासमान,"2 वर्ष शिक्षा सेवा अनुभव
चिकित्सक भएर काम गरेको
सामाजिक कार्य",Madhesh,Dhanusha,Dhanusha-1,71191,126003,Higher Secondary / Intermediate (10+2 / PCL),26.75,86.05
849,342736,Pavana Kumara Yadav,Swatantra,,4,M,False,जीवन वनरैत यादव,सधारण लेखपढ,,Dhanusha Dhanushadham Municipality,अनिता  देवी,,Madhesh,Dhanusha,Dhanusha-1,71191,126003,Literate / Non-Formal,26.75,86.05
850,342373,Laleshvara Yadav,Swatantra,,4,M,False,गणेशी  यादव,एस एल सि,मिथिला तिलक नन्दकुमारी मा वि झट्टियाही,Dhanusha Sabala Municipality Inerva,सजन  यादव,,Madhesh,Dhanusha,Dhanusha-1,71191,126003,Secondary Education (Grade 9-10 / SLC / SEE),26.75,86.05
851,340215,Sumana Vish‍vakarma,Swatantra,,4,M,False,चन्‍द्रमान  विश्‍वकर्मा,BA,BD CAMPUS MIRCHAIYA,Dhanusha Ganeshman Charnath Municipality Kerabari,,,Madhesh,Dhanusha,Dhanusha-1,71191,126003,Bachelor's Degree,26.75,86.05
852,341596,Kakulati Kumari Sah,Swatantra,,3,F,False,राम एकवाल साह,एस एल सी,,Dhanusha Hanspur Municipality,संतोष कुमार साह,,Madhesh,Dhanusha,Dhanusha-1,71191,126003,Secondary Education (Grade 9-10 / SLC / SEE),26.75,86.05
853,342579,Sochindara Yadav,Swatantra,,3,M,False,काजी  यादव,एस एल सी,,Dhanusha Ganeshman Charnath Municipality Judi Bazar,प्रमिला देवी यादव,,Madhesh,Dhanusha,Dhanusha-1,71191,126003,Secondary Education (Grade 9-10 / SLC / SEE),26.75,86.05
854,342210,Sa‌njita Kumara Sah,Swatantra,,1,M,False,इन्द्रदेव साह सुडी,ब्याचलर इक्ट्रिक,सिन्गङ्गापुरबाट,Dhanusha Ganeshman Charnath Municipality Godar,,इलेक्ट्रिक व्यापारको अनुभव,Madhesh,Dhanusha,Dhanusha-1,71191,126003,Bachelor's Degree,26.75,86.05
855,339806,Rama Vinoda Yadav,Rastriya Swatantra Party,2528.0,41637,M,True,तिलेश्वर यादव,10+2,राजर्षि जनक क्याम्पस,Dhanusha Janakpurdham Sub Metropolitan Kanakapatti,दिपमाला कुमारी,,Madhesh,Dhanusha,Dhanusha-2,78037,134755,Higher Secondary / Intermediate (10+2 / PCL),26.7333,85.9833
856,341263,Dinesha Prasada Yadava Parasaila,Nepali Congress,2583.0,10198,M,False,शिवलाल परसैला यादव,प्रविणता प्रमाण पत्र,,Dhanusha Shaheednagar Municipality Gothkoyalpur,उषा देवी यादव,,Madhesh,Dhanusha,Dhanusha-2,78037,134755,Higher Secondary / Intermediate (10+2 / PCL),26.7333,85.9833
857,340797,Umashankara Aragariya,Nepal Communist Party (Ekikrit Marxbadi Leninbadi),2598.0,10153,M,False,राजाराम अरगरिया यादव,स्नातक,रा.रा.व. क्याम्पस,Dhanusha Shaheednagar Municipality Nathpati,निलम देवी अरगरिया,,Madhesh,Dhanusha,Dhanusha-2,78037,134755,Bachelor's Degree,26.7333,85.9833
858,339448,Rama Chandra Jha,Nepali Communist Party,2557.0,8403,M,False,पुलकित  झा,एम.ए,,In Dhanusha Kamala Municipal Log,शुषमा देवी झा,,Madhesh,Dhanusha,Dhanusha-2,78037,134755,Master's Degree,26.7333,85.9833
859,340162,Pashupati Yadav,"Janata Samajbadi Party, Nepal",2542.0,3830,M,False,विष्णु देव यादव,एम.ए.,टि.यु.,Dhanusha Kamala Municipality Machi,पूजा कुमारी यादव,,Madhesh,Dhanusha,Dhanusha-2,78037,134755,Master's Degree,26.7333,85.9833
860,341734,Surendra Prasada Yadav,Janamat Party,2585.0,1177,M,False,ताराचन्द्र  यादव,PHD ,,Dhanusha Shaheednagar Municipality,बविता  यादव,,Madhesh,Dhanusha,Dhanusha-2,78037,134755,Doctorate / PhD,26.7333,85.9833
861,340430,Jaya Natha Adhikari,Swatantra,,1081,M,False,राज कुमार मंडल,B.Tech,,Dhanusha Videh Municipality Bfai,,,Madhesh,Dhanusha,Dhanusha-2,78037,134755,Bachelor's Degree,26.7333,85.9833
862,342331,Laksh‍mi Mukhiya,Swatantra,,579,M,False,गर्भु  मुखिया,एस.एल.सी.,,Dhanusha and other villages,विनिता देवी मुखिया,,Madhesh,Dhanusha,Dhanusha-2,78037,134755,Secondary Education (Grade 9-10 / SLC / SEE),26.7333,85.9833
863,341572,Sh‍yama Sundara Pajiyar,Nepal Communist Party (Maoist),2526.0,293,M,False,शोभित  पजियार,B A,,Dhanusha Janakpurdham Sub Metropolitan Kanakapatti,कृष्णा देवी कुमारी पजियार,,Madhesh,Dhanusha,Dhanusha-2,78037,134755,Bachelor's Degree,26.7333,85.9833
864,341379,Maheshvara Mandal,Rastriya Prajatantra Party,2604.0,203,M,False,जिबछ  मंडल,साक्षर,,Dhanusha Kamala Municipality Hathletba,शुभकालादेवि  धानुक,,Madhesh,Dhanusha,Dhanusha-2,78037,134755,Literate / Non-Formal,26.7333,85.9833
865,342370,Umesha Kumara Mandal,Nepalka Lagi Nepali Party,2524.0,104,M,False,राम शरण मणडल,10+2,,Dhanusha Hanspur Municipality Mahatoll,सुधिरा देवि मणडल,,Madhesh,Dhanusha,Dhanusha-2,78037,134755,Higher Secondary / Intermediate (10+2 / PCL),26.7333,85.9833
866,341997,Umesha Das,Swatantra,,57,M,False,सुखरा  दास,एस.एल.सी.,,Dhanusha and other rural villages,,,Madhesh,Dhanusha,Dhanusha-2,78037,134755,Secondary Education (Grade 9-10 / SLC / SEE),26.7333,85.9833
867,342217,Vinoda Kumara Thakur,Rastriya Mukti Party Nepal (Ekal Chunab Chinha),2531.0,56,M,False,लटु  ठाकुर,BE,,Dhanusha Videh Municipality Gobarahi,सरिता देवी ठाकुर,,Madhesh,Dhanusha,Dhanusha-2,78037,134755,Bachelor's Degree,26.7333,85.9833
868,341665,Anila Kumara Yadav,Swatantra,,34,M,False,लक्ष्मेश्वर  यादव,BE,,Dhanusha Janakpurdham Sub-Metropolis,,,Madhesh,Dhanusha,Dhanusha-2,78037,134755,Bachelor's Degree,26.7333,85.9833
869,341066,Rama Kishora Pasaman,Swatantra,,33,M,False,जोगेन्‍द्र  पासमान,एस.एल.सी.,,Dhanusha Shaheednagar Municipality Simradhi,गुलो देवी पासमान,,Madhesh,Dhanusha,Dhanusha-2,78037,134755,Secondary Education (Grade 9-10 / SLC / SEE),26.7333,85.9833
870,342708,Domi Mahara Chamar,Swatantra,,19,M,False,सुकना महरा चमार,एस.एल.सी.,,Dhanusha Shaheednagar Municipality Nathpati,सुटि देवी महरा,,Madhesh,Dhanusha,Dhanusha-2,78037,134755,Secondary Education (Grade 9-10 / SLC / SEE),26.7333,85.9833
871,341697,Bhola Yadav,Swatantra,,17,M,False,जोगी  यादव,एस.एल.सी,,Pachwari Toll of Dhanusha and Rural Municipality,सुनिता  देवी,,Madhesh,Dhanusha,Dhanusha-2,78037,134755,Secondary Education (Grade 9-10 / SLC / SEE),26.7333,85.9833
872,342504,Ramasagara Yadab,Swatantra,,17,M,False,कारी  यादब,एस.एल.सी.,,Dhanusha Shaheednagar Municipality Chotki Toll Simradhi Gadi,सिबो देवी यादब,,Madhesh,Dhanusha,Dhanusha-2,78037,134755,Secondary Education (Grade 9-10 / SLC / SEE),26.7333,85.9833
873,342317,Ajaya Kumara Das,Swatantra,,16,M,False,मंगल  दास,साक्षर,,Dhanusha Shaheednagar Municipality Yadukuha,राज  देवी,,Madhesh,Dhanusha,Dhanusha-2,78037,134755,Literate / Non-Formal,26.7333,85.9833
874,340950,Sadhu Sharana Moravaita,Swatantra,,13,M,False,भुल्‍ला  मोरवैता,अ हे व,ctevt,In Dhanusha Kamala Municipal Log,विभा कुमारी यादव,,Madhesh,Dhanusha,Dhanusha-2,78037,134755,Diploma / Certificate Level,26.7333,85.9833
875,342302,Rama Prakasha Yadav,Swatantra,,12,M,False,श्रीसुब्बी  यादव,एस.एल.सी.,,Dhanusha Kamala Municipality Mangarah,रामसती देवी यादव,,Madhesh,Dhanusha,Dhanusha-2,78037,134755,Secondary Education (Grade 9-10 / SLC / SEE),26.7333,85.9833
876,342276,Rinku Devi Mandal,Swatantra,,12,F,False,चन्देश्वर  मण्डल,कक्षा 10,,Dhanusha Videh Municipality,फुलगेन  मण्डल केवट,,Madhesh,Dhanusha,Dhanusha-2,78037,134755,Secondary Education (Grade 9-10 / SLC / SEE),26.7333,85.9833
877,342457,Thakana Pasaman,Swatantra,,11,M,False,छोटिया  पासमान,साक्षर,,Dhanusha Videh Municipality Giddha,फुलकुमारी देवी पासमान,,Madhesh,Dhanusha,Dhanusha-2,78037,134755,Literate / Non-Formal,26.7333,85.9833
878,342030,Shiva Kumara Gohivara Yadab,Swatantra,,10,M,False,भोला  गोहिवार यादब,एस.एल.सी.,,Dhanusha Shaheednagar Municipality Dumaria,मंजुला  देवी,,Madhesh,Dhanusha,Dhanusha-2,78037,134755,Secondary Education (Grade 9-10 / SLC / SEE),26.7333,85.9833
879,341905,Sagara Yadav,Swatantra,,10,M,False,श्रीप्रसाद  यादव,10+2,,Dhanusha Shaheednagar Municipality,,,Madhesh,Dhanusha,Dhanusha-2,78037,134755,Higher Secondary / Intermediate (10+2 / PCL),26.7333,85.9833
880,341841,Ajaya Kumara Marik,Swatantra,,9,M,False,राम प्रकाश मरिक (यादव),एस.एल.सी.,,Dhanusha Shaheednagar Municipality,,,Madhesh,Dhanusha,Dhanusha-2,78037,134755,Secondary Education (Grade 9-10 / SLC / SEE),26.7333,85.9833
881,341938,Lala Babu Mandal,Swatantra,,9,M,False,मथुरा  मण्डल,bachelor,,Dhanusha Shaheednagar Municipality,,,Madhesh,Dhanusha,Dhanusha-2,78037,134755,Bachelor's Degree,26.7333,85.9833
882,339556,Santosha Kumara Yadava Marik,Swatantra,,9,M,False,महेन्द्र  मरिक,B.Ed.,त्रिभुवन विश्वविद्यालय,Dhanusha Kamala Municipality Bhaluwaha,,,Madhesh,Dhanusha,Dhanusha-2,78037,134755,Bachelor's Degree,26.7333,85.9833
883,341428,Mukesha Kumara Yadav,Swatantra,,8,M,False,राम सागर यादव,प्रविणता प्रमाण पत्र,,Dhanusha Janakpurdham Sub Metropolitan Shivpur,दुर्गा  यादव,,Madhesh,Dhanusha,Dhanusha-2,78037,134755,Higher Secondary / Intermediate (10+2 / PCL),26.7333,85.9833
884,341180,Rama Subhesha Mandala Khatve,Swatantra,,7,M,False,विलास मण्डल खत्वे,कक्षा 10,,Dhanusha will be Janakpurdham sub-metropolitan city,अनिता देवी मण्डल,,Madhesh,Dhanusha,Dhanusha-2,78037,134755,Secondary Education (Grade 9-10 / SLC / SEE),26.7333,85.9833
885,342492,Bhola Pasavan,Swatantra,,6,M,False,श्रि सिताराम  पासवान,एस.एल.सी.,,Dhanusha Shaheednagar Municipality Nathpatti,समुन्‍द्रि देवि पासवान,,Madhesh,Dhanusha,Dhanusha-2,78037,134755,Secondary Education (Grade 9-10 / SLC / SEE),26.7333,85.9833
886,342439,Saroja Kumara Mahara,Swatantra,,5,M,False,जुलमा  महरा,एस.एल.सी.,,Dhanusha Videh Municipality,,,Madhesh,Dhanusha,Dhanusha-2,78037,134755,Secondary Education (Grade 9-10 / SLC / SEE),26.7333,85.9833
887,342623,Sujita Kumara Das,Swatantra,,5,M,False,शुशिल कुमार दास,मास्टर डिग्री,,Dhanusha Shaheednagar Municipality Nemuwatol,,,Madhesh,Dhanusha,Dhanusha-2,78037,134755,Master's Degree,26.7333,85.9833
888,342476,Jnyana Kumara Yadab,Swatantra,,4,M,False,राम लखन यादब,एस.एल.सी.,,Dhanusha Shaheednagar Municipality,ककुल्‍टी देवी यादब,,Madhesh,Dhanusha,Dhanusha-2,78037,134755,Secondary Education (Grade 9-10 / SLC / SEE),26.7333,85.9833
889,340296,Manisha Jha,Rastriya Swatantra Party,2528.0,43988,M,True,राम नारायण झा,Master in political Science,T.U.,Dhanusha Janakpurdham Sub-Metropolis,,"व्यवसायिक अनुभव, विभिन्न संस्थाहरुमा आबद्धता, पुर्व प्रतिनिधि सभा सदस्य",Madhesh,Dhanusha,Dhanusha-3,74377,125874,Master's Degree,26.7167,85.9333
890,341945,Vimalendra Nidhi,Nepali Congress,2583.0,16652,M,False,महेन्द्र नारायण निधि,MA poltical science,RaRaB,Dhanusha will not be a municipality,अनामिका  उपासक निधि,राजनैतिक,Madhesh,Dhanusha,Dhanusha-3,74377,125874,Master's Degree,26.7167,85.9333
891,341057,Juli Kumari Mahato (mahasetha),Nepal Communist Party (Ekikrit Marxbadi Leninbadi),2598.0,9786,F,False,राम आशिष  शाह,Bachelor in sociology,India university,Dhanusha Janakpurdham Sub-Metropolis,रघुवीर  महासेठ,"राजनैतिक, संसदीय प्रकृयाको अनुभव, 1 पटक मन्त्री भएको",Madhesh,Dhanusha,Dhanusha-3,74377,125874,Bachelor's Degree,26.7167,85.9333
892,339748,Ramalalita Mandal,Nepali Communist Party,2557.0,709,M,False,मुनि  मंडल,B.A.,"L.N. Mithila university Bihar, India",Dhanusha Nagarine Municipal Log before toll,बेद कुमारी मंडल,"शिक्षण, लेखा, प्रशिक्षण",Madhesh,Dhanusha,Dhanusha-3,74377,125874,Bachelor's Degree,26.7167,85.9333
893,340817,Paramesh‍vara Saha Sudi,"Janata Samajbadi Party, Nepal",2542.0,500,M,False,लक्ष्मी  साह सुडी,स्नातक,TU,Dhanusha Janakpurdham Sub-metropolis Manharpur,रिता देवी साह सुडी,"राजनीती, समाजसेवी",Madhesh,Dhanusha,Dhanusha-3,74377,125874,Bachelor's Degree,26.7167,85.9333
894,340839,Roshana Yadav,Swatantra,,416,M,False,देव शरण यादव,Bachelor in computer Science,Delhi college of Management and Technology,Dhanusha Janakpurdham Sub-Metropolis,,Digital Marketing,Madhesh,Dhanusha,Dhanusha-3,74377,125874,Bachelor's Degree,26.7167,85.9333
895,341566,Divakara Kumara Sah,Swatantra,,398,M,False,उमेश प्रसाद साह,स्नातक,TU,Saptari Rajviraj Municipality Garkhali Toll,,"पत्रकारिता, समाजसेवा",Madhesh,Dhanusha,Dhanusha-3,74377,125874,Bachelor's Degree,26.7167,85.9333
896,342307,Gopala Prasada Sah,Janamat Party,2585.0,381,M,False,लक्ष्मी  साह,SLC,,Dhanusha Janakpurdham Sub-metropolis Musahari,मिना देवी साह,"शिक्षा, व्यवसाय, समाज सेवा, राजनिति",Madhesh,Dhanusha,Dhanusha-3,74377,125874,Secondary Education (Grade 9-10 / SLC / SEE),26.7167,85.9333
897,342409,Savanama Khatuna Saphi,Rashtra Nirman Dal Nepal,2527.0,280,F,False,दरवारी साफी,सामान्य,,Dhanusha Janakpurdham Sub-Metropolitan Lado,मो जमसेद साफी,,Madhesh,Dhanusha,Dhanusha-3,74377,125874,Literate / Non-Formal,26.7167,85.9333
898,340032,Sadama Husain,Shram Sanskriti Party,2501.0,211,M,False,शेष  सलिम,SLC,Shree Google pd Bshaiya,Dhanusha Janakpurdham Sub-Metropolis,अवरिना  खातुन," व्यापार, समाजसेवी",Madhesh,Dhanusha,Dhanusha-3,74377,125874,Secondary Education (Grade 9-10 / SLC / SEE),26.7167,85.9333
899,342033,Husaina Kavari,Rastriya Prajatantra Party,2604.0,199,M,False,मौजे  कवारी,SLC,जानकी,Dhanusha Janakpurdham sub-metropolitan Janakinagar,रौशन  खातुन,समाजिक कार्यकर्ता,Madhesh,Dhanusha,Dhanusha-3,74377,125874,Secondary Education (Grade 9-10 / SLC / SEE),26.7167,85.9333
900,342556,Amarendra Kumara Jha,Nepal Janata Party,2507.0,150,M,False,उपेन्द्र नाथ झा,एम टेक (इनजीनियरिङ्ग),,Dhanusha Janakpurdham Sub-Metropolitan City Pidriyamai Toll,पुनम  चोधरी,समाजिक क्षेत्रमा १५ बर्ष काम गरेको,Madhesh,Dhanusha,Dhanusha-3,74377,125874,Master's Degree,26.7167,85.9333
901,342092,Sitarama Mahato,Swatantra,,109,M,False,खटर  महतो कोइरी,I.SC,India,In Dhanusha Nagarine Municipality Phulgama,चिन्ती कुमारी ,,Madhesh,Dhanusha,Dhanusha-3,74377,125874,Higher Secondary / Intermediate (10+2 / PCL),26.7167,85.9333
902,341649,Shyama Kishora Sah,Swatantra,,100,M,False,हुकुम लाल साह,B.SC. Honours,Madhubani BIhar,In Dhanusha Nagarine Municipality Phulgama,रेणु कुमारी साह,समाजसेवा,Madhesh,Dhanusha,Dhanusha-3,74377,125874,Bachelor's Degree,26.7167,85.9333
903,342230,Pramoda Kumara Sah,Ujyalo Nepal Party,2566.0,89,M,False,भुवनेश्वर  प्रसाद साह कानु,Doctor,,Mahottari Jaleshwar Municipality Jaleshwar,इन्दीला देवी साह,,Madhesh,Dhanusha,Dhanusha-3,74377,125874,Doctorate / PhD,26.7167,85.9333
904,340446,Chandana Kumara Jha,Nepalka Lagi Nepali Party,2524.0,84,M,False,धर्मविर  झा,B.com,Magad University India ,Dhanusha Janakpurdham Sub-Metropolis,साधना देवी झा,Medical sector,Madhesh,Dhanusha,Dhanusha-3,74377,125874,Bachelor's Degree,26.7167,85.9333
905,342699,Ramendra Kumara Karn,Nepal Communist Party (Maoist),2526.0,81,M,False,सुर्यनारायण लाल कर्ण,10+2,Government of Nepal,Dhanusha Ganeshman Charnath Municipality Varamzhia,,,Madhesh,Dhanusha,Dhanusha-3,74377,125874,Higher Secondary / Intermediate (10+2 / PCL),26.7167,85.9333
906,340988,Navina Kumara Ranjan,Swatantra,,26,M,False,राम दयाल मंडल,Diploma in civil Engineer,BIT Engineering Collage,Dhanusha Nagarine Municipal Log in Purwaritol,,,Madhesh,Dhanusha,Dhanusha-3,74377,125874,Diploma / Certificate Level,26.7167,85.9333
907,342746,Pradipa Vikrama Sah,Aam Janata Party (Ekal Chunab Chinha),2581.0,22,M,False,उपेन्द्र साह तेली,B.Tech,JNTU,Rautahat Garuda Municipality Shishwa,,"हाइर्डोपावर , वैकल्पिक उर्जा",Madhesh,Dhanusha,Dhanusha-3,74377,125874,Bachelor's Degree,26.7167,85.9333
908,341204,Arabinda Kumara Pasavan,Swatantra,,21,M,False,राम वृक्ष पासवान,slc,Government of Nepal,Dhanusha Nagarine Municipality Akoura,नगिना कुमारी पासवान,समाजसेवी,Madhesh,Dhanusha,Dhanusha-3,74377,125874,Secondary Education (Grade 9-10 / SLC / SEE),26.7167,85.9333
909,342389,Suraita Mandal,Swatantra,,19,M,False,राम नारायण मंडल,SLC,,Dhanusha Dhanauji Rural Municipality Gaurdaha,संगीता  देवी,,Madhesh,Dhanusha,Dhanusha-3,74377,125874,Secondary Education (Grade 9-10 / SLC / SEE),26.7167,85.9333
910,340668,Rajiva Kumara Jha,Rastriya Mukti Party Nepal (Ekal Chunab Chinha),2531.0,18,M,False,गंगेश  झा,P.Hd.,CMJ University Meghalay,Dhanusha Janakpurdham Sub-Metropolis,सोनी  झा,,Madhesh,Dhanusha,Dhanusha-3,74377,125874,Doctorate / PhD,26.7167,85.9333
911,339875,Amita Kumara Pathak,Swatantra,,12,M,False,गोपाल  पाठक,B.B.S,T.U,Dhanusha Janakpurdham Sub Metropolitan Balmikinagar,,व्यापार,Madhesh,Dhanusha,Dhanusha-3,74377,125874,Bachelor's Degree,26.7167,85.9333
912,341504,Raja Kumari Sah,Swatantra,,12,F,False,दोरिख  गामी,SLC,श्री यज्ञ कुमार मा.वि. वलवा,Dhanusha Janakpurdham Sub Metropolitan City Shahidnagar,राम चन्द्र साह,"राजनीती, समाजसेवी",Madhesh,Dhanusha,Dhanusha-3,74377,125874,Secondary Education (Grade 9-10 / SLC / SEE),26.7167,85.9333
913,341877,Sita Devi,Swatantra,,12,F,False,वुधन  साह,SLC,Government of Nepal,Dhanusha Janakpurdham Sub Metropolitan Kapileshwar,राम भगत पुर्वे,समाजसेवी,Madhesh,Dhanusha,Dhanusha-3,74377,125874,Secondary Education (Grade 9-10 / SLC / SEE),26.7167,85.9333
914,342153,Ganga Lakshmi Vaidy,Nepal Majdur Kisan Party,2578.0,10,F,False,गोविन्द  वैद्य,Master in sociology,Government of Nepal,Bhaktapur Bhaktapur Municipality Bagimala,,Teacher,Madhesh,Dhanusha,Dhanusha-3,74377,125874,Master's Degree,26.7167,85.9333
915,342499,Aananda Dasa Tatma,Swatantra,,10,M,False,रघुनाथ दास तत्मा,Diploma in Civil Engineer,Nepal Tecnical Janakpur,Dhanusha Janakpurdham Sub-Metropolis,प्रियंका  दास,,Madhesh,Dhanusha,Dhanusha-3,74377,125874,Diploma / Certificate Level,26.7167,85.9333
916,340667,Nabonatha Thakur,Swatantra,,9,M,False,पुष्कर नाथ ठाकुर,B.A.,Mithila University India,Dhanusha Janakpurdham Sub Metropolitan Murali Chowk,प्रेम लता ठाकुर,"राजनैतिक, व्यवसाय",Madhesh,Dhanusha,Dhanusha-3,74377,125874,Bachelor's Degree,26.7167,85.9333
917,342720,Krishna Kumara Sultaniya,Swatantra,,8,M,False,प्रमोद कुमार सुल्तानिया,BBS,TU,Dhanusha Janakpurdham sub-metropolis Shantinagar,,,Madhesh,Dhanusha,Dhanusha-3,74377,125874,Bachelor's Degree,26.7167,85.9333
918,341809,Ajaya Kumara Yadav,Swatantra,,7,M,False,चन्देश्वर यादव,MCA,India,Dhanusha Mukhiyapatti Musharnia Rural Municipality Vela,,,Madhesh,Dhanusha,Dhanusha-3,74377,125874,Master's Degree,26.7167,85.9333
919,342346,Mukesha Yadav,Swatantra,,7,M,False,बेचन  यादव,,,Dhanusha Kamala Municipality,परमवती देवी यादव,,Madhesh,Dhanusha,Dhanusha-3,74377,125874,,26.7167,85.9333
920,342676,Bikrama Saha,Swatantra,,6,M,False,गुल चन्द्र साहु तेली,MBA,PU,Dhanusha Janakpurdham Sub-Metropolis,आरती कुमारी साह,व्यापार,Madhesh,Dhanusha,Dhanusha-3,74377,125874,Master's Degree,26.7167,85.9333
921,341365,Bharata Kumara Sah,Swatantra,,6,M,False,शिव नाथ साह,10+2,Model Maltipal Collage,Dhanusha Janakpurdham Sub-Metropolis,,,Madhesh,Dhanusha,Dhanusha-3,74377,125874,Higher Secondary / Intermediate (10+2 / PCL),26.7167,85.9333
922,341733,Raja Kumara Bhandari,Swatantra,,6,M,False,सोनफी भण्डारी माली,I sc,Mitila University Darbhanga India ,Dhanusha Nagarain Municipality,मंजु देवी भण्डारी,,Madhesh,Dhanusha,Dhanusha-3,74377,125874,Higher Secondary / Intermediate (10+2 / PCL),26.7167,85.9333
923,342524,Sunila Sah,Swatantra,,6,M,False,शिव शरण साह,B.Tech,India,Dhanusha Janakpurdham Sub Metropolitan Rampur,,व्यापार,Madhesh,Dhanusha,Dhanusha-3,74377,125874,Bachelor's Degree,26.7167,85.9333
924,342073,Hari Narayana Yadav,Swatantra,,6,M,False,शश्याम  यादव,SLC,,Dhanusha Janakpurdham Sub-Metropolis,आशा कुमारी यादव,,Madhesh,Dhanusha,Dhanusha-3,74377,125874,Secondary Education (Grade 9-10 / SLC / SEE),26.7167,85.9333
925,341426,Kevala Thakur,Swatantra,,5,M,False,राम चरित्र ठाकुर,10+2,India,Dhanusha Janakpurdham Sub-metropolis Vindhi,राम दुलारी देवी,,Madhesh,Dhanusha,Dhanusha-3,74377,125874,Higher Secondary / Intermediate (10+2 / PCL),26.7167,85.9333
926,341195,Raju Kumara Sah,Swatantra,,4,M,False,गणेश  साह,MBS,Tribhuwan University,Dhanusha Janakpurdham Sub-Metropolis,निशा  जायसवाल,व्यापार,Madhesh,Dhanusha,Dhanusha-3,74377,125874,Master's Degree,26.7167,85.9333
927,341344,Ramasaroja Sah,Swatantra,,4,M,False,यमुना प्रसाद साह,10+2,HSEB,Dhanusha Dhanauji Rural Municipality Wahuarwa,,कृषि,Madhesh,Dhanusha,Dhanusha-3,74377,125874,Higher Secondary / Intermediate (10+2 / PCL),26.7167,85.9333
928,342264,Suvadara Yadav,Swatantra,,4,M,False,विजयलाल  यादव,समान्य लेखपढ,,Dhanusha Mukhiyapatti Musharnia Rural Municipality Mukhiyapatti,अनरीया  देवी,,Madhesh,Dhanusha,Dhanusha-3,74377,125874,Literate / Non-Formal,26.7167,85.9333
929,341452,Manoja Kumara Sah,Swatantra,,2,M,False,राम वृक्ष साह,10+2,Government of Nepal,Dhanusha Janakandini Rural Municipality Khajuri,,समाजसेवी,Madhesh,Dhanusha,Dhanusha-3,74377,125874,Higher Secondary / Intermediate (10+2 / PCL),26.7167,85.9333
930,342109,Vinoda Karn,Swatantra,,2,M,False,वृज किशोर लाल कर्ण,Bcom,,Dhanusha Janakpurdham Sub Metropolitan City Shahidnagar,अनिता कुमारी कर्ण,,Madhesh,Dhanusha,Dhanusha-3,74377,125874,Bachelor's Degree,26.7167,85.9333
931,341619,Krishna Kumara Sah,Swatantra,,0,M,False,राम जुलुम साह,10+2,कन्टिरझा नमुना मा.वि. बभनगामा,Dhanusha Janakpurdham Sub Metropolitan Rampur,,"मजदुरी, कृषि आदि",Madhesh,Dhanusha,Dhanusha-3,74377,125874,Higher Secondary / Intermediate (10+2 / PCL),26.7167,85.9333
932,342296,Matrika Prasada Das,Swatantra,,0,M,False,राम सरोज दास,10+2,Government of Nepal,Dhanusha Nagarain Municipality,,,Madhesh,Dhanusha,Dhanusha-3,74377,125874,Higher Secondary / Intermediate (10+2 / PCL),26.7167,85.9333
933,341848,Sita Devi Sah,Swatantra,,0,F,False,संतु साह सुडी,SLC,Government of Nepal,Dhanusha Janakpurdham Sub-Metropolis,महेन्द्र प्रसाद साह,समाजसेवी,Madhesh,Dhanusha,Dhanusha-3,74377,125874,Secondary Education (Grade 9-10 / SLC / SEE),26.7167,85.9333
934,341797,Raja Kishora Mahato,Rastriya Swatantra Party,2528.0,48270,M,True,बद्री   महतो ,,,Dhanusha Bateshwar Rural Municipality,प्रमिला  कुमारी  महतो ,,Madhesh,Dhanusha,Dhanusha-4,79156,127755,,26.7,85.8833
935,341109,Mahendra Yadav,Nepali Congress,2583.0,15809,M,False,दिप नारायण यादव,B.Sc.,ललित नारायण मिथिला युनिर्भसिटी (भारत),Dhanusha in Laxminia Rural Municipality Baniga,विना  यादव,"समाजसेवा, मंत्री",Madhesh,Dhanusha,Dhanusha-4,79156,127755,Bachelor's Degree,26.7,85.8833
936,340467,Raghubira Mahaseth,Nepal Communist Party (Ekikrit Marxbadi Leninbadi),2598.0,11529,M,False,मखन  महासेठ,B.E.,"Birla Institute of Technology, Mesra, India",Dhanusha Janakpurdham Sub-Metropolis,जुली कुमारी महतो,"भुपु उपप्रधानमंत्री - २ पटक
कार्यवाहक प्रधानमंत्री",Madhesh,Dhanusha,Dhanusha-4,79156,127755,Bachelor's Degree,26.7,85.8833
937,340571,Sanjaya Kumara Mahato,Nepali Communist Party,2557.0,1336,M,False,विजय कुमार महतो,स्नातक तह,"त्रिभुवन विश्वविद्यालय, काठमाण्डाैं",Dhanusha Bateshwar Rural Municipality Niraspur,,सिभिल इन्जिनियरीङ्गका कार्यहरू,Madhesh,Dhanusha,Dhanusha-4,79156,127755,Bachelor's Degree,26.7,85.8833
938,341453,Indrajita Kumara Yadab,Janamat Party,2585.0,568,M,False,सिताशरण  यादब,एस.एल.सी,"श्री जनता मा.वि., बनिनियाँ,गाेपालपुर",Dhanusha Mithila Bihari Municipality,रिता कुमारी यादब,,Madhesh,Dhanusha,Dhanusha-4,79156,127755,Secondary Education (Grade 9-10 / SLC / SEE),26.7,85.8833
939,341223,Krishna Chandra Prasada Sah,"Janata Samajbadi Party, Nepal",2542.0,516,M,False,शिव चन्द्र प्रसाद साह,पि.एच.डि.,"युनिर्भसिटी अफ काेलाेरेडाे, USA",Dhanusha Janakpurdham Sub-metropolis Mujelia,,,Madhesh,Dhanusha,Dhanusha-4,79156,127755,Doctorate / PhD,26.7,85.8833
940,340854,Rama Vavu Saha Haluvai,Rastriya Prajatantra Party,2604.0,299,M,False,शिवलाल  साह,प्रविणता प्रमाणपत्र,,Dhanusha Mithila Bihari Municipality Tarapati,लिलम देवी साह,"सामाजिक सहयोग
शिक्षक तालिम प्राप्त
विभिन्न संघसंस्थामा तालिम",Madhesh,Dhanusha,Dhanusha-4,79156,127755,Higher Secondary / Intermediate (10+2 / PCL),26.7,85.8833
941,342022,Jiten‍dra Das,Rastriya Ekata Dal,2548.0,172,M,False,हरि  दास,एस.एल.सी.,"श्री एस सत अाचार्य प्राइमरी कमर्स हाइ स्कुल, बसन्तपुर",Dhanusha Janakpurdham Sub-Metropolis,,,Madhesh,Dhanusha,Dhanusha-4,79156,127755,Secondary Education (Grade 9-10 / SLC / SEE),26.7,85.8833
942,340413,Surya Prasada Lama,Mongol National Organization,2511.0,119,M,False,मिन बहादुर लामा,स्नातक तह,"मल्टिपल क्याम्पस, पाटन",Dhanusha Kshireshwarnath Municipality Mahendranagar,काजु  कुमारी,"पशु चिकित्सक विज्ञान
अाधानिक कृषि व्यवस्था
समाजसेवा सामािजक कार्य",Madhesh,Dhanusha,Dhanusha-4,79156,127755,Bachelor's Degree,26.7,85.8833
943,341586,Ramahridaya Mahato,Swatantra,,104,M,False,राजाराम  महतो,एस.एल.सी.,जनता मा.वि. नक्टाझिज,Dhanusha Mithila Municipality Nakatajhinjh,इन्दु  देवि,,Madhesh,Dhanusha,Dhanusha-4,79156,127755,Secondary Education (Grade 9-10 / SLC / SEE),26.7,85.8833
944,339962,Deva Narayana Shah,Nepal Communist Party (Maoist),2526.0,85,M,False,गोसाई  शाह तेली,I.Sc.,मिथिला जनता महाविद्यालय मधुबनी बिहार,Dhanusha Mithila Municipality Slope,कल्पना कुमारी लामा,सामाजिक विषलेश्णऽ कृषिऽ मानवता सम्बन्धी,Madhesh,Dhanusha,Dhanusha-4,79156,127755,Higher Secondary / Intermediate (10+2 / PCL),26.7,85.8833
945,342213,Rakesha Kumara Ray,Pragatishil Loktantrik Party,2516.0,35,M,False,भोगेन्‍द्र राय अमात,+2,माेडेल मल्टिपल कलेज,Dhanusha Janakpurdham Sub Metropolitan Kurtha,अमृता  देवी,स्वास्थ्य अनुसन्धान,Madhesh,Dhanusha,Dhanusha-4,79156,127755,Higher Secondary / Intermediate (10+2 / PCL),26.7,85.8833
946,341494,Vinoda Kumara Yadav,Swatantra,,27,M,False,भोला  यादव,एस.एल.सी,,Dhanusha in Laxminia Rural Municipality Waniga,संजु कुमारि यादव,समाजसेवी,Madhesh,Dhanusha,Dhanusha-4,79156,127755,Secondary Education (Grade 9-10 / SLC / SEE),26.7,85.8833
947,341716,Birendra Kumara Yadav,Swatantra,,25,M,False,दुखी  यादव,एस.एल.सी.,"क्षीरेश्वर जनता मा.वि., महेन्द्रनगर, धनुषा",Dhanusha Kshireshwarnath Municipality Sakhuwa Mahendranagar,सुमिन्त्रा देवी यादव,,Madhesh,Dhanusha,Dhanusha-4,79156,127755,Secondary Education (Grade 9-10 / SLC / SEE),26.7,85.8833
948,341267,Rama Kumara Mahato Koiri,Swatantra,,22,M,False,वासुदेव  महतो,प्रविणता प्रमाणपत्र,,Dhanusha Mithila Municipality Hariharpur,शोभा देवी कोइरी,,Madhesh,Dhanusha,Dhanusha-4,79156,127755,Higher Secondary / Intermediate (10+2 / PCL),26.7,85.8833
949,342584,Sam‍pata Mahato Koiri,Aam Janata Party (Ekal Chunab Chinha),2581.0,20,M,False,पंच लाल महतो,एम.ए.,रा.रा.ब.क्याम्पस,Dhanusha Mithila Municipality Naktaziz,सविता  कुशवाहा,शिक्षण पेशा ३० वर्ष,Madhesh,Dhanusha,Dhanusha-4,79156,127755,Master's Degree,26.7,85.8833
950,341861,Pramoda Kumara Yadav,Swatantra,,20,M,False,श्रीचन्द्र  यादव,+2,श्री जनता मा.वि. बनिनियाँ,Dhanusha Lakshminiya Rural Municipality Vaninia,सिहन्ती  कुमारी,,Madhesh,Dhanusha,Dhanusha-4,79156,127755,Higher Secondary / Intermediate (10+2 / PCL),26.7,85.8833
951,341950,Janga Bahadura Yadav,Swatantra,,19,M,False,सोनेलाल  यादव,प्रविणता प्रमाणपत्र,,Dhanusha Mithila Bihari Municipality Purandaha,वविता कुमारी यादव,,Madhesh,Dhanusha,Dhanusha-4,79156,127755,Higher Secondary / Intermediate (10+2 / PCL),26.7,85.8833
952,340601,Anila Kumara Chaudhari,Swatantra,,17,M,False,राजदेव  चौधरी,प्रविणता प्रमाणपत्र,क्षीरेश्वर ज.उ.मा.वि.,Dhanusha Kshireshwarnath Municipality Kuchaitol,,"राजनीतिक, व्यवसाय",Madhesh,Dhanusha,Dhanusha-4,79156,127755,Higher Secondary / Intermediate (10+2 / PCL),26.7,85.8833
953,341622,Dipesha Kumara Yadav,Swatantra,,16,M,False,सुखदेव  यादव,प्रविणता प्रमाणपत्र,"गोगल प्रसाद मा.वि. स्कुल,बसहिया",Dhanusha Kshireswarnath Municipality,,,Madhesh,Dhanusha,Dhanusha-4,79156,127755,Higher Secondary / Intermediate (10+2 / PCL),26.7,85.8833
954,342609,Rajendra Kumara Yadav,Swatantra,,14,M,False,फुलगेन  यादव,एस.इ.इ.,मा.वि.ठेरा,Dhanusha Mithila Bihari Municipality,अजिला देवी यादव,,Madhesh,Dhanusha,Dhanusha-4,79156,127755,Secondary Education (Grade 9-10 / SLC / SEE),26.7,85.8833
955,342446,Rajakishora Mahara,Swatantra,,14,M,False,श्री गुलाचन  महरा,प्रविणता प्रमाणपत्र,"क्षीरेश्वर जनता उ.मा.वि., महेन्द्रनगर,धनुषा",Dhanusha Kshireswarnath Municipality Chandrapur,प्रमिला देवी महरा,,Madhesh,Dhanusha,Dhanusha-4,79156,127755,Higher Secondary / Intermediate (10+2 / PCL),26.7,85.8833
956,342391,Mahavira Yadav,Rastriya Mukti Party Nepal (Ekal Chunab Chinha),2531.0,13,M,False,सेनी  यादव,एस.एल.सी.,"श्री उच्च मा.वि. जगरूप साह रामकुमार साह विद्यालय, प्रशुराम ताेला",Dhanusha Mithila Bihari Municipality Purandaha,सुन्दर देवी यादव,,Madhesh,Dhanusha,Dhanusha-4,79156,127755,Secondary Education (Grade 9-10 / SLC / SEE),26.7,85.8833
957,342312,Mukesha Kumara Yadav,Swatantra,,12,M,False,हरि यादव,+2,"न्यू मिलिनियम कलेज, जनकपुर",Dhanusha Mithila Bihari Municipality Andupatti,हिरा देवी यादव,,Madhesh,Dhanusha,Dhanusha-4,79156,127755,Higher Secondary / Intermediate (10+2 / PCL),26.7,85.8833
958,342137,Vauvelala Yadav,Swatantra,,12,M,False,राम प्रगास यादव,एस.एल.सी.,"श्री जनता मा.वि. बनिनिनया, गाेपालपुर, धनुषा",Dhanusha Laxminia Rural Municipality Baninia,,,Madhesh,Dhanusha,Dhanusha-4,79156,127755,Secondary Education (Grade 9-10 / SLC / SEE),26.7,85.8833
959,342241,Dipaka Yadav,Swatantra,,11,M,False,नविन  यादव,इन्जिनियरीङ्ग,,Dhanusha Janakpurdham Sub Metropolitan Shivpur,,,Madhesh,Dhanusha,Dhanusha-4,79156,127755,Bachelor's Degree,26.7,85.8833
960,340677,Satisha Kumara Sah,Swatantra,,10,M,False,कैलाश प्रसाद साह,स्नाकोत्तर,त्रिभुवन विश्वविद्यालय,Dhanusha Janakpurdham Sub-Metropolis,पुजा कुमारी साह,संस्थाहरूमा दशाैं तहमा ५ वर्ष काम गरेकाे ।,Madhesh,Dhanusha,Dhanusha-4,79156,127755,Master's Degree,26.7,85.8833
961,340909,Jagesh‍vara Mahato Koiri,Swatantra,,9,M,False,विन्देश्‍वर  महतो,एस.एल.सी.,"क्षीरेश्वर जनता मा.वि., महेन्द्रनगर,धनुषा",Dhanusha Mithila Municipality Kusumvisauna,सौतिल्या देवी कोइरी,गा.वि.स. उपाध्यक्ष भइ काम गरेकाे,Madhesh,Dhanusha,Dhanusha-4,79156,127755,Secondary Education (Grade 9-10 / SLC / SEE),26.7,85.8833
962,340969,Narayana Vastola,Swatantra,,8,M,False,निल प्रसाद वास्तोला,एम.एड.,,Dhanusha Mithila Municipality Slope,प्रेम कुमारी तिमल्सिना,,Madhesh,Dhanusha,Dhanusha-4,79156,127755,Master's Degree,26.7,85.8833
963,342408,Raja Kumara Mah‍to,Swatantra,,8,M,False,बद्री  मह्‍तो,स्नातक,त्रि.वि.,Dhanusha Bateshwar Rural Municipality,नोलम कुमारी मह्‍तो,,Madhesh,Dhanusha,Dhanusha-4,79156,127755,Bachelor's Degree,26.7,85.8833
964,341396,Hari Shankara Prasada Yadav,Swatantra,,7,M,False,मिथिला बिहारी यादव,S.L.C.,"क्षीरेश्वर जनता मा.वि., महेन्द्रनगर,धनुषा",Dhanusha Janakpurdham Sub-Metropolis,संगिता देवी यादव,समाजसेवामा लगनशील,Madhesh,Dhanusha,Dhanusha-4,79156,127755,Secondary Education (Grade 9-10 / SLC / SEE),26.7,85.8833
965,342063,Mithilesha Kumara Yadav,Swatantra,,6,M,False,बिन्देश्वर  यादव,एस.एल.सी.,"श्री जनता मा.वि.,चन्दनपुर, सिन्धुली",Dhanusha Laxminia Rural Municipality Saphi,आर्ती कुमारी देवी यादव,,Madhesh,Dhanusha,Dhanusha-4,79156,127755,Secondary Education (Grade 9-10 / SLC / SEE),26.7,85.8833
966,342278,Rajesha Kumara Yadav,Swatantra,,6,M,False,विर्जु  यादव,इन्जिनियरीङ्ग,"कुरूकक्षेत्र विश्वविद्यालय, हरियाणा, भारत",Dhanusha in Laxminia Rural Municipality Waniga,,,Madhesh,Dhanusha,Dhanusha-4,79156,127755,Bachelor's Degree,26.7,85.8833
967,341915,Rakesha Chaudhari,Swatantra,,5,M,False,राम सुन्दर चौधरी,एस.एल.सी.,"श्री किशाेरी जनता मा.वि., हरिहरपुर",Dhanusha Bateshwar Rural Municipality Bardoria,,,Madhesh,Dhanusha,Dhanusha-4,79156,127755,Secondary Education (Grade 9-10 / SLC / SEE),26.7,85.8833
968,340530,Vanvi Kumari Mahato,Swatantra,,5,F,False,राजेन्द्र प्रसाद महतो,S.L.C.,"जनता मा.वि., नक्टाझिज, धनुषा",Dhanusha Mithila Municipality Nakatazhij,शत्रुधन  महतो,,Madhesh,Dhanusha,Dhanusha-4,79156,127755,Secondary Education (Grade 9-10 / SLC / SEE),26.7,85.8833
969,341834,Hari Prasada Paudel,Swatantra,,5,M,False,शिव हरी पौडेल,एस.एल.सी.,क्षीरेश्वर जनता मा.वि.,Dhanusha Kshireshwarnath Municipality Kafle Tol,विना कुमारी पौडेल,,Madhesh,Dhanusha,Dhanusha-4,79156,127755,Secondary Education (Grade 9-10 / SLC / SEE),26.7,85.8833
970,342098,Rama Hridaya Yadab,Swatantra,,3,M,False,राम नारायण यादब,बि.ए.,"न्यू मिलिनियम कलेज, जनकपुरधाम",Dhanusha in Laxminia Rural Municipality Baniga,,,Madhesh,Dhanusha,Dhanusha-4,79156,127755,Bachelor's Degree,26.7,85.8833
971,341312,Pramod Kumar Mahato,Rastriya Swatantra Party,2528.0,34636,M,True,Shiv Shankar Mahato,SLC,श्र‍ी मा.वि. गौशाला,Mahottari,Babita Mahato,"व्यापार, राजनीती, कृषि समेत",Madhesh,Mahottari,Mahottari-1,63243,105456,Secondary Education (Grade 9-10 / SLC / SEE),26.8,85.85
972,340587,Giriraj Mani Pokharel,Nepali Communist Party,2557.0,12624,M,False,Chandra Mani Pokhrel,स्नातकोत्तर तह व्यवस्थान र कानूनमा स्नातक,त्रिभुवन विश्वविद्यालय,Morang,,2064 र 2070 साल संविधान सभा सदस्य समेत,Madhesh,Mahottari,Mahottari-1,63243,105456,Master's Degree,26.8,85.85
973,339924,Lakshmi Mahatae Kaeiri,Nepal Communist Party (Ekikrit Marxbadi Leninbadi),2598.0,6591,M,False,राम सुन्दर महतो,SLC,श्री मा.वि. नगौल,Mahottari Gaushala Municipality Nigaul,रामकुमारी  देबी,2079 सालमा नेकपा ऐमालेबाट प्रतिनिधि सभा सदस्य निर्वाचित,Madhesh,Mahottari,Mahottari-1,63243,105456,Secondary Education (Grade 9-10 / SLC / SEE),26.8,85.85
974,340794,Mukesh Raj Kafle,Nepali Congress,2583.0,6213,M,False,Rudra Prasad Kafle,विद्यावारिधी,त्रिभुवन विश्‍वविद्यालय,Kathmandu,Liza Pyakurel,इन्जिनियरिङ्ग पेशा र अध्यापन,Madhesh,Mahottari,Mahottari-1,63243,105456,Doctorate / PhD,26.8,85.85
975,340031,Lila Diyali,Shram Sanskriti Party,2501.0,867,F,False,Padam Prasad Diyali,स्‍नातकोत्तर,रा.रा.ब. क्याम्पस गोलबजार सिराहा,Jhapa,,महिला अधिकार मानवअधिकार क्षेत्रमा ५ वर्ष सम्म काम गरेको अनुभव समेत,Madhesh,Mahottari,Mahottari-1,63243,105456,Master's Degree,26.8,85.85
976,341615,Birendra Mahato,Janamat Party,2585.0,560,M,False,Rampukar Mahato,+2 पास,NEB,Mahottari,,राजनितीमा 10 वर्षको अनुभव,Madhesh,Mahottari,Mahottari-1,63243,105456,Higher Secondary / Intermediate (10+2 / PCL),26.8,85.85
977,342588,Hom Prasad Pokharel,Rastriya Prajatantra Party,2604.0,475,M,False,Akal Nath Pokhrel,+2 पास,श्री नवक्षितिज स्कुल,Mahottari,Januka Pokharel,समाजिक सेवा,Madhesh,Mahottari,Mahottari-1,63243,105456,Higher Secondary / Intermediate (10+2 / PCL),26.8,85.85
978,339993,Yog Narayan Mahato,"Janata Samajbadi Party, Nepal",2542.0,319,M,False,Shivaram Mahato,स्‍नातक,मगध युनभरसिटी पटना विहार,Mahottari,,जसपा नेपालमा 10 वर्ष देखि युवाको रुपमा सक्रिय सहभागिता,Madhesh,Mahottari,Mahottari-1,63243,105456,Bachelor's Degree,26.8,85.85
979,342340,Sunaina Devi Koir,Swatantra,,190,F,False,सिहेश्‍वर  महतो,n,,Mahottari Gaushala Municipality Nigaul Thakur,विरेन्द्र  महतो,,Madhesh,Mahottari,Mahottari-1,63243,105456,Unspecified / Others,26.8,85.85
980,342270,Shiva Narayan Mahato,Swatantra,,185,M,False,राम सेवक महतो,SLC,neb,Mahottari Gaushala Municipality,शिव् णरयन् महतो,समाजिक अभियन्ता,Madhesh,Mahottari,Mahottari-1,63243,105456,Secondary Education (Grade 9-10 / SLC / SEE),26.8,85.85
981,342724,Manoj Kumar Gupta,Ujyalo Nepal Party,2566.0,176,M,False,Ram Ashish Sah,+2 पास,NEB,Mahottari,,,Madhesh,Mahottari,Mahottari-1,63243,105456,Higher Secondary / Intermediate (10+2 / PCL),26.8,85.85
982,339469,Ramesh Kumar Singh Dunuwar,Mongol National Organization,2511.0,94,M,False,हेम नारायण  सिंह दनुवार,सााधारण लेखपेढ,,Mahottari Bhangaha Municipality Dhanashpur,ईश्वर वती देवी दनुवार,मेघनाथ गोरहन्ना खानेपानी समितीको अध्यक्ष 2062 सालमा समेत,Madhesh,Mahottari,Mahottari-1,63243,105456,Literate / Non-Formal,26.8,85.85
983,339353,Maniraj Niraula,Nepal Communist Party (Sanyukta),2601.0,54,M,False,Ayodhya Prasad Niroula,slc pass,श्री जनता मा.वि. डाँडाटोल विजलपुरा,Mahottari,Nirmala Niraula,,Madhesh,Mahottari,Mahottari-1,63243,105456,Secondary Education (Grade 9-10 / SLC / SEE),26.8,85.85
984,341515,Prem Bahadur Rana Magar,Swatantra,,47,M,False,Karna Singh Rana Magar,  साधारण लेखपढ,   ,Mahottari,Tulsi Maya Lopchan,,Madhesh,Mahottari,Mahottari-1,63243,105456,Literate / Non-Formal,26.8,85.85
985,341387,Mukesh Sah,Aam Janata Party (Ekal Chunab Chinha),2581.0,36,M,False,Satya Narayan Sah,कक्षा 10,भेरुखी मा.वि. लोहारपट्टी,Mahottari,Kiran Kumari Sah,,Madhesh,Mahottari,Mahottari-1,63243,105456,Secondary Education (Grade 9-10 / SLC / SEE),26.8,85.85
986,342536,Jivana Kumara Magar,Swatantra,,36,M,False,अर्न बहादुर खप्‍तरी,एस एल सी,,Mahottari Gaushala Municipality Gaushala,,,Madhesh,Mahottari,Mahottari-1,63243,105456,Secondary Education (Grade 9-10 / SLC / SEE),26.8,85.85
987,339938,Surendra Mahato,Swatantra,,34,M,False,Ram Chandra Mahato,साधारण लेखपढ,,Mahottari,Shivshakti Devi Mahato,    ,Madhesh,Mahottari,Mahottari-1,63243,105456,Literate / Non-Formal,26.8,85.85
988,340318,Sunil Kumar Singh,Swatantra,,22,M,False,Shubha Narayan Singh, SLC,श्री मा.वि हाथिलेट,Mahottari,Bhawana Shrestha, ,Madhesh,Mahottari,Mahottari-1,63243,105456,,26.8,85.85
989,342684,Niru Kumari,Swatantra,,18,F,False,Dhan Bahadur K.C.,एस एल सि पास,श्री त्रिभुवन मा.वि. गौशाला,Mahottari,,,Madhesh,Mahottari,Mahottari-1,63243,105456,Secondary Education (Grade 9-10 / SLC / SEE),26.8,85.85
990,339367,Krishna Shwori Manandhar (Duwal),Nepal Majdur Kisan Party,2578.0,16,F,False,Ganesh Ram Manandhar (Duwal),,भक्तपुर बहुमुखी क्याम्पस,Bhaktapur,Sanjay Manandhar (Duwal),    ,Madhesh,Mahottari,Mahottari-1,63243,105456,,26.8,85.85
991,342239,Paramesh‍vara Pasavana Dusadh,Swatantra,,14,M,False,मितन पासवान,साधारण लेखपढ,,Mahottari Gaushala Municipality Bharatpur,दशरथिया देवी पासवान,समाजसेवा,Madhesh,Mahottari,Mahottari-1,63243,105456,Literate / Non-Formal,26.8,85.85
992,341201,Somindra Sarki,Swatantra,,13,M,False,Lata Sarki,स्नातक,त्रि.वि.,Mahottari,,,Madhesh,Mahottari,Mahottari-1,63243,105456,Bachelor's Degree,26.8,85.85
993,341831,Bauve Lala Mahato,Swatantra,,11,M,False,राम प्रसाद महतो,+2,जनता बहुमुखी क्याम्पस,Mahottari Bardibas Municipality,तारा कुमारी महतो,निर्माण कार्यको गुणस्तर परिक्षणमा 15 वर्षको अनुभव,Madhesh,Mahottari,Mahottari-1,63243,105456,Higher Secondary / Intermediate (10+2 / PCL),26.8,85.85
994,339879,Sachin Mahato,Swatantra,,9,M,False,Laxman Mahato Koiri,SLC ,श्री मा.वि. निगौल,Mahottari,Nilam Kumari Mahato,वि.सं. 2079 को नगरपालिका गौशाला महोत्तरीमा नगर प्रमुखको उम्मेदवार,Madhesh,Mahottari,Mahottari-1,63243,105456,Secondary Education (Grade 9-10 / SLC / SEE),26.8,85.85
995,340828,Sabita Kumari Devi,Swatantra,,3,F,False,Rajaram Mahato Koiri,स्नातक,त्रिभुवन उ.मा.वि. गौशाला,Mahottari,Sanjay Kumar Mahato,"सामाजिक सेवा, कृषि र शिक्षा",Madhesh,Mahottari,Mahottari-1,63243,105456,Bachelor's Degree,26.8,85.85
996,341190,Dipaka Kumara Sah,Rastriya Swatantra Party,2528.0,32722,M,True,राम गोपाल साह,मास्टर्स,institute of medicine (london school of Hygiene and tropical medicine),Mahottari Mahottari rural municipality,,"विश्‍व स्वास्थ्य संगठन, फ.एच. आई.360",Madhesh,Mahottari,Mahottari-2,59147,107411,Master's Degree,26.75,85.8167
997,341460,Sharat Singh Bhandari,"Janata Samajbadi Party, Nepal",2542.0,10198,M,False,Jugeshwar Shah Kanu,स्नातक,"त्रिभुवन विश्‍व विद्यालय, नेपाल",Mahottari,Nanda Devi Sah,नेपाल सरकारको विभिन्‍न मन्त्रालयको मन्त्री भै कार्यभार सम्हाली कार्य गरेको अनुभव,Madhesh,Mahottari,Mahottari-2,59147,107411,Bachelor's Degree,26.75,85.8167
998,340662,Kiran Yadav,Nepali Congress,2583.0,9745,F,False,Ram Lagan Yadav,वि.ए.(स्नातक),त्रिभुवन विश्‍व विद्यालयःपदम कन्या क्यामपस,Mahottari,Muni Lal Yadav,"संविधान सभा सदस्य (2065-070)
प्रतिनिधि सभा सदस्य (2070-074)",Madhesh,Mahottari,Mahottari-2,59147,107411,Bachelor's Degree,26.75,85.8167
999,342118,Kasima Nadaph,Nepal Communist Party (Ekikrit Marxbadi Leninbadi),2598.0,3524,M,False,ओलि महमद नदाफ,,,Mahottari Balwa Municipality,कारो  खातुन,,Madhesh,Mahottari,Mahottari-2,59147,107411,,26.75,85.8167
1000,341828,Lakxman Kuar Yadav,Nepali Communist Party,2557.0,737,M,False,जूगल किशोर यादव,स्नातकोत्तरोपाधि,त्रिभुवन विश्‍व विद्यालय,Mahottari Bhangaha Municipality Sangrampur,,"सिभिल ईन्जियरिङ्ग सम्बन्धी निर्माण कार्यहरुमा पुलको लोड टेष्ट, पाइल लोड टेष्ट सम्बन्धी समाजशास्त्र कार्यालय सम्बन्धिी निर्माण कार्य तथा सिभिल लैव परिक्षण सम्बन्धी समेत।",Madhesh,Mahottari,Mahottari-2,59147,107411,Master's Degree,26.75,85.8167
1001,342212,Jay Kumar Pandeya,Janamat Party,2585.0,463,M,False,विजय कुमार पाण्डेय,10+2,राजर्शी जनक क्यामपस जनकपुर-4,Mahottari Ekdara Rural Municipality Kolhuwa,,गै.स.स. मा पाँच वर्ष फिल्ड मोविलाइजरको रुपमा कार्य र प्राईभेट बोर्डिङ स्कुल शिक्षक,Madhesh,Mahottari,Mahottari-2,59147,107411,Higher Secondary / Intermediate (10+2 / PCL),26.75,85.8167
1002,342297,Sakindar Mahara,Swatantra,,331,M,False,सितवा  चमार,+2,,Mahottari Balwa Municipality,विनिता  देवी,,Madhesh,Mahottari,Mahottari-2,59147,107411,Higher Secondary / Intermediate (10+2 / PCL),26.75,85.8167
1003,342258,Tuphana Nat,Rashtra Nirman Dal Nepal,2527.0,246,M,False,ताहीर नट,8 कक्षा ,,Mahottari Balwa Municipality Adhyaanpur,सकीना नट,,Madhesh,Mahottari,Mahottari-2,59147,107411,Basic Education (Up to Grade 8),26.75,85.8167
1004,340192,Rakesh Mandal,Ujyalo Nepal Party,2566.0,222,M,False,Dip Narayan Mandal,स्नातकोत्तर,Lioining Medical Univercity China,Mahottari,Richa Mandal,स्वास्थ्य सेवामा 10 वर्ष,Madhesh,Mahottari,Mahottari-2,59147,107411,Master's Degree,26.75,85.8167
1005,342359,Raj Narayan Jha,Pragatishil Loktantrik Party,2516.0,174,M,False,Ganga Prasad Jha,MBBS,थाइसेन मेडिकल युनुभर्सिटी चाइना,Mahottari,,"BHRC Hospital malagwa, sarlahi",Madhesh,Mahottari,Mahottari-2,59147,107411,Bachelor's Degree,26.75,85.8167
1006,341112,Ramlakhan Sah Kanu,Rastriya Prajatantra Party,2604.0,157,M,False,Prithviman Singh Bhandari,सधारण,श्री लक्ष्मी प्रा. विद्यालय हतिसर्वा,Lalitpur,Rashmi Singh Bhandari,,Madhesh,Mahottari,Mahottari-2,59147,107411,Literate / Non-Formal,26.75,85.8167
1007,341315,Aalam Kawari,Shram Sanskriti Party,2501.0,105,M,False,सलिम  कवारि,SLC,,Mahottari Balwa Municipality Rauja,रइमा  खातुन,,Madhesh,Mahottari,Mahottari-2,59147,107411,Secondary Education (Grade 9-10 / SLC / SEE),26.75,85.8167
1008,341386,Raman Kumar Karn,Janadesh Party Nepal (Ekal Chunab Chinha),2581.0,99,M,False,Chandra Kishore Lal Karna,BALLB,TU,Mahottari,Puja Kumari Datta,कानून व्यवसायी अधिवक्ता,Madhesh,Mahottari,Mahottari-2,59147,107411,Bachelor's Degree,26.75,85.8167
1009,341032,Rajesh Prashad Shah,Swatantra,,75,M,False,गणेश प्रसाद साह,8 कक्षा पास,,Mahottari Bhangaha Municipality Dharmapur,किरण देवी साह,,Madhesh,Mahottari,Mahottari-2,59147,107411,Basic Education (Up to Grade 8),26.75,85.8167
1010,340967,Idris Momin,Nepal Communist Party (Sanyukta),2601.0,32,M,False,Maimudin Momin,,,Mahottari,Gulshan Khatun,"खेतिहर मज्दुर, समाज सौवी",Madhesh,Mahottari,Mahottari-2,59147,107411,,26.75,85.8167
1011,342664,Dhanjay Kumar Hathi,Swatantra,,31,M,False,बैधनाथ  हाथी,MBBS,TU,Mahottari Pipra Rural Municipality,,वैंकिङ्ग क्षेत्रमा तथा समाज सेवा,Madhesh,Mahottari,Mahottari-2,59147,107411,Bachelor's Degree,26.75,85.8167
1012,341895,Basanta Kumar Yadav,Swatantra,,31,M,False,Shivachandar Yadav,SLC,श्री योग कुमार मा.वि. बलवा,Mahottari,Sarita Devi Yadav,,Madhesh,Mahottari,Mahottari-2,59147,107411,Secondary Education (Grade 9-10 / SLC / SEE),26.75,85.8167
1013,342631,Dulari Devi Tharu,Swatantra,,30,F,False,Ram Autar Tharu,साधारण लेखपढ,,Mahottari,Vishnu Narayan Tharu,,Madhesh,Mahottari,Mahottari-2,59147,107411,Literate / Non-Formal,26.75,85.8167
1014,342423,Bharat Yadav,Swatantra,,25,M,False,Chandeshwar Yadav,SLC,,Mahottari,,,Madhesh,Mahottari,Mahottari-2,59147,107411,Secondary Education (Grade 9-10 / SLC / SEE),26.75,85.8167
1015,341724,Indresh Sahani Malah,Swatantra,,22,M,False,Kamaldev Sahani Malah,SLC,,Mahottari,Rina Devi,,Madhesh,Mahottari,Mahottari-2,59147,107411,Secondary Education (Grade 9-10 / SLC / SEE),26.75,85.8167
1016,341507,Shri Rama Sinha Danuvar,Swatantra,,22,M,False,महिन्‍द्र राय सिंह दनुवार,SLC ,,Mahottari Bhangaha Municipality Harshpur,निशा देवी सिंह,,Madhesh,Mahottari,Mahottari-2,59147,107411,Secondary Education (Grade 9-10 / SLC / SEE),26.75,85.8167
1017,340113,Jay Kishor Sah,Swatantra,,19,M,False,Sonai Sah,S.L.C.,नेपाल सरकार,Mahottari,Shushila Devi,स्थानिय क्षेत्रमा राजनितिक शिक्षाको अनुभव,Madhesh,Mahottari,Mahottari-2,59147,107411,Secondary Education (Grade 9-10 / SLC / SEE),26.75,85.8167
1018,340521,Raji Mandal,Nepal Majdur Kisan Party,2578.0,18,M,False,Juri Mandal,,,Mahottari,Shivo Devi Mandal,,Madhesh,Mahottari,Mahottari-2,59147,107411,,26.75,85.8167
1019,340447,Raj Guru Yadav,Swatantra,,16,M,False,Bharat Yadav,SLC,,Mahottari,,,Madhesh,Mahottari,Mahottari-2,59147,107411,Secondary Education (Grade 9-10 / SLC / SEE),26.75,85.8167
1020,342535,Vike Aajada Das,Swatantra,,16,M,False,राम प्रसाद दास तत्मा,SLC,,Mahottari Balwa Municipality,दुलारी देवी दास,10 बर्ष देखि राजनिति गरेको,Madhesh,Mahottari,Mahottari-2,59147,107411,Secondary Education (Grade 9-10 / SLC / SEE),26.75,85.8167
1021,339554,Kamal Gurung,Mongol National Organization,2511.0,14,M,False,Kulal Gurung,+2,,Dhading,Asha Gurung,,Madhesh,Mahottari,Mahottari-2,59147,107411,Higher Secondary / Intermediate (10+2 / PCL),26.75,85.8167
1022,340145,Satish Sah Teli,Swatantra,,11,M,False,Moti Lal Sah Teli,10+2,,Mahottari,Nisha Sah,,Madhesh,Mahottari,Mahottari-2,59147,107411,Higher Secondary / Intermediate (10+2 / PCL),26.75,85.8167
1023,342513,Reshma Devi,Swatantra,,10,F,False,Aaso Devi,साधारण लेखपढ,,Mahottari,Lal Bahadur Devi,,Madhesh,Mahottari,Mahottari-2,59147,107411,Literate / Non-Formal,26.75,85.8167
1024,342393,Jivendra Yadav,Swatantra,,8,M,False,Bindeshwar Yadav,साक्षर,,Mahottari,Babita Devi,,Madhesh,Mahottari,Mahottari-2,59147,107411,Literate / Non-Formal,26.75,85.8167
1025,340879,Mahesh Kumar Yadav,Swatantra,,8,M,False,Lal Babu Yadav,SLC,,Mahottari,,,Madhesh,Mahottari,Mahottari-2,59147,107411,Secondary Education (Grade 9-10 / SLC / SEE),26.75,85.8167
1026,341865,Dilip Kumar Yadav,Swatantra,,7,M,False,Dhanesar Yadav,SLC,श्री योग कुमार उच्च मा.वि. बलवा,Mahottari,Gita Devi,,Madhesh,Mahottari,Mahottari-2,59147,107411,Secondary Education (Grade 9-10 / SLC / SEE),26.75,85.8167
1027,340285,Prabin Kumar Yadav,Swatantra,,7,M,False,देवेन्द्र  यादव,SLC,,Mahottari Loharpatti Municipality Wagada,पुनिता देवी यादव,,Madhesh,Mahottari,Mahottari-2,59147,107411,Secondary Education (Grade 9-10 / SLC / SEE),26.75,85.8167
1028,341553,Mahanth Sada,Swatantra,,7,M,False,Ram Singh Mushahar,8 कक्षा सम्म,,Mahottari,Binita Devi,,Madhesh,Mahottari,Mahottari-2,59147,107411,Basic Education (Up to Grade 8),26.75,85.8167
1029,342615,Lalita Kumar Musahar,Swatantra,,5,F,False,सोने मुहसर सदा,साधारण,,Mahottari Bhangaha Municipality,रामहरी  सदा,,Madhesh,Mahottari,Mahottari-2,59147,107411,Literate / Non-Formal,26.75,85.8167
1030,340027,Satya Narayan Sah,Swatantra,,5,M,False,Raj Kisor Sah,कक्षा 8 सम्म,,Mahottari,Ram Tola Devi,,Madhesh,Mahottari,Mahottari-2,59147,107411,Basic Education (Up to Grade 8),26.75,85.8167
1031,342173,Adhanu Pasman,Swatantra,,4,M,False,राम लाल पासमान,,,Between Mahottari Balwa Municipality,खैकी देबी पासमान,25 वर्ष देखि राजनिति गरेको,Madhesh,Mahottari,Mahottari-2,59147,107411,,26.75,85.8167
1032,342598,Reshma Devi,Swatantra,,1,F,False,Aaso Devi,साधारण लेखपढ,,Mahottari,Lal Bahadur Devi,10 वर्ष देखि समाज सेवा गरेको,Madhesh,Mahottari,Mahottari-2,59147,107411,Literate / Non-Formal,26.75,85.8167
1033,340549,Ujjawal Kumar Jha,Rastriya Swatantra Party,2528.0,32451,M,True,मनोज कुमार झा,ईन्जिनियर,भि.टि.यू. वेलगाम,Mahottari Ekdara Rural Municipality Ekdara,,,Madhesh,Mahottari,Mahottari-3,59478,110247,Bachelor's Degree,26.7,85.7833
1034,341631,Muhamada Rijavan,Nepal Sanghiya Samajbadi Party (Ekal Chunab Chinha),2567.0,5969,M,False,ऐनुल हक मिया,स्नातक,,Sarlahi Malangwa Municipality Jilania,विमला  अन्सारी तरन्नुम,,Madhesh,Mahottari,Mahottari-3,59478,110247,Bachelor's Degree,26.7,85.7833
1035,340816,Ram Aadhar Kapar,Swatantra,,4790,M,False,Ram Vilas Kapar,M.A.,"ललित नारायण युनिभरसिटी दरभंगा बिहार,भारत",Mahottari,Sushree Sangita Gyawali,"1IVLP-USA
2 Diploma-Canada
3 Disaster Praining-South Korea
4 Opportunity Collaboration_Mexico",Madhesh,Mahottari,Mahottari-3,59478,110247,Master's Degree,26.7,85.7833
1036,341917,Bajrang Nepali,Nepali Congress,2583.0,4342,M,False,Ganesh Tiwari Nepali,स्नातक,रा.रा.ब.क्याम्पस जनकपुर,Mahottari,Naidu Kumari Nepali,,Madhesh,Mahottari,Mahottari-3,59478,110247,Bachelor's Degree,26.7,85.7833
1037,342133,Minakshi Thakur,"Janata Samajbadi Party, Nepal",2542.0,3946,F,False,Mahantha Thakur,,,Sarlahi,,,Madhesh,Mahottari,Mahottari-3,59478,110247,,26.7,85.7833
1038,340033,Hari Narayan Yadav,Swatantra,,3531,M,False,Ramvaran Yadav,स्नातक,त्रिभुवन विश्व विधालय,Mahottari,Sita Yadav,35 बर्ष देखि राजनितिमा सक्रिय,Madhesh,Mahottari,Mahottari-3,59478,110247,Bachelor's Degree,26.7,85.7833
1039,340195,Manoj Kumar Singh,Nepal Communist Party (Ekikrit Marxbadi Leninbadi),2598.0,1516,M,False,Devindra Prasad Singh,आई.ए.सी.,कुमर सिंह कालेज दरभंगा,Mahottari,Sarita Singh,"क कृषि
ख होटल व्यवसय",Madhesh,Mahottari,Mahottari-3,59478,110247,Higher Secondary / Intermediate (10+2 / PCL),26.7,85.7833
1040,342559,Shambhu Kapar,Swatantra,,510,M,False,Maheshwar Kapar,,,Mahottari,Babita Devi,,Madhesh,Mahottari,Mahottari-3,59478,110247,,26.7,85.7833
1041,342587,Arbind Thakur,Janamat Party,2585.0,421,M,False,जयकाला  ठाकुर,,,Mahottari Pipra Rural Municipality,नितु  पाण्डेय,,Madhesh,Mahottari,Mahottari-3,59478,110247,,26.7,85.7833
1042,340334,Ranjit Kumar Sah,Ujyalo Nepal Party,2566.0,261,M,False,Raj Narayan Sah,वि.वि.ए.,पोखरा विश्वविधालय,Mahottari,,,Madhesh,Mahottari,Mahottari-3,59478,110247,Bachelor's Degree,26.7,85.7833
1043,340948,Raj Kishor Sah Mehattari Sudi,Nepali Communist Party,2557.0,243,M,False,Ram Bahadur Sah Mehattari Sudi,एस.एल.सी.,,Mahottari,Shila Kumari,,Madhesh,Mahottari,Mahottari-3,59478,110247,Secondary Education (Grade 9-10 / SLC / SEE),26.7,85.7833
1044,342671,Rajeshwar Ray,Rastriya Prajatantra Party,2604.0,223,M,False,Anaruda Raya,स्नातक,,Mahottari,Sunita Devi Raya,,Madhesh,Mahottari,Mahottari-3,59478,110247,Bachelor's Degree,26.7,85.7833
1045,342215,Raj Nandan Raya Yadav,Swatantra,,211,M,False,दरेश राय यादव,,,Mahottari Jaleshwar Municipality Ankar,निरमाला  देवी,,Madhesh,Mahottari,Mahottari-3,59478,110247,,26.7,85.7833
1046,342011,Mustak Ahamad Ansari,Rashtra Nirman Dal Nepal,2527.0,142,M,False,मो.शमिमुदीन  अंसारी,,,Mahottari Jaleshwar Municipality Muslim,सबनम  खातुन,,Madhesh,Mahottari,Mahottari-3,59478,110247,,26.7,85.7833
1047,342520,Kailesh Mahato,Aam Janata Party (Ekal Chunab Chinha),2581.0,136,M,False,देव नारायण महत्तो,,,Mahottari Sonma Rural Municipality,कंचन कुमारी महत्तो,,Madhesh,Mahottari,Mahottari-3,59478,110247,,26.7,85.7833
1048,341232,Ranjan Kumar Jha,Swatantra,,97,M,False,Ugra Sheshar Jha,,,Dhanusha,,,Madhesh,Mahottari,Mahottari-3,59478,110247,,26.7,85.7833
1049,340279,Binaya Kumar Mishra,Nepal Janata Party,2507.0,83,M,False,बद्री  पारशर,वि.कम.,विहार विश्व विधालय,Mahottari Jaleshwar Municipality,विमला  मिश्र,"(क) लेखा अनुभव/लेखा परिक्षण
(ख) समाज सेवा
(ग) समाजिक समस्या समाधानमा सहयोग",Madhesh,Mahottari,Mahottari-3,59478,110247,Bachelor's Degree,26.7,85.7833
1050,342470,Dhirendra Kumar Sharma,Nepal Communist Party (Sanyukta),2601.0,75,M,False,Ram Padarath Raya,,,Mahottari,Mintu Kumar Sharma,,Madhesh,Mahottari,Mahottari-3,59478,110247,,26.7,85.7833
1051,339999,Rajnish Raj Pandey,Nepalka Lagi Nepali Party,2524.0,64,M,False,रुद कुमार पाण्डेय,बिए.एल.एल.बी.,नेपाल ल क्याम्पस काठमान्डौ,Rautahat Durga Bhagwati Rural Municipality Valohia,,(क) समाजिक कार्य,Madhesh,Mahottari,Mahottari-3,59478,110247,Bachelor's Degree,26.7,85.7833
1052,340631,Mo.savira Nuri,Shram Sanskriti Party,2501.0,57,M,False,मो.इसाख  नदाफ,स्नातक,श्री रा.ना.अ.उच्च मा.वि.पिपरा,Mahottari Pipra Rural Municipality Alipatti,सहिदा  खातुन,,Madhesh,Mahottari,Mahottari-3,59478,110247,Bachelor's Degree,26.7,85.7833
1053,341110,Bechan Mandal,Swatantra,,57,M,False,Madan Mandal,,,Mahottari,Lalo Devi,,Madhesh,Mahottari,Mahottari-3,59478,110247,,26.7,85.7833
1054,342537,Bechan Prasad Mehatari,Swatantra,,44,M,False,मालवर  मेहतरी,,,Mahottari Jaleshwar Municipality,राजवती  देवी,,Madhesh,Mahottari,Mahottari-3,59478,110247,,26.7,85.7833
1055,342577,Naim Rain,Swatantra,,37,M,False,Hadish Rai,,,Mahottari,Jumeda Khatun,,Madhesh,Mahottari,Mahottari-3,59478,110247,,26.7,85.7833
1056,340784,Shyam Kishor Singh,Swatantra,,34,M,False,Nathuni Singh,एस.एल.सी.,श्री भै.गु.लो.मा.वी.वथनाहा,Mahottari,Janak Dulari Devi,,Madhesh,Mahottari,Mahottari-3,59478,110247,Secondary Education (Grade 9-10 / SLC / SEE),26.7,85.7833
1057,342527,Ghyanshyam Jha,Swatantra,,30,M,False,भागरथ  झा,,,Mahottari Ekdara Rural Municipality,मिना  झा,,Madhesh,Mahottari,Mahottari-3,59478,110247,,26.7,85.7833
1058,342551,Rakesh Kumar Sah,Swatantra,,28,M,False,Jagdish Sah Kanu,,,Mahottari,Kabita Devi Sah,,Madhesh,Mahottari,Mahottari-3,59478,110247,,26.7,85.7833
1059,340698,Mohan Chaudhary,Swatantra,,26,M,False,Prabhu Chaudhary,एस.एल.सी.,मा.वि.वसहिया जि.धनुषा,Mahottari,Mishila Devi,,Madhesh,Mahottari,Mahottari-3,59478,110247,Secondary Education (Grade 9-10 / SLC / SEE),26.7,85.7833
1060,342614,Mohammada Phiroja Asari,Swatantra,,22,M,False,हैदर  अंसारी,,,Mahottari Manra Shiswa Municipality,....  ...,,Madhesh,Mahottari,Mahottari-3,59478,110247,,26.7,85.7833
1061,340891,Mukesh Raya,Swatantra,,20,M,False,श्यामनारायण  राय,प्लस टु,,Mahottari Jaleshwar Municipality Pataili,रिंकु  देवी,,Madhesh,Mahottari,Mahottari-3,59478,110247,Higher Secondary / Intermediate (10+2 / PCL),26.7,85.7833
1062,341810,Raj Kishor Sah Mehattari Sudi,Swatantra,,19,M,False,Ram Bahadur Sah Mehattari Sudi,,,Mahottari,Shila Kumari,,Madhesh,Mahottari,Mahottari-3,59478,110247,,26.7,85.7833
1063,341175,Vavi Kumari,Swatantra,,16,F,False,आशनारायण  कापर,,,Mahottari Jaleshwar Municipality,विरेन्‍द्र  कापर,,Madhesh,Mahottari,Mahottari-3,59478,110247,,26.7,85.7833
1064,342602,Satish Kumar Sharma,Swatantra,,14,M,False,Upendra Sharma,,,Mahottari,,,Madhesh,Mahottari,Mahottari-3,59478,110247,,26.7,85.7833
1065,342101,Nagnedra Thakur,Swatantra,,11,M,False,मानेश्‍वर  ठाकुर,,,Mahottari Ekdara Rural Municipality Ekdara,यिनद्र  कुमारी,,Madhesh,Mahottari,Mahottari-3,59478,110247,,26.7,85.7833
1066,342395,Raman Kumar Thakur,Swatantra,,10,M,False,Vindeshwar Thakur Maithil,,,Mahottari,Pinki Kumari,,Madhesh,Mahottari,Mahottari-3,59478,110247,,26.7,85.7833
1067,342693,Ranchandra Pasman,Swatantra,,9,M,False,सुकन  पासमान,,,Mahottari Jaleshwar Municipality Suga,शारदा  देवी,,Madhesh,Mahottari,Mahottari-3,59478,110247,,26.7,85.7833
1068,342325,Ajay Kumar Mahato,Swatantra,,7,M,False,Kapildev Mahato,,,Mahottari,Rampukari Devi Mahato,,Madhesh,Mahottari,Mahottari-3,59478,110247,,26.7,85.7833
1069,342176,Pawan Kumar Yadav,Swatantra,,7,M,False,Baldev Yadav,,,Mahottari,Sunita Devi Yadav,,Madhesh,Mahottari,Mahottari-3,59478,110247,,26.7,85.7833
1070,342634,Bijay Kumar Mandal,Swatantra,,6,M,False,Kishori Mandal Dhanuk,,,Mahottari,Kailasiya Devi Mandal,,Madhesh,Mahottari,Mahottari-3,59478,110247,,26.7,85.7833
1071,342662,Pankaj Kumar Pandey,Swatantra,,5,M,False,Ram Mani Pandey,,,Mahottari,,,Madhesh,Mahottari,Mahottari-3,59478,110247,,26.7,85.7833
1072,341956,Suresh Kumar Sah,Swatantra,,5,M,False,Laxmi Sah,,,Mahottari,Sunita Debi,,Madhesh,Mahottari,Mahottari-3,59478,110247,,26.7,85.7833
1073,341058,Ranjay Kumar Mishra,Swatantra,,3,M,False,Nawal Kishore Mishra,स्नातक,,Mahottari,,,Madhesh,Mahottari,Mahottari-3,59478,110247,Bachelor's Degree,26.7,85.7833
1074,341656,Gauri Kumari,Rastriya Swatantra Party,2528.0,30132,F,True,Ram Ekwal Raya Yadav,I.Sc.,,Mahottari,Shivaji Yadav,,Madhesh,Mahottari,Mahottari-4,59543,107494,Higher Secondary / Intermediate (10+2 / PCL),26.65,85.75
1075,339497,Surendra Kumar Yadav,"Janata Samajbadi Party, Nepal",2542.0,8742,M,False,Ram Dayal Yadav,M.D. Medicine,state medical academy kirgystan,Mahottari,Renu Yadav,"मेडिकल अधिकृत वीर अस्पताल मयवौध काठमाडौं, मेडिकल अधिकृत मधेश विज्ञान प्रतिष्ठान जनकपुर, मेडिकल अधिकृत जानकी मेडिकल कलेज रमदैया धनुषा",Madhesh,Mahottari,Mahottari-4,59543,107494,Master's Degree,26.65,85.75
1076,342218,Mahendra Kumar Raya,Nepali Congress,2583.0,6944,M,False,राम परिछन राय,स्‍नातक,त्रिभुवन विश्वविद्यालय,Mahottari Aurhi Municipality Kavilasha,सैल  देवी,"पूर्व राज्य मन्त्री
निवर्तमान साँसद",Madhesh,Mahottari,Mahottari-4,59543,107494,Bachelor's Degree,26.65,85.75
1077,341913,Neelam Adhikari,Nepal Communist Party (Ekikrit Marxbadi Leninbadi),2598.0,6192,F,False,जोगेन्द्र राय यादव,10+2,,Mahottari and other municipalities,दिपेन्द्र कुमार यादव,संविधान सभा सदस्यमा निर्वाचनमा सहभागि भएको,Madhesh,Mahottari,Mahottari-4,59543,107494,Higher Secondary / Intermediate (10+2 / PCL),26.65,85.75
1078,339702,Bharat Prasad Shah,Nepali Communist Party,2557.0,5336,M,False,Ram Ashish Sah,,,Mahottari,Dil Kumari Shah,"गा.वि.स. अध्यक्ष २०५४ सालमा
अंतरिम संसद २०६३ सालमा
संविधान सदस्य २०६४ सालमा
प्रदेश सभा सदस्य २ पटक",Madhesh,Mahottari,Mahottari-4,59543,107494,,26.65,85.75
1079,342574,Manoj Kumar Sah,Janamat Party,2585.0,806,M,False,Bhikhari Prasad,आइ एसी,RRMY मधुरी यादव कौलेज सीतामढी बिहार,Mahottari,Nilam Kumari,,Madhesh,Mahottari,Mahottari-4,59543,107494,Higher Secondary / Intermediate (10+2 / PCL),26.65,85.75
1080,342749,Binod Kumar Mandal,Swatantra,,469,M,False,मोहित  मंडल,स्‍नातक,,Mahottari Ramgopalpur Municipality,,,Madhesh,Mahottari,Mahottari-4,59543,107494,Bachelor's Degree,26.65,85.75
1081,342368,Amit Kumar Singh,Ujyalo Nepal Party,2566.0,172,M,False,Babu Saheb Singh,स्‍नातक,TU,Dhanusha,,स्वास्थ्य सेवामा ५ वर्ष,Madhesh,Mahottari,Mahottari-4,59543,107494,Bachelor's Degree,26.65,85.75
1082,342731,Sunil Kumar Singh,Rastriya Prajatantra Party,2604.0,119,M,False,Chandeshwar Prasad Singh,१२ पास,बिहार,Mahottari,Rupam Singh,१० वर्ष राजनितिक,Madhesh,Mahottari,Mahottari-4,59543,107494,Higher Secondary / Intermediate (10+2 / PCL),26.65,85.75
1083,342737,Vijaya Kumara Sah,Swatantra,,110,M,False,देबलाल  साह,स्‍नातक,,Mahottari and other municipalities,प्रेमशिला  कुमारी,समाजिक सेवा गरेको,Madhesh,Mahottari,Mahottari-4,59543,107494,Bachelor's Degree,26.65,85.75
1084,340837,Rasbihari Mandal,Nepal Communist Party (Sanyukta),2601.0,108,M,False,Garbhu Mandal,10,श्री योग कुमार मा.वि. बलवा महोत्तरी,Mahottari,Mithila Devi,समाज सेवा,Madhesh,Mahottari,Mahottari-4,59543,107494,Secondary Education (Grade 9-10 / SLC / SEE),26.65,85.75
1085,342700,Silam Devi Yadav,Aam Janata Party (Ekal Chunab Chinha),2581.0,94,F,False,Bharat Raya,SEE,टिमकिया स्कुल,Mahottari, ,समाजसेवा,Madhesh,Mahottari,Mahottari-4,59543,107494,Secondary Education (Grade 9-10 / SLC / SEE),26.65,85.75
1086,341397,Sanjay Yadav,Swatantra,,45,M,False,Vasudev Raya Yadav,,,Mahottari,Punam Devi,समाजिक सेवा गरेको,Madhesh,Mahottari,Mahottari-4,59543,107494,,26.65,85.75
1087,341478,Bikau Sahu,Swatantra,,42,M,False,किसुन साह,एस एल सी,,Mahottari Manra Shiswa Municipality Manra,अर्चना देवी साह,,Madhesh,Mahottari,Mahottari-4,59543,107494,Secondary Education (Grade 9-10 / SLC / SEE),26.65,85.75
1088,340331,Rajana Pasavan,Swatantra,,23,M,False,रघुनाथ  पासमान,+2 डिप्लोमा सिभिल,CTEVT,Mahottari Samsi Rural Municipality,,"शिक्षक २ वर्ष
साइट सुभरभाइजर ५ वर्ष",Madhesh,Mahottari,Mahottari-4,59543,107494,Higher Secondary / Intermediate (10+2 / PCL),26.65,85.75
1089,342747,Rama Vinoda Yadav,Swatantra,,20,M,False,रामदरेश यादव,SLC,,Mahottari Sonma Rural Municipality Sunderpur,लिलम देवी यादव,,Madhesh,Mahottari,Mahottari-4,59543,107494,Secondary Education (Grade 9-10 / SLC / SEE),26.65,85.75
1090,339650,Raj Narayan Yadav,Swatantra,,17,M,False,निरंजन यादब,‌‌+2 Science,मधेपुरा कलेज मधेपुरा,Mahottari Samsi Rural Municipality Sangrampur,इन्‍दु कुमारी यादब,"कृषक, समाजिक अभियन्ता समाजिक परिचालक, समाज सेवी इत्यादी",Madhesh,Mahottari,Mahottari-4,59543,107494,Higher Secondary / Intermediate (10+2 / PCL),26.65,85.75
1091,339622,Ajay Kumar Yadav,Swatantra,,15,M,False,Indal Yadav,S.L.C.,श्री सोनफी दशै मा.वि. श्रीपुर,Mahottari,,"समाजसेवी, स्थानीय स्तरमा समाजिक कार्यमा संलग्न",Madhesh,Mahottari,Mahottari-4,59543,107494,Secondary Education (Grade 9-10 / SLC / SEE),26.65,85.75
1092,342765,Ganesh Thakur Lohar,Swatantra,,15,M,False,Shrichan Dev Lohar,SLC,,Mahottari,Shila Devi Lohar,समाजसेवी,Madhesh,Mahottari,Mahottari-4,59543,107494,Secondary Education (Grade 9-10 / SLC / SEE),26.65,85.75
1093,342783,In‍dra Jita Das,Swatantra,,14,M,False,राम अशिष तत्‍मा,साक्षर,,Mahottari Aurhi Municipality Kavilasa,सजन कुमारी देवी,,Madhesh,Mahottari,Mahottari-4,59543,107494,Literate / Non-Formal,26.65,85.75
1094,340746,Kamleshowr Kumar Bhandari,Rastriya Janata Party Nepal,2551.0,13,M,False,पलटन  भण्डारी,स्‍नातक,"श्री स.ज.मा.वि. सोनमा-२, +2 mit jnk, bachler rajarshi janak campus",Mahottari Sonma Rural Municipality,,समाजिक संघ संस्थामा कार्य गरेको,Madhesh,Mahottari,Mahottari-4,59543,107494,Bachelor's Degree,26.65,85.75
1095,341806,Dipendra Kumar Yadav,Swatantra,,13,M,False,Surendra Prasad Yadav,10+2,बिहार इन्टरमेडिएट काउन्सिल पटना,Mahottari,Sunita Kumari Yadav,,Madhesh,Mahottari,Mahottari-4,59543,107494,Higher Secondary / Intermediate (10+2 / PCL),26.65,85.75
1096,342775,Ramina Khatun,Swatantra,,13,F,False,Hanif Nadaf,साक्षर,प्राथमिक विद्यालय,Mahottari,Anwaru Nadaf,,Madhesh,Mahottari,Mahottari-4,59543,107494,Literate / Non-Formal,26.65,85.75
1097,342645,Sukesh Kumar Yadav,Swatantra,,10,M,False,Dinesh Raya,10‌‌+2,,Mahottari,-  ,,Madhesh,Mahottari,Mahottari-4,59543,107494,Higher Secondary / Intermediate (10+2 / PCL),26.65,85.75
1098,342485,Sumitra Kumari,Mongol National Organization,2511.0,9,F,False,Viman Singh,साधारण,,Mahottari,Hari Tamang,सामुदायिक वन सचिवको रुपमा ५ वर्ष काम गरेको,Madhesh,Mahottari,Mahottari-4,59543,107494,Literate / Non-Formal,26.65,85.75
1099,342334,Ganga Prasad Yadav,Swatantra,,8,M,False,बेचु   प्रसाद यादव,10+2,,Mahottari Ramgopalpur Municipality,,,Madhesh,Mahottari,Mahottari-4,59543,107494,Higher Secondary / Intermediate (10+2 / PCL),26.65,85.75
1100,342780,Rijbana Khatun,Swatantra,,8,F,False,अलि हुसेन नदाफ,साक्षर,,Mahottari and other municipalities,जमिर  नदाफ,,Madhesh,Mahottari,Mahottari-4,59543,107494,Literate / Non-Formal,26.65,85.75
1101,342785,Satyanarayan Mahara,Swatantra,,8,M,False,शिवसरण महरा,साक्षर,,Mahottari Ramgopalpur Municipality Ramgopalpur,शरदा देवी,,Madhesh,Mahottari,Mahottari-4,59543,107494,Literate / Non-Formal,26.65,85.75
1102,342714,Rajendra Mandal Khatbe,Swatantra,,7,M,False,Vilas Khatbe,SLC,श्री सोन्फी दशे मा वि श्रीपुर,Mahottari,Shani Devi,,Madhesh,Mahottari,Mahottari-4,59543,107494,Secondary Education (Grade 9-10 / SLC / SEE),26.65,85.75
1103,342744,Singheshwar Khatbe,Swatantra,,7,M,False,खटर  खत्बे,,,Mahottari and other municipalities,राम शिकिल देवी,,Madhesh,Mahottari,Mahottari-4,59543,107494,,26.65,85.75
1104,342400,Mahindar Pasman,Swatantra,,6,M,False,हरिचन  पासमान,निरक्षर,,Mahottari Manra Shiswa Municipality Katti,मरनी  देवी,,Madhesh,Mahottari,Mahottari-4,59543,107494,Illiterate,26.65,85.75
1105,342787,Shanti Devi,Swatantra,,6,F,False,Kariyal Sada,कक्षा ७ उतिर्ण,श्री चुल्हाइ प्रा वि सरपल्लो,Mahottari,Dashaiya Sada,कृषि समाजसेवा,Madhesh,Mahottari,Mahottari-4,59543,107494,Basic Education (Up to Grade 8),26.65,85.75
1106,342761,Hardev Mahara Chamar,Swatantra,,6,M,False,रुपनारायण  महरा,,,Mahottari Ramgopalpur Municipality,- - -,,Madhesh,Mahottari,Mahottari-4,59543,107494,,26.65,85.75
1107,342285,Shiva Shankar Kumar Sharma,"Janata Loktantrik Party, Nepal",2574.0,5,M,False,राम चन्द्र ठाकुर,10+2,,Mahottari Ramgopalpur Municipality,- - -,,Madhesh,Mahottari,Mahottari-4,59543,107494,Higher Secondary / Intermediate (10+2 / PCL),26.65,85.75
1108,340013,Manoj Kumar Yadav,Swatantra,,5,M,False,Ramnath Yadav,आधारभुत तह,श्री योग कुमार मा.वि. बलवा सरपल्लो,Mahottari,Rekha Devi Yadav,"निरन्तर समाज सेवा, समाजिक कार्यमा, सरसफाइ इत्यादी",Madhesh,Mahottari,Mahottari-4,59543,107494,Basic Education (Up to Grade 8),26.65,85.75
1109,340919,Harishchandra Thakur,Swatantra,,4,M,False,Sonelal Thakur,S.L.C.,योग कुमार माध्यमिक वि.बलवा,Mahottari,Sunar Devi,"गा.वि.स. अध्यक्ष
गा.वि.स. वडा अध्यक्ष",Madhesh,Mahottari,Mahottari-4,59543,107494,Secondary Education (Grade 9-10 / SLC / SEE),26.65,85.75
1110,342793,Nitima Bhandari (Karki),Rastriya Swatantra Party,2528.0,44181,F,True,Laxman Karki,स्नातक तह ,old street college eustom (UK),Kathmandu,Chetnath Bhandari,,Madhesh,Sarlahi,Sarlahi-1,73842,121160,Bachelor's Degree,26.95,85.65
1111,342571,Shambhu Lal Shrestha,Nepali Congress,2583.0,7871,M,False,Gopi Lal Shrestha,स्नातक,नेपाल कमर्स क्याम्पस,Sarlahi,Saraswati Kumari Shrestha,"२०४९ र २०५४ मा गा.वि.स. अध्यक्ष, २०७० दोस्रो संविधान सभाको सदस्य ",Madhesh,Sarlahi,Sarlahi-1,73842,121160,Bachelor's Degree,26.95,85.65
1112,340933,Manoj Kumar Devkota,Nepal Communist Party (Ekikrit Marxbadi Leninbadi),2598.0,6101,M,False,Hemlal Devkota,आई.ए.,"महेन्द्र जनता मा.वि., विराटनगर",Sindhuli,Usha Kumari Sapkota,"ईश्वरपुर नगरपालिकाको ५ बर्ष नगर प्रमुख, पूर्व भक्तिपुर गा.वि.स.को उपाध्यक्ष ",Madhesh,Sarlahi,Sarlahi-1,73842,121160,Higher Secondary / Intermediate (10+2 / PCL),26.95,85.65
1113,342751,Pramod Sah,Nepali Communist Party,2557.0,5498,M,False,Ganesh Sah Teli,वि.ए.,रा.रा.ब. क्याम्पस,Sarlahi,Nira Devi Sah,"स्व.वि.यु. उपसभापति, पुर्व प्रतिनिधि सभा सदस्य",Madhesh,Sarlahi,Sarlahi-1,73842,121160,Bachelor's Degree,26.95,85.65
1114,340395,Ram Prakash Chaudhary,"Janata Samajbadi Party, Nepal",2542.0,3991,M,False,Rajveer Chaudhary,,,Sarlahi,Ramwatti Devi Chaudhary,"प्रहरीमा सेवा, निवर्तमान संघीय सांसद",Madhesh,Sarlahi,Sarlahi-1,73842,121160,,26.95,85.65
1115,342723,Chhatra Bahadur Dumjan,Ujyalo Nepal Party,2566.0,1913,M,False,रत्‍न बहादुर डुम्जन,एस.एल.सी.,श्री म.आ.प.मा.वि. जलेश्वर,Sarlahi Ishwarpur Municipality,तिर्थ माया स्याङवा,सामाजिक अभियान्ता ,Madhesh,Sarlahi,Sarlahi-1,73842,121160,Secondary Education (Grade 9-10 / SLC / SEE),26.95,85.65
1116,342786,Shrinjay Mahato,Janamat Party,2585.0,848,M,False,Suresh Mahato,‌‌+2,जनज्योति सेकेन्डरी लालबन्दी,Sarlahi,,,Madhesh,Sarlahi,Sarlahi-1,73842,121160,Higher Secondary / Intermediate (10+2 / PCL),26.95,85.65
1117,342179,Raja Rama Pasavan,Bahujan Ekata Party Nepal (Ekal Chunab Chinha),2567.0,624,M,False,सिकेन्द्र  पासवान,प्रविणता ,श्री चतुर्भुजेश्वर जनता मा.वि. सुखेपोखरी,Sarlahi Lalbandi Municipality,ब्युट  कुमारी,,Madhesh,Sarlahi,Sarlahi-1,73842,121160,Higher Secondary / Intermediate (10+2 / PCL),26.95,85.65
1118,342350,Surya Narayan Raya Yadav,Rastriya Prajatantra Party,2604.0,601,M,False,फकिरा  राय,I.SC.,,Sarlahi Haripur Municipality,विन्दा देवी यादवनी,,Madhesh,Sarlahi,Sarlahi-1,73842,121160,Higher Secondary / Intermediate (10+2 / PCL),26.95,85.65
1119,340838,Sumar Hari Adhikari,Shram Sanskriti Party,2501.0,580,M,False,श्याम हरी अधीकारी,वि.एड.,चतुर्भुजेश्वर जनता मा.वि.,Sarlahi Lalbandi Municipality,,,Madhesh,Sarlahi,Sarlahi-1,73842,121160,Bachelor's Degree,26.95,85.65
1120,342753,Rewar Kumar Adhikari,Swatantra,,359,M,False,प्रेम प्रसाद अधिकारी,‌+2,,Sarlahi Lalbandi Municipality,सविता  अधिकारी,,Madhesh,Sarlahi,Sarlahi-1,73842,121160,Higher Secondary / Intermediate (10+2 / PCL),26.95,85.65
1121,342528,Taiyab Mansur,Rashtra Nirman Dal Nepal,2527.0,312,M,False,Islam Mansuri,साधरण,मोहनपुर,Sarlahi,Fatma Khatun,,Madhesh,Sarlahi,Sarlahi-1,73842,121160,Literate / Non-Formal,26.95,85.65
1122,342692,Jitendra Prasad Sah Rauniyar,Nepal Janata Sanrakshan Party,2541.0,299,M,False,Ram Lakhan Sah Rauniyar,साधरण,ब्रह्मपुरी,Sarlahi,Shobha Devi Rauniyar,,Madhesh,Sarlahi,Sarlahi-1,73842,121160,Literate / Non-Formal,26.95,85.65
1123,342764,Lumadi Prasad Dhimal,Pragatishil Loktantrik Party,2516.0,215,M,False,इन्द्र प्रसाद धिमाल,वि.एड.,रत्नराज्य क्याम्पस,Sarlahi Lalbandi Municipality,अम्बिका  धिमाल (चौलागाई),कृषि सम्बन्धी ,Madhesh,Sarlahi,Sarlahi-1,73842,121160,Bachelor's Degree,26.95,85.65
1124,342790,Tek Bahadur Shrestha,"Rastriya Mukti Andolan, Nepal",2591.0,163,M,False,Tika Lal Shrestha,साधारण,सरकारी विद्यालय,Sarlahi,,,Madhesh,Sarlahi,Sarlahi-1,73842,121160,Literate / Non-Formal,26.95,85.65
1125,342466,Bikash Kumar Thakur,Rastriya Mukti Party Nepal (Ekal Chunab Chinha),2531.0,48,M,False,ओजेन्द्र  ठाकुर,एस.एल.सी.,"श्रीमती कृष्णादेवी जनता मा.वि., मलंगवा, सर्लाही",Sarlahi Kavilasi Municipality Non Market,,"पत्रकरिता, समाजसेवा, पर्यटन",Madhesh,Sarlahi,Sarlahi-1,73842,121160,Secondary Education (Grade 9-10 / SLC / SEE),26.95,85.65
1126,342068,Mo. As‍phak,Aam Janata Party (Ekal Chunab Chinha),2581.0,39,M,False,जिम्‍दार  मिया,i.com.,महाविर जनता मा.वि.हरिपुर,Sarlahi Haripur Municipality Pashupatinagar,वेगम नाजबुन नेशा,"सरकारी सेवा निजामती, अवकाश प्राप्त ",Madhesh,Sarlahi,Sarlahi-1,73842,121160,Higher Secondary / Intermediate (10+2 / PCL),26.95,85.65
1127,342788,Inarajita Saha Teli,Nepal Janata Party,2507.0,37,M,False,गर्भू  साह तेल,s.l.c.,श्री दुर्गा जनता मा.वि. बबरगंज,Sarlahi Ishwarpur Municipality Karmohan,रंभा देवि साह,ड्राइभिङ्ग,Madhesh,Sarlahi,Sarlahi-1,73842,121160,Secondary Education (Grade 9-10 / SLC / SEE),26.95,85.65
1128,342771,Amrita Lala Vomjan,Mongol National Organization,2511.0,36,M,False,सिंह लाल वोम्जन,,,Sarlahi Lalbandi Municipality AC Toll,रुपा माया बोम्नज,,Madhesh,Sarlahi,Sarlahi-1,73842,121160,,26.95,85.65
1129,340004,Ramakant Kapar,Nepal Majdur Kisan Party,2578.0,34,M,False,Arjun Kapar,कक्षा १० ,जलधर कमलदेव मा.वि. ब्रह्मपुरी,Sarlahi,Shriwatti Devi,श्री मरिचमान सिंह जनता मा.वि. व्यवस्थापन समिति सदस्य र कामत टोल सुधार समिति अध्यक्ष,Madhesh,Sarlahi,Sarlahi-1,73842,121160,Secondary Education (Grade 9-10 / SLC / SEE),26.95,85.65
1130,342784,Mohana Pasavan,Swatantra,,23,M,False,सुन्‍दर  पासवान,+2,जनज्योति मा.वि. सर्लाही ,Sarlahi Lalbandi Municipal Rehabilitation D Toll,,,Madhesh,Sarlahi,Sarlahi-1,73842,121160,Higher Secondary / Intermediate (10+2 / PCL),26.95,85.65
1131,342627,Arun Kumar Mahatto Sudi,Swatantra,,21,M,False,Yogendra Mahatto Sudi,+12 Science ,रा.रा.ब. क्याम्पस जनकपुर,Sarlahi,Pushpa Devi Mahatto,३८ बर्ष सार्वजनिक संस्थानमा काम गरेको,Madhesh,Sarlahi,Sarlahi-1,73842,121160,Higher Secondary / Intermediate (10+2 / PCL),26.95,85.65
1132,342673,Gambhir Hari Adhikari,Swatantra,,14,M,False,Ganesh Hari Adhikari,एस.एल.सी.,,Sarlahi,Lal Kumari Adhikari Niraula,,Madhesh,Sarlahi,Sarlahi-1,73842,121160,Secondary Education (Grade 9-10 / SLC / SEE),26.95,85.65
1133,342794,Ram Dular Mahato,Swatantra,,10,M,False,Upendra Mahato Koiri,११,,Dhanusha,,,Madhesh,Sarlahi,Sarlahi-1,73842,121160,Higher Secondary / Intermediate (10+2 / PCL),26.95,85.65
1134,341876,Ramparikshan Yadav,Swatantra,,8,M,False,Ramkhelaun Yadav Gwar,एस.एल.सी.,,Sarlahi,Sangita Adhikari,,Madhesh,Sarlahi,Sarlahi-1,73842,121160,Secondary Education (Grade 9-10 / SLC / SEE),26.95,85.65
1135,342777,Madho Paswan Dusad,Swatantra,,7,M,False,रामचन्द्र  पासवान,,,Sarlahi Ishwarpur Municipality Khaira,शैल कुमारी पासवान,,Madhesh,Sarlahi,Sarlahi-1,73842,121160,,26.95,85.65
1136,341119,Bharat Chaudhary,Swatantra,,6,M,False,Ram Ashish Chaudhary,साक्षर ,,Sarlahi,Sail Kumari Kalwar,,Madhesh,Sarlahi,Sarlahi-1,73842,121160,Literate / Non-Formal,26.95,85.65
1137,342792,Ram Kalash,Swatantra,,3,M,False,गगन देव चमार,साधारण,,Sarlahi Chandranagar Rural Municipality,उर्मिला  देवी चमार,,Madhesh,Sarlahi,Sarlahi-1,73842,121160,Literate / Non-Formal,26.95,85.65
1138,341252,Rabin Mahato,Rastriya Swatantra Party,2528.0,42512,M,True,रामपुकार महतो सुडी,१०+२ पास,"राजर्षि जनक क्याम्पस, जनकपुर",Sarlahi Kavilasi Municipality,, ,Madhesh,Sarlahi,Sarlahi-2,72381,123043,Higher Secondary / Intermediate (10+2 / PCL),26.9167,85.5833
1139,341177,Mahindra Raya Yadav,Nepali Communist Party,2557.0,8523,M,False,शुभ करण यादव,एस.एल.सी. उतिर्ण,"त्रभुवन स्कुल, गौशाला, महित्तरी",Sarlahi Haripurwa Municipality,ममता देवी यादव, ,Madhesh,Sarlahi,Sarlahi-2,72381,123043,Secondary Education (Grade 9-10 / SLC / SEE),26.9167,85.5833
1140,342345,Da.saroja Kumar,Nepali Congress,2583.0,7039,M,False,नागेन्द्र  कुमार,एम.बि.बि.एस,नेपाल मेडिकल कलेज  कोहलपुर,Sarlahi Kaudena rural municipality,राशु  रानी,,Madhesh,Sarlahi,Sarlahi-2,72381,123043,Bachelor's Degree,26.9167,85.5833
1141,339711,Rajendra Mahato,Rastriya Mukti Party Nepal (Ekal Chunab Chinha),2531.0,5992,M,False,Khobhari Mahato,स्नातक,त्रिभुवन विश्वविद्यालय,Sarlahi,Shail Kumari Devi, ,Madhesh,Sarlahi,Sarlahi-2,72381,123043,Bachelor's Degree,26.9167,85.5833
1142,342567,Raji Ahamad,Nepal Sanghiya Samajbadi Party (Ekal Chunab Chinha),2567.0,2283,M,False,शेष गनी अहमद,+२,राम सकल सिंह साइन्स कलेज सितामढी विहार,Sarlahi Kaudena rural municipality,,,Madhesh,Sarlahi,Sarlahi-2,72381,123043,Higher Secondary / Intermediate (10+2 / PCL),26.9167,85.5833
1143,342430,Krishna Yadav,Nepalka Lagi Nepali Party,2524.0,2227,M,False,Ram Gopal Raya Yadav,,,Sarlahi,,,Madhesh,Sarlahi,Sarlahi-2,72381,123043,,26.9167,85.5833
1144,342240,Nagesh‍vara Sah,Nepal Communist Party (Ekikrit Marxbadi Leninbadi),2598.0,1463,M,False,बलिराम महतो सुडी,+2,HSEB Nepal,Sarlahi Parsa Rural Municipality,राम कुमारी देवि,,Madhesh,Sarlahi,Sarlahi-2,72381,123043,Higher Secondary / Intermediate (10+2 / PCL),26.9167,85.5833
1145,340966,Vipina Kapar,Janamat Party,2585.0,756,M,False,नारायण  कापर,स्‍नातक (बि.ई),बैङ्गलौर विश्वविद्यालय,Sarlahi Brahmapuri rural municipality,निर्मला  मंण्डल,"संयुक्त राष्ट्र संघ नेपाल
संयुक्त राष्ट्र संघ(UN) कंगो प्रजातान्त्रिक
संयुक्त राष्ट्र संघ(UN) हाइटी
",Madhesh,Sarlahi,Sarlahi-2,72381,123043,Bachelor's Degree,26.9167,85.5833
1146,342291,Bharat Chaudhary,"Janata Samajbadi Party, Nepal",2542.0,518,M,False,Satya Narayan Chaudhary,एस. एल.सी. नेपाल,,Sarlahi,Rina Devi Chaudhary,,Madhesh,Sarlahi,Sarlahi-2,72381,123043,Secondary Education (Grade 9-10 / SLC / SEE),26.9167,85.5833
1147,342388,Manoj Kumar Raya,Swatantra,,190,M,False,गंगाराम राय यादव,10+2,,Sarlahi Malangwa Municipality,अर्चना  कुमारी,,Madhesh,Sarlahi,Sarlahi-2,72381,123043,Higher Secondary / Intermediate (10+2 / PCL),26.9167,85.5833
1148,341361,Raj Kishor Raya Yadav,Rastriya Prajatantra Party,2604.0,143,M,False,जय नारायण राय यादव,S.L.C.,श्री के.ग.मा.वि. हरिपूर्वा,Sarlahi Parsa Rural Municipality Sangrampur,सुमिन्त्रा  देवी,सर्लाहीको धार्मीक र सास्कृती बिकासको लागी २०७४ साल देखी निरन्तर लागी राखेको छु ।,Madhesh,Sarlahi,Sarlahi-2,72381,123043,Secondary Education (Grade 9-10 / SLC / SEE),26.9167,85.5833
1149,342689,Umesh Kumar Singh,Gatishil Loktantrik Party,2571.0,104,M,False,Ram Narayan Singh,डिप्लोमा सिभिल ईन्जिनियर,ई.अ.संस्था पुल्चोक क्याम्पस,Sarlahi,Manju Singh,,Madhesh,Sarlahi,Sarlahi-2,72381,123043,Diploma / Certificate Level,26.9167,85.5833
1150,340393,Abdul Kudush Mansuri,Swatantra,,103,M,False,कयुम  मंसुरी,साक्षर, ,Sarlahi Malangwa Municipality,, ,Madhesh,Sarlahi,Sarlahi-2,72381,123043,Literate / Non-Formal,26.9167,85.5833
1151,340525,Ram Kebal Raya,Swatantra,,93,M,False,सुकलाल  राय,एस. एल.सी.,श्री ज. मा.वि. अग्वा,Sarlahi Kavilasi Municipality,संगिता कुमारी देवी, ,Madhesh,Sarlahi,Sarlahi-2,72381,123043,Secondary Education (Grade 9-10 / SLC / SEE),26.9167,85.5833
1152,342712,Chandra Bhusan Sah,Aam Janata Party (Ekal Chunab Chinha),2581.0,92,M,False,सत्यनारायण  साह,राजनितिक शास्त्रमा  स्नातोक्तर (एल.एल.बी.),त्रि.वि.,Sarlahi Ishwarpur Municipality,,,Madhesh,Sarlahi,Sarlahi-2,72381,123043,Master's Degree,26.9167,85.5833
1153,342674,Ram Naresh Ram,Pragatishil Loktantrik Party,2516.0,49,M,False,Chalitar Mahara,SLC,केशर गरिब मा.वि. हरिपुर्वा,Sarlahi,Gayatri Devi,,Madhesh,Sarlahi,Sarlahi-2,72381,123043,Secondary Education (Grade 9-10 / SLC / SEE),26.9167,85.5833
1154,342533,Tej Narayan Musahar,Swatantra,,48,M,False,Rebi Mushahar,साक्षर,,Sarlahi,Shidulari Majhi,,Madhesh,Sarlahi,Sarlahi-2,72381,123043,Literate / Non-Formal,26.9167,85.5833
1155,342682,Raj Kishor Raya Yadav,Swatantra,,39,M,False,जोगेन्‍द्र राय यादव,एस.एल.सी.,,Sarlahi Parsa Rural Municipality,सुजिता कुमारी यादव,,Madhesh,Sarlahi,Sarlahi-2,72381,123043,Secondary Education (Grade 9-10 / SLC / SEE),26.9167,85.5833
1156,341118,Gunjesh‍vara Prasada Shah,Swatantra,,32,M,False,नारायण साह तेली,प्रवोनता प्रमाण पत्र तह,T.U.,Sarlahi Brahmapuri rural municipality,फुल  कुमारी,  ,Madhesh,Sarlahi,Sarlahi-2,72381,123043,Higher Secondary / Intermediate (10+2 / PCL),26.9167,85.5833
1157,342719,Chaneshwar Sah,United Nepal Democratic Party,2561.0,25,M,False,टेटु साह तेली,,,Sarlahi Brahmapuri rural municipality,जितनी  देबी,,Madhesh,Sarlahi,Sarlahi-2,72381,123043,,26.9167,85.5833
1158,342660,Ram Narayan Raya,Swatantra,,21,M,False,ध्‍यानी  राय,५,,Sarlahi Malangwa Municipality,उर्मिला  देवी,,Madhesh,Sarlahi,Sarlahi-2,72381,123043,Basic Education (Up to Grade 8),26.9167,85.5833
1159,342486,Dipesh Kumar Yadav,Swatantra,,20,M,False,Rajkumar Raya Yadav,Diploma in Pharmachy,इलाम,Sarlahi,,,Madhesh,Sarlahi,Sarlahi-2,72381,123043,Diploma / Certificate Level,26.9167,85.5833
1160,342643,Nagendra Chaudhary,Swatantra,,17,M,False,Ram Vilas Chaudhary,SLC,,Sarlahi,,,Madhesh,Sarlahi,Sarlahi-2,72381,123043,Secondary Education (Grade 9-10 / SLC / SEE),26.9167,85.5833
1161,340435,Birendra Thakur Lohar,Swatantra,,17,M,False,राम एकवाल ठाकुर,साक्षर, ,Sarlahi Kaudena Rural Municipality Phulparasi,प्रमिला देवी ठाकुर, ,Madhesh,Sarlahi,Sarlahi-2,72381,123043,Literate / Non-Formal,26.9167,85.5833
1162,341035,Kanchan Chaudhary,Swatantra,,15,F,False,Kedar Chaudhary,साधारण लेखपढ, ,Sarlahi,Ramchandra Chaudhary, ,Madhesh,Sarlahi,Sarlahi-2,72381,123043,Literate / Non-Formal,26.9167,85.5833
1163,342611,Ram Adhin Raya,Swatantra,,15,M,False,रुदल  राय,साधारण,,Sarlahi Vishnu Rural Municipality,भुइली  देवी,,Madhesh,Sarlahi,Sarlahi-2,72381,123043,Literate / Non-Formal,26.9167,85.5833
1164,342586,Bikau Raya,Swatantra,,15,M,False,चलितर  राय,साक्षर,,Sarlahi Haripurwa Municipal Pond,सविता देवी यादव,,Madhesh,Sarlahi,Sarlahi-2,72381,123043,Literate / Non-Formal,26.9167,85.5833
1165,340482,Manoj Kumar Yadav,Swatantra,,14,M,False,Bachche Lal Raya,आठ कक्षा पास मात्र,जन्ता मा.वि.ईनरवा कौडेना,Sarlahi,Vinita Devi Yadav,,Madhesh,Sarlahi,Sarlahi-2,72381,123043,Basic Education (Up to Grade 8),26.9167,85.5833
1166,342626,Manoj Kumar Yadav,Swatantra,,8,M,False,Bachche Lal Raya,,,Sarlahi,Vinita Devi Yadav,,Madhesh,Sarlahi,Sarlahi-2,72381,123043,,26.9167,85.5833
1167,342156,Ram Nath Sah,Swatantra,,7,M,False,Ram Swarup Sah,५ पास,,Sarlahi,Kiran Devi Sah,,Madhesh,Sarlahi,Sarlahi-2,72381,123043,Basic Education (Up to Grade 8),26.9167,85.5833
1168,342703,Satya Narayan Chaudhary Kalwar,Swatantra,,1,M,False,Chulhai Chaudhary,समान्य,,Sarlahi,Samindar Kumari,,Madhesh,Sarlahi,Sarlahi-2,72381,123043,Literate / Non-Formal,26.9167,85.5833
1169,339904,Narendra Saha Kalavar,Rastriya Swatantra Party,2528.0,46890,M,True,अनन्त साह कलवार,आइ ए,आर आर क्याम्पस जनकपुर,Sarlahi Barhathwa Municipality,दिपा लक्ष्मी साह,,Madhesh,Sarlahi,Sarlahi-3,77838,132305,Higher Secondary / Intermediate (10+2 / PCL),26.8833,85.5167
1170,340441,Naryan Kaji Shrestha,Nepali Communist Party,2557.0,13338,M,False,मेघ नारायण श्रेष्‍ठ,स्नाकोत्तर,त्रिभुवन विश्वविद्यालय,Gorkha Siranchok Rural Municipality Joubari,,"(क) संविधान सभा सदस्य । राष्ट्रिय सभा सदस्य
(ख) उपप्रधानमन्त्रि । परराष्ट्र मन्त्री, स्थानिय विकास मन्त्रि, भोतिक पुर्वाधार तथा यातायात मन्त्रि, गृहमन्त्रि नेपाल सरकार
",Madhesh,Sarlahi,Sarlahi-3,77838,132305,Master's Degree,26.8833,85.5167
1171,341765,Binod Kumar Khanal,Nepali Congress,2583.0,6624,M,False,ध्रुव नाथ खनाल,स्नातक,नेपाल ल क्याम्पस,Sarlahi Barhathwa Municipality Tikulia,बिन्दा  कोईराल खनाल,"राजनिति
समाजसेवा",Madhesh,Sarlahi,Sarlahi-3,77838,132305,Bachelor's Degree,26.8833,85.5167
1172,341134,Hari Prasad Upreti,Nepal Communist Party (Ekikrit Marxbadi Leninbadi),2598.0,5776,M,False,Govinda Prasad Upreti,स्नातक,जनज्योती मा.बि. चन्द्रपुर / ठाकुरराम बहुमुखी क्याम्पस / स्नातक सरस्वती बहुमुखी क्याम्पस,Sarlahi,Urmila Kumari Mainali,"१. संविधान सभा सदस्य
२. प्रतिनिधी सभा सदस्य
३. २ पटक रक्षामन्त्री भई कार्य गरेको । ",Madhesh,Sarlahi,Sarlahi-3,77838,132305,Bachelor's Degree,26.8833,85.5167
1173,340618,Tribhuwan Kumar Singh,Ujyalo Nepal Party,2566.0,2622,M,False,जुडी प्रसाद सिंह,B.E. / M.A.,manglore university / tribhuwan university,Sarlahi Barhathwa Municipality Barhathwa,शोभा कुमारी महतो,"
(क) Site Engineer @Gulf country.

(ख) Quality Inspector @American oil company.

(३) Quality Superisor @ American oil company
",Madhesh,Sarlahi,Sarlahi-3,77838,132305,Master's Degree,26.8833,85.5167
1174,341268,Jay Prakash Raya,"Janata Samajbadi Party, Nepal",2542.0,766,M,False,दयाराम  राय,विद्यावारिधी,आन्ध्रा विश्वविद्यालय भारत,Sarlahi Kavilasi Municipality Pachgachhia,सुनिता कुमारी राय,,Madhesh,Sarlahi,Sarlahi-3,77838,132305,Doctorate / PhD,26.8833,85.5167
1175,340692,Dholram Barkoti,Rastriya Prajatantra Party,2604.0,478,M,False,Dhaka Bahadur Barkoti,एस एल सी ,श्री च.ज. शहिद गंगालाल मा.बि.,Sarlahi,Gita Shrestha Barkoti,,Madhesh,Sarlahi,Sarlahi-3,77838,132305,Secondary Education (Grade 9-10 / SLC / SEE),26.8833,85.5167
1176,340289,Bir Bahadur Rumba,Mongol National Organization,2511.0,267,M,False,ईमान सिंह रुम्बा,+२,श्री क्यानेश्वर मा.बि.,Sarlahi Bagmati Municipality Dharahara,विपना रुम्बा,,Madhesh,Sarlahi,Sarlahi-3,77838,132305,Higher Secondary / Intermediate (10+2 / PCL),26.8833,85.5167
1177,340834,Suni Prasad Gupta,Janamat Party,2585.0,260,M,False,महेन्द्र प्रसाद गुप्ता,वैचलर,nams college,Sarlahi Kavilasi Municipality,बीणा  गुप्ता,स्वास्थ्य सम्बन्धी कार्यक्रम संचालन,Madhesh,Sarlahi,Sarlahi-3,77838,132305,Bachelor's Degree,26.8833,85.5167
1178,341462,Krishna Nandan Raya,Swatantra,,154,M,False,सवाई  राय,आय एस सी ,नेपाल सरकार,Sarlahi Kavilasi Municipality Vingra,श्रीपती देवी राय,समाजसेवी,Madhesh,Sarlahi,Sarlahi-3,77838,132305,Higher Secondary / Intermediate (10+2 / PCL),26.8833,85.5167
1179,341973,Shivadayal Mahara,Bahujan Ekata Party Nepal (Ekal Chunab Chinha),2567.0,151,M,False,लखन  महरा,आधारभुत शिक्षा,दुर्गा सरस्वती माध्यमिक विद्यालय ,Sarlahi Barhathwa Municipality Kisanpur Katani,अनिता देवी महरा,,Madhesh,Sarlahi,Sarlahi-3,77838,132305,Basic Education (Up to Grade 8),26.8833,85.5167
1180,342679,Sabiul Shesh,Pragatishil Loktantrik Party,2516.0,144,M,False,Abbas Shesh,,,Sarlahi,,,Madhesh,Sarlahi,Sarlahi-3,77838,132305,,26.8833,85.5167
1181,342411,Pawan Kumar Mahato,Nepal Communist Party (Maoist),2526.0,88,M,False,Dorik Mahato,एस एल सी ,जनसेवा मा.बि. घुर्कौली ,Sarlahi,Sangita Devi Mahato,"१. कृषि क्षेत्रमा लामो समयदेखि का‍म गरेको । 
२. सामाजिक संघ संस्था आदिमा रहेर समाज सेवा गरेको । ",Madhesh,Sarlahi,Sarlahi-3,77838,132305,Secondary Education (Grade 9-10 / SLC / SEE),26.8833,85.5167
1182,342695,Yuvaraja Pakhrin,Swatantra,,84,M,False,आइ बहादुर पाख्रिन,,,Sarlahi Barhathwa Municipality,कल्‍पना  लामा,,Madhesh,Sarlahi,Sarlahi-3,77838,132305,,26.8833,85.5167
1183,342734,Yuvaraja Lueetel,Swatantra,,33,M,False,दुर्गा प्रसाद लुईटैल,,,Sarlahi Hariwan Municipality,शिव कुमारी दाहाल,,Madhesh,Sarlahi,Sarlahi-3,77838,132305,,26.8833,85.5167
1184,342538,Krishna Kumar Shah,Swatantra,,18,M,False,Ram Pukar Sah,१२ पास,,Sarlahi,,,Madhesh,Sarlahi,Sarlahi-3,77838,132305,Higher Secondary / Intermediate (10+2 / PCL),26.8833,85.5167
1185,342722,Mukesh Kumar Raya,Swatantra,,17,M,False,रामेश्‍वर  राय,,,Sarlahi Barhathwa Municipality Murtia,मनतोरीया देबी राय,,Madhesh,Sarlahi,Sarlahi-3,77838,132305,,26.8833,85.5167
1186,342740,Tajavija Bhandari,Swatantra,,15,M,False,चेतराज  भण्डारी,,,Kailali Godavari Municipality,,,Madhesh,Sarlahi,Sarlahi-3,77838,132305,,26.8833,85.5167
1187,342448,Rama Koirala,Nepal Majdur Kisan Party,2578.0,13,F,False,Komal Prasad Koirala,एस एल सी ,,Sarlahi,Santosh Gautam,,Madhesh,Sarlahi,Sarlahi-3,77838,132305,Secondary Education (Grade 9-10 / SLC / SEE),26.8833,85.5167
1188,340925,Ram Bahadur Mahato Koir,Prajatantrik Party Nepal,2582.0,13,M,False,रामअशिष  महतो कोइरी,slc, श्री जनता मा.बि. पकडी फेन्हरा,Sarlahi Lalbandi Municipality Nawalpur,सुनैना देवी कोइरी,सामाजिक सेवा ,Madhesh,Sarlahi,Sarlahi-3,77838,132305,Secondary Education (Grade 9-10 / SLC / SEE),26.8833,85.5167
1189,342489,Anil Kumar Yadav,Swatantra,,12,M,False,Vinod Kumar Yadav,+2 ,,Sarlahi,,,Madhesh,Sarlahi,Sarlahi-3,77838,132305,,26.8833,85.5167
1190,340177,Mahesh Raj Dahal,Rastriya Mukti Party Nepal (Ekal Chunab Chinha),2531.0,10,M,False,Tikaram Dahal,एम फिल / पिएचडी अध्ययनरत,त्रिभुवन विश्वविद्यालय,Chitwan,Prabha Dahal Subedi,"१. राष्ट्रिय अध्ययक्ष - २०११ नेपाल जेसिस
२. कार्यकारिणी अध्यक्ष - २०१५- २०१८
३. नेपाली राजदुत अष्ट्रेलिया - २०१९-२०२१
४. विकास तालिम अनुसन्धान परामर्शदाता ",Madhesh,Sarlahi,Sarlahi-3,77838,132305,Doctorate / PhD,26.8833,85.5167
1191,342512,Jay Lal Sahani,Swatantra,,10,M,False,Bihari Sahani,साधारण,,Rautahat,Sunaina Devi,,Madhesh,Sarlahi,Sarlahi-3,77838,132305,Literate / Non-Formal,26.8833,85.5167
1192,340757,Baiju Sah,Swatantra,,9,M,False,Soman Sah,एस एल सी ,महादेव जनता मा.बि. हरिवन,Sarlahi,,,Madhesh,Sarlahi,Sarlahi-3,77838,132305,Secondary Education (Grade 9-10 / SLC / SEE),26.8833,85.5167
1193,342625,Ram Prit Mahara,Swatantra,,9,M,False,मोहित  महरा,,,Sarlahi Kavilasi Municipality,नगिया  देवी,,Madhesh,Sarlahi,Sarlahi-3,77838,132305,,26.8833,85.5167
1194,341856,Sandip Thapa,Swatantra,,7,M,False,Dharma Raj Thapa,मास्टर,श्री जनज्योती बहुमुखी क्याम्पस,Sindhuli,,सामाजिक अनुभव,Madhesh,Sarlahi,Sarlahi-3,77838,132305,Master's Degree,26.8833,85.5167
1195,342653,Pramod Kumar Sah,Swatantra,,6,M,False,Ram Ishwor Sah,,,Sarlahi,Ranju Devi,,Madhesh,Sarlahi,Sarlahi-3,77838,132305,,26.8833,85.5167
1196,340527,Laxmi Kumari Adhikari,Swatantra,,6,F,False,Shambhu Bahadur Adhikari,एस एल सी ,HMG,Sarlahi,Ramesh Adhikari,,Madhesh,Sarlahi,Sarlahi-3,77838,132305,Secondary Education (Grade 9-10 / SLC / SEE),26.8833,85.5167
1197,342607,Ram Chandra Chamar,Swatantra,,5,M,False,Jugeshwar Chamar,साक्षर,,Sarlahi,Sayal Kumari Devi,,Madhesh,Sarlahi,Sarlahi-3,77838,132305,Literate / Non-Formal,26.8833,85.5167
1198,342729,Umesh Kumar Raya,Swatantra,,4,M,False,नथुनी  राय,,,Sarlahi Kavilasi Municipality,मुन्द्रीका कुमारी देवी,,Madhesh,Sarlahi,Sarlahi-3,77838,132305,,26.8833,85.5167
1199,342102,Dambar Bahadur Khadka,Swatantra,,3,M,False,Bhim Bahadur Khadka,+२ ,NEB,Sarlahi,,,Madhesh,Sarlahi,Sarlahi-3,77838,132305,Higher Secondary / Intermediate (10+2 / PCL),26.8833,85.5167
1200,342256,Pramod Bhattarai,Swatantra,,3,M,False,Narayan Hari Bhattarai,एस एल सी ,जनता मा वि ,Sarlahi,Durga Devi Dulal,,Madhesh,Sarlahi,Sarlahi-3,77838,132305,Secondary Education (Grade 9-10 / SLC / SEE),26.8833,85.5167
1201,342161,Chandan Rajbanshi,Swatantra,,2,M,False,Lalbihari Raya,सनातक,सर्लाही क्याम्पस,Sarlahi,,,Madhesh,Sarlahi,Sarlahi-3,77838,132305,Bachelor's Degree,26.8833,85.5167
1202,342738,Lok Bhadur Darlami,Swatantra,,1,M,False,भक्‍त बहादुर दर्लामी,,,Sarlahi Bagmati Municipality,मुना माया दर्लामी,,Madhesh,Sarlahi,Sarlahi-3,77838,132305,,26.8833,85.5167
1203,340974,Amaresh Kumar Singh,Rastriya Swatantra Party,2528.0,35688,M,True,राम सागर सिह,p.hd.,,Sarlahi Balra Municipality Balra Got,,,Madhesh,Sarlahi,Sarlahi-4,73350,120912,Doctorate / PhD,26.85,85.45
1204,341549,Gagan Kumar Thapa,Nepali Congress,2583.0,22831,M,False,Mahendra Kumar Thapa Chhetri,एम.ए.,,Kathmandu,Anjana K.C. (Thapa),,Madhesh,Sarlahi,Sarlahi-4,73350,120912,Master's Degree,26.85,85.45
1205,339944,Amnish Kumar Yadav,Nepal Communist Party (Ekikrit Marxbadi Leninbadi),2598.0,9343,M,False,शिब पुजन राय,‍B.B.S.,,Sarlahi Ramnagar Rural Municipality,,,Madhesh,Sarlahi,Sarlahi-4,73350,120912,Bachelor's Degree,26.85,85.45
1206,340494,Rakesh Kumar Mishra,Janamat Party,2585.0,1572,M,False,Bal Kishore Mishra,एम.ए राजनितिशास्त्र ,पत्रकारिक्ता ,Sarlahi,Nitu Pathak,"सुखी नेपाली समुद्ध नेपाल, सवायत मधेश प्रदेश सहित स्वराज स्थापनाका निमित ",Madhesh,Sarlahi,Sarlahi-4,73350,120912,Master's Degree,26.85,85.45
1207,341761,Rajnish Raya,Nepali Communist Party,2557.0,1401,M,False,राम कैलास राय,MBBS,बंगलादेश,Sarlahi Godata Municipality,,,Madhesh,Sarlahi,Sarlahi-4,73350,120912,Bachelor's Degree,26.85,85.45
1208,340651,Pitamvara Sinha Kushavaha,Ujyalo Nepal Party,2566.0,455,M,False,भगलु महतो कोइरी,माष्टर डिग्री ,,Sarlahi Godata Municipality,ममता  कुशवाहा,,Madhesh,Sarlahi,Sarlahi-4,73350,120912,Master's Degree,26.85,85.45
1209,340873,Harinandan Kumar Ranjan,Bahujan Ekata Party Nepal (Ekal Chunab Chinha),2567.0,452,M,False,Akalu Ram Chamar,एमएड,,Sarlahi,,,Madhesh,Sarlahi,Sarlahi-4,73350,120912,Master's Degree,26.85,85.45
1210,341496,Sachitra Sahani,Swatantra,,410,M,False,Ram Charitra Sahani,,,Sarlahi,,,Madhesh,Sarlahi,Sarlahi-4,73350,120912,,26.85,85.45
1211,341132,Ramcharitra Sahani,Pragatishil Loktantrik Party,2516.0,299,M,False,Chaturi Sahani,बी.एड,,Sarlahi,Jaleshwari Devi,,Madhesh,Sarlahi,Sarlahi-4,73350,120912,Bachelor's Degree,26.85,85.45
1212,341221,Rameshowr Raya Yadav,"Janata Samajbadi Party, Nepal",2542.0,184,M,False,बिलट राय यादव,स्नातक,,Sarlahi Chakraghatta Rural Municipality Belhi,गायत्री  यादव,,Madhesh,Sarlahi,Sarlahi-4,73350,120912,Bachelor's Degree,26.85,85.45
1213,341162,Gyanendra Prasad Kushwaha,Swatantra,,113,M,False,Shubhanarayan Mahato,+२,,Sarlahi,,,Madhesh,Sarlahi,Sarlahi-4,73350,120912,Higher Secondary / Intermediate (10+2 / PCL),26.85,85.45
1214,341949,Ramnath Prasad Sah,Nepal Communist Party (Sanyukta),2601.0,98,M,False,Dhanuk Sah,s.L.C.,,Sarlahi,Rubi Kumari,,Madhesh,Sarlahi,Sarlahi-4,73350,120912,Secondary Education (Grade 9-10 / SLC / SEE),26.85,85.45
1215,340740,Mukesh Prasad Kushwaha,Swatantra,,88,M,False,Satya Narayan Mahato,,,Sarlahi,,,Madhesh,Sarlahi,Sarlahi-4,73350,120912,,26.85,85.45
1216,342639,Rinki Kumari Sah,Aam Janata Party (Ekal Chunab Chinha),2581.0,72,F,False,Amarendra Sah,,,Sarlahi,Sunil Kumar Gupta,,Madhesh,Sarlahi,Sarlahi-4,73350,120912,,26.85,85.45
1217,341088,Pradip Kumar Jha,Rastriya Prajatantra Party,2604.0,70,M,False,Shribhagya Narayan Jha,,,Sarlahi,Sanju Kumari Jha,,Madhesh,Sarlahi,Sarlahi-4,73350,120912,,26.85,85.45
1218,342271,Uday Kant Mishra,Rastriya Mukti Party Nepal (Ekal Chunab Chinha),2531.0,45,M,False,Bhuwaneshwar Mishra,,,Sarlahi,Kiran Mishra,,Madhesh,Sarlahi,Sarlahi-4,73350,120912,,26.85,85.45
1219,342194,Ajay Ojha,Swatantra,,22,M,False,Jogi Ojha,,,Sarlahi,Papi Kumari Ojha,,Madhesh,Sarlahi,Sarlahi-4,73350,120912,,26.85,85.45
1220,341687,Nrendra Prasad Singh,Swatantra,,19,M,False,बैजनाथ प्रसाद सि‌ह,,,Sarlahi Dhankaul rural municipality,मनोरमा  कुमारी,,Madhesh,Sarlahi,Sarlahi-4,73350,120912,,26.85,85.45
1221,341709,Nilesh Kumar Yadav,Swatantra,,17,M,False,Setanarayan Raya,,,Sarlahi,,,Madhesh,Sarlahi,Sarlahi-4,73350,120912,,26.85,85.45
1222,342696,Jay Shankar Singh Kushwaha,Swatantra,,16,M,False,Maheshwar Mahato,,,Sarlahi,,,Madhesh,Sarlahi,Sarlahi-4,73350,120912,,26.85,85.45
1223,342590,Mahesh Mandal Dhanuk,Swatantra,,16,M,False,Gulabi Mandal Dhanuk,,,Sarlahi,Kanti Devi,,Madhesh,Sarlahi,Sarlahi-4,73350,120912,,26.85,85.45
1224,342686,Shulpani Jha,Swatantra,,15,M,False,Surendra Jha,,,Sarlahi,,,Madhesh,Sarlahi,Sarlahi-4,73350,120912,,26.85,85.45
1225,341826,Raman Mishra,Swatantra,,13,M,False,Kali Kanta Mishra,,,Sarlahi,,,Madhesh,Sarlahi,Sarlahi-4,73350,120912,,26.85,85.45
1226,342677,Dhiraj Thakur,Swatantra,,12,M,False,Ram Sogarath Thakur,,,Sarlahi,,,Madhesh,Sarlahi,Sarlahi-4,73350,120912,,26.85,85.45
1227,341801,Ram Prabesh Yadav,Swatantra,,12,M,False,राश नारायण राय,,,Sarlahi Godata Municipality Bakainia,सुन्द्रिका  यादव,,Madhesh,Sarlahi,Sarlahi-4,73350,120912,,26.85,85.45
1228,342541,Ganesh Prasad Singh,Swatantra,,11,M,False,Upendra Singh,,,Sarlahi,Punam Devi,,Madhesh,Sarlahi,Sarlahi-4,73350,120912,,26.85,85.45
1229,342163,Chotelal Kumar Yadav,Swatantra,,10,M,False,Shiv Prasad Raya Yadav,,,Sarlahi,,,Madhesh,Sarlahi,Sarlahi-4,73350,120912,,26.85,85.45
1230,342015,Kamlesh Mandal,Swatantra,,9,M,False,Abadh Mandal,,,Sarlahi,,,Madhesh,Sarlahi,Sarlahi-4,73350,120912,,26.85,85.45
1231,341464,Santosh Kumar Nisad,Swatantra,,8,M,False,राज किशोर कापड,,,Sarlahi Balra Municipality,,,Madhesh,Sarlahi,Sarlahi-4,73350,120912,,26.85,85.45
1232,340787,Amit Ranjan Singh,Swatantra,,7,M,False,Ramprem Singh,,,Sarlahi,Nisa Kumari Singh,,Madhesh,Sarlahi,Sarlahi-4,73350,120912,,26.85,85.45
1233,341985,Chun Chun Bhandari,Swatantra,,7,M,False,Bhola Bhandari,,,Sarlahi,Kaushila Devi,,Madhesh,Sarlahi,Sarlahi-4,73350,120912,,26.85,85.45
1234,341585,Madhumala Kumari Yadav,Swatantra,,7,F,False,Shivpujan Raya Yadav,,,Sarlahi,,,Madhesh,Sarlahi,Sarlahi-4,73350,120912,,26.85,85.45
1235,340999,Shiva Prasad Sah,Swatantra,,7,M,False,जगदिश  साह,,,Sarlahi Basbaria rural municipality,निर्मला देवी साह,,Madhesh,Sarlahi,Sarlahi-4,73350,120912,,26.85,85.45
1236,342356,Ambuj Prasad Sah,Swatantra,,5,M,False,Ram Vilas Sah,,,Sarlahi,Bindu Sah,,Madhesh,Sarlahi,Sarlahi-4,73350,120912,,26.85,85.45
1237,342506,Vikrama Yadav,Swatantra,,5,M,False,रामेश्वर राय यादव,,,Sarlahi Chakraghatta rural municipality,नितु कुमारी यादव,,Madhesh,Sarlahi,Sarlahi-4,73350,120912,,26.85,85.45
1238,342134,Lakhendra Mahato,Swatantra,,4,M,False,Udichan Mahato,,,Sarlahi,Sunita Devi Mahato,,Madhesh,Sarlahi,Sarlahi-4,73350,120912,,26.85,85.45
1239,342386,Sanjiv Kumar Paswan,Swatantra,,4,M,False,Newalal Hazari,,,Sarlahi, ,,Madhesh,Sarlahi,Sarlahi-4,73350,120912,,26.85,85.45
1240,340399,Arbind Kumar Thakur,Swatantra,,3,M,False,सुरेन्द्र नारायण ठाकुर,s.l.c.,,Sarlahi Godata Municipality,रुवी  देवी,,Madhesh,Sarlahi,Sarlahi-4,73350,120912,Secondary Education (Grade 9-10 / SLC / SEE),26.85,85.45
1241,340518,Mohan Acharya,Nepali Congress,2583.0,10656,M,True,Ananta Acharya,,,Rasuwa,Rachana Acharya,,Bagmati,Rasuwa,Rasuwa-1,23941,41471,,28.1167,85.35
1242,339492,Basant Bhatta,Rastriya Swatantra Party,2528.0,5571,M,False,इन्द्र प्रसाद भट्ट,स्नातक,,Rasuwa Uttar Gaya Rural Municipality seal,,,Bagmati,Rasuwa,Rasuwa-1,23941,41471,Bachelor's Degree,28.1167,85.35
1243,341095,Prem Bahadur Tamang,Nepal Communist Party (Ekikrit Marxbadi Leninbadi),2598.0,4688,M,False,Hari Bahadur Tamang,,,Rasuwa,Dawa Mendo Tamang,,Bagmati,Rasuwa,Rasuwa-1,23941,41471,,28.1167,85.35
1244,341930,Man Bahadur Tamang,Ujyalo Nepal Party,2566.0,1453,M,False,टासी दोर्जे तामाङ,,,Rasuwa Amachhodingmo Rural Municipality Goljung,ल्हज्युम ग्याल्मु घले,,Bagmati,Rasuwa,Rasuwa-1,23941,41471,,28.1167,85.35
1245,341237,Madhav Prasad Lamichhane,Nepali Communist Party,2557.0,953,M,False,Ramkrishna Lamichhane,,,Rasuwa,Yuva Kumari Lamichhane,,Bagmati,Rasuwa,Rasuwa-1,23941,41471,,28.1167,85.35
1246,339928,Binod Thing,Mongol National Organization,2511.0,474,M,False,भिम बहादुर थिङ,+2,,Rasuwa Uttar Gaya Rural Municipality,,,Bagmati,Rasuwa,Rasuwa-1,23941,41471,Higher Secondary / Intermediate (10+2 / PCL),28.1167,85.35
1247,340206,Hari Prasad Ghimire,Rastriya Prajatantra Party,2604.0,57,M,False,Rikheshwar Ghimire,,,Rasuwa,Krishna Maya Ghimire,,Bagmati,Rasuwa,Rasuwa-1,23941,41471,,28.1167,85.35
1248,340442,Hom Prasad Acharya,Nepal Communist Party (Maoist),2526.0,50,M,False,Danda Raj Acharya,,,Rasuwa,Laxmi Acharya,,Bagmati,Rasuwa,Rasuwa-1,23941,41471,,28.1167,85.35
1249,341319,Sagar Lama,Swatantra,,14,M,False,Suk Bahadur Tamang,,,Rasuwa,,,Bagmati,Rasuwa,Rasuwa-1,23941,41471,,28.1167,85.35
1250,340755,Chitra Kumari Devkota,Swatantra,,12,F,False,Khuwa Prasad Ghimire,,,Rasuwa,Som Prasad Devkota,,Bagmati,Rasuwa,Rasuwa-1,23941,41471,,28.1167,85.35
1251,341492,Dawa Sangwo Tamang,Pragatishil Loktantrik Party,2516.0,10,M,False,छेवाङ  थोक्रा,,,Rasuwa Naukund Rural Municipality Sarsyu,सीता  गलान,,Bagmati,Rasuwa,Rasuwa-1,23941,41471,,28.1167,85.35
1252,341569,Dawa Mingmar Tamang,Swatantra,,3,M,False,Pema Chhiring Tamang,,,Rasuwa,Renjen Dolma Tamang,,Bagmati,Rasuwa,Rasuwa-1,23941,41471,,28.1167,85.35
1253,342066,Aashika Tamang,Rastriya Swatantra Party,2528.0,39128,F,True,विरलाल तामाङ,नर्सिङ,ग्रिनतारा नर्सिङ क्याम्पस,Dhading Gajuri rural municipality,,,Bagmati,Dhading,Dhading-1,80841,136596,Diploma / Certificate Level,27.95,84.95
1254,340810,Bhumi Prasad Tripathi,Nepal Communist Party (Ekikrit Marxbadi Leninbadi),2598.0,15032,M,False,Ganga Datta Tripathi,MA/BL,TU,Dhading,Kalpana Upreti (Tripathi),"अधिवक्‍ता, संसदिय अनुभव ",Bagmati,Dhading,Dhading-1,80841,136596,Master's Degree,27.95,84.95
1255,340320,Rajendra Prasad Pandey,Nepali Communist Party,2557.0,14709,M,False,नेत्रराज  पाण्डे,स्‍नातकोत्तर,त्रिभुवन विस्व विद्यालय,Dhading Gajuri Rural Municipality Chhepang,सीता  पाण्डे,2078 वागमती प्रदेश मुख्यमन्त्री ,Bagmati,Dhading,Dhading-1,80841,136596,Master's Degree,27.95,84.95
1256,341441,Krishna Rijal,Nepali Congress,2583.0,10080,M,False,Megh Nath Rijal,स्‍नातकोत्तर,नेपाल संस्कृत विश्‍व विद्यालय,Dhading,Anita Adhikari,उप-प्राध्यापक,Bagmati,Dhading,Dhading-1,80841,136596,Master's Degree,27.95,84.95
1257,339404,Suman Tamang,Mongol National Organization,2511.0,468,M,False,Aitaman Tamang,HSEB,कामना इन्टरनेशनल क्याम्पस,Dhading,,..,Bagmati,Dhading,Dhading-1,80841,136596,Higher Secondary / Intermediate (10+2 / PCL),27.95,84.95
1258,341318,Geeta Prasad Acharya,Rastriya Prajatantra Party,2604.0,425,M,False,Angksha Nath Acharya,SLC,महाकाली मा.वि.तसर्पु,Dhading,Khet Kumari Acharya,,Bagmati,Dhading,Dhading-1,80841,136596,Secondary Education (Grade 9-10 / SLC / SEE),27.95,84.95
1259,341172,Shyanraja Pandey,Ujyalo Nepal Party,2566.0,274,M,False,भिमकेशर  पाण्डे,स्‍नातक,TU,Kathmandu Kathmandu Metropolitan City Krishna Marg,कल्पना कुमारी पन्त,"राजनितिक, सामाजिक, पत्रकारिता, उद्योगी/व्यावसायी",Bagmati,Dhading,Dhading-1,80841,136596,Bachelor's Degree,27.95,84.95
1260,341628,Niranjan Sanjel,Swatantra,,176,M,False,Dhruva Sanjel,10,महेन्द्रोदय मा.वि. धुनिवेशी,Kathmandu,Devi Adhikari,,Bagmati,Dhading,Dhading-1,80841,136596,Secondary Education (Grade 9-10 / SLC / SEE),27.95,84.95
1261,341675,Pralada Silaval,Shram Sanskriti Party,2501.0,147,M,False,चुडामणी  सिलवाल,HSEB,हैटोडा स्कुल अफ म्यानेजमेन्ट,Dhading Siddlake Rural Municipality Kutidanda,.  .,,Bagmati,Dhading,Dhading-1,80841,136596,Higher Secondary / Intermediate (10+2 / PCL),27.95,84.95
1262,340204,Kumar Bahadur Tamang,Nepal Communist Party (Maoist),2526.0,116,M,False,Sukra Bir Tamang,SLC,महेधर्म मा.वि. धुनिवेशी -3,Dhading,Aiti Maya Tamang,समाज सेवा,Bagmati,Dhading,Dhading-1,80841,136596,Secondary Education (Grade 9-10 / SLC / SEE),27.95,84.95
1263,341028,Dambar Bahadur Limbu,Sanyukta Nagarik Party,2521.0,60,M,False,Jit Bahadur Laja,10 कक्षा,,Tehrathum,Sara Limbu,,Bagmati,Dhading,Dhading-1,80841,136596,Secondary Education (Grade 9-10 / SLC / SEE),27.95,84.95
1264,342618,Jalpa Devi Regmi,Aam Janata Party (Ekal Chunab Chinha),2581.0,58,F,False,हरि प्रसाद पण्‍डित,HSEB,मछिन्द्र मा.वि. धुनिवेशी,Seal of Dhading Thakre Rural Municipality,मधुसुदन  रेग्‍मी,,Bagmati,Dhading,Dhading-1,80841,136596,Higher Secondary / Intermediate (10+2 / PCL),27.95,84.95
1265,340892,Rajan Prasad Regmi,Pragatishil Loktantrik Party,2516.0,49,M,False,Krishna Prasad Regmi,SLC,मछिन्द्र मा.वि. धुनिवेशी-7,Dhading,Rajani Regmi,राजनिति,Bagmati,Dhading,Dhading-1,80841,136596,Secondary Education (Grade 9-10 / SLC / SEE),27.95,84.95
1266,342403,Rajesh Bhattarai,Swatantra,,38,M,False,Raju Bhattarai,स्नातकोत्तर,शंकरदेव,Dhading,-  -,,Bagmati,Dhading,Dhading-1,80841,136596,Master's Degree,27.95,84.95
1267,342493,Taun Upreti,Swatantra,,23,M,False,डम्बर बहादुर उप्रेती,master,TU,Dhading Dhunibenshi Municipality Katunje,कमला  उप्रेती,,Bagmati,Dhading,Dhading-1,80841,136596,Master's Degree,27.95,84.95
1268,339377,Chandra Devi Basukala (Lasiwa),Nepal Majdur Kisan Party,2578.0,17,F,False,जुजु भाई बासुकला,,,Bhaktapur Bhaktapur Municipality Byasi,गौतम प्रसाद लासिवा,,Bagmati,Dhading,Dhading-1,80841,136596,,27.95,84.95
1269,342357,Keshab Prasad Rupakheti,Swatantra,,17,M,False,रमण  रुपाखेती,HSEB,काठमाण्डौ क्याम्पस,Achmaro of Dhading Thakre Rural Municipality,शुभद्रा  रुपाखेती,,Bagmati,Dhading,Dhading-1,80841,136596,Higher Secondary / Intermediate (10+2 / PCL),27.95,84.95
1270,342306,Hari Bhandari,Swatantra,,10,M,False,Ramchandra Bhandari,HSEB,बागेश्‍वरी मा.वि.,Dhading,Bhawani Thapa,,Bagmati,Dhading,Dhading-1,80841,136596,Higher Secondary / Intermediate (10+2 / PCL),27.95,84.95
1271,341573,Dipaka Tamang,Swatantra,,4,M,False,मोहन सिं तामाङ,SLC,कुशादेवी मा.वि. काभ्रे,Dhading Galchi Rural Municipality,देवी  गुरुङ तामाङ,,Bagmati,Dhading,Dhading-1,80841,136596,Secondary Education (Grade 9-10 / SLC / SEE),27.95,84.95
1272,340960,Dhurbaprasad Pandey,Swatantra,,4,M,False,सानुबाबु  पाण्‍डे,स्‍नातक,जनमैत्री बहुमुखी क्याम्पस,Dhading Benighat Rorang Rural Municipality Bishaltar,रश्‍मिला  सिलवाल,,Bagmati,Dhading,Dhading-1,80841,136596,Bachelor's Degree,27.95,84.95
1273,342678,Dharmaraj Nepal,Swatantra,,4,M,False,चेतनाथ  नेपाल,SLC,nepal army school,Dhading Siddlake Rural Municipality,सान्ति  नेपाल,सामाजिक काम,Bagmati,Dhading,Dhading-1,80841,136596,Secondary Education (Grade 9-10 / SLC / SEE),27.95,84.95
1274,341234,Arjun Prasad Aryal,Swatantra,,2,M,False,Ram Prasad Aryal,HSEB,सरस्वती क्याम्पस काठमाण्डौ,Dhading,Sarita Dahal Aryal,,Bagmati,Dhading,Dhading-1,80841,136596,Higher Secondary / Intermediate (10+2 / PCL),27.95,84.95
1275,342443,Krishna Prasad Adhikari,Swatantra,,0,M,False,Chetnath Adhikari,MBS,शंकरदेेव,Dhading,,,Bagmati,Dhading,Dhading-1,80841,136596,Master's Degree,27.95,84.95
1276,340512,Bodh Narayan Shrestha,Rastriya Swatantra Party,2528.0,26145,M,True,Khadka Narayan Shrestha,MS,,Dhading,Bhoj Kumari Shrestha,,Bagmati,Dhading,Dhading-2,69751,132535,Master's Degree,27.85,84.75
1277,340121,Ramesh Prasad Dhamala,Nepali Congress,2583.0,20279,M,False,Surya Prasad Dhakal,स्नातक,त्रिभुवन विश्वविद्यालय,Dhading,Meena Simkhada Dhamala,"राजनितिक तथा सामाजिक क्षेत्रमा निरन्तर क्रियाशील, विगत ३० वर्षदेखि पर्यटन क्षेत्रमा सेवा र शिक्षा, स्वास्थ्य, बालबालिका र सामुदायिक क्षेत्रमा सेवा",Bagmati,Dhading,Dhading-2,69751,132535,Bachelor's Degree,27.85,84.75
1278,340205,Dhan Bahadur Ghale,Nepal Communist Party (Ekikrit Marxbadi Leninbadi),2598.0,10084,M,False,Chandra Bahadur Ghale,,,Dhading,Bina Kumari Ghale,,Bagmati,Dhading,Dhading-2,69751,132535,,27.85,84.75
1279,341179,Ram Bahadur Bhandari,Nepali Communist Party,2557.0,9036,M,False,Indra Bahadur Bhandari,कक्षा १० पास,,Dhading,Sumitra Bhandari,,Bagmati,Dhading,Dhading-2,69751,132535,Secondary Education (Grade 9-10 / SLC / SEE),27.85,84.75
1280,341345,Suresh Rijal,Rastriya Prajatantra Party,2604.0,1504,M,False,Gopinath Rijal,+2,,Dhading,Rashmi Rijal,,Bagmati,Dhading,Dhading-2,69751,132535,Higher Secondary / Intermediate (10+2 / PCL),27.85,84.75
1281,341575,Amir Tamang,Ujyalo Nepal Party,2566.0,886,M,False,Iman Singh Tamang,10+2,VS niketan,Dhading,Nisma Tamang,व्यापार,Bagmati,Dhading,Dhading-2,69751,132535,Higher Secondary / Intermediate (10+2 / PCL),27.85,84.75
1282,341142,Dipak Adhikari,Swatantra,,502,M,False,Khadka Bahadur Adhikari,10,,Dhading,Laxmi Adhikari,,Bagmati,Dhading,Dhading-2,69751,132535,Secondary Education (Grade 9-10 / SLC / SEE),27.85,84.75
1283,339685,Santosh Kumar Tamang,Mongol National Organization,2511.0,462,M,False,Veg Bahadur Tamang,,,Dhading,,"क.अध्यक्ष-मंगोल नेशनल अर्गनाइजेशन जिल्ला सथा धादिङ २०७५२०७७
ख. बागमती प्रदेश सदस्य- मंगोल नेशनल अर्गनाइजेशन बागमती प्रदेश समाज २०७७-२०८०
केन्द्रिय सदस्य-मंगोल नेशनल अर्गनाईजेशन केन्द्रिय सदस्य २०८०-२०८२",Bagmati,Dhading,Dhading-2,69751,132535,,27.85,84.75
1284,339437,Tashi Lama Tamang,Shram Sanskriti Party,2501.0,269,M,False,Inden Lama Tamang,10+2,,Dhading,,,Bagmati,Dhading,Dhading-2,69751,132535,Higher Secondary / Intermediate (10+2 / PCL),27.85,84.75
1285,340437,Bir Bahadur Tamang,Pragatishil Loktantrik Party,2516.0,142,M,False,थिर बहादुर तामाङ,माध्यमिक तह,निरञ्जाना माध्यमिक विद्यालय,Dhading Netrawati Dabjong Rural Municipality Upper Pokhara,सरिता  तामाङ,,Bagmati,Dhading,Dhading-2,69751,132535,Secondary Education (Grade 9-10 / SLC / SEE),27.85,84.75
1286,340931,Krishna Bahadur Ghatani,Nepal Communist Party (Maoist),2526.0,121,M,False,Bir Bahadur Kami,+2,,Dhading,,राजनितिकमा लागेको १५ वर्ष।,Bagmati,Dhading,Dhading-2,69751,132535,Higher Secondary / Intermediate (10+2 / PCL),27.85,84.75
1287,340761,Devendra Gaire,Sanyukta Nagarik Party,2521.0,116,M,False,Chandre Sarki,दिक्षीत ,JSN College,Dhading,Kumari Gaire,"शिक्षा, कृषि, प्रचारक",Bagmati,Dhading,Dhading-2,69751,132535,Bachelor's Degree,27.85,84.75
1288,339618,Susan Tamang,Miteri Party Nepal,2530.0,39,M,False,Karna Bahadur Tamang,,,Dhading,Dhan Maya Tamang,,Bagmati,Dhading,Dhading-2,69751,132535,,27.85,84.75
1289,340373,Priya Bhatta,Nepal Majdur Kisan Party,2578.0,35,F,False,शिव प्रसाद भट्ट,+2,प्रभात मा.वि.,Bhaktapur Bhaktapur Municipality,मनिष  गोरा,शिक्षण पेशा,Bagmati,Dhading,Dhading-2,69751,132535,Higher Secondary / Intermediate (10+2 / PCL),27.85,84.75
1290,340827,Rudra Bahadur Gelang Magar,Swatantra,,27,M,False,Sher Bahadur Gelang Magar,स्नातक(व्यवस्थापन),"सरस्वती बहुमुखी क्याम्पस, ठमेल।",Dhading,Phul Maya Gelang Magar,"शिक्षण सेवा-१३ वर्ष(स्थायी),
१८ वर्ष राजनितिक(संघर्ष)",Bagmati,Dhading,Dhading-2,69751,132535,Bachelor's Degree,27.85,84.75
1291,341872,Norman Tamang,"Janata Samajbadi Party, Nepal",2542.0,18,M,False,Thamsi Tamang,SLC,मुक्राप देवी मा.वि.,Dhading,,"गहना निर्माण""सुन चाँदी""",Bagmati,Dhading,Dhading-2,69751,132535,Secondary Education (Grade 9-10 / SLC / SEE),27.85,84.75
1292,341411,Damodar Rijal,Swatantra,,17,M,False,Yuva Raj Rijal,स्नातक,त्रिभुवन विश्वविद्यालय,Dhading,Radhika Rijal,"व्यवसायीक,
सामाजीक
राजनैतिक, शैक्षिक",Bagmati,Dhading,Dhading-2,69751,132535,Bachelor's Degree,27.85,84.75
1293,340685,Nanda Prasad Kapri,Aam Janata Party (Ekal Chunab Chinha),2581.0,15,M,False,Khada Nanda Kapri,ISC/AHM,Birendra multiple college chitwan,Dhading,Chameli Bagale,द्वन्द्द व्यवस्थापक प्रशिक्षक,Bagmati,Dhading,Dhading-2,69751,132535,Diploma / Certificate Level,27.85,84.75
1294,341911,Nakalle Magar,National Republic Nepal,2504.0,14,M,False,टंक बहादुर मगर,,,Dhading Neelkanth Municipality Mashraichap,,हाल पढाई गर्दै। विकास निर्माण सम्बन्धी राम्रो काम गर्ने छु।,Bagmati,Dhading,Dhading-2,69751,132535,,27.85,84.75
1295,341270,Shivraj Sapkota,Swatantra,,13,M,False,Sharmadatta Sapkota,स्नातक,,Dhading,Shanti Kumari Tiwari,,Bagmati,Dhading,Dhading-2,69751,132535,Bachelor's Degree,27.85,84.75
1296,342001,Bharat Dhungana,Swatantra,,11,M,False,Jit Bahadur Dhungana,SLC,निलकण्ठ मा.वि.धादिङ।,Dhading,Satya Devi Dhungana,समाजसेवी।,Bagmati,Dhading,Dhading-2,69751,132535,Secondary Education (Grade 9-10 / SLC / SEE),27.85,84.75
1297,340593,Krishna Prasad Koirala,Swatantra,,8,M,False,Pitambar Koirala,T.S.L.C,,Dhading,Radhika Koirala,,Bagmati,Dhading,Dhading-2,69751,132535,Diploma / Certificate Level,27.85,84.75
1298,341014,Ujwal Shrestha,Swatantra,,7,M,False,Potlal Shrestha,+2,बुढिगण्डकी क्याम्पस,Dhading,,"Leadership
accounting",Bagmati,Dhading,Dhading-2,69751,132535,Higher Secondary / Intermediate (10+2 / PCL),27.85,84.75
1299,341298,Shiv Nidhi Khanal,Swatantra,,1,M,False,Chuda Mani Khanal,SLC,,Dhading,Sujana Khanal,,Bagmati,Dhading,Dhading-2,69751,132535,Secondary Education (Grade 9-10 / SLC / SEE),27.85,84.75
1300,340093,Bikram Timilsina,Rastriya Swatantra Party,2528.0,22609,M,True,कृष्ण प्रसाद तिमिल्सिना,बिध्यावारिधी,"ग्रिफित विश्वविध्यालय, अष्ट्रेलिया",Nuwakot Panchkanya rural municipality Baniatar,मञ्जु  गैरे तिमिल्सिना,"अध्यापन, अनुसन्धान, मिडिया, समाजसेवा",Bagmati,Nuwakot,Nuwakot-1,67280,123807,Doctorate / PhD,27.9167,85.25
1301,341419,Prakash Sharan Mahat,Nepali Congress,2583.0,18597,M,False,Khadga Bahadur Mahat,बिध्यावारिधी,युलिनियस युनिभर्सिटी अमेरिका,Nuwakot,Bina Mahat,"अर्थमन्त्री, उर्जामन्त्री योजना आयोगको सदस्य",Bagmati,Nuwakot,Nuwakot-1,67280,123807,Doctorate / PhD,27.9167,85.25
1302,340293,Hit Bahadur Tamang,Nepali Communist Party,2557.0,13377,M,False,Maite Tamang,एस.एल.सी,slc,Nuwakot,Visu Maya Tamang,"40 सालदेखीको राजनिति, पुर्व मन्त्री",Bagmati,Nuwakot,Nuwakot-1,67280,123807,Secondary Education (Grade 9-10 / SLC / SEE),27.9167,85.25
1303,340914,Badri Mainali,Nepal Communist Party (Ekikrit Marxbadi Leninbadi),2598.0,8932,M,False,Medha Bahadur Mainali,स्नातक,टि.यु.,Nuwakot,Nirmala Kumari Dhungana,"ब्यापार, व्यवसाय, समाजसेवा ।",Bagmati,Nuwakot,Nuwakot-1,67280,123807,Bachelor's Degree,27.9167,85.25
1304,341903,Amit Tamang,Ujyalo Nepal Party,2566.0,2063,M,False,Sarki Tamang,आठ कक्षा,,Nuwakot,Sapana Lama,ब्यवसाय,Bagmati,Nuwakot,Nuwakot-1,67280,123807,Basic Education (Up to Grade 8),27.9167,85.25
1305,340371,Bimal Thapa,Rastriya Prajatantra Party,2604.0,756,M,False,Uday Bahadur Thapa,प्लस टु,टि.यु.,Nuwakot,Ambika Thapa,पुर्व जिल्ला विकास समितिको सदस्य,Bagmati,Nuwakot,Nuwakot-1,67280,123807,Higher Secondary / Intermediate (10+2 / PCL),27.9167,85.25
1306,340790,Dava Phen‍ju Lama / Tamang,Shram Sanskriti Party,2501.0,288,M,False,धन बहादुर लामा / तामाङ,एस एल सि,slc,Nuwakot Kakani Rural Municipality Katunje,,bisiness,Bagmati,Nuwakot,Nuwakot-1,67280,123807,Secondary Education (Grade 9-10 / SLC / SEE),27.9167,85.25
1307,340490,Kumar Rana Magar,Mongol National Organization,2511.0,159,M,False,Ram Bahadur Rana Magar,प्लस टु,उच्च शिक्षा परिषद,Nuwakot,Alisa Tamang,राजनिति,Bagmati,Nuwakot,Nuwakot-1,67280,123807,Higher Secondary / Intermediate (10+2 / PCL),27.9167,85.25
1308,340245,Mahendra Tamang,Nepal Communist Party (Maoist),2526.0,156,M,False,Dal Bahadur Tamang,प्लस टु पास,टि.यु.,Nuwakot,,राजनिति समाज सेवा,Bagmati,Nuwakot,Nuwakot-1,67280,123807,Higher Secondary / Intermediate (10+2 / PCL),27.9167,85.25
1309,339980,Rajan Gautam,Pragatishil Loktantrik Party,2516.0,88,M,False,Yadu Kumar Gautam,साक्षर,,Nuwakot,Durga Devi Neupane/Gautam,,Bagmati,Nuwakot,Nuwakot-1,67280,123807,Literate / Non-Formal,27.9167,85.25
1310,340578,Sanjiv Gurung,Swatantra,,63,M,False,Dev Bahadur Gurung,साधारण लेखपढ,,Nuwakot,Kalpana Gurung,श्रम गर्न जानेको,Bagmati,Nuwakot,Nuwakot-1,67280,123807,Literate / Non-Formal,27.9167,85.25
1311,339796,Rabindra Dangol,Nepal Majdur Kisan Party,2578.0,50,M,False,शिव बहादुर डंगोल,स्नाकोत्तर,टि.यु.,Nuwakot Likhu Rural Municipality Thansing,निता  श्रेष्ठ,शिक्षण पेशा,Bagmati,Nuwakot,Nuwakot-1,67280,123807,Master's Degree,27.9167,85.25
1312,342253,Raju Thapa,Swatantra,,49,M,False,Min Bahadur Thapa,प्लस टु,टि.यु.,Nuwakot, ,बैदेशिक व्यापार,Bagmati,Nuwakot,Nuwakot-1,67280,123807,Higher Secondary / Intermediate (10+2 / PCL),27.9167,85.25
1313,339559,Rameshwar Bhandari,Swatantra,,29,M,False,Tanka Bahadur Bhandari,स्नाकोत्तर,टि.यु.,Nuwakot,Pramila Bhandari,शिक्षण पेशा र वकालत,Bagmati,Nuwakot,Nuwakot-1,67280,123807,Master's Degree,27.9167,85.25
1314,342426,Hom Bahadur Rai,"Janata Samajbadi Party, Nepal",2542.0,24,M,False,Thulo Kanchha Rai,साक्षर,,Nuwakot,Lalita Rai,समाजसेवी,Bagmati,Nuwakot,Nuwakot-1,67280,123807,Literate / Non-Formal,27.9167,85.25
1315,342162,Madhav Thapa,Swatantra,,20,M,False,Mohan Bahadur Thapa,एस.एल.सी,slc,Nuwakot,Mira Kumari Karki/Thapa,,Bagmati,Nuwakot,Nuwakot-1,67280,123807,Secondary Education (Grade 9-10 / SLC / SEE),27.9167,85.25
1316,340439,Chepe Tamang,Swatantra,,14,F,False,Lal Bahadur Tamang,साधारण लेखपढ,,Nuwakot,Buddhe Tamang,समाजसेवी,Bagmati,Nuwakot,Nuwakot-1,67280,123807,Literate / Non-Formal,27.9167,85.25
1317,339432,Vibeka Silaval,Miteri Party Nepal,2530.0,6,M,False,हरि सिंह सिलवाल,slc पास,slc,Banke Nepalgunj Sub Metropolitan Ramnagar,मेरी  थापा, कराते खेलाडी,Bagmati,Nuwakot,Nuwakot-1,67280,123807,Secondary Education (Grade 9-10 / SLC / SEE),27.9167,85.25
1318,341708,Achuttam Lamichhane,Rastriya Swatantra Party,2528.0,32054,M,True,Shiv Prasad Upadhyaya (Lamichhane),विद्यावारिधी,योङ्ग ईन विश्वविद्यालय (दक्षिण कोरिया),Rautahat,Santoshi Aryal (Lamichhane),"अध्यापन, प्रशिक्षण, अनुसन्धान, खेलकुद",Bagmati,Nuwakot,Nuwakot-2,67090,123480,Doctorate / PhD,27.9,85.1
1319,340902,Jagadish‍vara Narasinha Ke.si.,Nepali Congress,2583.0,15503,M,False,भगवान सिंह खत्री,स्नातक,सरस्वती क्याम्पस काठमाडौं,"Rautveshi, Nuwakot Dupcheswar Rural Municipality",ज्योती  के.सी.,"संविधानसभा सदस्य 2064 देखि, सभापति नेपाली कांग्रेस नुवाकोट 2057-2079, जिल्ला विकास समिति सदस्य, नुवाकोट 2048-2058।",Bagmati,Nuwakot,Nuwakot-2,67090,123480,Bachelor's Degree,27.9,85.1
1320,340613,Keshav Raj Pandey,Nepal Communist Party (Ekikrit Marxbadi Leninbadi),2598.0,8285,M,False,परसु राम पाण्डे,स्नाकोत्तर,त्रि वि,Nuwakot Belkotgarhi Municipality Dangmai,विष्णु माया पाण्डे,"पूर्व प्रदेश सभा सदस्य, पूर्व प्रदेश मन्त्री।",Bagmati,Nuwakot,Nuwakot-2,67090,123480,Master's Degree,27.9,85.1
1321,340386,Hiranath Khatiwada,Nepali Communist Party,2557.0,6720,M,False,Pokhari Prasad Khatiwada,प्रविणता तह,त्रि वि वि,Nuwakot,Ishwari Khatiwada,"2042 सालदेखि राजनैतिक सामाजिक कार्यमा आबद्ध, 2074/2079 मा निर्वाचित बाग्मति प्रदेश सभआ",Bagmati,Nuwakot,Nuwakot-2,67090,123480,Higher Secondary / Intermediate (10+2 / PCL),27.9,85.1
1322,341160,Gyanendra Ghale,Ujyalo Nepal Party,2566.0,2750,M,False,Bharat Bahadur Ghale,स्नाकोत्तर तह,"महिडोल युनिभर्सिटी, थाईल्याण्ड",Nuwakot,,विश्व स्वास्थ्य संगठनमा उच्च पदमा रही 20 बर्ष भन्दा बढी काम गरेको ।,Bagmati,Nuwakot,Nuwakot-2,67090,123480,Master's Degree,27.9,85.1
1323,340196,Jhanak Pyakurel,Rastriya Prajatantra Party,2604.0,775,M,False,Khadga Bahadur Pyakurel,स्नातक,पिपुल्स कलेज,Nuwakot,Nani Maiya Pyakurel,"दुग्ध संस्थान बोर्ड सदस्य, जिविस सभापति, राप्रपा केन्द्रीय  सह महामनत्री, पार्टी निर्वाचन कमिटीको सह संयोजक",Bagmati,Nuwakot,Nuwakot-2,67090,123480,Bachelor's Degree,27.9,85.1
1324,339331,Renchen Tamang,Mongol National Organization,2511.0,426,M,False,Ram Bahadur Tamang,उच्च मा.वि.,,Nuwakot,,,Bagmati,Nuwakot,Nuwakot-2,67090,123480,Higher Secondary / Intermediate (10+2 / PCL),27.9,85.1
1325,340474,Binod Kumar Tamang,Shram Sanskriti Party,2501.0,396,M,False,उत्तम कुमार तामाङ,+2,त्रीभुवन त्रीशुली मावि,Nuwakot Vidur Municipality,,कृषक उत्पादन,Bagmati,Nuwakot,Nuwakot-2,67090,123480,Higher Secondary / Intermediate (10+2 / PCL),27.9,85.1
1326,339900,Navaraj Dhungana,Nepal Communist Party (Maoist),2526.0,90,M,False,तारा नाथ ढुङगाना,माध्यमिक तह,त्रिभुवन त्रिशुली मा.वि.,Nuwakot Vidur Municipality Charghare,सावित्री ढुङगाना,,Bagmati,Nuwakot,Nuwakot-2,67090,123480,Secondary Education (Grade 9-10 / SLC / SEE),27.9,85.1
1327,339407,Kiran Timsena,Nepal Communist Party (Sanyukta),2601.0,52,M,False,Nav Raj Timsina,माध्यमिक तह,,Nuwakot,,,Bagmati,Nuwakot,Nuwakot-2,67090,123480,Secondary Education (Grade 9-10 / SLC / SEE),27.9,85.1
1328,341211,Subash Bhatta,Nepal Majdur Kisan Party,2578.0,28,M,False,केशब  भट्ट,+2,महेन्द्र मावि,Nuwakot Likhu rural municipality,,,Bagmati,Nuwakot,Nuwakot-2,67090,123480,Higher Secondary / Intermediate (10+2 / PCL),27.9,85.1
1329,342300,Mana Sin Gadaeeli,Aam Janata Party (Ekal Chunab Chinha),2581.0,11,M,False,विर बहादुर सुनार,साधारण लेखपढ,,Nuwakot Tarkeshwar Rural Municipality Salvisun,मखमली  गदाईली,,Bagmati,Nuwakot,Nuwakot-2,67090,123480,Literate / Non-Formal,27.9,85.1
1330,340716,Ranju Neupane,Rastriya Swatantra Party,2528.0,15455,F,True,Bali Neupane,स्नातकोत्तर,,Morang,,,Bagmati,Kathmandu,Kathmandu-1,29082,46363,Master's Degree,27.696,85.333
1331,342172,Prabal Thapa Chhetri,Nepali Congress,2583.0,6364,M,False,Pradip Thapa,स्नातकोत्तर,,Kathmandu,,,Bagmati,Kathmandu,Kathmandu-1,29082,46363,Master's Degree,27.696,85.333
1332,339576,Rabindra Mishra,Rastriya Prajatantra Party,2604.0,3972,M,False,मनुज बाबु मिश्र,स्नातकोत्तर,,Lalitpur Lalitpur Metropolitan Municipality,सारीका  कार्की,,Bagmati,Kathmandu,Kathmandu-1,29082,46363,Master's Degree,27.696,85.333
1333,339901,Mohan Raj Regmi,Nepal Communist Party (Ekikrit Marxbadi Leninbadi),2598.0,1618,M,False,Rishi Raj Regmi,स्नातक,,Kathmandu,Pavitra Adhikari Regmi,,Bagmati,Kathmandu,Kathmandu-1,29082,46363,Bachelor's Degree,27.696,85.333
1334,340777,Mang Lal Shrestha,Ujyalo Nepal Party,2566.0,466,M,False,Lal Bahadur Shrestha,MSC/BE Civil,,Kavrepalanchowk,Rukmani Shrestha,,Bagmati,Kathmandu,Kathmandu-1,29082,46363,Master's Degree,27.696,85.333
1335,341063,Samir Lama Tamang,Shram Sanskriti Party,2501.0,426,M,False,Sukuman Tamang,स्नातक,,Kavrepalanchowk,Smriti Gurung,,Bagmati,Kathmandu,Kathmandu-1,29082,46363,Bachelor's Degree,27.696,85.333
1336,340466,Menuka Bhandari,Nepali Communist Party,2557.0,345,F,False,Mojnath Bhandari,स्नातक,,Sindhuli,Sagar Bhattarai,,Bagmati,Kathmandu,Kathmandu-1,29082,46363,Bachelor's Degree,27.696,85.333
1337,341274,Kushal Khatri,Swatantra,,84,M,False,Man Bahadur Khatri,स्‍नातक,,Rukum (East), ,,Bagmati,Kathmandu,Kathmandu-1,29082,46363,Bachelor's Degree,27.696,85.333
1338,340337,Sagar Joshi,Swatantra,,60,M,False,Siddhi Krishna Joshi,M Pharmacy,,Kathmandu,,,Bagmati,Kathmandu,Kathmandu-1,29082,46363,Master's Degree,27.696,85.333
1339,339780,Surendra Prasad Dhakal,Swatantra,,52,M,False,Basu Dev Dhakal,DR. MA,,Kathmandu,,,Bagmati,Kathmandu,Kathmandu-1,29082,46363,Master's Degree,27.696,85.333
1340,340900,Asim Man Singh Basnyat,Swatantra,,50,M,False,ताजमान सिंह वस्नयात,BBS,,Kathmandu Kathmandu Metropolitan City,स्मृती  वस्नयात,,Bagmati,Kathmandu,Kathmandu-1,29082,46363,Bachelor's Degree,27.696,85.333
1341,341135,Ramila Jyakha (Suwal),Nepal Majdur Kisan Party,2578.0,45,F,False,पूर्ण नारायण ज्याख्व,स्‍नातक,,Bhaktapur Bhaktapur Municipality Wolache,तुल्सी राम सुवाल,,Bagmati,Kathmandu,Kathmandu-1,29082,46363,Bachelor's Degree,27.696,85.333
1342,341316,Sabin Sigdel,Pragatishil Loktantrik Party,2516.0,31,M,False,Sitaram Sigdel,स्‍नाकोत्तर,,Kathmandu,,,Bagmati,Kathmandu,Kathmandu-1,29082,46363,Master's Degree,27.696,85.333
1343,340830,Prakash Nayaju,"Janata Samajbadi Party, Nepal",2542.0,27,M,False,Pramod Vijaya,प्रविणता प्रमाणपत्र तह,,Makwanpur,Shashi Nayaju,,Bagmati,Kathmandu,Kathmandu-1,29082,46363,Higher Secondary / Intermediate (10+2 / PCL),27.696,85.333
1344,341395,Dhanraj Shahi,Nepal Communist Party (Maoist),2526.0,20,M,False,Motilal Shahi,विएड,,Kalikot,Basanti Shahi,,Bagmati,Kathmandu,Kathmandu-1,29082,46363,Bachelor's Degree,27.696,85.333
1345,342081,Indra Prasad Shrestha,Rastriya Mukti Party Nepal (Ekal Chunab Chinha),2531.0,15,M,False,Jujubhai Shrestha,डिप्लोमा,,Kathmandu,Chandrawati Shrestha,,Bagmati,Kathmandu,Kathmandu-1,29082,46363,Diploma / Certificate Level,27.696,85.333
1346,342502,Kumar Shahi,Swatantra,,15,M,False,Sher Bahadur Shahi,+2,,Kavrepalanchowk,,,Bagmati,Kathmandu,Kathmandu-1,29082,46363,Higher Secondary / Intermediate (10+2 / PCL),27.696,85.333
1347,339489,Kamal Koirala,Swatantra,,11,M,False,Bishnu Prasad Koirala,स्नातकोत्तर,पूर्वाञ्चल विश्व विधालय,Morang,Laxmi Thapa,,Bagmati,Kathmandu,Kathmandu-1,29082,46363,Master's Degree,27.696,85.333
1348,340248,Shambhu Pokharel,Swatantra,,7,M,False,Umanath Pokharel,PHD,,Sarlahi,Karuna Kumari Kandel,,Bagmati,Kathmandu,Kathmandu-1,29082,46363,Doctorate / PhD,27.696,85.333
1349,341530,Surendra Pandey,Samabeshi Samajbadi Party,2590.0,5,M,False,टिका नाथ पाण्‍डे,एसएलसी,,Navalparasi (Bardghat Susta East) Kawasoti Municipality,,,Bagmati,Kathmandu,Kathmandu-1,29082,46363,Secondary Education (Grade 9-10 / SLC / SEE),27.696,85.333
1350,340065,Raj Kumar Bajgain,Swatantra,,3,M,False,मुक्ती नाथ बजगाई,प्रविणता प्रमाणपत्र तह,,Kavrepalanchok Banepa Municipality Peoplebot,,,Bagmati,Kathmandu,Kathmandu-1,29082,46363,Higher Secondary / Intermediate (10+2 / PCL),27.696,85.333
1351,341987,Raj Kumar Limbu,Miteri Party Nepal,2530.0,2,M,False,Uttam Limbu,साक्षर,,Morang,Babi Tamang,,Bagmati,Kathmandu,Kathmandu-1,29082,46363,Literate / Non-Formal,27.696,85.333
1352,341472,Kamal Subedi,Janadesh Party Nepal (Ekal Chunab Chinha),2581.0,2,M,False,Rajendra Bahadur Subedi,व्याचलर कर्मश,,Kathmandu,,,Bagmati,Kathmandu,Kathmandu-1,29082,46363,Bachelor's Degree,27.696,85.333
1353,342419,Kiran Shah,Swatantra,,2,M,False,Baidhyanath Bahadur Shah,स्‍नातक,,Kathmandu,Lata Shah,,Bagmati,Kathmandu,Kathmandu-1,29082,46363,Bachelor's Degree,27.696,85.333
1354,342337,Ramesh Prasad Joshi,Swatantra,,2,M,False,Jagat Prasad Joshi,स्‍नातकोत्तर,,Kailali,Bandana Prasai,,Bagmati,Kathmandu,Kathmandu-1,29082,46363,Master's Degree,27.696,85.333
1355,340007,Raju Bhujel,Swatantra,,1,M,False,Dhan Bahadur Bhujel,साक्षर,,Dolakha,Sabitra Bhujel,,Bagmati,Kathmandu,Kathmandu-1,29082,46363,Literate / Non-Formal,27.696,85.333
1356,339825,Shanti Shrestha,Swatantra,,1,F,False,Hari Bahadur Pradhan,साक्षर,,Chitwan,,,Bagmati,Kathmandu,Kathmandu-1,29082,46363,Literate / Non-Formal,27.696,85.333
1357,342385,Sangita Bamm,Swatantra,,1,M,False,मकर बहादुर बम्म,+2,,"Paiyatola, Bajhang Kedarsyun Rural Municipality",,,Bagmati,Kathmandu,Kathmandu-1,29082,46363,Higher Secondary / Intermediate (10+2 / PCL),27.696,85.333
1358,340585,Arjun Bahadur Shahi,Nepal Janasewa Party,2599.0,0,M,False,Hasta Bahadur Shahi,स्नातकोत्तर,,Acham,,,Bagmati,Kathmandu,Kathmandu-1,29082,46363,Master's Degree,27.696,85.333
1359,341881,Sunila Ke.si.,Rastriya Swatantra Party,2528.0,34238,M,True,श्री बहादुर के.सी.,+2,HSEB,Kathmandu Kathmandu Metropolitan City Nikhileshwar Marg,मिना  के.सी.,,Bagmati,Kathmandu,Kathmandu-2,57015,85574,Higher Secondary / Intermediate (10+2 / PCL),27.7167,85.3833
1360,341940,Kabir Sharma,Nepali Congress,2583.0,8874,M,False,Murari Prasad Phuyal,स्‍नातकोत्तर ,त्रिभुवन विश्‍वविद्यालय,Kathmandu,,,Bagmati,Kathmandu,Kathmandu-2,57015,85574,Master's Degree,27.7167,85.3833
1361,339804,Kunti Devi Pokharel (Upadhyay),Rastriya Prajatantra Party,2604.0,5210,F,False,Bal Krishna Pokhrel,स्‍नातकोत्तर ,त्रिभुवन विश्‍वविद्यालय,Nawalparasi (East),Rajendra Prasad Pandit (Upadhyaya),,Bagmati,Kathmandu,Kathmandu-2,57015,85574,Master's Degree,27.7167,85.3833
1362,339642,Maniram Phuyal,Nepal Communist Party (Ekikrit Marxbadi Leninbadi),2598.0,4759,M,False,Guna Prasad Phuyal,एम.एड. (बि.कम.),त्रिभुवन विश्‍वविद्यालय,Kathmandu,Kamala Phuyal,"१. २३ वर्ष अध्यापन
२. ५ वर्ष प्रदेश सभा सदस्य 
३. शिक्षक/प्रशिक्षक 
४. आन्तरिक लेखा परिक्षक ",Bagmati,Kathmandu,Kathmandu-2,57015,85574,Master's Degree,27.7167,85.3833
1363,339990,Nitesh Paudel,Nepali Communist Party,2557.0,1912,M,False,इश्वरी प्रसाद पौडेल,स्‍नातक ,त्रिभुवन विश्‍वविद्यालय ,Kathmandu Kathmandu Metropolitan City Phoolbari Marg,,,Bagmati,Kathmandu,Kathmandu-2,57015,85574,Bachelor's Degree,27.7167,85.3833
1364,340674,Pawan Pokharel,Ujyalo Nepal Party,2566.0,895,M,False,Teknath Pokharel,स्‍नातकोत्तर ,,Bhaktapur,Junu Karki,१. पर्यटन व्यवसाय ,Bagmati,Kathmandu,Kathmandu-2,57015,85574,Master's Degree,27.7167,85.3833
1365,342035,Mukunda Karki,Shram Sanskriti Party,2501.0,588,M,False,Bhola Karki,एस.एल.सी.+ प्रवीणता प्रमाणपत्र सम्म अध्ययन ,कोटेश्‍वर बहुमुखी क्याम्पस,Kathmandu,Kusum Regmi Karki,१. समाजसेवी ,Bagmati,Kathmandu,Kathmandu-2,57015,85574,Higher Secondary / Intermediate (10+2 / PCL),27.7167,85.3833
1366,341304,Anup Bohara,Rastriya Paribartan Party,2568.0,226,M,False,Sundar Bohora,वि.वि.ए. ,London Metro University,Kathmandu,,"१. ५-६ वटा विजनेश सेक्टर काम गरेको 
२. पाँच  सय जनालाई रोजगारी दिएको 
३. सामाजिक काम गरेको ",Bagmati,Kathmandu,Kathmandu-2,57015,85574,Bachelor's Degree,27.7167,85.3833
1367,339422,Sharmila Mali,Nepal Majdur Kisan Party,2578.0,68,F,False,Ragi Bir Mali,कक्षा १०,नेपाल सरकार ,Kathmandu,Bal Gopal Banmala,,Bagmati,Kathmandu,Kathmandu-2,57015,85574,Secondary Education (Grade 9-10 / SLC / SEE),27.7167,85.3833
1368,339836,Bal Chandra Shrestha,Pragatishil Loktantrik Party,2516.0,53,M,False,Gentle Man Shrestha,"LLM, CA, MBA, MA (ECO)",त्रिभुवन विश्‍वविद्यालय,Kathmandu,Rosy Shrestha,"१. संचालक राष्ट्रिय वाणिज्य बैंक 
२. भिन्तुना सहकारी संस्था अध्यक्ष
३. वरिष्ठ सि.ए. 
४. विषय विशेषज्ञ त्रि.वि.",Bagmati,Kathmandu,Kathmandu-2,57015,85574,Master's Degree,27.7167,85.3833
1369,340406,Prakash Budhathoki,Nepal Communist Party (Maoist),2526.0,35,M,False,मन वहादुर बुढाथोकी,आठ पास ,"श्री भगवती मा.वि., साँखु",Kathmandu Shankharapur Municipality Kathan Chowk,गोमा  थापा बुढाथोकी,,Bagmati,Kathmandu,Kathmandu-2,57015,85574,Basic Education (Up to Grade 8),27.7167,85.3833
1370,340078,Anand Sinkhada,Jaya Matribhumi Party,2510.0,29,M,False,गणेश प्रसाद सिंखडा,एस.एल.सी.,नेपाल सरकार,Kathmandu Kageshwari Manohara Municipality Thali,पोतकुमारी  सिंखडा,"१.राजनीति
२.कृषि",Bagmati,Kathmandu,Kathmandu-2,57015,85574,Secondary Education (Grade 9-10 / SLC / SEE),27.7167,85.3833
1371,342358,Raj Kumar Shrestha,Swatantra,,20,M,False,Gun Narayan Shrestha,स्‍नातकोत्तर,त्रि.वि.,Kathmandu,,,Bagmati,Kathmandu,Kathmandu-2,57015,85574,Master's Degree,27.7167,85.3833
1372,339378,Upendra Karki,Nepal Communist Party (Sanyukta),2601.0,18,M,False,बहादुर  कार्की,एम.ए.,त्रिभुवन विश्वविद्यालय ,Kathmandu Kathmandu Metropolitan City Series Street,एन्जेला  थापा कार्की,"1. बैकिङ्ग क्षेत्रको अनुभव
2. ४६ वर्षको राजनीतिक अनुभव  ",Bagmati,Kathmandu,Kathmandu-2,57015,85574,Master's Degree,27.7167,85.3833
1373,341382,Trilok Bahadur Chanda,Swatantra,,17,M,False,दानी  चन्द,एम.ए./वि.एल.,त्रि.वि.,Kathmandu Kathmandu Metropolitan City via Mahadevasthan,किरण  प्रसाई (चन्द),"१. वकालत / एडभोकेट/लयर
२. समाजसेवी
३. खेलकुद
४. पत्रकारिता",Bagmati,Kathmandu,Kathmandu-2,57015,85574,Master's Degree,27.7167,85.3833
1374,340461,Tilak Bahadur Magar,Aam Janata Party (Ekal Chunab Chinha),2581.0,14,M,False,Santaman Magar,आई.ए.,त्रिभुवन विश्‍वविद्यालय,Bhaktapur,Kunti Maya Jogi,,Bagmati,Kathmandu,Kathmandu-2,57015,85574,Higher Secondary / Intermediate (10+2 / PCL),27.7167,85.3833
1375,342255,Narvada Kumari Bhattarai,Rastriya Mukti Party Nepal (Ekal Chunab Chinha),2531.0,8,F,False,सूर्य प्रसाद पोख्रेल,दश कक्षा ,"जनता माध्यमिक विद्यालय, उदयपुर",Kathmandu Kathmandu Metropolitan City Delhi Market,डोलेन्द्र राज भट्टराई,१. विभिन्‍न समयमा राजनीतिक दलको महिला भातृ संगठनहरुमा बसी काम गरेको।,Bagmati,Kathmandu,Kathmandu-2,57015,85574,Secondary Education (Grade 9-10 / SLC / SEE),27.7167,85.3833
1376,341830,Biswas Basnet,Swatantra,,8,M,False,Krishna Bahadur Basnet,एम.वि.वि.एस,"Dhaka University, bangaladesh",Sindhupalchowk,,,Bagmati,Kathmandu,Kathmandu-2,57015,85574,Bachelor's Degree,27.7167,85.3833
1377,341149,Birendra Kumar Sah,Swatantra,,8,M,False,सत्य नारायण साह,+2,बागमती सामुदायिक क्याम्पस,Siraha Siraha Municipality,रन्जना कुमारी साह,"१. समाजसेवा 
२. व्यवसाय 
३. विभिन्‍न वैदेशिक भ्रमण",Bagmati,Kathmandu,Kathmandu-2,57015,85574,Higher Secondary / Intermediate (10+2 / PCL),27.7167,85.3833
1378,339543,Rupak Sinkhada,Swatantra,,7,M,False,Navaraj Sinkhada,साक्षर ,,Kathmandu,,१. सामाजिक अभियन्ता ,Bagmati,Kathmandu,Kathmandu-2,57015,85574,Literate / Non-Formal,27.7167,85.3833
1379,340742,Tirtha Raj Paudel,Swatantra,,6,M,False,गणेश कुमार पौडेल,जनरल मेडिसिन /फार्मेसी,नेपाल स्वास्थ्य विज्ञान प्रतिष्ठान,Kathmandu Kageshwari Manohara Municipality Aryal Village,,"१. नेतृत्व
 २. समाजसेवा
३. भाषा संस्कृती 
४. अर्थतन्त्र  ",Bagmati,Kathmandu,Kathmandu-2,57015,85574,Diploma / Certificate Level,27.7167,85.3833
1380,341601,Manju Lama,Swatantra,,5,F,False,Narayan Bahadur Lama,+2,बानेश्‍वर क्याम्पस ,Sindhupalchowk,Rajiv Lama,,Bagmati,Kathmandu,Kathmandu-2,57015,85574,Higher Secondary / Intermediate (10+2 / PCL),27.7167,85.3833
1381,339764,Arjun Dhungana,Swatantra,,4,M,False,Krishna Prasad Dhungana,एस.एल.सी.,नेपाल सरकार,Kathmandu,Nirmala Dhungana,,Bagmati,Kathmandu,Kathmandu-2,57015,85574,Secondary Education (Grade 9-10 / SLC / SEE),27.7167,85.3833
1382,342321,Rupak Bastakoti,Swatantra,,4,M,False,Chetnath Bastakoti,स्‍नातक,त्रि.वि.,Kathmandu,,,Bagmati,Kathmandu,Kathmandu-2,57015,85574,Bachelor's Degree,27.7167,85.3833
1383,342303,Krishna Bahadur Khatri,Trimul Nepal,2505.0,3,M,False,Nar Bahadur Khatri,साधारण,नेपाल सरकार,Dolakha,,,Bagmati,Kathmandu,Kathmandu-2,57015,85574,Literate / Non-Formal,27.7167,85.3833
1384,341036,Tap Bahadur Thapa,Swatantra,,3,M,False,सिद्धि वहादुर थापा,सामान्य ,,Kathmandu Kageshwari Manohara Municipality Kadanghari,वच्ची  थापा,१. समाजसेवा ,Bagmati,Kathmandu,Kathmandu-2,57015,85574,Literate / Non-Formal,27.7167,85.3833
1385,341228,Sita Tiwari,Swatantra,,2,F,False,Gopikrishna Neupane,+2,महेन्द्र मा.वि. विर्तामोड ,Jhapa,Baburam Tiwari,,Bagmati,Kathmandu,Kathmandu-2,57015,85574,Higher Secondary / Intermediate (10+2 / PCL),27.7167,85.3833
1386,342180,Ira Shrestha,Swatantra,,1,F,False,Chandra Bahadur Shrestha,साक्षर ,,Kathmandu,Bal Krishna Shrestha,,Bagmati,Kathmandu,Kathmandu-2,57015,85574,Literate / Non-Formal,27.7167,85.3833
1387,339690,Raju Nath Pandey,Rastriya Swatantra Party,2528.0,18757,M,True,आेज लाल पाण्डे,स्नातकोत्तर,त्रिभुवन विश्वविद्यालय,Kathmandu Kathmandu Metropolitan City Samakhushi,ग‌गा  पन्त,जनप्रशासन,Bagmati,Kathmandu,Kathmandu-3,41919,64440,Master's Degree,27.74,85.37
1388,340200,Kulman Ghising,Ujyalo Nepal Party,2566.0,11171,M,False,Kripa Singh Tamang,"MBA, ME",त्रिभुवन विश्वविद्यालय,Ramechhap,Dipa Tamang,,Bagmati,Kathmandu,Kathmandu-3,41919,64440,Master's Degree,27.74,85.37
1389,341618,Ramesh Aryal,Nepali Congress,2583.0,6000,M,False,Laxman Prasad Aryal,स्नातक,त्रिभुवन विश्वविद्यालय,Kathmandu,Gita Adhikari Aryal,पूर्व वडा अध्यक्ष,Bagmati,Kathmandu,Kathmandu-3,41919,64440,Bachelor's Degree,27.74,85.37
1390,340062,Rameshwar Phuyal,Nepal Communist Party (Ekikrit Marxbadi Leninbadi),2598.0,3816,M,False,Som Prasad Phuyal,स्नातकोत्तर,त्रिभुवन विश्वविद्यालय,Kathmandu,Subhadra Phuyal,,Bagmati,Kathmandu,Kathmandu-3,41919,64440,Master's Degree,27.74,85.37
1391,340737,Sundar Ram Bohara,Rastriya Prajatantra Party,2604.0,841,M,False,Shyam Bahadur Bohora,विद्यावारिधि,"सिंघानिया विश्वविद्यालय, भारत",Kathmandu,Pushpa Thapa,"अध्यापन, परामर्शदाता",Bagmati,Kathmandu,Kathmandu-3,41919,64440,Doctorate / PhD,27.74,85.37
1392,339813,Niraj Lama,Nepali Communist Party,2557.0,518,M,False,Ratna Vajra Lama,लेखपढ,,Kathmandu,Nisha Lama,,Bagmati,Kathmandu,Kathmandu-3,41919,64440,Literate / Non-Formal,27.74,85.37
1393,339941,Subash Ghising,Shram Sanskriti Party,2501.0,347,M,False,Jit Lal Tamang,+२ उत्तीर्ण,,Ramechhap,,,Bagmati,Kathmandu,Kathmandu-3,41919,64440,Higher Secondary / Intermediate (10+2 / PCL),27.74,85.37
1394,340288,Keshav Nepal,Swatantra,,265,M,False,Rina Nath Nepal,SLC,,Kathmandu,Rinku Nepal,,Bagmati,Kathmandu,Kathmandu-3,41919,64440,Secondary Education (Grade 9-10 / SLC / SEE),27.74,85.37
1395,340491,Shekhar Nath Acharya,Nepal Communist Party (Maoist),2526.0,55,M,False,Yadu Kumar Acharya,SLC,,Sindhupalchowk,Sharda Acharya,,Bagmati,Kathmandu,Kathmandu-3,41919,64440,Secondary Education (Grade 9-10 / SLC / SEE),27.74,85.37
1396,339394,Suresh Kumar Dhungana,Swatantra,,27,M,False,Gehendra Bahadur Dhungana,विद्यावारिधि,दिल्ली विश्वविद्यालय,Kathmandu,Priti Dhungana,प्राध्यापक डाक्टर,Bagmati,Kathmandu,Kathmandu-3,41919,64440,Doctorate / PhD,27.74,85.37
1397,339765,Madan Shrestha,Nepal Majdur Kisan Party,2578.0,26,M,False,Nani Babu Shrestha,प्रमाणपत्र तह,,Kathmandu,Mohan Devi Shrestha,,Bagmati,Kathmandu,Kathmandu-3,41919,64440,Higher Secondary / Intermediate (10+2 / PCL),27.74,85.37
1398,339374,Kul Bahadur Lama,Mongol National Organization,2511.0,20,M,False,Bhakta Bahadur Lama,१० कक्षा पास,,Parsa,Tika Maya Lama,,Bagmati,Kathmandu,Kathmandu-3,41919,64440,Secondary Education (Grade 9-10 / SLC / SEE),27.74,85.37
1399,339459,Shrikrish‍na Varal,Swatantra,,15,M,False,विष्‍णु प्रसाद वराल,१० पास,,Kathmandu Gokarneshwar Municipality Baral Village,लक्ष्‍मी  सापकोटा (वराल),,Bagmati,Kathmandu,Kathmandu-3,41919,64440,Secondary Education (Grade 9-10 / SLC / SEE),27.74,85.37
1400,341778,Babu Kaji Karki,Nepal Communist Party (Sanyukta),2601.0,13,M,False,Khadga Bahadur Karki,SLC,,Ramechhap,Rita Karki,,Bagmati,Kathmandu,Kathmandu-3,41919,64440,Secondary Education (Grade 9-10 / SLC / SEE),27.74,85.37
1401,340144,Sajjan Acharya,Swatantra,,13,M,False,Raghu Nath Acharya,इन्जिनियरिङ्गमा स्नातक,Advanced College of Engineering and Management,Kathmandu,,,Bagmati,Kathmandu,Kathmandu-3,41919,64440,Bachelor's Degree,27.74,85.37
1402,339723,Pranil Dhwaj Karki,"Janata Samajbadi Party, Nepal",2542.0,11,M,False,Devdhwoj Karki,प्रमाणपत्र तह,,Kathmandu,Munu Karki,खेलकुद विज्ञ,Bagmati,Kathmandu,Kathmandu-3,41919,64440,Higher Secondary / Intermediate (10+2 / PCL),27.74,85.37
1403,339505,Shekhar Aryal,Pragatishil Loktantrik Party,2516.0,10,M,False,Shankar Prasad Aryal,विद्यावारिधि,त्रिभुवन विश्वविद्यालय,Kathmandu,,अनुुसन्धानकर्ता तथा शिक्षण,Bagmati,Kathmandu,Kathmandu-3,41919,64440,Doctorate / PhD,27.74,85.37
1404,340684,Ram Krishna Pujari,Swatantra,,7,M,False,Shyamcha Pujari,८ पास,,Kathmandu,Chanchali Pujari,,Bagmati,Kathmandu,Kathmandu-3,41919,64440,Basic Education (Up to Grade 8),27.74,85.37
1405,340971,Prem Chhiri Sherpa,National Republic Nepal,2504.0,2,M,False,Sang Sherpa,+2,,Dolakha,Manu Gurung,,Bagmati,Kathmandu,Kathmandu-3,41919,64440,Higher Secondary / Intermediate (10+2 / PCL),27.74,85.37
1406,340824,Rup Sagar Devi,Aam Janata Party (Ekal Chunab Chinha),2581.0,2,F,False,दीन बन्धु मिश्र,SLC,,Rautahat Boudhimai Municipality Sarmujwa,नर्मदेश्‍वर  उपाध्याय,,Bagmati,Kathmandu,Kathmandu-3,41919,64440,Secondary Education (Grade 9-10 / SLC / SEE),27.74,85.37
1407,342431,Pradipa Kaphle,Swatantra,,2,M,False,मिन बहादुर काफ्ले मगर,SLC,,Kathmandu Gokarneshwar Municipality Attarkhel,,,Bagmati,Kathmandu,Kathmandu-3,41919,64440,Secondary Education (Grade 9-10 / SLC / SEE),27.74,85.37
1408,342480,Jit Bahadur Tamang,Miteri Party Nepal,2530.0,1,M,False,रण बहादुर तामाङ,७ पास,,Kavrepalanchok Namobuddha Municipality Patle Village,रत्‍न माया तामाङ,,Bagmati,Kathmandu,Kathmandu-3,41919,64440,Basic Education (Up to Grade 8),27.74,85.37
1409,340660,Pukar Bam,Rastriya Swatantra Party,2528.0,29142,M,True,Tara Bahadur Bam,,,Kailali,,,Bagmati,Kathmandu,Kathmandu-4,48689,74150,,27.7333,85.345
1410,341929,Sachin Timilsena,Nepali Congress,2583.0,8824,M,False,सुरेन्द्र कुमार तिमल्सेना,,,Kathmandu Kathmandu Metropolitan City,,,Bagmati,Kathmandu,Kathmandu-4,48689,74150,,27.7333,85.345
1411,341885,Rajan Bhattarai,Nepal Communist Party (Ekikrit Marxbadi Leninbadi),2598.0,5733,M,False,Tanka Nath Bhattarai,,,Kathmandu,Gita Gautam Bhattarai,,Bagmati,Kathmandu,Kathmandu-4,48689,74150,,27.7333,85.345
1412,340380,Surendra Raj Bhandari,Rastriya Prajatantra Party,2604.0,2025,M,False,Shri Tarksha Dip Bhandari,,,Taplejung,,,Bagmati,Kathmandu,Kathmandu-4,48689,74150,,27.7333,85.345
1413,339619,Jhanak Bahadur Adhikari,Ujyalo Nepal Party,2566.0,1034,M,False,Ram Bahadur Adhikari,,,Kavrepalanchowk,Vidya Adhikari Regmi,,Bagmati,Kathmandu,Kathmandu-4,48689,74150,,27.7333,85.345
1414,339948,Barun Amatya,Shram Sanskriti Party,2501.0,756,M,False,Yadab Kumar Amatya,,,Kathmandu,,,Bagmati,Kathmandu,Kathmandu-4,48689,74150,,27.7333,85.345
1415,340590,Indra Kumar Bhusal,Nepali Communist Party,2557.0,657,M,False,Khadga Bahadur Bhusal,,,Sankhuwasabha,,,Bagmati,Kathmandu,Kathmandu-4,48689,74150,,27.7333,85.345
1416,341139,Binod Babu Pradhan,Swatantra,,102,M,False,गोपाल प्रधान,,,Kathmandu Kathmandu Metropolitan City Kumaritol,,,Bagmati,Kathmandu,Kathmandu-4,48689,74150,,27.7333,85.345
1417,340985,Archan Shumsher Rana,Swatantra,,83,M,False,मछेन्द्र शम्शेर राणा,,,Kathmandu Kathmandu Metropolitan City Naxal,रचना  राणा,,Bagmati,Kathmandu,Kathmandu-4,48689,74150,,27.7333,85.345
1418,339342,Aasha Lal Shrestha,Nepal Majdur Kisan Party,2578.0,56,M,False,पूर्ण बहादुर श्रेष्‍ठ,,,Kathmandu Budhanilkanth Municipality Wasik,बिष्णु माया श्रेष्‍ठ,,Bagmati,Kathmandu,Kathmandu-4,48689,74150,,27.7333,85.345
1419,340821,Pujan Gajurel,Swatantra,,40,M,False,Padam Nath Gajurel,,,Sindhupalchowk,,,Bagmati,Kathmandu,Kathmandu-4,48689,74150,,27.7333,85.345
1420,342405,Karisma Kharel,Nepal Communist Party (Maoist),2526.0,31,F,False,Gopinath Kharel,,,Kavrepalanchowk,Pasang Sherpa,,Bagmati,Kathmandu,Kathmandu-4,48689,74150,,27.7333,85.345
1421,342460,Sanjiv Darji,Swatantra,,29,M,False,Durga Darji,,,Morang,Sushila Darji,,Bagmati,Kathmandu,Kathmandu-4,48689,74150,,27.7333,85.345
1422,339736,Kemsh Singh,Janadesh Party Nepal (Ekal Chunab Chinha),2581.0,22,M,False,Kamal Prasad Koiri,Y,,Kathmandu, ,,Bagmati,Kathmandu,Kathmandu-4,48689,74150,Unspecified / Others,27.7333,85.345
1423,339590,Chhabi Bahadur Khanal,Rastriya Janamorcha,2522.0,20,M,False,Bhim Bahadur Khanal,,,Arghakhanchi,Gayatri/Basanta Khanal,,Bagmati,Kathmandu,Kathmandu-4,48689,74150,,27.7333,85.345
1424,339318,Shyam Kumar Bhattaaarai Khatri,Nepalka Lagi Nepali Party,2524.0,18,M,False,रेशम बहादुर खत्री,,,Kavrepalanchok Bhumlu Rural Municipality Thado Kotka,मिना  भट्रराई,,Bagmati,Kathmandu,Kathmandu-4,48689,74150,,27.7333,85.345
1425,341712,Dipendra Kumar Kafle,Swatantra,,18,M,False,Ganga Prasad Kafle,,,Okhaldhunga,Laxmi Kumari Neupane Kafle,,Bagmati,Kathmandu,Kathmandu-4,48689,74150,,27.7333,85.345
1426,342589,Datta Budha,Pragatishil Loktantrik Party,2516.0,16,M,False,Nand Budha,,,Humla,Vishnu Budha,,Bagmati,Kathmandu,Kathmandu-4,48689,74150,,27.7333,85.345
1427,341490,Sita Tamang,Mongol National Organization,2511.0,16,F,False,Karna Bahadur Tamang,,,Dhanusha,Nanu Ram Tamang,,Bagmati,Kathmandu,Kathmandu-4,48689,74150,,27.7333,85.345
1428,341296,Rajan Puri,Jaya Matribhumi Party,2510.0,11,M,False,Dhanaranaj Puri,,,Kavrepalanchowk,,,Bagmati,Kathmandu,Kathmandu-4,48689,74150,,27.7333,85.345
1429,339826,Prem Kumar Rai,Miteri Party Nepal,2530.0,9,M,False,Balajit Rai,,,Khotang,Samala Rai,,Bagmati,Kathmandu,Kathmandu-4,48689,74150,,27.7333,85.345
1430,340460,Devaraj Paudel,Swatantra,,9,M,False,शिव प्रसाद पौडेल,,,Makwanpur Hetauda Sub-Metropolitan City Newreni Chisapani,,,Bagmati,Kathmandu,Kathmandu-4,48689,74150,,27.7333,85.345
1431,339792,Madan Dev Acharya,Swatantra,,9,M,False,Shiv Prasad Acharya,,,Kathmandu,Uma Devi Acharya,,Bagmati,Kathmandu,Kathmandu-4,48689,74150,,27.7333,85.345
1432,342613,Manoj Adhikari,Swatantra,,8,M,False,Bharat Raj Adhikari,,,Kathmandu,Yashoda Adhikari,,Bagmati,Kathmandu,Kathmandu-4,48689,74150,,27.7333,85.345
1433,339908,Muskan Paudel,United Nepal Democratic Party,2561.0,7,M,False,जिवनलाल  शर्मा,,,Kathmandu Kathmandu Metropolitan City,,,Bagmati,Kathmandu,Kathmandu-4,48689,74150,,27.7333,85.345
1434,339409,Chet Bahadur Ale,Rastriya Janamukti Party,2605.0,7,M,False,Dhan Bahadur Ale,,,Dhankuta,Netra Kumari Ale,,Bagmati,Kathmandu,Kathmandu-4,48689,74150,,27.7333,85.345
1435,341789,Kedar Bahadur Karki,Swatantra,,5,M,False,Prithi Bahadur Karki,,,Okhaldhunga,Lochana Karki,,Bagmati,Kathmandu,Kathmandu-4,48689,74150,,27.7333,85.345
1436,342188,Ashish Shrestha,Swatantra,,2,M,False,Gyan Bahadur Shrestha,,,Kathmandu,Bhawani Shrestha,,Bagmati,Kathmandu,Kathmandu-4,48689,74150,,27.7333,85.345
1437,340670,Sasmit Pokharel,Rastriya Swatantra Party,2528.0,30737,M,True,Ramesh Kumar Pokhrel,स्नातक,Kathmandu University,Kathmandu,Susmita Adhikari,"पूर्व सहायक विज्ञ, शहरी योजना आयोग, का.म.पा.
पूर्व सल्लाहकार, का.म.पा. प्रमुख",Bagmati,Kathmandu,Kathmandu-5,50203,75222,Bachelor's Degree,27.745,85.33
1438,340646,Pradipa Paudel,Nepali Congress,2583.0,9159,M,False,डिल्ली रमण पौडेल,स्नाकोत्तर,त्रिभुवन विश्वविद्यालय,Tanahun Shuklagandaki Municipality Ganapate,,पूर्व स्वास्थ्य मन्त्री,Bagmati,Kathmandu,Kathmandu-5,50203,75222,Master's Degree,27.745,85.33
1439,340085,Ishwar Pokharel,Nepal Communist Party (Ekikrit Marxbadi Leninbadi),2598.0,4701,M,False,शिव राज पोखरेल,स्नातक,त्रिभुवन विश्‍वविद्यालय,Kathmandu Tokha Municipality Kuwar Colony,मिरा  पोखरेल (ध्वजु),,Bagmati,Kathmandu,Kathmandu-5,50203,75222,Bachelor's Degree,27.745,85.33
1440,339359,Kamal Thapa,Rastriya Prajatantra Party,2604.0,1922,M,False,Chhatra Bahadur Thapa,स्नाकोत्तर,,Kathmandu,Pralita Thapa,,Bagmati,Kathmandu,Kathmandu-5,50203,75222,Master's Degree,27.745,85.33
1441,339536,Shreeram Gurung,Ujyalo Nepal Party,2566.0,1228,M,False,लाल बहादुर गुरुङ,स्नाकोत्तर,पूर्वाञ्‍चल विश्‍वविद्यालय,Sankhuwasabha Khandwari Municipality,,15 years in Media in Hospitality Management.,Bagmati,Kathmandu,Kathmandu-5,50203,75222,Master's Degree,27.745,85.33
1442,340227,Amit Thapa,Shram Sanskriti Party,2501.0,769,M,False,Bam Bahadur Thapa,+2,,Kathmandu,Ganga Thapa,,Bagmati,Kathmandu,Kathmandu-5,50203,75222,Higher Secondary / Intermediate (10+2 / PCL),27.745,85.33
1443,339912,Kalpana Sharma,Nepali Communist Party,2557.0,574,F,False,Dinanath Sharma,"स्नाकोत्तर (LL.M., MPA)","त्रिभुवन विश्‍वविद्यालय, पूर्वाञ्‍चल विश्‍वविद्यालय",Baglung,Somnath Sapkota,,Bagmati,Kathmandu,Kathmandu-5,50203,75222,Master's Degree,27.745,85.33
1444,339845,Prava Shrestha,Nepal Majdur Kisan Party,2578.0,574,M,False,ज्वाहरि लाल श्रेष्ठ,SLC,,Kathmandu Tokha Municipality Ikulag,सरिता  श्रेष्ठ,,Bagmati,Kathmandu,Kathmandu-5,50203,75222,Secondary Education (Grade 9-10 / SLC / SEE),27.745,85.33
1445,340866,Nisha Adhikari,Gatishil Loktantrik Party,2571.0,91,F,False,Khang Bahadur Adhikari,स्नाकोत्तर,त्रिभुवन विश्‍वविद्यालय,Kathmandu,,"कार्यक्रम प्रस्तोता, कान्तिपुर टिभी
चलचित्र निर्माता
सामाजिक, राजनीतिक अभियान्ता",Bagmati,Kathmandu,Kathmandu-5,50203,75222,Master's Degree,27.745,85.33
1446,339569,Dharma Dangol,Swatantra,,77,M,False,Siddhi Lal Dangol,स्नाकोत्तर,त्रिभुवन विश्‍वविद्यालय,Kathmandu,Rita Dangol,,Bagmati,Kathmandu,Kathmandu-5,50203,75222,Master's Degree,27.745,85.33
1447,340986,Gyanendra Prajapati,Nepal Communist Party (Maoist),2526.0,71,M,False,Purna Bhai Prajapati,SLC,,Kathmandu,Urmila Prajapati,,Bagmati,Kathmandu,Kathmandu-5,50203,75222,Secondary Education (Grade 9-10 / SLC / SEE),27.745,85.33
1448,339743,Bishnu Shrestha,Pragatishil Loktantrik Party,2516.0,50,M,False,पूर्ण लाल श्रेष्‍ठ,आई.कम.,त्रिभुवन विश्‍वविद्यालय,Kathmandu Tokha Municipality Dhapasi,सानु माया श्रेष्‍ठ,,Bagmati,Kathmandu,Kathmandu-5,50203,75222,Higher Secondary / Intermediate (10+2 / PCL),27.745,85.33
1449,340397,Ashoka Vikrama Ji Si,Rastriya Janamorcha,2522.0,49,M,False,मोहन वि जि सी,"MA., M.Sc.",Delhi University,Kathmandu Budhanilkanth Municipality,विनु  के सी,,Bagmati,Kathmandu,Kathmandu-5,50203,75222,Master's Degree,27.745,85.33
1450,340448,Shyam Kaji Sunuwar,Sanyukta Nagarik Party,2521.0,45,M,False,Dhan Bahadur Sunuwar,प्रविणता तह,,Kathmandu,,,Bagmati,Kathmandu,Kathmandu-5,50203,75222,Higher Secondary / Intermediate (10+2 / PCL),27.745,85.33
1451,340315,Basanta Raj Kuwnwar,Jaya Matribhumi Party,2510.0,33,M,False,श्याम राज कुँवर,स्नातक,त्रिभुवन विश्‍वविद्यालय,Kathmandu Budhanilkanth Municipality Budhanilkanth,पुजा  कुँवर,,Bagmati,Kathmandu,Kathmandu-5,50203,75222,Bachelor's Degree,27.745,85.33
1452,341246,Kyamuna Mijar,Swatantra,,29,F,False,Arjun Mijar,SLC,,Kathmandu,Kedar Mijar,,Bagmati,Kathmandu,Kathmandu-5,50203,75222,Secondary Education (Grade 9-10 / SLC / SEE),27.745,85.33
1453,340368,Nimesh Khanal,Nepal Communist Party (Sanyukta),2601.0,27,M,False,उदय प्रसाद खनाल,स्नातक, त्रिभुवन विश्‍वविद्यालय,Kathmandu Kathmandu Metropolitan City Maharajganj,सैलु  खनाल,,Bagmati,Kathmandu,Kathmandu-5,50203,75222,Bachelor's Degree,27.745,85.33
1454,341557,Yuvaraja Kaphle,Nepal Communist Party (Marxbadi) (Ekal Chunab Chinha),2512.0,16,M,False,कुस्माखर  काफ्ले,स्नातक (आर्युवेद),,Ruppandehi Sainamaina Municipality Basgarhi,सरस्‍वती  काफ्ले(भुसाल),चिकित्सा क्षेत्र,Bagmati,Kathmandu,Kathmandu-5,50203,75222,Bachelor's Degree,27.745,85.33
1455,341089,Danindra Joshi,"Janata Samajbadi Party, Nepal",2542.0,15,M,False,Buddha Bahadur Joshi,स्नातक,त्रिभुवन विश्‍वविद्यालय,Dolakha,Renu Shrestha,,Bagmati,Kathmandu,Kathmandu-5,50203,75222,Bachelor's Degree,27.745,85.33
1456,339777,Komal Paudel,Aam Janata Party (Ekal Chunab Chinha),2581.0,10,F,False,टिका   पौडेल,एम्.फिल. (अन्तर्राष्ट्रिय सम्बन्ध),त्रिभुवन विश्‍वविद्यालय,Gulmi Musikot Municipality,जिवलाल   पौडेल,,Bagmati,Kathmandu,Kathmandu-5,50203,75222,M.Phil,27.745,85.33
1457,341031,Shreeram Gurung,Mongol National Organization,2511.0,6,F,False,श्रीराम  गुरुङ,+2,,Dhading Netrawati Dabjong Rural Municipality Marpak,सन्त बहादुर गुरुङ,,Bagmati,Kathmandu,Kathmandu-5,50203,75222,Higher Secondary / Intermediate (10+2 / PCL),27.745,85.33
1458,339818,Ramesh Tamang,Trimul Nepal,2505.0,6,M,False,Phurba Tamang,,,Dolakha,,,Bagmati,Kathmandu,Kathmandu-5,50203,75222,,27.745,85.33
1459,340949,Dhak Bahadur Karki,Swatantra,,6,M,False,Man Bahadur Karki,स्नाकोत्तर,त्रिभुवन विश्‍वविद्यालय,Parbat,,"सामाजिक, शिक्षण, पर्यटन क्षेत्रको अनुभव",Bagmati,Kathmandu,Kathmandu-5,50203,75222,Master's Degree,27.745,85.33
1460,341341,Ramita Sapkota,Swatantra,,5,F,False,Ashwini Kumar Sapkota,स्नाकोत्तर,त्रिभुवन विश्‍वविद्यालय,Kavrepalanchowk,,,Bagmati,Kathmandu,Kathmandu-5,50203,75222,Master's Degree,27.745,85.33
1461,341293,Prava Shrestha,Swatantra,,3,F,False,मोहन कुमार श्रेष्‍ठ,प्रविणता तह,,Kathmandu Tokha Municipality Shanti Basti,सुरेन्द्र कुमार श्रेष्‍ठ,,Bagmati,Kathmandu,Kathmandu-5,50203,75222,Higher Secondary / Intermediate (10+2 / PCL),27.745,85.33
1462,342290,Shishir Khanal,Rastriya Swatantra Party,2528.0,27916,M,True,Surya Bhakta Khanal,स्नातकोत्तर,"University of Wishconsin, USA",Kathmandu,Achyuta Adhikari,"सर्वोदय श्रमदान अभियान (श्रीलंका, नेपाल, अमेरिका) २००५-२०१२
टिच फर नेपाल २०१२-२०१९
नीतिशाला/तुलसीपुर उपमहानगरपालिका २०२३-२०२५
प्रतिनिधि सभा सदस्य काठमाडौं ६ २०२३-२०२५",Bagmati,Kathmandu,Kathmandu-6,43355,67735,Master's Degree,27.74,85.31
1463,341403,Krish‍na Vaniyan Kshetri,Nepali Congress,2583.0,6667,M,False,लाल बहादुर वानियाँ,प्रविणता पत्र तह,त्रिभुवन विश्वविद्यालय,Kathmandu Tokha Municipality,झुनु मैया वानियाँ,समाजसेवा,Bagmati,Kathmandu,Kathmandu-6,43355,67735,Higher Secondary / Intermediate (10+2 / PCL),27.74,85.31
1464,341299,Aman Kumar Maskey,Nepal Communist Party (Ekikrit Marxbadi Leninbadi),2598.0,4518,M,False,ओम प्रकाश श्रेष्ठ,स्नातकोत्तर,त्रिभुवन विश्वविद्यालय,Kathmandu Tarakeshwar Municipality Futung,सुमित्रा  अधिकारी,,Bagmati,Kathmandu,Kathmandu-6,43355,67735,Master's Degree,27.74,85.31
1465,341133,Uddav Raj Bhetuwal,Rastriya Prajatantra Party,2604.0,1321,M,False,मदन  भेटुवाल,स्नातकोत्तर,,Kathmandu Tarakeshwar Municipality Vetuwalthok,,,Bagmati,Kathmandu,Kathmandu-6,43355,67735,Master's Degree,27.74,85.31
1466,339889,Hem Lal Sharma,Nepali Communist Party,2557.0,1260,M,False,Nand Lal Sharma,Master,Tribhuvan University,Baglung,Devi Sharma,"क) २०७० मा काठमाडौं क्षेत्र नं. ६ को उम्मेदवार
ख) स्ववियू सभापती २०६५, त्रि.वि.
ग) राजनैतिक क्षेत्रमा संलग्न
घ) विभिन्न सामाजिक संघ संस्थामाा आवध्दता",Bagmati,Kathmandu,Kathmandu-6,43355,67735,Master's Degree,27.74,85.31
1467,341804,Varisa Dharel,Ujyalo Nepal Party,2566.0,857,M,False,हरि प्रसाद धरेल,स्नातक,,Kathmandu Tokha Municipality Mahadeotar,,पर्यटन क्षेत्रमा लामो अनुभव,Bagmati,Kathmandu,Kathmandu-6,43355,67735,Bachelor's Degree,27.74,85.31
1468,341579,Labali Thapa,Shram Sanskriti Party,2501.0,448,F,False,हरि बहादुर थापा,"MBBS, Master","Noron Sichuan Medical College,LISU",Kathmandu Tokha Municipality,,"समाजिक अभियान्ता 
व्यवसाय",Bagmati,Kathmandu,Kathmandu-6,43355,67735,Master's Degree,27.74,85.31
1469,339593,Indra Kumari Bajracharya,Nepal Majdur Kisan Party,2578.0,230,F,False,Ashakaji Bajracharya,SLC,SLC Board,Lalitpur,Kancha Bajracharya,,Bagmati,Kathmandu,Kathmandu-6,43355,67735,Secondary Education (Grade 9-10 / SLC / SEE),27.74,85.31
1470,341719,Sukra Bahadur Lama,Nepal Communist Party (Maoist),2526.0,24,M,False,Krishna Bahadur Lama,slc,shakti Ma vi Nuwakot,Nuwakot,Shanta Maya Lama,"समाजसेवा
",Bagmati,Kathmandu,Kathmandu-6,43355,67735,Secondary Education (Grade 9-10 / SLC / SEE),27.74,85.31
1471,339450,Jagat Prashad Regmi,Rastriya Janamorcha,2522.0,20,M,False,नारायण प्रसाद रग्मी,12 pass,,Dailekh Bhagwati Mai Rural Municipality is beautiful,बिण्णा  रग्मी,२०५० साल देखि निरन्तर समाज सेवामा समर्पित,Bagmati,Kathmandu,Kathmandu-6,43355,67735,Higher Secondary / Intermediate (10+2 / PCL),27.74,85.31
1472,341477,Giri Raj Aryal,Pragatishil Loktantrik Party,2516.0,19,M,False,Govinda Prasad Aryal,educated,,Nuwakot,Mina Aryal,,Bagmati,Kathmandu,Kathmandu-6,43355,67735,Literate / Non-Formal,27.74,85.31
1473,340993,Rom Lal Giri,Jaya Matribhumi Party,2510.0,18,M,False,Ruku Giri,Bsc. Ag.,IAASTV,Gulmi,Haripriya Giri,"२१ वर्ष कृषि बैंकमा जागिर
१३ वर्ष नेपाल भ्रमण
(आत्मनिर्भर र योजनामा नेपाल) लेखक",Bagmati,Kathmandu,Kathmandu-6,43355,67735,Bachelor's Degree,27.74,85.31
1474,340481,Ambika Kumari Karki,Swatantra,,17,F,False,Jay Bahadur Karki,SLC,प्रयागेश्वर मा. वि. रामेछाप,Ramechhap,Padam Bahadur Shahi Thakuri,समाज सेवा,Bagmati,Kathmandu,Kathmandu-6,43355,67735,Secondary Education (Grade 9-10 / SLC / SEE),27.74,85.31
1475,342500,Safalta Bogati,Aam Janata Party (Ekal Chunab Chinha),2581.0,8,F,False,केशव बहादुर बोगटी,स्नातकोत्तर,त्रिभुवन विश्वविद्यालय,Nuwakot Likhu Rural Municipality Bhattathok,,,Bagmati,Kathmandu,Kathmandu-6,43355,67735,Master's Degree,27.74,85.31
1476,342085,Saroj Thapaliya,Swatantra,,7,M,False,Ram Sharan Thapaliya,स्नातकोत्तर,त्रिभुवन विश्वविद्यालय,Nuwakot,,,Bagmati,Kathmandu,Kathmandu-6,43355,67735,Master's Degree,27.74,85.31
1477,341932,Uddav Prasad Mishra,Prajatantrik Party Nepal,2582.0,6,M,False,रामकृष्‍ण  मिश्र,IA,Amarjyoti Ma vi Nuwakot,Nuwakot Panchkanya rural municipality Besikeri,गौरी  तिमिल्‍सीना,"राजनीतिक
चलचित्र्
टेलिचलचित्र
निर्देशक",Bagmati,Kathmandu,Kathmandu-6,43355,67735,Higher Secondary / Intermediate (10+2 / PCL),27.74,85.31
1478,342754,Bala Bahadura Ke.si,Swatantra,,6,M,False,इन्द्र बहादुर के.सी,slc,ग्राम सेवा मा. वि.,Kathmandu Tarakeshwar Municipality Kavresthali,लक्ष्मी  के.सी,भूमि सम्बन्धी अनुभव,Bagmati,Kathmandu,Kathmandu-6,43355,67735,Secondary Education (Grade 9-10 / SLC / SEE),27.74,85.31
1479,341081,Indira Thapa,Rastriya Mukti Party Nepal (Ekal Chunab Chinha),2531.0,5,F,False,Vasudev Khanal,SLC,,Kathmandu,Sudam Thapa,समाजसेवा,Bagmati,Kathmandu,Kathmandu-6,43355,67735,Secondary Education (Grade 9-10 / SLC / SEE),27.74,85.31
1480,342046,Sangam Aryal,Swatantra,,5,M,False,Ram Prasad Aryal,स्नातक,,Dhading,-  -,समाज सेवा,Bagmati,Kathmandu,Kathmandu-6,43355,67735,Bachelor's Degree,27.74,85.31
1481,340569,Ram Kumar Ghimire,Swatantra,,3,M,False,Arjun Kumar Ghimire,Master,Trichandra,Morang,Ganga Dhakal,,Bagmati,Kathmandu,Kathmandu-6,43355,67735,Master's Degree,27.74,85.31
1482,340951,Ganesh Parajuli,Rastriya Swatantra Party,2528.0,27805,M,True,Bhumi Raj Parajuli,स्नातक,,Khotang,Rina Bajracharya (Parajuli),,Bagmati,Kathmandu,Kathmandu-7,42696,66753,Bachelor's Degree,27.73,85.295
1483,341689,Pramod Hari Guragain,Nepali Congress,2583.0,3982,M,False,Ram Prasad Guragai,स्नताकोत्तर,,Nuwakot,Krishna Adhikari,,Bagmati,Kathmandu,Kathmandu-7,42696,66753,Master's Degree,27.73,85.295
1484,341092,Basanta Prasad Manandhar,Nepali Communist Party,2557.0,3667,M,False,Dev Narayan Manandhar,स्नातक (बि.कम),,Kathmandu,Indira Panta,,Bagmati,Kathmandu,Kathmandu-7,42696,66753,Bachelor's Degree,27.73,85.295
1485,341121,Prakash Shrestha,Nepal Communist Party (Ekikrit Marxbadi Leninbadi),2598.0,3544,M,False,Kisan Shrestha,स्नातक अध्ययनरत,,Kathmandu,Samita Tamang (Shrestha),,Bagmati,Kathmandu,Kathmandu-7,42696,66753,Bachelor's Degree,27.73,85.295
1486,340878,Bimala Lama,Ujyalo Nepal Party,2566.0,1383,F,False,भरत बहादुर लामा,bachelor running,,Sindhupalchok Sunkoshi Rural Municipality Garighar Tol,हस्त बहादुर लामा,,Bagmati,Kathmandu,Kathmandu-7,42696,66753,Bachelor's Degree,27.73,85.295
1487,341483,Lal Kumar Lama,Rastriya Prajatantra Party,2604.0,1381,M,False,Jit Bahadur Lama,10,,Kathmandu,Ketari Maya Lama,,Bagmati,Kathmandu,Kathmandu-7,42696,66753,Secondary Education (Grade 9-10 / SLC / SEE),27.73,85.295
1488,339370,Maniram Bahadur Pradhan,Shram Sanskriti Party,2501.0,446,M,False,Narayan Bahadur Pradhan,स्नातक वाणिज्य शास्त्र,,Kathmandu,Piyi Liyo,,Bagmati,Kathmandu,Kathmandu-7,42696,66753,Bachelor's Degree,27.73,85.295
1489,340190,Ganesh Maya Dangol,Nepal Majdur Kisan Party,2578.0,97,F,False,Ganesh Lal Shrestha,कक्षा ९,,Kathmandu,Shailendra Dangol,,Bagmati,Kathmandu,Kathmandu-7,42696,66753,Secondary Education (Grade 9-10 / SLC / SEE),27.73,85.295
1490,340444,Dipak Manandhar,Nepal Communist Party (Maoist),2526.0,78,M,False,Laxmi Das Manandhar,कक्षा दस पास,,Kathmandu,,,Bagmati,Kathmandu,Kathmandu-7,42696,66753,Secondary Education (Grade 9-10 / SLC / SEE),27.73,85.295
1491,341187,Amin Ratna Tamrakar,Pragatishil Loktantrik Party,2516.0,75,M,False,Dharma Ratna Tamrakar,एस एल सि,,Kathmandu,Nirjana Tuladhar,,Bagmati,Kathmandu,Kathmandu-7,42696,66753,Secondary Education (Grade 9-10 / SLC / SEE),27.73,85.295
1492,341527,Bharat Paudel,Swatantra,,50,M,False,तोय नाथ पौडेल,SLC,,Kathmandu Nagarjuna Municipality Halchok,चन्डीका  पौडेल पाण्डे,,Bagmati,Kathmandu,Kathmandu-7,42696,66753,Secondary Education (Grade 9-10 / SLC / SEE),27.73,85.295
1493,340141,Sharmila Phuyal,Swatantra,,34,F,False,Arjun Prasad Phuyal,"M. PHIL Economics, BBA LLB",,Kathmandu,,,Bagmati,Kathmandu,Kathmandu-7,42696,66753,M.Phil,27.73,85.295
1494,340923,Buddhi Prasad Regmi,Swatantra,,32,M,False,Netra Narayan Regmi,bachelor,,Syangja,Sharda Paudel Regmi,,Bagmati,Kathmandu,Kathmandu-7,42696,66753,Bachelor's Degree,27.73,85.295
1495,342017,Binod Kumar Gurung,Rastriya Ekata Dal,2548.0,29,M,False,प्रेम बहादुर गुरुङ,साक्षर,,Gorkha Barpak Sulikot Rural Municipality,सुनिता  तामाङ,,Bagmati,Kathmandu,Kathmandu-7,42696,66753,Literate / Non-Formal,27.73,85.295
1496,340731,Gun Bahadur Banjara Chhetri,Nepal Communist Party (Sanyukta),2601.0,13,M,False,Nain Bahadur Banjara,SLC,,Gorkha,Chini Maya Banjara,,Bagmati,Kathmandu,Kathmandu-7,42696,66753,Secondary Education (Grade 9-10 / SLC / SEE),27.73,85.295
1497,342495,Pradeep Bhattarai,Aam Janata Party (Ekal Chunab Chinha),2581.0,13,M,False,दण्डपानी  भट्टराइ,स्नातक,,Dhading Jwalamukhi Rural Municipality Mazuwatar,- - -,,Bagmati,Kathmandu,Kathmandu-7,42696,66753,Bachelor's Degree,27.73,85.295
1498,340068,Babu Ram Lama,"Janata Samajbadi Party, Nepal",2542.0,9,M,False,Maite Singh Lama,SLC,,Kathmandu,Anandi Lama,,Bagmati,Kathmandu,Kathmandu-7,42696,66753,Secondary Education (Grade 9-10 / SLC / SEE),27.73,85.295
1499,339762,Dirgha Kumar Shrestha,Rastriya Janamorcha,2522.0,9,M,False,चाम नारायण श्रेष्‍ठ,,,Kathmandu Tokha Municipality Jalvinayak,विष्‍णु कुमारी श्रेष्‍ठ,,Bagmati,Kathmandu,Kathmandu-7,42696,66753,,27.73,85.295
1500,341161,Baikuntha Phuyal,Jaya Matribhumi Party,2510.0,8,M,False,Manorath Phuyal,+ २,,Kathmandu,Rita Phuyal,,Bagmati,Kathmandu,Kathmandu-7,42696,66753,Higher Secondary / Intermediate (10+2 / PCL),27.73,85.295
1501,341657,Dipin Panta,Rastriya Mukti Party Nepal (Ekal Chunab Chinha),2531.0,8,M,False,कृष्ण हरि पन्त,स्नातक,,Tanahun Ambukhaireni Rural Municipality Markichoke,सृजना  लोहनी,,Bagmati,Kathmandu,Kathmandu-7,42696,66753,Bachelor's Degree,27.73,85.295
1502,341942,Anjala Bajracharya,Swatantra,,7,F,False,Amrit Ratna Shakya,एस एल सि पास,,Kathmandu,Anil Ratna Bajracharya,,Bagmati,Kathmandu,Kathmandu-7,42696,66753,Secondary Education (Grade 9-10 / SLC / SEE),27.73,85.295
1503,341280,Prakash Kunwar,Swatantra,,7,M,False,Bal Bahadur Kunwar,एस एल सी,,Lamjung,,,Bagmati,Kathmandu,Kathmandu-7,42696,66753,Secondary Education (Grade 9-10 / SLC / SEE),27.73,85.295
1504,341727,Sujita Shrestha,Swatantra,,5,F,False,Laxmi Das Shrestha,BA LLB,,Kathmandu,,,Bagmati,Kathmandu,Kathmandu-7,42696,66753,Bachelor's Degree,27.73,85.295
1505,342050,Aman Shrestha,Swatantra,,4,M,False,Arjun Shrestha,स्नातक,,Kathmandu,,,Bagmati,Kathmandu,Kathmandu-7,42696,66753,Bachelor's Degree,27.73,85.295
1506,342221,Puspa Baniya,Swatantra,,4,M,False,बुद्दि बहादुर बानिया,+2,,Kathmandu Kathmandu Metropolitan City,,,Bagmati,Kathmandu,Kathmandu-7,42696,66753,Higher Secondary / Intermediate (10+2 / PCL),27.73,85.295
1507,341890,Suman Putuwar Maharjan,Swatantra,,3,M,False,लाटा   पुतुवार  / महर्जन ,+2,,Kathmandu Tarakeshwar Municipality Guheshwari,,,Bagmati,Kathmandu,Kathmandu-7,42696,66753,Higher Secondary / Intermediate (10+2 / PCL),27.73,85.295
1508,341212,Sabita Gamal,Swatantra,,3,F,False,Bir Bahadur Gamal,स्नातक,,Makwanpur,Dhan Krishna Gamal,,Bagmati,Kathmandu,Kathmandu-7,42696,66753,Bachelor's Degree,27.73,85.295
1509,340972,Biraj Bhakta Shrestha,Rastriya Swatantra Party,2528.0,24592,M,True,Vikas Shrestha,Bachelor,SANN International College,Kathmandu,Srishti Singh Bhandari,"सांसद (प्रदेश सभा), सांसद (प्रतिनिधि सभा), मन्त्रि (पूर्व), सामाजिक सेवा",Bagmati,Kathmandu,Kathmandu-8,36413,56428,Bachelor's Degree,27.705,85.29
1510,340369,Suman Shayami,Nepali Communist Party,2557.0,3217,M,False,जिवन राज मानन्धर,+2,Tribhuvan University,Kathmandu Kathmandu Metropolitan City Kalimati,अनु  सायमी,व्यापार,Bagmati,Kathmandu,Kathmandu-8,36413,56428,Higher Secondary / Intermediate (10+2 / PCL),27.705,85.29
1511,341100,Sapana Rajbhandari,Nepali Congress,2583.0,2835,F,False,Govinda Rajbhandari,स्‍नातकोत्तर,Tribhuvan University,Kathmandu,Navindra Raj Joshi,"२०७५ सालमा समानुपातिकतर्फ प्रतिनिधि सभा सदस्य निर्वाचित, २०४८ साल देखि नेपाली काङ्ग्रेसको सक्रिय रूपमा विभिन्न पदमा रही काम गरेको",Bagmati,Kathmandu,Kathmandu-8,36413,56428,Master's Degree,27.705,85.29
1512,339822,Rajesh Shakya,Nepal Communist Party (Ekikrit Marxbadi Leninbadi),2598.0,1909,M,False,Dharma Ratna Shakya,Bachelor,Tribhuvan University,Kathmandu,Mira Shakya,"२०५४ स्थानीय निर्वाचित कामनपा १९ वडा को सदस्य, २०७४ बागमती प्रदेशको प्रदेश सभाको सदस्य",Bagmati,Kathmandu,Kathmandu-8,36413,56428,Bachelor's Degree,27.705,85.29
1513,340159,Nabin Shahi,Rastriya Prajatantra Party,2604.0,1909,M,False,Laxmi Bahadur Shahi,IA,Tribhuvan University,Kathmandu,Rekha Sapkota Shahi,"सामाजिक क्षेत्र, व्यवसायिक",Bagmati,Kathmandu,Kathmandu-8,36413,56428,Higher Secondary / Intermediate (10+2 / PCL),27.705,85.29
1514,340131,Rajan Khadgi,Ujyalo Nepal Party,2566.0,1033,M,False,Raju Khadgi,+2,क्यामबिर्ज कलेज,Kathmandu,,"सम्पदा अभियन्ता, सामाजिक अभियन्ता",Bagmati,Kathmandu,Kathmandu-8,36413,56428,Higher Secondary / Intermediate (10+2 / PCL),27.705,85.29
1515,339329,Shiva Sundar Karmacharya,Shram Sanskriti Party,2501.0,281,M,False,श्‍याम सुन्दर कर्माचार्य,Diploma in Electronics Engineering,,Kathmandu Kathmandu Metropolitan City Tabb Marg,सुनिता  श्रेष्‍ठ,,Bagmati,Kathmandu,Kathmandu-8,36413,56428,Diploma / Certificate Level,27.705,85.29
1516,342661,Chhatra Kumar Pakhrin,"Rastriya Mukti Andolan, Nepal",2591.0,203,M,False,शंखलाल  तमाङ,,Bharat,Dolakha Kalinchok rural municipality,रुपा   सुवाल,समाज सेवा,Bagmati,Kathmandu,Kathmandu-8,36413,56428,,27.705,85.29
1517,342136,Sunita Maharjan,Swatantra,,179,F,False,Shyam Sundar Maharjan,साक्षर,मंगलोदय माध्यमिक विद्यालय,Kathmandu,Sandhir Kumar Maharjan,,Bagmati,Kathmandu,Kathmandu-8,36413,56428,Literate / Non-Formal,27.705,85.29
1518,340553,Bandana Shrestha,Nepal Majdur Kisan Party,2578.0,90,F,False,Shyam Bahadur Shrestha,S.L.C,"विद्या मन्दिर माध्यमिक विद्यालय, नैकाप",Kathmandu,Karan Kumar Magar,,Bagmati,Kathmandu,Kathmandu-8,36413,56428,Secondary Education (Grade 9-10 / SLC / SEE),27.705,85.29
1519,339587,Dinesh Shahi,Nepal Janata Sanrakshan Party,2541.0,71,M,False,Ashta Bahadur Shahi,+2,T.U,Kathmandu,Sarika Shahi,"समाजसेवामा उल्लेखित सेवा हासिल गरेको, पशु अधिकारको बारेमा काम गरेको",Bagmati,Kathmandu,Kathmandu-8,36413,56428,Higher Secondary / Intermediate (10+2 / PCL),27.705,85.29
1520,339659,Salam Singh Lama,Nepal Communist Party (Maoist),2526.0,19,M,False,Daulat Singh Tamang,S.L.C,"श्री प्रभा माध्यमिक विद्यालय, काभ्रे",Kavrepalanchowk,Sarita Tamang,व्यापार,Bagmati,Kathmandu,Kathmandu-8,36413,56428,Secondary Education (Grade 9-10 / SLC / SEE),27.705,85.29
1521,339883,Khagesh Ranjitkar,Aam Janata Party (Ekal Chunab Chinha),2581.0,13,M,False,Singh Bahadur Ranjitkar,IA,देउराली मल्टिपल क्याम्पस,Kathmandu,Sadhana Ranjitkar,"पूर्व सेना सुवेदार पेनशन, दोस्रो संविधान सभा सदस्य उम्मेदवार, प्रतिनिधि सभा सदस्य उम्मेदवार, २०७४, सेक्युरिटी कम्पनी सञ्‍चालन गरेको",Bagmati,Kathmandu,Kathmandu-8,36413,56428,Higher Secondary / Intermediate (10+2 / PCL),27.705,85.29
1522,341742,Saroj Raj Baidhya,"Janata Samajbadi Party, Nepal",2542.0,9,M,False,श्‍याम राज बैद्म,S.L.C,,Kathmandu Kathmandu Metropolitan City Jhoche,कुसुम मुखिया बैद्म,जसपा नेपाल युवा संघ,Bagmati,Kathmandu,Kathmandu-8,36413,56428,Secondary Education (Grade 9-10 / SLC / SEE),27.705,85.29
1523,342157,Shushila Nepali,Swatantra,,9,F,False,Ram Bhakta Nepali,+2,Tribhuvan University,Kathmandu,,,Bagmati,Kathmandu,Kathmandu-8,36413,56428,Higher Secondary / Intermediate (10+2 / PCL),27.705,85.29
1524,342730,Resham Bahadur Sunar,Sanyukta Nagarik Party,2521.0,8,M,False,Chandra Bahadur Sunar,१०,,Sindhupalchowk,Suk Maya Sunar,,Bagmati,Kathmandu,Kathmandu-8,36413,56428,Secondary Education (Grade 9-10 / SLC / SEE),27.705,85.29
1525,342459,Vijaya Dangol,Nepal Sanghiya Samajbadi Party (Ekal Chunab Chinha),2567.0,8,M,False,विष्णु  डंगोल,+2,जन प्रभात उच्च माध्यमिक विद्यालय,Kathmandu Kathmandu Metropolitan City,रेनु  डंगोल,"राजनैतिक समाजसेवी, आयुर्वेदिक उपचार, व्यवसायी",Bagmati,Kathmandu,Kathmandu-8,36413,56428,Higher Secondary / Intermediate (10+2 / PCL),27.705,85.29
1526,339455,Mukti Nath Sharma,Rastriya Mukti Party Nepal (Ekal Chunab Chinha),2531.0,8,M,False,Ganesh Prasad Sharmal,S.L.C,नेपाल युवक मा.वि,Kathmandu,Sushma Sharma,समाजसेवा,Bagmati,Kathmandu,Kathmandu-8,36413,56428,Secondary Education (Grade 9-10 / SLC / SEE),27.705,85.29
1527,340236,Bikash Khadgi,Swatantra,,7,M,False,कृष्‍ण प्रसाद खड्गी,SLC,शान्ति निकुञ्ज निकेतन विद्यालय,Kathmandu Kathmandu Metropolitan City Chone Pakha Galli,कविता  खड्गी,,Bagmati,Kathmandu,Kathmandu-8,36413,56428,Secondary Education (Grade 9-10 / SLC / SEE),27.705,85.29
1528,342418,Rajendra Prasad Shah,Nepal Communist Party (Sanyukta),2601.0,5,M,False,Ramvilash Shah,बी.एल,Tribhuvan University,Sarlahi,Sanjha Devi Shah,,Bagmati,Kathmandu,Kathmandu-8,36413,56428,Bachelor's Degree,27.705,85.29
1529,342087,Tulasha Shrestha Maharjan,Swatantra,,4,F,False,राम कृष्ण श्रेष्ठ,Master Degree,Tribhuvan University,Kathmandu Kathmandu Metropolitan City Chankhu Marg,शान्त कुमार महर्जन,,Bagmati,Kathmandu,Kathmandu-8,36413,56428,Master's Degree,27.705,85.29
1530,342052,Muna Neupane (Pandey),Swatantra,,4,F,False,मित्र प्रसाद न्यौपाने,S.L.C,"हिमालय माध्यमिक विद्यालय, झापा, दमक",Sunsari Barahkshetra Municipality,गायत्री प्रसाद पाण्डे,,Bagmati,Kathmandu,Kathmandu-8,36413,56428,Secondary Education (Grade 9-10 / SLC / SEE),27.705,85.29
1531,340686,Dol Prasad Aryal,Rastriya Swatantra Party,2528.0,35093,M,True,Boj Raj Aryal,,,Dhading,Ambika K.C.,,Bagmati,Kathmandu,Kathmandu-9,50670,77745,,27.69,85.28
1532,342487,Nanu Maiya Bastola,Nepali Congress,2583.0,5460,F,False,Tulsi Ram Bastola,,,Udaipur,,,Bagmati,Kathmandu,Kathmandu-9,50670,77745,,27.69,85.28
1533,339778,Ajay Kranti Shakya,Nepal Communist Party (Ekikrit Marxbadi Leninbadi),2598.0,4580,M,False,Ratna Kaji Shakya,विद्यावारिधी,,Kathmandu,Anjan Shakya,,Bagmati,Kathmandu,Kathmandu-9,50670,77745,Doctorate / PhD,27.69,85.28
1534,340531,Dil Kumar Karki,Rastriya Prajatantra Party,2604.0,1457,M,False,Krishna Bahadur Karki,स्‍नातक तह,,Kathmandu,,,Bagmati,Kathmandu,Kathmandu-9,50670,77745,Bachelor's Degree,27.69,85.28
1535,341510,Ramesh‍vara Shreshth,Ujyalo Nepal Party,2566.0,1426,M,False,हरि बहादुर श्रेष्ठ,स्‍नातक,,Kathmandu Kathmandu Metropolitan City Humat,,,Bagmati,Kathmandu,Kathmandu-9,50670,77745,Bachelor's Degree,27.69,85.28
1536,340718,Radha Krishna Maharjan,Nepali Communist Party,2557.0,1328,M,False,Nati Maharjan,स्‍नातक,,Kathmandu,Subhadra Maharjan,,Bagmati,Kathmandu,Kathmandu-9,50670,77745,Bachelor's Degree,27.69,85.28
1537,339767,Shanta Maharjan,Nepal Majdur Kisan Party,2578.0,443,M,False,Mangal Das Maharjan,,,Kathmandu,Chandeshwari Maharjan,,Bagmati,Kathmandu,Kathmandu-9,50670,77745,,27.69,85.28
1538,340231,Balram Shrestha,Shram Sanskriti Party,2501.0,331,M,False,गोविन्द  श्रेष्ठ,,,Kathmandu Kathmandu Metropolitan City Putli Marg,रजनी  श्रेष्ठ,,Bagmati,Kathmandu,Kathmandu-9,50670,77745,,27.69,85.28
1539,340485,Maila Lama,Nepal Communist Party (Maoist),2526.0,183,M,False,Jit Bahadur Tamang Lama,साक्षर,,Kathmandu, ,,Bagmati,Kathmandu,Kathmandu-9,50670,77745,Literate / Non-Formal,27.69,85.28
1540,340930,Pancha Kumari Manandhar,Swatantra,,69,F,False,Bekha Narayan Manandhar,PHD,,Kathmandu,Hari Narayan Manandhar,,Bagmati,Kathmandu,Kathmandu-9,50670,77745,Doctorate / PhD,27.69,85.28
1541,340382,Raju Rokka,Pragatishil Loktantrik Party,2516.0,64,M,False,Maila Rokka,SLC,,Kathmandu,Manisha Rokka,,Bagmati,Kathmandu,Kathmandu-9,50670,77745,Secondary Education (Grade 9-10 / SLC / SEE),27.69,85.28
1542,339565,Roshan Dani,Rastriya Janamorcha,2522.0,62,M,False,Hari Krishna Dani,,,Kathmandu,,,Bagmati,Kathmandu,Kathmandu-9,50670,77745,,27.69,85.28
1543,339606,Anup Muni Bajrachrya,Jaya Matribhumi Party,2510.0,62,M,False,अष्‍ट मुनि बज्राचार्य,+२,,Kathmandu Kathmandu Metropolitan City Lagantol,,,Bagmati,Kathmandu,Kathmandu-9,50670,77745,Higher Secondary / Intermediate (10+2 / PCL),27.69,85.28
1544,340769,Enjisa Raja Prasaee,Nepal Communist Party (Sanyukta),2601.0,29,M,False,कूल प्रसाद प्रसाई,Bachelor,,Kathmandu Kathmandu Metropolitan City,,,Bagmati,Kathmandu,Kathmandu-9,50670,77745,Bachelor's Degree,27.69,85.28
1545,339979,Eras Shrestha,Aam Janata Party (Ekal Chunab Chinha),2581.0,23,M,False,राज भक्त श्रेष्‍ठ,PCL,,Kathmandu Kathmandu Metropolitan City Mylawari,,,Bagmati,Kathmandu,Kathmandu-9,50670,77745,Higher Secondary / Intermediate (10+2 / PCL),27.69,85.28
1546,341704,Sumitra Shrestha,Swatantra,,17,F,False,Madhav Narayan Shrestha,एस.एल.सी.,,Kathmandu,Sharan Bahadur Shrestha,,Bagmati,Kathmandu,Kathmandu-9,50670,77745,Secondary Education (Grade 9-10 / SLC / SEE),27.69,85.28
1547,342299,Ranavira Kshetri Sinh,"Janata Samajbadi Party, Nepal",2542.0,8,M,False,रतन  क्षेत्री सिंह,+2,,Kathmandu Kathmandu Metropolitan City Tripureshwar,सबिना  खत्री,,Bagmati,Kathmandu,Kathmandu-9,50670,77745,Higher Secondary / Intermediate (10+2 / PCL),27.69,85.28
1548,340134,Dharmaraj Gurung,Mongol National Organization,2511.0,6,M,False,श्री राम गुरुङ,१० पास,,Dhading Khaniabas rural municipality,सिता  गुरुङ,,Bagmati,Kathmandu,Kathmandu-9,50670,77745,Secondary Education (Grade 9-10 / SLC / SEE),27.69,85.28
1549,340074,Mdan Dangol,Rastriya Mukti Party Nepal (Ekal Chunab Chinha),2531.0,6,M,False,श्याम डंगोल,+2,,Kathmandu Kathmandu Metropolitan City Fasigan, ,,Bagmati,Kathmandu,Kathmandu-9,50670,77745,Higher Secondary / Intermediate (10+2 / PCL),27.69,85.28
1550,341473,Juddha Bahadur Karki,Swatantra,,6,M,False,Udha Bahadur Karki,SLC,,Kathmandu,Tara Karki,,Bagmati,Kathmandu,Kathmandu-9,50670,77745,Secondary Education (Grade 9-10 / SLC / SEE),27.69,85.28
1551,341750,Hari Prasad Ghimire,Swatantra,,6,M,False,Gunaraj Ghimire,,,Chitwan,Khum Kumari Ghimire,,Bagmati,Kathmandu,Kathmandu-9,50670,77745,,27.69,85.28
1552,341542,Madan Pokharel,Miteri Party Nepal,2530.0,5,M,False,Thaneshwar Pokharel,+२ पास,,Palpa,,,Bagmati,Kathmandu,Kathmandu-9,50670,77745,Higher Secondary / Intermediate (10+2 / PCL),27.69,85.28
1553,341786,Pun Maya Maharjan,Swatantra,,4,F,False,Sanubhai Maharjan,आधारभूत,,Kathmandu,Jit Bahadur Maharjan,,Bagmati,Kathmandu,Kathmandu-9,50670,77745,Basic Education (Up to Grade 8),27.69,85.28
1554,341909,Madhu Sudan Sharma,Swatantra,,2,M,False,Bhavani Prasad Sharma,BA,,Rolpa,Tejinder Kaur (Sharma),,Bagmati,Kathmandu,Kathmandu-9,50670,77745,Bachelor's Degree,27.69,85.28
1555,340506,Pradip Bista,Rastriya Swatantra Party,2528.0,37469,M,True,कृष्ण बहादुर विष्‍ट,Intermediate in commerce,पिपोल्स क्याम्पस,Kathmandu Kirtipur Municipality Dudhpokhri,पविता  विष्‍ट के.सी.,"व्यवसायिक, राजनीतिक, समाजिक कार्य",Bagmati,Kathmandu,Kathmandu-10,58058,81893,Higher Secondary / Intermediate (10+2 / PCL),27.655,85.275
1556,341965,Himal Karki,Nepali Congress,2583.0,8100,M,False,Lok Bahadur Karki,+2,त्रिभुवन विश्वविद्यालय,Kathmandu,Sunita Karki,,Bagmati,Kathmandu,Kathmandu-10,58058,81893,Higher Secondary / Intermediate (10+2 / PCL),27.655,85.275
1557,340054,Binod Shrestha,Nepal Communist Party (Ekikrit Marxbadi Leninbadi),2598.0,4864,M,False,नर्सि  श्रेष्‍ठ,I. Com,नेपाल कमर्श क्याम्पस,Kathmandu Chandragiri Municipality Imakhel,जय देवी श्रेष्‍ठ,"नेकपा एमालेको पोलिटव्यूरो सदस्य, नेपाल ट्रेड युनियन महासंघको अध्यक्ष, दक्षिण एसियाली ट्रेड युनियन महासंघको उपाध्यक्ष",Bagmati,Kathmandu,Kathmandu-10,58058,81893,Higher Secondary / Intermediate (10+2 / PCL),27.655,85.275
1558,341002,Rupa Maharjan (Shrestha),Nepali Communist Party,2557.0,2648,F,False,दिलिप महर्जन,+2,शहीद स्मारक कलेज,Kathmandu Chandragiri Municipality Main Road,सुचेन्‍द्र  श्रेष्‍ठ,,Bagmati,Kathmandu,Kathmandu-10,58058,81893,Higher Secondary / Intermediate (10+2 / PCL),27.655,85.275
1559,340851,Bal Ram Thapa,Rastriya Prajatantra Party,2604.0,2239,M,False,Bhairav Bahadur Thapa,,,Kathmandu,Renu Thapa,,Bagmati,Kathmandu,Kathmandu-10,58058,81893,,27.655,85.275
1560,340842,Rakesh Neupane,Ujyalo Nepal Party,2566.0,927,M,False,Sudarshan Khatri,स्नातक,नेशनल मेडिकल कलेज,Bara,Sapana Pakhrin,,Bagmati,Kathmandu,Kathmandu-10,58058,81893,Bachelor's Degree,27.655,85.275
1561,339769,Dhan Bahadur Shrestha,Shram Sanskriti Party,2501.0,528,M,False,Krishna Bahadur Shrestha,Phd Doctor,Tianjin Medical University China,Kathmandu,,ग्रिन सिटी अस्पतालमा कार्यरत,Bagmati,Kathmandu,Kathmandu-10,58058,81893,Doctorate / PhD,27.655,85.275
1562,342198,Binod Budhathoki,Swatantra,,482,M,False,Indra Bahadur Budhathoki,‌+2,त्रिभुवन विश्वविद्यालय,Kathmandu,Sunita Pandit (Budhathoki),,Bagmati,Kathmandu,Kathmandu-10,58058,81893,Higher Secondary / Intermediate (10+2 / PCL),27.655,85.275
1563,339503,Vindra Maharjan,Nepal Majdur Kisan Party,2578.0,293,F,False,हरि शरण महर्जन,SLC,जनसेवा मा.वि.,Kathmandu Kirtipur Municipality Panga Dhokasi,सुर्य मान महर्जन,,Bagmati,Kathmandu,Kathmandu-10,58058,81893,Secondary Education (Grade 9-10 / SLC / SEE),27.655,85.275
1564,341918,Dev Kumar Shrestha,Swatantra,,171,M,False,Hari Prasad Shrestha,SLC,श्री भैरव काली मा वि,Lamjung,Juni Maya Shrestha,,Bagmati,Kathmandu,Kathmandu-10,58058,81893,Secondary Education (Grade 9-10 / SLC / SEE),27.655,85.275
1565,339733,Keshavraj Aryal,Pragatishil Loktantrik Party,2516.0,75,M,False,Khageshwar Aryal Aryal,स्नातकोत्तर,त्रिभुवन विश्वविद्यालय,Chitwan,Sumitra Ghimire,"पत्रकारिता, कानून व्यवसायी, सामाजिक अभियन्ता",Bagmati,Kathmandu,Kathmandu-10,58058,81893,Master's Degree,27.655,85.275
1566,339886,Ram Kumar Bhomjan,Nepal Communist Party (Maoist),2526.0,65,M,False,Kanchha Bhomjan,SLC,श्री कृष्ण मा.वि.,Kathmandu,Hira Maya Bomjan,"शिक्षक, समाजसेवी, इलेक्ट्रिकल कामहरू",Bagmati,Kathmandu,Kathmandu-10,58058,81893,Secondary Education (Grade 9-10 / SLC / SEE),27.655,85.275
1567,339332,Ambar Bahadur Paudel,Rastriya Janamorcha,2522.0,36,M,False,चेत वहादुर पौडेल,१०,नेपाल सरकार,Kathmandu Kirtipur Municipality Tangla,शुसिला  पौडेल,,Bagmati,Kathmandu,Kathmandu-10,58058,81893,Secondary Education (Grade 9-10 / SLC / SEE),27.655,85.275
1568,340404,Kabita Pudasaini (Adhikari),Swatantra,,29,F,False,Vishwanath Pudasaini,+2,मनमोहन मेमोरियल उ मा वि,Kathmandu,Madhusudan Adhikari,,Bagmati,Kathmandu,Kathmandu-10,58058,81893,Higher Secondary / Intermediate (10+2 / PCL),27.655,85.275
1569,341846,Vikrama Pande Kshetri,Jaya Matribhumi Party,2510.0,22,M,False,लंक बहादुर पाण्डे,10,आर्मी शिक्षण,Kathmandu Chandragiri Municipality,बिजुला  पाण्डे,,Bagmati,Kathmandu,Kathmandu-10,58058,81893,Secondary Education (Grade 9-10 / SLC / SEE),27.655,85.275
1570,342351,Raj Kumar Giri,Swatantra,,21,M,False,Ram Bahadur Giri,स्नातक,त्रिभुवन विश्वविद्यालय,Kathmandu,Mita Giri,,Bagmati,Kathmandu,Kathmandu-10,58058,81893,Bachelor's Degree,27.655,85.275
1571,342167,Dipaka Raja Pande,Swatantra,,19,M,False,श्याम प्रसाद पाण्डे,स्नातक,त्रिभुवन विश्वविद्यालय,Kathmandu Kirtipur Municipality Amritnagar,,,Bagmati,Kathmandu,Kathmandu-10,58058,81893,Bachelor's Degree,27.655,85.275
1572,339626,Ram Rumba,Mongol National Organization,2511.0,18,M,False,Buddhi Man Rumba,8,,Kathmandu,Suprina Lama Rumba,,Bagmati,Kathmandu,Kathmandu-10,58058,81893,Basic Education (Up to Grade 8),27.655,85.275
1573,340804,Purna Chandra Paudel,Samabeshi Samajbadi Party,2590.0,12,M,False,रामेश्‍वर  पौडेल,+2,अरूणोदय उच्च मा वि फेदी रामेछाप,Kathmandu Likhu Tamakoshi rural municipality bridge,सृजना  आचार्य,,Bagmati,Kathmandu,Kathmandu-10,58058,81893,Higher Secondary / Intermediate (10+2 / PCL),27.655,85.275
1574,341220,Anuj Pradhan,Swatantra,,9,M,False,Nidas Man Pradhan,स्नातकोत्तर,त्रिभुवन विश्वविद्यालय,Kathmandu,Bina Maharjan (Pradhan),"सामाजिक कार्य, राजनीतिक अध्ययन, अन्तराष्ट्रिय सम्बन्ध तथा कुटनितिक अध्ययन",Bagmati,Kathmandu,Kathmandu-10,58058,81893,Master's Degree,27.655,85.275
1575,341167,Bhagarit  Sah,"Janata Samajbadi Party, Nepal",2542.0,8,M,False,Rajdev Sah,BA LLB ,,Bara,Bachchi Devi Sah,,Bagmati,Kathmandu,Kathmandu-10,58058,81893,Bachelor's Degree,27.655,85.275
1576,340122,Krishna Kumari Nepali,Swatantra,,7,F,False,Kanchha Nepali,साधारण लेखपढ,,Kathmandu,Hari Sharan Nepali,,Bagmati,Kathmandu,Kathmandu-10,58058,81893,Literate / Non-Formal,27.655,85.275
1577,342222,Kumar Khaki Shrestha,Swatantra,,6,M,False,Chandra Kala Khaki Shrestha,B.com,त्रिभुवन विश्वविद्यालय,Taplejung,Jamba Khaki,,Bagmati,Kathmandu,Kathmandu-10,58058,81893,Bachelor's Degree,27.655,85.275
1578,340738,Sulochana Pariyar,Swatantra,,6,F,False,Saila Pariyar,साधारण,,Kathmandu,,,Bagmati,Kathmandu,Kathmandu-10,58058,81893,Literate / Non-Formal,27.655,85.275
1579,339914,Min Badhaur Budhathoki,Swatantra,,4,M,False,सम्मर बहादुर बुढाथोकी,SLC,"हिमालय मा.वि. खाँदवारी, संखुवासभा",Kathmandu Kirtipur Municipality Kirtinagar,रीता बुढाथोकी,"समाजसेवी, रोजगार व्यवसायमा संलग्न",Bagmati,Kathmandu,Kathmandu-10,58058,81893,Secondary Education (Grade 9-10 / SLC / SEE),27.655,85.275
1580,339461,Rukesh Ranjit,Rastriya Swatantra Party,2528.0,33436,M,True,Rajaram Ranjit,एम.बि.ए,विनायका मिसन युनिभर्सिटि,Bhaktapur,Sarita Phaiju,"सेल्स म्यानेजर 
स्वरोजगार व्यापार तथा  व्यवसाय",Bagmati,Bhaktapur,Bhaktapur-1,74967,107050,Master's Degree,27.6833,85.4333
1581,339896,Prem Suwal,Nepal Majdur Kisan Party,2578.0,28147,M,False,हरि भक्त सुवाल,एम.बि.एस. अध्ययन,"शंकरदेव क्याम्पस, मीनभवन क्याम्पस, थापाथली क्याम्पस, बासु मावि, शारदा मावि","Bhaktapur Bhaktapur Municipality Chochen, Vyasi",नारायण देवी सुवाल,"भक्तपुर नगरपालिका वडा नं. ९ वडा अध्यक्ष, २०३९ र २०४४
भक्तपुर न.पा. प्रमुख २०५४
संविधान सभा सदस्य, २०७०
प्रतिनिधिसभा सदस्य, २०७४ र २०७९",Bagmati,Bhaktapur,Bhaktapur-1,74967,107050,Master's Degree,27.6833,85.4333
1582,340847,Kiran Neupane,Nepali Congress,2583.0,4282,M,False,Lila Nath Neupane,एल.एल.बि.,नेपाल ल क्याम्पस,Bhaktapur,Babita Neupane,कानुन व्यवसायी,Bagmati,Bhaktapur,Bhaktapur-1,74967,107050,Bachelor's Degree,27.6833,85.4333
1583,339693,Som Prasad Mishra,Nepal Communist Party (Ekikrit Marxbadi Leninbadi),2598.0,3721,M,False,Mukti Nath Mishra,स्नातकोत्तर,त्रिभुवन विश्ववविद्यालय,Kailali,Mandara Mishra,"चाँगुनारायण नगरपालिकाको नगर प्रमुख (२०७४)
अध्यापन
सामाजिक अभियान
विविध",Bagmati,Bhaktapur,Bhaktapur-1,74967,107050,Master's Degree,27.6833,85.4333
1584,340128,Bharat Bahadur Khadka,Rastriya Prajatantra Party,2604.0,2472,M,False,Dhan Bahadur Khadka,स्नातकोत्तर(एम.पि.ए.),त्रिभुवन विश्वविद्यालय,Sarlahi,Anuradha Khadka,नेतृत्वकर्ता ,Bagmati,Bhaktapur,Bhaktapur-1,74967,107050,Master's Degree,27.6833,85.4333
1585,340453,Hari Ram Lawaju,Nepali Communist Party,2557.0,1177,M,False,राम भक्त लवजू,एल एल एम/ एम ए,पुर्वाञ्चल विश्वविद्यालय/ त्रिभुवन विश्वविद्यालय,Bhaktapur Bhaktapur Municipality Tachpal (Macau),लक्ष्मी केशरी लवजू,कानून व्यवसायी अधिवक्ता भई २६ वर्ष ,Bagmati,Bhaktapur,Bhaktapur-1,74967,107050,Master's Degree,27.6833,85.4333
1586,339750,Ramesh Balla,Ujyalo Nepal Party,2566.0,558,M,False,नारायण काजी बल्ल,10+2 ,भक्तपुर बहुमुखी क्याम्पस,Bhaktapur Bhaktapur Municipality Tekhacho,अमिता  श्रेष्‍ठ,फर्निचर,Bagmati,Bhaktapur,Bhaktapur-1,74967,107050,Higher Secondary / Intermediate (10+2 / PCL),27.6833,85.4333
1587,340079,Ishwori Prasad Paiyani,Rastriya Janamorcha,2522.0,334,M,False,Bhuwa Nanda Padhya,10 कक्षा उर्तीण,.............,Gulmi,Hari Kala Paiyani,.........................,Bagmati,Bhaktapur,Bhaktapur-1,74967,107050,Secondary Education (Grade 9-10 / SLC / SEE),27.6833,85.4333
1588,341126,Bishnu Hari Nhisutu,Shram Sanskriti Party,2501.0,310,M,False,Bishnu Bhakta Nhisutu,एस.एल.सी.,शिक्षा निकेतन मा.वि. भक्तपुर,Bhaktapur,,लेखापढी कानूनी ,Bagmati,Bhaktapur,Bhaktapur-1,74967,107050,Secondary Education (Grade 9-10 / SLC / SEE),27.6833,85.4333
1589,340671,Shyam Sundar Shilpakar,"Janata Samajbadi Party, Nepal",2542.0,124,M,False,Kanchha Shilpakar,slc,विद्यार्थी निकेतन,Bhaktapur,Dhan Laxmi Shilpakar,..................,Bagmati,Bhaktapur,Bhaktapur-1,74967,107050,Secondary Education (Grade 9-10 / SLC / SEE),27.6833,85.4333
1590,342209,Rabi Khaiju,Pragatishil Loktantrik Party,2516.0,95,M,False,Gopa Ram Khaiju,एस.एल.सी,"सुर्योदय माध्यमिक विद्यालय, भक्तपुर",Bhaktapur,,.....................,Bagmati,Bhaktapur,Bhaktapur-1,74967,107050,Secondary Education (Grade 9-10 / SLC / SEE),27.6833,85.4333
1591,340780,Chandra Man Koju,Nepal Communist Party (Maoist),2526.0,68,M,False,चन्द्र लाल कोजू,एस.एल.सी. उत्तीर्ण,सुर्यदय मा.वि. भक्तपुर,Bhaktapur Bhaktapur Municipality Byasi,चन केशरी दुवाल (कोजू),"सवारी चालक
कृषि उत्पादन 
सामाजिक संस्थामा नेतृत्वदायी भुमिका (समाजसेवा)",Bagmati,Bhaktapur,Bhaktapur-1,74967,107050,Secondary Education (Grade 9-10 / SLC / SEE),27.6833,85.4333
1592,340582,Suresh Koju,Swatantra,,43,M,False,Kanchha Koju,स्नातक ,बागेश्वरी कलेज,Bhaktapur,,हस्तकालको अनुभव,Bagmati,Bhaktapur,Bhaktapur-1,74967,107050,Bachelor's Degree,27.6833,85.4333
1593,339648,Devendra Thakur,Aam Janata Party (Ekal Chunab Chinha),2581.0,38,M,False,रामा  ठाकुर लोहार,slc,रौतहट पथरा बुधराम मा.वि.,Rautahat Moulapur Municipality,मधु मायाँ ठाकुर,.................,Bagmati,Bhaktapur,Bhaktapur-1,74967,107050,Secondary Education (Grade 9-10 / SLC / SEE),27.6833,85.4333
1594,341196,Damodar Kafle,Nepal Communist Party (Sanyukta),2601.0,26,M,False,Lila Nath Kafle,आई.ए. उत्तीर्ण,भक्तपुर क्याम्पस भक्तपुर,Bhaktapur,Ambika Kafle,"व्यवसायिक 
सामाजिक संघसंस्था
३५ वर्षको राजनैतिक अमनुभव
",Bagmati,Bhaktapur,Bhaktapur-1,74967,107050,Higher Secondary / Intermediate (10+2 / PCL),27.6833,85.4333
1595,340381,Raju Shrestha,Swatantra,,25,M,False,Krishna Bahadur Shrestha,स्नातक,त्रिभुवन विश्वविद्यालय,Bhaktapur,,........................,Bagmati,Bhaktapur,Bhaktapur-1,74967,107050,Bachelor's Degree,27.6833,85.4333
1596,339608,Rajeshowri Prajapati,Swatantra,,23,F,False,पर्शुराम   प्रजापती ,स्नातकतह,कादम्बरी ममोरियल कलेज,Bhaktapur Bhaktapur Municipality Taulche,,.................,Bagmati,Bhaktapur,Bhaktapur-1,74967,107050,Bachelor's Degree,27.6833,85.4333
1597,340712,Bal Krishna Khaitu,Swatantra,,21,M,False,Badri Prasad Khaiju,मा.वि.,मा.वि.,Bhaktapur,Ganesh Laxmi Khaitu,....................,Bagmati,Bhaktapur,Bhaktapur-1,74967,107050,Secondary Education (Grade 9-10 / SLC / SEE),27.6833,85.4333
1598,340620,Deepak Kumar Pokharel,Nepalka Lagi Nepali Party,2524.0,17,M,False,रत्‍न प्रसाद पोखरेल,एल.एल.बि.,त्रिभुवन विश्वविद्यालय,Bhaktapur Changunarayan Municipality,तारा  बराल,..................,Bagmati,Bhaktapur,Bhaktapur-1,74967,107050,Bachelor's Degree,27.6833,85.4333
1599,339484,Sujita Budhathoki,Swatantra,,12,F,False,Uttam Kumar Budhathoki,bachelor,.......,Kathmandu,Prem Bhandari,.............,Bagmati,Bhaktapur,Bhaktapur-1,74967,107050,Bachelor's Degree,27.6833,85.4333
1600,340558,Dasrath Thapa,Swatantra,,11,M,False,अमर बहादुर थापा,मा. वि.,सरस्वती विद्यागृह,Bhaktapur Changunarayan Municipality Nalachap,मूँया  थापा,"राजनीतिक
सामाजिक",Bagmati,Bhaktapur,Bhaktapur-1,74967,107050,Secondary Education (Grade 9-10 / SLC / SEE),27.6833,85.4333
1601,339793,Sudip Neupane,Swatantra,,9,M,False,Achyut Prasad Neupane,साधारण,चा.न.पा. ३ भक्तपुर,Bhaktapur,Saraswati Neupane,"राजनीति
कृषि
व्यवसायी
सामाजिक सेवा ",Bagmati,Bhaktapur,Bhaktapur-1,74967,107050,Literate / Non-Formal,27.6833,85.4333
1602,339585,Bishnu Ram Dumaru,Swatantra,,7,M,False,कृष्ण कुमार दुमरु,कक्षा 9,.................,Bhaktapur Bhaktapur Municipality Inacho,श्याम लक्ष्मी दुमरु,..................,Bagmati,Bhaktapur,Bhaktapur-1,74967,107050,Secondary Education (Grade 9-10 / SLC / SEE),27.6833,85.4333
1603,340295,Punya Ram Suwal,Swatantra,,6,M,False,Sita Ram Suwal,7 pass ,..................................,Bhaktapur,,.............................,Bagmati,Bhaktapur,Bhaktapur-1,74967,107050,Basic Education (Up to Grade 8),27.6833,85.4333
1604,340493,Savitri Nyaupane,Miteri Party Nepal,2530.0,5,F,False,कृष्ण बहादुर थापा,7 कक्षा ,पदम कन्या मा.वि.,Bhaktapur Changunarayan Municipality Ram Nagar,नवराज  न्यौपाने,......................,Bagmati,Bhaktapur,Bhaktapur-1,74967,107050,Basic Education (Up to Grade 8),27.6833,85.4333
1605,340060,Rajiv Khatri,Rastriya Swatantra Party,2528.0,42334,M,True,Dedraj Khatri,,,Kathmandu,,,Bagmati,Bhaktapur,Bhaktapur-2,69772,98348,,27.675,85.3833
1606,339487,Mahesh Basnet,Nepal Communist Party (Ekikrit Marxbadi Leninbadi),2598.0,10996,M,False,Purna Bahadur Basnet,,,Bhaktapur,Ambika Bhandari,,Bagmati,Bhaktapur,Bhaktapur-2,69772,98348,,27.675,85.3833
1607,341495,Kavir Rana,Nepali Congress,2583.0,8401,M,False,कोमल विक्रम राणा,,,Bhaktapur Suryavinayak Municipality Devdol,नन्दु  देउजा(राणा),,Bagmati,Bhaktapur,Bhaktapur-2,69772,98348,,27.675,85.3833
1608,340272,Ramesha Va‌aidy,Nepal Majdur Kisan Party,2578.0,3753,M,False,श्याम बहादुर वैद्य,,,Bhaktapur Madhyapur Thimi Municipality,,,Bagmati,Bhaktapur,Bhaktapur-2,69772,98348,,27.675,85.3833
1609,339597,Ram Prasad Sapkota,Nepali Communist Party,2557.0,1323,M,False,Durga Prasad Sapkota,,,Sindhupalchowk,Goma Ale,,Bagmati,Bhaktapur,Bhaktapur-2,69772,98348,,27.675,85.3833
1610,341000,Bikram Thapa,Rastriya Prajatantra Party,2604.0,1224,M,False,Achyut Thapa,,,Bhaktapur,,,Bagmati,Bhaktapur,Bhaktapur-2,69772,98348,,27.675,85.3833
1611,340166,Arjun Bashu,Shram Sanskriti Party,2501.0,665,M,False,गणेश लाल बासु,,,Bhaktapur Suryavinayak Municipality,सम्सेला  बासु,,Bagmati,Bhaktapur,Bhaktapur-2,69772,98348,,27.675,85.3833
1612,339871,Jita Rama Lama,Ujyalo Nepal Party,2566.0,619,M,False,हर्क राम लामा,,,Bhaktapur Suryavinayak Municipality,कमला  लामा,,Bagmati,Bhaktapur,Bhaktapur-2,69772,98348,,27.675,85.3833
1613,341524,Ananda Karki,Swatantra,,175,M,False,Krishna Bahadur Karki,,,Bhaktapur,Sarita Karki,,Bagmati,Bhaktapur,Bhaktapur-2,69772,98348,,27.675,85.3833
1614,341823,Prakash Raj Dhungel,Nepal Communist Party (Maoist),2526.0,46,M,False,Basu Dev Dhungel,,,Bhaktapur,Lalita Dhungel,,Bagmati,Bhaktapur,Bhaktapur-2,69772,98348,,27.675,85.3833
1615,340544,Sajan Dhakal,Swatantra,,41,M,False,Kedar Dhakal,,,Kavrepalanchowk,,,Bagmati,Bhaktapur,Bhaktapur-2,69772,98348,,27.675,85.3833
1616,340944,Janmadev Jaisi,Pragatishil Loktantrik Party,2516.0,30,M,False,जक्तिराम  जैसी,,,Kalikot Sanni Triveni Rural Municipality Lusa,चन्दु  जैसी,,Bagmati,Bhaktapur,Bhaktapur-2,69772,98348,,27.675,85.3833
1617,341271,Januka Pathak,Nepal Janasewa Party,2599.0,23,F,False,Gokul Pathak,,,Dhading,,,Bagmati,Bhaktapur,Bhaktapur-2,69772,98348,,27.675,85.3833
1618,339768,Rajesh Bade,Nepalka Lagi Nepali Party,2524.0,20,M,False,Ganesh Man Bade,,,Bhaktapur,Rita Manandhar (Wade),,Bagmati,Bhaktapur,Bhaktapur-2,69772,98348,,27.675,85.3833
1619,339821,Bal Krishna Thapa,Swatantra,,18,M,False,Ganesh Bahadur Thapa,,,Bhaktapur,Maina Thapa,,Bagmati,Bhaktapur,Bhaktapur-2,69772,98348,,27.675,85.3833
1620,341784,Archana Bhattarai,Swatantra,,17,F,False,Ganesh Prasad Bhattari,,,Morang,Prakash Chandra Ghimire,,Bagmati,Bhaktapur,Bhaktapur-2,69772,98348,,27.675,85.3833
1621,340036,Pemba Ghale,Mongol National Organization,2511.0,15,M,False,Sarki Ghale,,,Rasuwa,,,Bagmati,Bhaktapur,Bhaktapur-2,69772,98348,,27.675,85.3833
1622,341427,Nabin Shrestha,"Janata Samajbadi Party, Nepal",2542.0,12,M,False,Niranjan Bahadur Shrestha,,,Bhaktapur,Ram Debi Shrestha,,Bagmati,Bhaktapur,Bhaktapur-2,69772,98348,,27.675,85.3833
1623,341471,Dekumari Sah,Aam Janata Party (Ekal Chunab Chinha),2581.0,10,F,False,कुलदिप  साह,,,Rautahat Moulapur Municipality,रामवावु  साह,,Bagmati,Bhaktapur,Bhaktapur-2,69772,98348,,27.675,85.3833
1624,341955,Manoj Lama,Swatantra,,8,M,False,Khalnima Dhorje Lama,,,Ramechhap,Samita Gurung Lama,,Bagmati,Bhaktapur,Bhaktapur-2,69772,98348,,27.675,85.3833
1625,341578,Savina Mahat,Swatantra,,8,M,False,यादब  महत,,,Bhaktapur Suryavinayak Municipality Mahat Village,,,Bagmati,Bhaktapur,Bhaktapur-2,69772,98348,,27.675,85.3833
1626,341977,Survana Thapa,Swatantra,,8,M,False,मोहन राज थापा,,,Bhaktapur Suryavinayak Municipality Basnet Tol,,,Bagmati,Bhaktapur,Bhaktapur-2,69772,98348,,27.675,85.3833
1627,339935,Rakesh Shrestha,Trimul Nepal,2505.0,7,M,False,Narayan Babu Shrestha,,,Bhaktapur,Mangal Laxmi Shrestha,,Bagmati,Bhaktapur,Bhaktapur-2,69772,98348,,27.675,85.3833
1628,341714,Lok Krishna Dahal,Nepal Communist Party (Sanyukta),2601.0,5,M,False,Tej Prasad Dahal,,,Bhaktapur,,,Bagmati,Bhaktapur,Bhaktapur-2,69772,98348,,27.675,85.3833
1629,339987,Om Krishna Kutu,Swatantra,,3,M,False,Laxmi Bahadur Kutu,,,Bhaktapur,,,Bagmati,Bhaktapur,Bhaktapur-2,69772,98348,,27.675,85.3833
1630,341543,Renu Shrestha,Swatantra,,3,F,False,Hem Krishna Shrestha,,,Bhaktapur,Ganga Man Khape Shrestha,,Bagmati,Bhaktapur,Bhaktapur-2,69772,98348,,27.675,85.3833
1631,340897,Nabin Kumar Mahat,Swatantra,,2,M,False,Dhan Bahadur Mahat,,,Ramechhap,Kabita Mahat,,Bagmati,Bhaktapur,Bhaktapur-2,69772,98348,,27.675,85.3833
1632,339691,Lakshmi Bastola Paudel,Swatantra,,2,F,False,डोर बहादुर पौडेल,,,Bhaktapur Madhyapur Thimi Municipality,लक्ष्मीप्रसाद  वास्तोला,,Bagmati,Bhaktapur,Bhaktapur-2,69772,98348,,27.675,85.3833
1633,342010,Anita Bhattarai,Swatantra,,1,F,False,Jib Kumar Bhattari,,,Morang,Sushil Ghimire,,Bagmati,Bhaktapur,Bhaktapur-2,69772,98348,,27.675,85.3833
1634,341659,Pradip Kumar Rupakheti,Swatantra,,1,M,False,Kedar Prasad Sharma Rupakheti,,,Bhaktapur,Goma Lamichhane,,Bagmati,Bhaktapur,Bhaktapur-2,69772,98348,,27.675,85.3833
1635,339415,Madhu Prakash Sahukhal,Swatantra,,1,M,False,Chandra Prakash Sahu,,,Bhaktapur,,,Bagmati,Bhaktapur,Bhaktapur-2,69772,98348,,27.675,85.3833
1636,339425,Shyan Krishna Dhukhwa,Swatantra,,1,M,False,बुद्धि बहादुर धुख्वा,,,Bhaktapur Suryavinayak Municipality Khiu Tol,लक्ष्मी  धुख्वा,,Bagmati,Bhaktapur,Bhaktapur-2,69772,98348,,27.675,85.3833
1637,341868,Budda Ratna Maharjan,Rastriya Swatantra Party,2528.0,23373,M,True,मंगल मान महर्जन,वि.ए.,रत्न राज्य क्याम्पस,Lalitpur Mahalakshmi Municipality Siddhi Road,सुमित्रा  महर्जन,इन्जिनियरिङ्ग/सामाजिक संस्थामा काम गरेको,Bagmati,Lalitpur,Lalitpur-1,49596,85726,Bachelor's Degree,27.55,85.3333
1638,341966,Udaya Shanshera Ja.ba.rana,Nepali Congress,2583.0,13520,M,False,सागर शम्शेर राणा,एम.ए.,"Cornell University, New York, USA)",Lalitpur Lalitpur Municipal Corporation Kopundol,उर्वशी सिंह राणा,पूर्व राज्यमन्त्री,Bagmati,Lalitpur,Lalitpur-1,49596,85726,Master's Degree,27.55,85.3333
1639,340092,Chet Nath Sanjel,Nepal Communist Party (Ekikrit Marxbadi Leninbadi),2598.0,6546,M,False,Khem Raj Sanjel,एस.एल.सी.,"सरस्वती मा.वि., ठेचो",Lalitpur,Radhika Sanjel,प्रदेश सभा सदस्य,Bagmati,Lalitpur,Lalitpur-1,49596,85726,Secondary Education (Grade 9-10 / SLC / SEE),27.55,85.3333
1640,341623,Padam Kumar Lama,Ujyalo Nepal Party,2566.0,2686,M,False,Man Bahadur Gole,एस.एल.सी.,महेन्द्र मा.वि.,Lalitpur,,,Bagmati,Lalitpur,Lalitpur-1,49596,85726,Secondary Education (Grade 9-10 / SLC / SEE),27.55,85.3333
1641,341358,Sunil Maharjan,Nepali Communist Party,2557.0,1964,M,False,Ram Bahadur Maharjan,स्नातक,एभरेष्‍ट थ्योलोजिकल इन्टिच्यूट,Lalitpur,Saru Maharjan,,Bagmati,Lalitpur,Lalitpur-1,49596,85726,Bachelor's Degree,27.55,85.3333
1642,340863,Sajina Karki,Rastriya Prajatantra Party,2604.0,652,F,False,Krishna Bahadur Chhetri,,,Lalitpur,,,Bagmati,Lalitpur,Lalitpur-1,49596,85726,,27.55,85.3333
1643,342642,Gautam Thapa,Shram Sanskriti Party,2501.0,221,M,False,Dambar Bahadur Magar,साधारण,,Jhapa,Lila Kumari Rai,,Bagmati,Lalitpur,Lalitpur-1,49596,85726,Literate / Non-Formal,27.55,85.3333
1644,340904,Bhimsen Ghimire,Nepal Communist Party (Maoist),2526.0,173,M,False,Chetnath Ghimire,आई.ए.,पाटन संयुक्त क्याम्पस,Lalitpur,Sabitri Timilsina (Ghimire),सामाजिक कार्य/हाइड्रो संचालन,Bagmati,Lalitpur,Lalitpur-1,49596,85726,Higher Secondary / Intermediate (10+2 / PCL),27.55,85.3333
1645,341787,Sanoj Mahat,People First Party,2552.0,83,M,False,Ganga Ram Mahat,स्नातक,"सेठ आनन्दराम जयप्रिया कलेज, कोलकत्ता, भारत",Lalitpur,Narapati Sintan,उद्‍मसिलता,Bagmati,Lalitpur,Lalitpur-1,49596,85726,Bachelor's Degree,27.55,85.3333
1646,340471,Suresh Marpa,Mongol National Organization,2511.0,59,M,False,Vipai Dev Marpa,८,महाङ्काल मा.वि.,Lalitpur,Sita Marpa,,Bagmati,Lalitpur,Lalitpur-1,49596,85726,Basic Education (Up to Grade 8),27.55,85.3333
1647,339657,Sarita Goshai Deshar,Nepal Majdur Kisan Party,2578.0,52,F,False,तुल्सी दास गोसाई,एस.एल.सी.,आदर्श आजाद मा.वि.,Lalitpur Godavari Municipality Eq,शैसव  देसार,,Bagmati,Lalitpur,Lalitpur-1,49596,85726,Secondary Education (Grade 9-10 / SLC / SEE),27.55,85.3333
1648,341525,Ganesh Bahadur Bal Tamang,Swatantra,,39,M,False,Harka Singh Bal Tamang,आई.कम,"महेन्द्ररत्न क्याम्पस, ताहाचल",Kathmandu,Kumari Lama,सामाजिक अभियन्ता,Bagmati,Lalitpur,Lalitpur-1,49596,85726,Higher Secondary / Intermediate (10+2 / PCL),27.55,85.3333
1649,341309,Radha Krishna Basnet,Swatantra,,39,M,False,Dambar Bahadur Basnet,१२,उदय खर्क मा.वि.,Lalitpur,Bhagawati Basnet,सामाजिक कार्य,Bagmati,Lalitpur,Lalitpur-1,49596,85726,Higher Secondary / Intermediate (10+2 / PCL),27.55,85.3333
1650,340253,Ashok Thapa,Swatantra,,35,M,False,Giri Bahadur Thapa Chhetri,१२,जनजागृति मा.वि.,Lalitpur,,,Bagmati,Lalitpur,Lalitpur-1,49596,85726,Higher Secondary / Intermediate (10+2 / PCL),27.55,85.3333
1651,339390,Rohit Kumar Bastola,Pragatishil Loktantrik Party,2516.0,33,M,False,Vednath Bastola,स्नातक,त्रिभुवन विश्वविद्यालय,Solukhumbu,,,Bagmati,Lalitpur,Lalitpur-1,49596,85726,Bachelor's Degree,27.55,85.3333
1652,342170,Sanjay Ghising Tamang,National Republic Nepal,2504.0,33,M,False,Sant Lal Lama,12,मगर गाउँ मा.वि.,Lalitpur,Sarita Ghising Tamang,संघ संस्थाको कार्य समितिमा रही कार्य गरेको,Bagmati,Lalitpur,Lalitpur-1,49596,85726,Higher Secondary / Intermediate (10+2 / PCL),27.55,85.3333
1653,341458,Saroj Kumar Bista,Swatantra,,17,M,False,Arjun Bahadur Bista,स्नातक,त्रि.वि.,Lalitpur,,विभिन्‍न संघ संस्थाहरूमा काम गरेको,Bagmati,Lalitpur,Lalitpur-1,49596,85726,Bachelor's Degree,27.55,85.3333
1654,341148,Mahabir Syangtan Tamang,"Janata Samajbadi Party, Nepal",2542.0,16,M,False,सानु बुद्धि बहादुर स्याङतान,साधारण,,Lalitpur Konjyosom Rural Municipality Goldada,सानुकान्छी  स्याङतान,होटल व्यवसायी,Bagmati,Lalitpur,Lalitpur-1,49596,85726,Literate / Non-Formal,27.55,85.3333
1655,339888,Amrit Nath Bajgai,Nepal Communist Party (Sanyukta),2601.0,11,M,False,निल प्रसाद बजगाई,आई.ए.,"नमुना मछिन्द्र क्याम्पस, लगनखेल",Lalitpur Mahankal Rural Municipality,रमा  बजगाई,"शिक्षण, व्यपार",Bagmati,Lalitpur,Lalitpur-1,49596,85726,Higher Secondary / Intermediate (10+2 / PCL),27.55,85.3333
1656,341009,Dharmaraj Bohara,Swatantra,,11,M,False,जङ्ग बहादुर वि.सी.,पि.एच.डि.,त्रि.वि.,Rukum (West Part) Musikot Municipality Ching,,अध्ययन/अनुसन्धान,Bagmati,Lalitpur,Lalitpur-1,49596,85726,Doctorate / PhD,27.55,85.3333
1657,341205,Bishal Tamang,Swatantra,,9,M,False,सानु  तामाङ,साधारण,,Lalitpur Godavari Municipality Jhyaluntar,शान्ती  तामाङ,,Bagmati,Lalitpur,Lalitpur-1,49596,85726,Literate / Non-Formal,27.55,85.3333
1658,342281,Sarmila Budhathoki,Swatantra,,9,F,False,राम बहादुर बुढाथोकी,१२,वंशगोपाल उच्च मा.वि.,Lalitpur Godavari Municipality,पुष्ष राज घिमिरे,,Bagmati,Lalitpur,Lalitpur-1,49596,85726,Higher Secondary / Intermediate (10+2 / PCL),27.55,85.3333
1659,341264,Dal Nath Timalsena,Swatantra,,6,M,False,सोम नाथ तिमल्सिना,एस.एस.सि.,महाङ्काल मा.वि.,Lalitpur Mahankal Rural Municipality Chheparedadaan,सिता  तिमल्सिना,स्थानीय जनप्रतिनिधि,Bagmati,Lalitpur,Lalitpur-1,49596,85726,Secondary Education (Grade 9-10 / SLC / SEE),27.55,85.3333
1660,342458,Kiran Maharjan,Aam Janata Party (Ekal Chunab Chinha),2581.0,3,M,False,Chandra Bahadur Maharjan,१०,बालकुमारी मा.वि.,Lalitpur,Usha Dangol,,Bagmati,Lalitpur,Lalitpur-1,49596,85726,Secondary Education (Grade 9-10 / SLC / SEE),27.55,85.3333
1661,341406,Bharat Dhulal,Swatantra,,3,M,False,ओम प्रसाद दुलाल,एस.एल.सी.,सरस्वती मा.वि.,Lalitpur Godavari Municipality Bhuldol,राधिका  दुलाल,सामाजिक अभियन्ता,Bagmati,Lalitpur,Lalitpur-1,49596,85726,Secondary Education (Grade 9-10 / SLC / SEE),27.55,85.3333
1662,340547,Tilak Bahadur Bholan,Swatantra,,2,M,False,Lal Bir Bhalon,वि.ए.,जे.एम.सि.,Makwanpur,Dipika Ghalan,सामाजिक कार्य,Bagmati,Lalitpur,Lalitpur-1,49596,85726,Bachelor's Degree,27.55,85.3333
1663,340322,Ram Khadka,Swatantra,,1,M,False,Akkal Khadka,स्नाकोत्तर,त्रि.वि.,Lalitpur,,सामाजिक अभियन्ता,Bagmati,Lalitpur,Lalitpur-1,49596,85726,Master's Degree,27.55,85.3333
1664,342477,Debendra Sihan,Swatantra,,0,M,False,हिरामान  सिहं,८ कक्षा,,Lalitpur Godavari Municipality Shantiban,,,Bagmati,Lalitpur,Lalitpur-1,49596,85726,Basic Education (Up to Grade 8),27.55,85.3333
1665,340217,Jagadish Kharel,Rastriya Swatantra Party,2528.0,39491,M,True,Siddhi Prasad Kharel,masters,,Dolakha,,,Bagmati,Lalitpur,Lalitpur-2,61313,89078,Master's Degree,27.66,85.32
1666,341171,Prem Krishna Maharjan,Nepali Congress,2583.0,7420,M,False,Tej Lal Maharjan,slc,,Lalitpur,Rum Maharjan,,Bagmati,Lalitpur,Lalitpur-2,61313,89078,Secondary Education (Grade 9-10 / SLC / SEE),27.66,85.32
1667,340026,Raja Ram Tandukar,Ujyalo Nepal Party,2566.0,5547,M,False,Ganga Ram Tandukar,masters,,Lalitpur,Bimala Malakar (Tandukar),,Bagmati,Lalitpur,Lalitpur-2,61313,89078,Master's Degree,27.66,85.32
1668,340388,Prem Bahadur Maharjan,Nepal Communist Party (Ekikrit Marxbadi Leninbadi),2598.0,4536,M,False,Chir Kaji Maharjan,Masters,,Lalitpur,Nani Maya Maharjan,,Bagmati,Lalitpur,Lalitpur-2,61313,89078,Master's Degree,27.66,85.32
1669,339911,Raghubar Raj Thapa,Rastriya Prajatantra Party,2604.0,1760,M,False,Keshar Bahadur Thapa,masters,,Lalitpur,Amala Tamrakar,,Bagmati,Lalitpur,Lalitpur-2,61313,89078,Master's Degree,27.66,85.32
1670,340354,Rajendra Amatya,Nepali Communist Party,2557.0,1217,M,False,Kaji Lal Amatya,+2,,Lalitpur,Urmila Baniya,,Bagmati,Lalitpur,Lalitpur-2,61313,89078,Higher Secondary / Intermediate (10+2 / PCL),27.66,85.32
1671,342139,Saroj Rai,Shram Sanskriti Party,2501.0,608,M,False,Rasaman Rai,साक्षर,,Udaipur, ,,Bagmati,Lalitpur,Lalitpur-2,61313,89078,Literate / Non-Formal,27.66,85.32
1672,339586,Chiri Maiya Maharjan (Lakhaju),Nepal Majdur Kisan Party,2578.0,207,F,False,Bhuyucha Maharjan,BBS,,Lalitpur,Rajesh Lakhaju,,Bagmati,Lalitpur,Lalitpur-2,61313,89078,Bachelor's Degree,27.66,85.32
1673,339805,Umangga Ke.si,Swatantra,,99,M,False,शिव हरि के.सी,‌+2,,Lalitpur Mahalakshmi Municipality Imadol,,,Bagmati,Lalitpur,Lalitpur-2,61313,89078,Higher Secondary / Intermediate (10+2 / PCL),27.66,85.32
1674,339458,Asra Raj Bajracharya,Nepal Communist Party (Maoist),2526.0,87,M,False,आशा काजि बज्राचार्य,साक्षर,,Lalitpur Lalitpur Metropolitan City Bhinehewal,निल शोभा बज्राचार्य,,Bagmati,Lalitpur,Lalitpur-2,61313,89078,Literate / Non-Formal,27.66,85.32
1675,339747,Krishna Maharjan,Pragatishil Loktantrik Party,2516.0,73,M,False,Kish Lal Maharjan,bachelor in engineering ,,Lalitpur,Subhadra Danuwar Maharjan,,Bagmati,Lalitpur,Lalitpur-2,61313,89078,Bachelor's Degree,27.66,85.32
1676,342324,Mangal Krishna Shrestha,Swatantra,,55,M,False,Nhucche Bahadur Shrestha,bachelor,,Lalitpur,Sabina Shrestha,,Bagmati,Lalitpur,Lalitpur-2,61313,89078,Bachelor's Degree,27.66,85.32
1677,340269,Babu Raj Bajracharya,Swatantra,,47,M,False,Punya Raj Bajracharya,+2,,Lalitpur,Mina Shakya,,Bagmati,Lalitpur,Lalitpur-2,61313,89078,Higher Secondary / Intermediate (10+2 / PCL),27.66,85.32
1678,341923,Om Raj Bajracharya,Swatantra,,41,M,False,Yuva Raj Bajracharya,slc,,Lalitpur,Sangita Bajracharya,,Bagmati,Lalitpur,Lalitpur-2,61313,89078,Secondary Education (Grade 9-10 / SLC / SEE),27.66,85.32
1679,341663,Rihini Kasti,"Janata Samajbadi Party, Nepal",2542.0,29,F,False,Surya Bahadur Nemakul,साक्षर,,Bhaktapur,Dhan Krishna Kasti,,Bagmati,Lalitpur,Lalitpur-2,61313,89078,Literate / Non-Formal,27.66,85.32
1680,339854,Ramesh Acharya,Nepal Communist Party (Sanyukta),2601.0,24,M,False,Pushpa Lal Acharya,Mphil,,Sunsari,,,Bagmati,Lalitpur,Lalitpur-2,61313,89078,M.Phil,27.66,85.32
1681,340436,Krishna Maharjan,Mongol National Organization,2511.0,20,M,False,Kish Lal Maharjan,slc,,Lalitpur,Subhadra Danuwar Maharjan,,Bagmati,Lalitpur,Lalitpur-2,61313,89078,Secondary Education (Grade 9-10 / SLC / SEE),27.66,85.32
1682,342203,Lakjhindra Kumar Sah,Aam Janata Party (Ekal Chunab Chinha),2581.0,14,M,False,देवनारायण  साह,‌+2,,Rautahat Madhav Narayan Municipality,,,Bagmati,Lalitpur,Lalitpur-2,61313,89078,Higher Secondary / Intermediate (10+2 / PCL),27.66,85.32
1683,342093,Khem Prasad Shrestha,National Republic Nepal,2504.0,10,M,False,Brisha Bahadur Shrestha,bachelor,,Morang,Jamuna Shrestha,,Bagmati,Lalitpur,Lalitpur-2,61313,89078,Bachelor's Degree,27.66,85.32
1684,340167,Dolendra Raj Bhattarai,Rastriya Mukti Party Nepal (Ekal Chunab Chinha),2531.0,9,M,False,Uma Kant Bhattari,‌+2,,Saptari,Narvada Kumari Bhattarai,,Bagmati,Lalitpur,Lalitpur-2,61313,89078,Higher Secondary / Intermediate (10+2 / PCL),27.66,85.32
1685,341986,Krishna Khadka,Swatantra,,9,M,False,Hari Bahadur Khadka,bachelor,,Lalitpur,,,Bagmati,Lalitpur,Lalitpur-2,61313,89078,Bachelor's Degree,27.66,85.32
1686,341854,Rabindra Amatya,Swatantra,,7,M,False,काजी लाल अमात्य,slc,,Lalitpur Mahalakshmi Municipality All Toll,रचना  अमात्य,,Bagmati,Lalitpur,Lalitpur-2,61313,89078,Secondary Education (Grade 9-10 / SLC / SEE),27.66,85.32
1687,340528,Rabiraj Paudel,Swatantra,,3,M,False,केशव राज  पौडेल,bachelor,,Lalitpur Mahalakshmi Municipality,,,Bagmati,Lalitpur,Lalitpur-2,61313,89078,Bachelor's Degree,27.66,85.32
1688,341547,Tosima Karki,Rastriya Swatantra Party,2528.0,43096,F,True,Padam Bahadur Karki,एम बि बि एस,काठमाडौं विश्वविद्यालय,Nawalparasi (East),,प्रतिनिधि सभा सदस्य,Bagmati,Lalitpur,Lalitpur-3,67018,94347,Bachelor's Degree,27.675,85.31
1689,342051,Jitendra Kumar Shrestha,Nepali Congress,2583.0,9045,M,False,Narendra Narayan Shrestha,एस एल सी,त्री पद्म स्कुल,Lalitpur,Sajana Joshi Shrestha,अर्वुध रोग निवारण सदस्य,Bagmati,Lalitpur,Lalitpur-3,67018,94347,Secondary Education (Grade 9-10 / SLC / SEE),27.675,85.31
1690,341869,Raj Kaji Maharjan,Nepali Communist Party,2557.0,6022,M,False,Bekha Ram Maharjan,स्नातकोत्तर तह,त्रिभुवन विश्वविद्यालय,Lalitpur,Gyani Laxmi Maharjan,२०५८ सालमा पाटन संयुक्त क्याम्पसको स्ववियु उप-सभापति २०६४ सालमा संविधान सभा-सदस्य २०७४ सालमा बागमती प्रदेश सभा सदस्य नेपाली कम्युनिष्ट पार्टीको केन्द्रिय सदस्य,Bagmati,Lalitpur,Lalitpur-3,67018,94347,Master's Degree,27.675,85.31
1691,341646,Sandan Thapa Magar,Nepal Communist Party (Ekikrit Marxbadi Leninbadi),2598.0,3297,M,False,Rajendra Thapa Magar,स्नातक,पाटन संयुक्त क्याम्पस,Lalitpur,Yashodha Thapa Magar,उल्लेख नभएको,Bagmati,Lalitpur,Lalitpur-3,67018,94347,Bachelor's Degree,27.675,85.31
1692,341442,Sabin Kumar Khadka,Rastriya Prajatantra Party,2604.0,2037,M,False,Dashrath Khadka Chhetri,SLC,नेपाल सरकार,Lalitpur,Anjana Khadka,उल्लेख नभएको,Bagmati,Lalitpur,Lalitpur-3,67018,94347,Secondary Education (Grade 9-10 / SLC / SEE),27.675,85.31
1693,342200,Ritubartan Rai,Shram Sanskriti Party,2501.0,1472,M,False,राम बहादुर राई,साक्षर,साकेला मावि,Khotang Sakela Rural Municipality,शान्ती  राई,किरात राई यायोखा अध्यक्ष,Bagmati,Lalitpur,Lalitpur-3,67018,94347,Literate / Non-Formal,27.675,85.31
1694,342028,Vijaya Pant,Ujyalo Nepal Party,2566.0,1320,M,False,तारा नन्द पन्त,"B.sc MBBS, MBA","TU,KU,PU",Lalitpur Lalitpur Metropolitan City Dhapakhel,,चिकित्सक भक्तपुर अस्पताल इमा क्लिनिक देवीचौर Consultation at various institutes स्वा.चौकी शिक्षक नेम इन्चिस्टिउ विभिन्न कलेज।,Bagmati,Lalitpur,Lalitpur-3,67018,94347,Master's Degree,27.675,85.31
1695,340338,Ramila Maharjan,Nepal Majdur Kisan Party,2578.0,191,F,False,Ram Gopal Maharjan,प्रविणता प्रमाणपत्र,त्रिभुवन विश्वविद्यालय,Lalitpur,Nani Babu Maharjan,उल्लेख नभएको,Bagmati,Lalitpur,Lalitpur-3,67018,94347,Higher Secondary / Intermediate (10+2 / PCL),27.675,85.31
1696,341070,Khagendra Maharjan,Nepal Communist Party (Maoist),2526.0,127,M,False,Krishna Bahadur Maharjan,SLC,प्राईभेट,Lalitpur,Buddha Laxmi Maharjan,सामान्य व्यवसायिक अनुभव सामाजिक सेवा,Bagmati,Lalitpur,Lalitpur-3,67018,94347,Secondary Education (Grade 9-10 / SLC / SEE),27.675,85.31
1697,341924,Ashok Kumar Maharjan,Swatantra,,92,M,False,कान्छा  महर्जन,M.A political science/PHD sclor,T.U.,Lalitpur Lalitpur Metropolitan Municipality,शर्मिला  शाक्य(महर्जन),शिक्षक कृषि ब्यवसाय,Bagmati,Lalitpur,Lalitpur-3,67018,94347,Doctorate / PhD,27.675,85.31
1698,341747,Nil Govinda Maharjan,Rastriya Janamorcha,2522.0,70,M,False,Krishna Bahadur Singh,एस एल सी,एस एल सी,Kathmandu,Ratna Maya Maharjan,उल्लेख नभएको,Bagmati,Lalitpur,Lalitpur-3,67018,94347,Secondary Education (Grade 9-10 / SLC / SEE),27.675,85.31
1699,341951,Bishnu Raj Khadka,Pragatishil Loktantrik Party,2516.0,56,M,False,Ganesh Bahadur Khadka,कक्षा १०,महेन्द्र भृकुटी मा.वि.,Lalitpur,Bhawana Dangol (Khadka),जावलाखेल युवा क्लव कोषाध्यक्ष,Bagmati,Lalitpur,Lalitpur-3,67018,94347,Secondary Education (Grade 9-10 / SLC / SEE),27.675,85.31
1700,341772,Shyama Bahadura Raee,Sanyukta Nagarik Party,2521.0,56,M,False,कुल बहादुर राई,10+2,श्री जनप्रिय मा वि,Rautahat Gujra Municipality Rai Tol,साबित्री  राई,व्यापार खेती किसान चालक कलाकार,Bagmati,Lalitpur,Lalitpur-3,67018,94347,Higher Secondary / Intermediate (10+2 / PCL),27.675,85.31
1701,340941,Rupesh Shah,Swatantra,,39,M,False,कैलाश प्रसाद शाह,स्नातक,ऐपेक्स कलेज पोखरा विश्वविद्यालय,Kathmandu Tokha Municipality,,उल्लेख नभएको,Bagmati,Lalitpur,Lalitpur-3,67018,94347,Bachelor's Degree,27.675,85.31
1702,341725,Krishna Devi Maharjan,"Janata Samajbadi Party, Nepal",2542.0,31,F,False,Krishna Bahadur Maharjan,10+2,हिल टप उच्च माध्यामिक विद्यालय,Lalitpur,Krishna Man Maharjan,विभिन्न संघसस्थामा सम्लघ्न शिप हासिल,Bagmati,Lalitpur,Lalitpur-3,67018,94347,Higher Secondary / Intermediate (10+2 / PCL),27.675,85.31
1703,341544,Anju Karanjit (Thapa),Swatantra,,21,F,False,Govind Lal Karanjit,10+2,TU,Lalitpur,Purushottam Thapa,उल्लेख नभएको,Bagmati,Lalitpur,Lalitpur-3,67018,94347,Higher Secondary / Intermediate (10+2 / PCL),27.675,85.31
1704,341645,Dil Kumar Maharjan,Mongol National Organization,2511.0,20,M,False,Saila Maharjan,8 pass,सरकारी स्कुल,Lalitpur,,उल्लेख नभएको,Bagmati,Lalitpur,Lalitpur-3,67018,94347,Basic Education (Up to Grade 8),27.675,85.31
1705,340469,Yagya Prasad Pant,Nepal Communist Party (Sanyukta),2601.0,15,M,False,Buddhi Prasad Pant,स्नातक ,त्रिभुवन विश्वविद्यालय,Kavrepalanchowk,,खेलकद सेफ अन्तर्राष्ट्रिय निर्णायक ,Bagmati,Lalitpur,Lalitpur-3,67018,94347,Bachelor's Degree,27.675,85.31
1706,342115,Radhe Shyam Khadka,Swatantra,,8,M,False,Gahendra Bahadur Khadka,B.A,T.U,Lalitpur,Rupa Khadka,समाज सेवा,Bagmati,Lalitpur,Lalitpur-3,67018,94347,Bachelor's Degree,27.675,85.31
1707,341858,Bimarsha Mishra,Swatantra,,3,M,False,पूर्ण प्रसाद मिश्र,वि इ,इ अ स,Jhapa Mechinagar Municipality Ettabhatta,-  ,उल्लेख नभएको,Bagmati,Lalitpur,Lalitpur-3,67018,94347,Bachelor's Degree,27.675,85.31
1708,341324,Madhu Kumara Chaulagaee,Rastriya Swatantra Party,2528.0,29618,M,True,रामचन्द्र  चौलागाई,स्नातक,,Kavrepalanchok Chaunrideurali rural municipality,तारा देवी चौलागाई,,Bagmati,Kavrepalanchok,Kavrepalanchok-1,86124,161065,Bachelor's Degree,27.5833,85.6
1709,340501,Gunaraja Muktan,Nepali Congress,2583.0,19166,M,False,जित बहादुर मुक्तान,M phill,,Kavrepalanchok Roshi Rural Municipality Shikharpur,रविना  लामा,,Bagmati,Kavrepalanchok,Kavrepalanchok-1,86124,161065,M.Phil,27.5833,85.6
1710,341073,Dina Natha Gautam,Nepali Communist Party,2557.0,14184,M,False,भव नाथ गौतम,+२,,Kavrepalanchok Chaunrideurali rural municipality Chghar,अम्‍बिका  गौतम,,Bagmati,Kavrepalanchok,Kavrepalanchok-1,86124,161065,Higher Secondary / Intermediate (10+2 / PCL),27.5833,85.6
1711,340414,Ami Tamang,Nepal Communist Party (Ekikrit Marxbadi Leninbadi),2598.0,13814,M,False,च्याङ्बा  तामाङ,+2,,Kavrepalanchok Roshi Rural Municipality Tangling,अनिशा  श्रेष्‍ठ,,Bagmati,Kavrepalanchok,Kavrepalanchok-1,86124,161065,Higher Secondary / Intermediate (10+2 / PCL),27.5833,85.6
1712,341589,Yogendra Lama,Ujyalo Nepal Party,2566.0,7403,M,False,सिंह  ध्वज  लामा , SLC,,Kavrepalanchok Temal Rural Municipality Tinpiple,संगिता   घले ,,Bagmati,Kavrepalanchok,Kavrepalanchok-1,86124,161065,,27.5833,85.6
1713,341513,Navaraja Satyal,Rastriya Prajatantra Party,2604.0,699,M,False,बाबु राम सत्याल,स्नातक,,Kavrepalanchok Namobuddha Municipality Kattike,शोभा  अर्याल,,Bagmati,Kavrepalanchok,Kavrepalanchok-1,86124,161065,Bachelor's Degree,27.5833,85.6
1714,341278,Dhiraja Lama,Shram Sanskriti Party,2501.0,287,M,False,विर बहादुर तामाङ्ग,slc,,Kavrepalanchok Bhumlu rural municipality,हेम कुमारी तामाङ्ग,,Bagmati,Kavrepalanchok,Kavrepalanchok-1,86124,161065,Secondary Education (Grade 9-10 / SLC / SEE),27.5833,85.6
1715,340906,Rajesha Kumara Shreshth,Swatantra,,169,M,False,कृष्ण दास श्रेष्ठ,+2,,Kavrepalanchok Panauti Municipality Pamaditol,शान्ती  रंजितकार (श्रेष्ठ),,Bagmati,Kavrepalanchok,Kavrepalanchok-1,86124,161065,Higher Secondary / Intermediate (10+2 / PCL),27.5833,85.6
1716,339664,Kamala Bahadura Lama (tamanga),Mongol National Organization,2511.0,156,M,False,काजी  मान तामाङ ,slc,slc board,Kavrepalanchok Temal Rural Municipality Shivnarayan,कान्छी  माया  तामाङ ,,Bagmati,Kavrepalanchok,Kavrepalanchok-1,86124,161065,Secondary Education (Grade 9-10 / SLC / SEE),27.5833,85.6
1717,341770,Kanchha Tamang,Nepal Communist Party (Maoist),2526.0,149,M,False,इन्द्र बहादुर तामाङ,स्नातक,,Kavrepalanchok Dhulikhel Municipality Phaskot,सीता  भुजेल,,Bagmati,Kavrepalanchok,Kavrepalanchok-1,86124,161065,Bachelor's Degree,27.5833,85.6
1718,341999,Rat‍na Lama,Sanyukta Nagarik Party,2521.0,114,M,False,कृष्ण बहादुर लामा,+२,,Kavrepalanchok Namobuddha Municipality Darimwot,,,Bagmati,Kavrepalanchok,Kavrepalanchok-1,86124,161065,Higher Secondary / Intermediate (10+2 / PCL),27.5833,85.6
1719,342122,Jivana Lama,Swatantra,,94,M,False,राम वहादुर लामा,+२,,Kavrepalanchok Namobuddha Municipality Simle,रिया रोनारिओ देना लामा,,Bagmati,Kavrepalanchok,Kavrepalanchok-1,86124,161065,Higher Secondary / Intermediate (10+2 / PCL),27.5833,85.6
1720,340172,Mana Bahadura Tamad,"Janata Samajbadi Party, Nepal",2542.0,71,M,False,साईला  तामाड,simple,,Kavrepalanchok Temal rural municipality,जीती  तामाड,,Bagmati,Kavrepalanchok,Kavrepalanchok-1,86124,161065,Literate / Non-Formal,27.5833,85.6
1721,340574,Jnyanendra Kumara Shreshth,Pragatishil Loktantrik Party,2516.0,56,M,False,लोक बहादुर श्रेष्ठ,+2,,Kavrepalanchok Namobuddha Municipality Kakrebazar,,,Bagmati,Kavrepalanchok,Kavrepalanchok-1,86124,161065,Higher Secondary / Intermediate (10+2 / PCL),27.5833,85.6
1722,339343,Raju Tamanga,Nepal Majdur Kisan Party,2578.0,52,M,False,बुद्ध  बहादुर  तामाङ ,,,Kavrepalanchok Mandandeupur Municipality Luwagaon,,,Bagmati,Kavrepalanchok,Kavrepalanchok-1,86124,161065,,27.5833,85.6
1723,340312,Binoda Lama,Samabeshi Samajbadi Party,2590.0,50,M,False,इमान ध्वज लामा,bachlor,tu,Kavrepalanchok Chaunrideurali rural municipality,,,Bagmati,Kavrepalanchok,Kavrepalanchok-1,86124,161065,Bachelor's Degree,27.5833,85.6
1724,339902,Bharata Tamang,National Republic Nepal,2504.0,35,M,False,जित बहादुर तामाङ,slc,slc board,Kavrepalanchok Temal Rural Municipality Saura Tol,,,Bagmati,Kavrepalanchok,Kavrepalanchok-1,86124,161065,Secondary Education (Grade 9-10 / SLC / SEE),27.5833,85.6
1725,341883,Yuvaraja Chaulagaee,Swatantra,,7,M,False,तारा नाथ चौलागाई,I.Com,,Kathmandu Kathmandu Metropolitan City Gopikrishna Marg,शुभकान्ता  चौलागाई,,Bagmati,Kavrepalanchok,Kavrepalanchok-1,86124,161065,Higher Secondary / Intermediate (10+2 / PCL),27.5833,85.6
1726,339525,Badana Kumara Bhandari,Rastriya Swatantra Party,2528.0,53344,M,True,चुरा बहादुर भण्डारी,+2,HSEB,Kavrepalanchok Bhumlu rural municipality,,पत्रकारिता/ ब्यवसायी,Bagmati,Kavrepalanchok,Kavrepalanchok-2,99580,165485,Higher Secondary / Intermediate (10+2 / PCL),27.5667,85.5
1727,340524,Madhu Prasada Aachary,Nepali Congress,2583.0,17868,M,False,धुर्व प्रसाद आचार्य,स्नातकोत्तर,TU,Kavrepalanchok Panauti Municipality Walthali,कमला  पन्‍त,पार्टीको पोलिसि र ट्रनिङमा,Bagmati,Kavrepalanchok,Kavrepalanchok-2,99580,165485,Master's Degree,27.5667,85.5
1728,339988,Ashoka Kumara Byanyju Shreshth,Nepal Communist Party (Ekikrit Marxbadi Leninbadi),2598.0,13940,M,False,वच्चु नाथ ब्याञ्जु,BA,TU,Kavrepalanchok Dhulikhel Municipality Dutol,मञ्जु  ब्याञ्जु श्रेष्ठ,पुर्व मेयर,Bagmati,Kavrepalanchok,Kavrepalanchok-2,99580,165485,Bachelor's Degree,27.5667,85.5
1729,341012,Basundhara Humagaee,Nepali Communist Party,2557.0,8107,M,False,नारायण प्रसाद हुमागाई,I A,TU,Kavrepalanchok Panauti Municipality Kalatichhap,अम्बिका  हुमागाई,प्रदेश सभा सदस्य,Bagmati,Kavrepalanchok,Kavrepalanchok-2,99580,165485,Higher Secondary / Intermediate (10+2 / PCL),27.5667,85.5
1730,340306,Jyotsana Saiju,Ujyalo Nepal Party,2566.0,3749,F,False,ज्योती प्रकाश सैजु,BA कम्प्युटर इन्जिनियरिङ ,KU,Kavrepalanchok Banepa Municipal Votmarg,विपिन  कायष्ठ,ब्यवसाय,Bagmati,Kavrepalanchok,Kavrepalanchok-2,99580,165485,,27.5667,85.5
1731,342166,Ranjiva Shreshth,Rastriya Prajatantra Party,2604.0,1125,M,False,भिम सुन्दर श्रेष्ठ,स्नातकोत्तर,TU,Kavrepalanchok Dhulikhel Municipality Vaspark,,दैवि प्रकोप सम्वन्धी,Bagmati,Kavrepalanchok,Kavrepalanchok-2,99580,165485,Master's Degree,27.5667,85.5
1732,339321,Muna Tamang,Nepal Majdur Kisan Party,2578.0,428,F,False,कृष्‍ण बहादुर तामाङ,MA, TU,Kavrepalanchok Mandandeupur Municipality Garigaon,,शिक्षण,Bagmati,Kavrepalanchok,Kavrepalanchok-2,99580,165485,Master's Degree,27.5667,85.5
1733,342232,Tanka Bahadura Lama,Shram Sanskriti Party,2501.0,400,M,False,ज्ञान ध्वज लामा,स्नातकोत्तर,TU,Kavrepalanchok Roshi Rural Municipality Dumal,करुना  थापा,शिक्षण,Bagmati,Kavrepalanchok,Kavrepalanchok-2,99580,165485,Master's Degree,27.5667,85.5
1734,340432,Kanchha Rama Ghising,Nepal Communist Party (Maoist),2526.0,146,M,False,कृष्ण बहादुर तामाङ,साधारण लेखपढ,,Kavrepalanchok Mandandeupur Municipal Seal,,कृषी,Bagmati,Kavrepalanchok,Kavrepalanchok-2,99580,165485,Literate / Non-Formal,27.5667,85.5
1735,342107,Ramesha Bahadura Gharti Kshetri,Pragatishil Loktantrik Party,2516.0,144,M,False,कुल बहादुर घर्ति क्षेत्री,साक्षर,,Kavrepalanchok Bhumlu rural municipality,नमिता  के.सी. घर्ति क्षेत्री,कृषी,Bagmati,Kavrepalanchok,Kavrepalanchok-2,99580,165485,Literate / Non-Formal,27.5667,85.5
1736,340908,Aasa Tamang,Swatantra,,59,F,False,शंखर  तामाङ,+2,HSEB,Kavrepalanchok Panauti Municipality Kalanti,,राजनीती,Bagmati,Kavrepalanchok,Kavrepalanchok-2,99580,165485,Higher Secondary / Intermediate (10+2 / PCL),27.5667,85.5
1737,340675,Suvarna Vikrama Thapa,Rastriya Janamorcha,2522.0,39,M,False,शिवजी  थापा,SLC,SLC BOard,Kavrepalanchok Banepa Municipality Kotthumka,शारदा  थापा,सामाजिक सेवा,Bagmati,Kavrepalanchok,Kavrepalanchok-2,99580,165485,Secondary Education (Grade 9-10 / SLC / SEE),27.5667,85.5
1738,340247,Rakama Lama (tamanga),"Janata Samajbadi Party, Nepal",2542.0,32,M,False,बिर बहादुर तामाङ,SLC,SLC Board,Kavrepalanchok Bhumlu Rural Municipality Dilmuni,सोनु  राई (लामा),ब्यवसाय,Bagmati,Kavrepalanchok,Kavrepalanchok-2,99580,165485,Secondary Education (Grade 9-10 / SLC / SEE),27.5667,85.5
1739,340610,Rajana Thapa,Nepal Communist Party (Sanyukta),2601.0,32,M,False,तेज बहादुर थापा,I L,TU,Bhaktapur Madhyapur Thimi Municipality Lokanthali,ज्ञानु  थापा,पर्यटन,Bagmati,Kavrepalanchok,Kavrepalanchok-2,99580,165485,Higher Secondary / Intermediate (10+2 / PCL),27.5667,85.5
1740,339436,Dilliprasada Nyaupane,Swatantra,,31,M,False,बुद्धिप्रसाद न्यौपाने,स्नातकोत्तर,TU,Kavrepalanchok Panchkhal Municipality Bagaldihi, ,कानून ब्यवसायी,Bagmati,Kavrepalanchok,Kavrepalanchok-2,99580,165485,Master's Degree,27.5667,85.5
1741,340826,Umesha Tamang,Mongol National Organization,2511.0,28,M,False,अशोक  तामाङ,९ कक्षा,श्री कालिका माध्यामिक विद्यालय,Kavrepalanchok Panchkhal Municipality Palku,,सेफ,Bagmati,Kavrepalanchok,Kavrepalanchok-2,99580,165485,Secondary Education (Grade 9-10 / SLC / SEE),27.5667,85.5
1742,341614,Umesa Thapa,Swatantra,,26,M,False,प्रेम बहादुर थापा,स्नातक,TU,Kavrepalanchok Bhumlu Rural Municipality Thapatol,,पत्रकारिता,Bagmati,Kavrepalanchok,Kavrepalanchok-2,99580,165485,Bachelor's Degree,27.5667,85.5
1743,341827,Sita Rama Mainali,Swatantra,,21,M,False,बेनी प्रसाद मैनाली,SLC,SLC Board,Kavrepalanchok Panchkhal Municipality Bhimsensthan,सुजता  मैनाली,कृषी,Bagmati,Kavrepalanchok,Kavrepalanchok-2,99580,165485,Secondary Education (Grade 9-10 / SLC / SEE),27.5667,85.5
1744,340088,Sukamana Tamad,National Republic Nepal,2504.0,15,M,False,व्रथा   तामाङ,साधारण लेखपढ,,Kavrepalanchok Dhulikhel Municipality Syangtan Toll,डोल्मा   तामाङ ,बैदेशिक रोजगारी,Bagmati,Kavrepalanchok,Kavrepalanchok-2,99580,165485,Literate / Non-Formal,27.5667,85.5
1745,342279,Vishnu Kumara Shresh‍th,Swatantra,,13,M,False,नर मान श्रेष्‍ठ,साक्षर,,Kavrepalanchok Namobuddha Municipality Chhatrewajh,कविता  श्रेष्‍ठ,कृषी,Bagmati,Kavrepalanchok,Kavrepalanchok-2,99580,165485,Literate / Non-Formal,27.5667,85.5
1746,341536,Ganesha Prasada Adhikari,Swatantra,,11,M,False,बद्री प्रसाद अधिकारी,स्नातक,TU,Kavrepalanchok Panchkhal Municipality Dharapari,,--,Bagmati,Kavrepalanchok,Kavrepalanchok-2,99580,165485,Bachelor's Degree,27.5667,85.5
1747,341213,Hari Bahadura Thapa,Miteri Party Nepal,2530.0,10,M,False,चक्र बहादुर थापा,साक्षर,,Sindhuli Sunkoshi Rural Municipality Haripur,,पुर्व प्रहरी ,Bagmati,Kavrepalanchok,Kavrepalanchok-2,99580,165485,Literate / Non-Formal,27.5667,85.5
1748,341904,Lenina Vish‍ta,Swatantra,,8,M,False,श्याम  काजी  विष्‍ट ,MA,TU,Kavrepalanchok Banepa Municipality Bisht Gou,,सामाजिक अभियन्ता/पुर्व वालसेना,Bagmati,Kavrepalanchok,Kavrepalanchok-2,99580,165485,Master's Degree,27.5667,85.5
1749,341738,Keshavaraja Timalsina,Swatantra,,4,M,False,बेल प्रसाद तिमल्सिना,SLC,SLC BOARD,Kavrepalanchok Bethanchok Rural Municipality Thali,,सामाजिक कार्य,Bagmati,Kavrepalanchok,Kavrepalanchok-2,99580,165485,Secondary Education (Grade 9-10 / SLC / SEE),27.5667,85.5
1750,341908,Bharata Prasada Parajuli,Rastriya Swatantra Party,2528.0,24412,M,True,देव ऋषि पराजुली,,,Sindhupalchok Balefi Rural Municipality Kunechour,,,Bagmati,Sindhupalchok,Sindhupalchok-1,69088,139930,,27.95,85.85
1751,340875,Madhava Sapakota,Nepali Communist Party,2557.0,17327,M,False,हरि प्रसाद सापकोटा,,,Sindhupalchok Chautara Sangachokgadhi Municipality Sahutoll,देव कुमारी सापकोटा,,Bagmati,Sindhupalchok,Sindhupalchok-1,69088,139930,,27.95,85.85
1752,341791,Saresha Nepal,Nepal Communist Party (Ekikrit Marxbadi Leninbadi),2598.0,11961,M,False,भक्त बहादुर नेपाल,,,Sindhupalchok Sunkoshi Rural Municipality Swara,कल्याणी  नेपाल,,Bagmati,Sindhupalchok,Sindhupalchok-1,69088,139930,,27.95,85.85
1753,341717,Janga Bahadura Lama,Nepali Congress,2583.0,11293,M,False,हर्क लाल लामा,,,Sindhupalchok Jugal rural municipality Dhursgaon,धन लक्ष्मी लामा,,Bagmati,Sindhupalchok,Sindhupalchok-1,69088,139930,,27.95,85.85
1754,340554,Pratapa Lama,Ujyalo Nepal Party,2566.0,2421,M,False,जुजु मान तामाङ,,,Sindhupalchok Wahrvise Municipality Sanopalati,शान्ति  लामा,,Bagmati,Sindhupalchok,Sindhupalchok-1,69088,139930,,27.95,85.85
1755,339581,Rama Mani Nyaupane,Rastriya Prajatantra Party,2604.0,490,M,False,पुष्ट मणी न्यौपाने,,,Bhaktapur Changunarayan Municipality,टिका  न्यौपाने,,Bagmati,Sindhupalchok,Sindhupalchok-1,69088,139930,,27.95,85.85
1756,339383,Dava Lama,Mongol National Organization,2511.0,340,M,False,सङगे  लामा,,,Sindhupalchok Jugal Rural Municipality Golche,रुक माया लामा,,Bagmati,Sindhupalchok,Sindhupalchok-1,69088,139930,,27.95,85.85
1757,340256,Phurva Tamang,Shram Sanskriti Party,2501.0,282,M,False,डिल बहादुर तामाङ,,,Sindhupalchok Chautara Sangachokgadhi Municipality,सम्झना  तामाङ,,Bagmati,Sindhupalchok,Sindhupalchok-1,69088,139930,,27.95,85.85
1758,340764,Samira Shreshth,Nepal Communist Party (Maoist),2526.0,201,M,False,हिरा  श्रेष्ठ,,,Sindhupalchok Jugal Rural Municipality,,,Bagmati,Sindhupalchok,Sindhupalchok-1,69088,139930,,27.95,85.85
1759,341164,Dava Gyamchho Lama,Rastriya Janamorcha,2522.0,92,M,False,धन बहादुर तामाङ,,,Sindhupalchok Lisankhu Pakhar Rural Municipality,कान्छी  लामा,,Bagmati,Sindhupalchok,Sindhupalchok-1,69088,139930,,27.95,85.85
1760,339476,Gita Devi Karmachary,Nepal Majdur Kisan Party,2578.0,56,F,False,वयान बहादुर कर्माचार्य,,,Bhaktapur Changunarayan Municipality,सिताराम  सायजु,,Bagmati,Sindhupalchok,Sindhupalchok-1,69088,139930,,27.95,85.85
1761,342739,Pasanga Sherpa,"Janata Samajbadi Party, Nepal",2542.0,55,F,False,नुर्बु  शेर्पा,,,Sindhupalchok Tripurasundari Rural Municipality Khajilung,,,Bagmati,Sindhupalchok,Sindhupalchok-1,69088,139930,,27.95,85.85
1762,342013,Santa Kumara Tamang,Swatantra,,39,M,False,छत्र बहादुर तामाङ,,,Sindhupalchok Wahrvise Municipality,माया  तामाङ,,Bagmati,Sindhupalchok,Sindhupalchok-1,69088,139930,,27.95,85.85
1763,339790,Pasangga Tamangg,Aam Janata Party (Ekal Chunab Chinha),2581.0,31,M,False,बाबु लाल तामाङ्ग,,,Sindhupalchok Lisankhu Pakhar Rural Municipality,सोभा  तामाङ्ग,,Bagmati,Sindhupalchok,Sindhupalchok-1,69088,139930,,27.95,85.85
1764,341326,Asoka Bahadura Shresh‍th,Nagarik Sarbochchata Party Nepal (Ekal Chunab Chinha),2537.0,29,M,False,चेत बहादुर श्रेष्‍ठ,,,Sindhupalchok Lisankhu Pakhar Rural Municipality Gansh Tol,निर्मला  श्रेष्‍ठ,,Bagmati,Sindhupalchok,Sindhupalchok-1,69088,139930,,27.95,85.85
1765,341521,Padama Bahadura Tamang,Swatantra,,22,M,False,कामि सिं तामाङ,,,Sindhupalchok Balefi Rural Municipality Lapse,राम माया तामाङ,,Bagmati,Sindhupalchok,Sindhupalchok-1,69088,139930,,27.95,85.85
1766,342511,Rajana Sunchuri,Miteri Party Nepal,2530.0,20,M,False,लक्ष्मण  सुन्चुरी,,,Sindhupalchok Sunkoshi rural municipality,विना  सुन्चुरी,,Bagmati,Sindhupalchok,Sindhupalchok-1,69088,139930,,27.95,85.85
1767,342280,Sanu Tamang,Swatantra,,17,M,False,पहल मान तामाङ,,,Sindhupalchok Wahrvise Municipality Ramche,कुमारी  तामाङ,,Bagmati,Sindhupalchok,Sindhupalchok-1,69088,139930,,27.95,85.85
1768,340921,Yuvaraja Dulal,Nepali Communist Party,2557.0,21699,M,True,गुरु प्रसाद दुलाल,masters,,Sindhupalchok Chautara Sangachokgadhi Municipality Pauwa,पार्वती  दुलाल,,Bagmati,Sindhupalchok,Sindhupalchok-2,74385,137958,Master's Degree,27.8,85.65
1769,342079,Vanshalala Tamang,Nepali Congress,2583.0,19146,M,False,हवल बहादुर तामाङ,MA,,Sindhupalchok Indrawati Rural Municipality Nawalpur,माइली   तामाङ,,Bagmati,Sindhupalchok,Sindhupalchok-2,74385,137958,Master's Degree,27.8,85.65
1770,341470,Shera Bahadura Tamangag,Nepal Communist Party (Ekikrit Marxbadi Leninbadi),2598.0,15926,M,False,प्रताप सिं तामाङग,Masters,,Sindhupalchok Melamchi Municipality Sindhu Ghuseni,उषा कला राई,,Bagmati,Sindhupalchok,Sindhupalchok-2,74385,137958,Master's Degree,27.8,85.65
1771,342380,Jhalaka Kumara Shresh‍th,Rastriya Swatantra Party,2528.0,14019,M,False,वीर वहादुर श्रेष्‍ठ,SLC,,Sindhupalchok Lisankhu Pakhar Rural Municipality Ganesh Than,सावित्री  श्रेष्‍ठ (पाण्‍डे),,Bagmati,Sindhupalchok,Sindhupalchok-2,74385,137958,Secondary Education (Grade 9-10 / SLC / SEE),27.8,85.65
1772,339975,Gopi Krishna Chaulagaee,Rastriya Prajatantra Party,2604.0,1681,M,False,बद्री प्रसाद चौलागाई,Engineer,,Sindhupalchok Melamchi Municipality Shantinagar,,,Bagmati,Sindhupalchok,Sindhupalchok-2,74385,137958,Bachelor's Degree,27.8,85.65
1773,340374,Rama Sin Tamang,Ujyalo Nepal Party,2566.0,1238,M,False,राम लामा तामाङ,SLC,,Sindhupalchok Helambu Rural Municipality Ising,मन सानी तामाङ,,Bagmati,Sindhupalchok,Sindhupalchok-2,74385,137958,Secondary Education (Grade 9-10 / SLC / SEE),27.8,85.65
1774,339483,Karnavira Syanvu Lama,Mongol National Organization,2511.0,159,M,False,कर्पु स्याँवु लामा,साक्षर,,Sindhupalchok Panchpokhari Thangpal Rural Municipality,,,Bagmati,Sindhupalchok,Sindhupalchok-2,74385,137958,Literate / Non-Formal,27.8,85.65
1775,340176,Bhanu Shreshth,Shram Sanskriti Party,2501.0,129,M,False,लाल बहादुर श्रेष्ठ,SLC,,Sindhupalchok Sunkoshi rural municipality,,,Bagmati,Sindhupalchok,Sindhupalchok-2,74385,137958,Secondary Education (Grade 9-10 / SLC / SEE),27.8,85.65
1776,341935,Somana Lama,Nepal Communist Party (Maoist),2526.0,121,M,False,कर्पु  लामा,SLC,,Sindhupalchok Melamchi Municipality Dblng,गोमा  लामा,,Bagmati,Sindhupalchok,Sindhupalchok-2,74385,137958,Secondary Education (Grade 9-10 / SLC / SEE),27.8,85.65
1777,341106,Mingamara Tamang,Rastriya Mukti Party Nepal (Ekal Chunab Chinha),2531.0,99,M,False,वीर बहादुर तामाङ,bachelor,,Sindhupalchok Helambu Rural Municipality,आरती देवी तामाङ,,Bagmati,Sindhupalchok,Sindhupalchok-2,74385,137958,Bachelor's Degree,27.8,85.65
1778,341783,Sera Vahadura Tamang,Nagarik Sarbochchata Party Nepal (Ekal Chunab Chinha),2537.0,47,M,False,सञ्च वहादुर तामाङ,SLC,,Sindhupalchok Melamchi Municipality Khanigaon,कौशिला  तामाङ,,Bagmati,Sindhupalchok,Sindhupalchok-2,74385,137958,Secondary Education (Grade 9-10 / SLC / SEE),27.8,85.65
1779,342595,Dava Chhiringa Sherpa,Sanghiya Loktantrik Rastriya Manch,2550.0,29,M,False,करे  शेर्पा,10 pass,,Sindhupalchok Wahrvise Municipality Tangsing,मोती माया शेर्पा,,Bagmati,Sindhupalchok,Sindhupalchok-2,74385,137958,Secondary Education (Grade 9-10 / SLC / SEE),27.8,85.65
1780,342515,Viju Shreshth,Swatantra,,25,M,False,विष्णु कुमार श्रेष्ठ,Phd. in Electrical Engineering,,Sindhupalchok Chautara Sangachokgadhi Municipality Chilune,,,Bagmati,Sindhupalchok,Sindhupalchok-2,74385,137958,Doctorate / PhD,27.8,85.65
1781,342557,Dipaka Dhakal,Swatantra,,24,M,False,रेवती प्रसाद ढकाल,HSEB,,Sindhupalchok Melamchi Municipality Dhakalkhare,जमुना  चापागाई,,Bagmati,Sindhupalchok,Sindhupalchok-2,74385,137958,Higher Secondary / Intermediate (10+2 / PCL),27.8,85.65
1782,339649,Mhendo Tamang,Nepal Majdur Kisan Party,2578.0,17,F,False,कृष्ण वहादुर तामाङ,स्नातक,,Kavrepalanchok Mandandeupur Municipality Garigaon,,,Bagmati,Sindhupalchok,Sindhupalchok-2,74385,137958,Bachelor's Degree,27.8,85.65
1783,339791,Ganesha Bahadura Shreshth,Aam Janata Party (Ekal Chunab Chinha),2581.0,11,M,False,मिन बहादुर श्रेष्ठ,सामान्य लेखपढ,,Sindhupalchok Chautara Sangachokgadhi Municipality Garigaon,चित्र कुमारी श्रेष्ठ,,Bagmati,Sindhupalchok,Sindhupalchok-2,74385,137958,Literate / Non-Formal,27.8,85.65
1784,341261,Sun‍dara Adhikari,Swatantra,,11,M,False,रुद्र बहादुर अधिकारी,,,Kathmandu Kageshwari Manohara Municipality Pipal Dadan,,,Bagmati,Sindhupalchok,Sindhupalchok-2,74385,137958,,27.8,85.65
1785,342260,Mahesha Kunvar,Miteri Party Nepal,2530.0,4,M,False,शम्भु  कुँवर,10 pass,,Sindhupalchok Sunkoshi Rural Municipality Bhimesthan,सावित्री  कुँवर,,Bagmati,Sindhupalchok,Sindhupalchok-2,74385,137958,Secondary Education (Grade 9-10 / SLC / SEE),27.8,85.65
1786,339633,Prakash Gautam,Rastriya Swatantra Party,2528.0,36033,M,True,Dhan Bahadur Gautam,स्नातक,त्रिभुवन विश्वविद्यालय,Kavrepalanchowk,Roshni Bhattarai Gautam,समाज सेवा र होटल व्यवसाय,Bagmati,Makwanpur,Makwanpur-1,90725,158423,Bachelor's Degree,27.4167,85.15
1787,341087,Mahalaxmi Upadhyay (Dina),Nepali Congress,2583.0,14038,F,False,Ishwori Datta Aryal,स्‍नातकोत्तर,त्रि.वि.,Kathmandu,Dinesh Upadhyaya,,Bagmati,Makwanpur,Makwanpur-1,90725,158423,Master's Degree,27.4167,85.15
1788,339717,Rameshwar Rana Magar,Nepal Communist Party (Ekikrit Marxbadi Leninbadi),2598.0,12783,M,False,Jaman Bahadur Rana,प्रविणता प्रमाणपत्र तह,त्रिभुवन विश्वविद्यालय,Makwanpur,Purna Maya Thapa Magar,"समाजसेवा, पूर्व जिविस सभापति समेत",Bagmati,Makwanpur,Makwanpur-1,90725,158423,Higher Secondary / Intermediate (10+2 / PCL),27.4167,85.15
1789,340438,Bijay Gautam,Nepali Communist Party,2557.0,10788,M,False,Lok Nath Gautam,स्‍नात्तकोतर,त्रि.वि.,Kavrepalanchowk,,,Bagmati,Makwanpur,Makwanpur-1,90725,158423,Master's Degree,27.4167,85.15
1790,341292,Surendra Lama,Ujyalo Nepal Party,2566.0,10205,M,False,Kanchha Lama,Computer Engineering,T.U.,Makwanpur,,IT sector,Bagmati,Makwanpur,Makwanpur-1,90725,158423,Bachelor's Degree,27.4167,85.15
1791,340025,Dipak Bahadur Singh,Rastriya Prajatantra Party,2604.0,4574,M,False,Mohan Bahadur Singh,स्‍नातक,त्रि.वि.,Makwanpur,Nilam Singh,"जि.वि.स.सभापती
जलस्रोत उर्जा र सिंचाई राज्यमन्त्री
2079 प्रतिनिधि सभा निर्वाचित सदस्य",Bagmati,Makwanpur,Makwanpur-1,90725,158423,Bachelor's Degree,27.4167,85.15
1792,339302,Bidya Shrestha Maharjan,Shram Sanskriti Party,2501.0,1024,F,False,Vishnu Lal Shrestha,स्नातकोतर,त्रिभुवन विश्वविद्यालय,Kathmandu,Shirish Maharjan,,Bagmati,Makwanpur,Makwanpur-1,90725,158423,Master's Degree,27.4167,85.15
1793,340560,Tika Prasad Chaulagain,Swatantra,,534,M,False,Balbhad Chaulagai,SLC,BOARD OF NEPAL,Bara,Sita Pokharel (Chaulagain),,Bagmati,Makwanpur,Makwanpur-1,90725,158423,Secondary Education (Grade 9-10 / SLC / SEE),27.4167,85.15
1794,339366,Yuvaraj Lama,Mongol National Organization,2511.0,359,M,False,दर्शन बहादुर स्याङतान,SLC,Board of Nepal,Makwanpur Makwanpurgarhi Rural Municipality Beldhari,,,Bagmati,Makwanpur,Makwanpur-1,90725,158423,Secondary Education (Grade 9-10 / SLC / SEE),27.4167,85.15
1795,340803,Mahesh Nepali,Nepal Communist Party (Maoist),2526.0,108,M,False,Ram Bahadur Nepali,साधरण लेखपढ,,Makwanpur,,समाजसेवा र जनवादी गायक,Bagmati,Makwanpur,Makwanpur-1,90725,158423,Literate / Non-Formal,27.4167,85.15
1796,339856,Ranjana Suwal Magaju,Nepal Majdur Kisan Party,2578.0,51,F,False,Ganesh Bahadur Suwal,साक्षर,,Bhaktapur,Vishnu Bhakta Magaju,,Bagmati,Makwanpur,Makwanpur-1,90725,158423,Literate / Non-Formal,27.4167,85.15
1797,339555,Tej Prasad Upreti,Pragatishil Loktantrik Party,2516.0,50,M,False,Ganga Prasad Upreti,स्नातक,त्रिभुवन विश्वविद्यालय,Makwanpur,Amrita Singh Thakuri,"NRN Korea उपाध्यक्ष
नेपाल जेसिज राष्ट्रिय उपाध्यक्ष समेत",Bagmati,Makwanpur,Makwanpur-1,90725,158423,Bachelor's Degree,27.4167,85.15
1798,339946,Mathu Pulami Magar,Swatantra,,30,M,False,Lal Bahadur Pulami Magar,साधारण लेखपढ,,Makwanpur,Suntali Pulami Magar,,Bagmati,Makwanpur,Makwanpur-1,90725,158423,Literate / Non-Formal,27.4167,85.15
1799,341165,Dipak Sintan,Janata Samajbadi Party (Ekal Chunab Chinha),2531.0,28,M,False,Chitra Bahadur Sintan,साधारण लेखपढ,,Makwanpur,,कृषि,Bagmati,Makwanpur,Makwanpur-1,90725,158423,Literate / Non-Formal,27.4167,85.15
1800,341737,Rupak Lama,"Janata Samajbadi Party, Nepal",2542.0,24,M,False,Chiniya Man Lama,12 पास,HSEB,Makwanpur,Marina Lama,,Bagmati,Makwanpur,Makwanpur-1,90725,158423,Higher Secondary / Intermediate (10+2 / PCL),27.4167,85.15
1801,339598,Amik Pariyar,Swatantra,,23,M,False,Bal Bahadur Pariyar,10+2,Board of Nepal,Makwanpur,Sangita Dangol,कृषी पशुपंक्षी तथा मत्स्य पालन तथा विक्री केन्द्र र गार्मेन्ट व्यवसाय,Bagmati,Makwanpur,Makwanpur-1,90725,158423,Higher Secondary / Intermediate (10+2 / PCL),27.4167,85.15
1802,342266,Pramila Kumari Khatiwada,Swatantra,,23,F,False,Govinda Prasad Adhikari,+2 pass,HSEB,Makwanpur,Vishnu Prasad Khatiwada,,Bagmati,Makwanpur,Makwanpur-1,90725,158423,Higher Secondary / Intermediate (10+2 / PCL),27.4167,85.15
1803,341336,Rupak Lama,Swatantra,,19,M,False,Chiniya Man Lama,SLC,Board of Nepal,Makwanpur,Marina Lama,,Bagmati,Makwanpur,Makwanpur-1,90725,158423,Secondary Education (Grade 9-10 / SLC / SEE),27.4167,85.15
1804,339819,Rajarama Bogati,Swatantra,,9,M,False,राजन बहादुर बोगटी,10,Board of Nepal,Makwanpur Hetouda Sub-Metropolis Kantirajath Path,,"2074 सालमा मेयर उम्मेदवार
2070 समानुपाती सभासद् उम्मेदवार
",Bagmati,Makwanpur,Makwanpur-1,90725,158423,Secondary Education (Grade 9-10 / SLC / SEE),27.4167,85.15
1805,340316,Amar Dangal,Swatantra,,8,M,False,Gyan Prasad Dangal,12,नेपाल वोर्ड,Makwanpur,Bimala Dangal,"नेपाली सेनामा १८ वर्ष काम गरेको, संघिय क्षेत्रमा १५ वर्ष काम गरेको र व्यवसायिक क्षेत्रमा ५ वर्ष लगातार ५ वर्ष काम गरेको",Bagmati,Makwanpur,Makwanpur-1,90725,158423,Higher Secondary / Intermediate (10+2 / PCL),27.4167,85.15
1806,341219,Sushila Subedi,Swatantra,,8,F,False,Chek Bahadur Dahal,स्‍नातक,त्रि.वि.,Makwanpur,Deepak Kumar Subedi,सामाजिक कार्यमा संलग्‍नता समेत,Bagmati,Makwanpur,Makwanpur-1,90725,158423,Bachelor's Degree,27.4167,85.15
1807,339354,Rakesh Kumar Sharma,Swatantra,,5,M,False,Madhav Prasad Adhikari,S.L.C,Board of Nepal,Bardia,Vishnu Sharma,"प्रशासनिक, समाजसेवासमेत  सम्बन्धी अनुभव",Bagmati,Makwanpur,Makwanpur-1,90725,158423,Secondary Education (Grade 9-10 / SLC / SEE),27.4167,85.15
1808,341351,Raj Kumar Khadka,Swatantra,,1,M,False,Chandra Bahadur Khadka,10+2,HSEB,Makwanpur,,,Bagmati,Makwanpur,Makwanpur-1,90725,158423,Higher Secondary / Intermediate (10+2 / PCL),27.4167,85.15
1809,339629,Prashant Upreti,Rastriya Swatantra Party,2528.0,30050,M,True,Ramchandra Upreti,स्‍नातक,नेपाल पर्यटन तथा होटन व्यवस्थापन प्रतिष्ठान,Makwanpur,,,Bagmati,Makwanpur,Makwanpur-2,85619,156778,Bachelor's Degree,27.4333,84.95
1810,339753,Mahesh Kumar Bartaula,Nepal Communist Party (Ekikrit Marxbadi Leninbadi),2598.0,18846,M,False,गोविन्‍द बहादुर वर्तौला,"माष्टर्स डिग्री (एम.बि.एस., एम.ए, LLB)",त्रिभुवन विश्वविद्यालय,Makwanpur Bhimfedi Rural Municipality Dhungyan,- - -,"प्रतिनिधी सभा सदस्य
सचेतक, प्रमुख सचेतक र मुख्य सचेतकको भुमिका निर्वाह, सदस्य कानून न्याय तथा मानव अधिकार समिति, सदस्य संसदीय सुनुवाई समिति, 
",Bagmati,Makwanpur,Makwanpur-2,85619,156778,Master's Degree,27.4333,84.95
1811,341127,Buddha Lama,Nepali Congress,2583.0,15056,M,False,Maila Lama,बि.ए.,त्रिभुवन विश्वविद्यालय,Makwanpur,,,Bagmati,Makwanpur,Makwanpur-2,85619,156778,Bachelor's Degree,27.4333,84.95
1812,340454,Lava Shera Visht,Nepali Communist Party,2557.0,12492,M,False,बासुदेव  विष्ट,आई ए,रत्न राज्य क्याम्पस,Makwanpur Thaha Municipality,कमला  पाण्डे,,Bagmati,Makwanpur,Makwanpur-2,85619,156778,Higher Secondary / Intermediate (10+2 / PCL),27.4333,84.95
1813,341283,Prabin Kumar Syangtan,Ujyalo Nepal Party,2566.0,6237,M,False,Krishna Bahadur Syangtan,स्‍नातक (बि.डि.एस),चितवन मेडिकल कलेज,Makwanpur,,"भरतपुर अस्पताल
नमोबुद्ध डेन्टल क्लिनिक
चितवन मेडीकल कलेज",Bagmati,Makwanpur,Makwanpur-2,85619,156778,Bachelor's Degree,27.4333,84.95
1814,339338,Yunesh Lama Sintan,Shram Sanskriti Party,2501.0,932,M,False,Padam Bahadur Lama,स्‍नातक,मकवानपुर बहुमुखि क्याम्पस ,Makwanpur,,,Bagmati,Makwanpur,Makwanpur-2,85619,156778,Bachelor's Degree,27.4333,84.95
1815,340110,Ram Bahadur Thokar,Rastriya Prajatantra Party,2604.0,785,M,False,Hira Lal Thokar,10+2,भुटनदेवी मा.वि.,Makwanpur,Ratna Tamang,"हङ्गकङ्ग, तामाङ्ग घेदुङ्ग संघको सदस्य",Bagmati,Makwanpur,Makwanpur-2,85619,156778,Higher Secondary / Intermediate (10+2 / PCL),27.4333,84.95
1816,340922,Ram Ghalan,Nepal Communist Party (Maoist),2526.0,361,M,False,Durga Bahadur Ghalan,एम.ए.,मकवानपुर बहुमुखि क्याम्पस,Makwanpur,Sanumaya Muktan,"राजनितिक अनुभव
सामान्य व्यवसायिक
समाज सेवा",Bagmati,Makwanpur,Makwanpur-2,85619,156778,Master's Degree,27.4333,84.95
1817,339401,Hira Lal Syangtan,Mongol National Organization,2511.0,260,M,False,Sanuman Bahadur Syangtan,६ कक्षा अध्ययन,सरकारी विद्यालय,Makwanpur,Maili Maya Syangtan,,Bagmati,Makwanpur,Makwanpur-2,85619,156778,Basic Education (Up to Grade 8),27.4333,84.95
1818,341910,Sitamaya Bal,Swatantra,,204,F,False,Shyam Bahadur Bal,एस.एल.सी.,नेपाल बोर्ड,Makwanpur,Dil Bahadur Syangtan,,Bagmati,Makwanpur,Makwanpur-2,85619,156778,Secondary Education (Grade 9-10 / SLC / SEE),27.4333,84.95
1819,339563,Nir Bahadur Sintan,Rastriya Janamorcha,2522.0,131,M,False,Jay Bahadur Sintan,१०+२,जनकल्याण मा.वि. पालुङ्ग,Makwanpur,,,Bagmati,Makwanpur,Makwanpur-2,85619,156778,Higher Secondary / Intermediate (10+2 / PCL),27.4333,84.95
1820,339603,Santosh Bista,Pragatishil Loktantrik Party,2516.0,72,M,False,बासु  विष्ट,स्‍नातकोत्तर,त्रिभुवन विश्वविद्यालय,Makwanpur Thaha Municipality Bahungau,,"दश वर्ष देखि पत्रकारिता
उपसचिव वा सो सरहको अनुभव",Bagmati,Makwanpur,Makwanpur-2,85619,156778,Master's Degree,27.4333,84.95
1821,339462,Shubha Raj Praja,Sanyukta Nagarik Party,2521.0,57,M,False,Suk Lal Praja,१०  पास,निर्मल बस्ती मा.वि.,Makwanpur,Ganga Maya Praja,,Bagmati,Makwanpur,Makwanpur-2,85619,156778,Secondary Education (Grade 9-10 / SLC / SEE),27.4333,84.95
1822,339892,Saroj Tamang,Nepal Majdur Kisan Party,2578.0,42,M,False,Dhan Bahadur Tamang,10+2,बागेश्वरी कलेज,Bhaktapur,,,Bagmati,Makwanpur,Makwanpur-2,85619,156778,Higher Secondary / Intermediate (10+2 / PCL),27.4333,84.95
1823,342427,Surya Rai,Aam Janata Party (Ekal Chunab Chinha),2581.0,23,M,False,Ran Bahadur Rai,साधारण लेखपढ,,Makwanpur,Tara Rai,,Bagmati,Makwanpur,Makwanpur-2,85619,156778,Literate / Non-Formal,27.4333,84.95
1824,339957,Pratiksha Baniya,Swatantra,,21,F,False,लक्ष्मण  बानिया,10+2,मकवानपुर बहुमुखि क्याम्पस,Makwanpur Hetouda Sub-Metropolitan City,,"ब्युटिसियन, सिलाई बुनाई",Bagmati,Makwanpur,Makwanpur-2,85619,156778,Higher Secondary / Intermediate (10+2 / PCL),27.4333,84.95
1825,341533,Chhavilala Vaeeva,Janata Samajbadi Party (Ekal Chunab Chinha),2531.0,15,M,False,खड्ग बहादुर वाइवा,साधारण,,Makwanpur Hetouda Sub-Metropolitan City,अमृता  वाइवा,,Bagmati,Makwanpur,Makwanpur-2,85619,156778,Literate / Non-Formal,27.4333,84.95
1826,342164,Surya Tamang Bal,National Republic Nepal,2504.0,14,M,False,Som Singh Bal,स्‍नातक,त्रिभुवन विश्वविद्यालय,Makwanpur,Nirmala Ghising,,Bagmati,Makwanpur,Makwanpur-2,85619,156778,Bachelor's Degree,27.4333,84.95
1827,341191,Amrit Bal,Swatantra,,12,M,False,Ram Bahadur Bal,साक्षर,,Makwanpur,Rita Bal,,Bagmati,Makwanpur,Makwanpur-2,85619,156778,Literate / Non-Formal,27.4333,84.95
1828,339798,Krishna Ram Shrestha,Swatantra,,7,M,False,Lok Bahadur Shrestha,साक्षर,,Chitwan,Rozina Shrestha,,Bagmati,Makwanpur,Makwanpur-2,85619,156778,Literate / Non-Formal,27.4333,84.95
1829,340022,Ramesh Acharya,Swatantra,,2,M,False,Dil Bahadur Acharya,साक्षर,,Makwanpur,,,Bagmati,Makwanpur,Makwanpur-2,85619,156778,Literate / Non-Formal,27.4333,84.95
1830,341836,Rajesha Kumara Chaudhari,Rastriya Swatantra Party,2528.0,28946,M,True,सिता राम साह,इन्टरमेडियट,बिहार बोर्ड भारत,Rautahat Durga Bhagwati Rural Municipality Gangapipra,किरण कुमारी देवी,"राजनीतिमा 10 बर्ष देखि कार्यरत रहेको
कृषि सम्बन्धी अनुभव भएको",Madhesh,Rautahat,Rautahat-1,66053,108712,Higher Secondary / Intermediate (10+2 / PCL),26.95,85.35
1831,340390,Ajaya Kumara Gup‍ta,Nepal Communist Party (Ekikrit Marxbadi Leninbadi),2598.0,10693,M,False,बाबुलाल प्रसाद गुप्‍ता,एस.एल.सी ,श्री जुद्ध मा.बि. गौर,Rautahat Gaur Municipality Friendship,विमल  गुप्‍ता,,Madhesh,Rautahat,Rautahat-1,66053,108712,Secondary Education (Grade 9-10 / SLC / SEE),26.95,85.35
1832,341696,Anila Kumara Jha,Nepali Congress,2583.0,8574,M,False,प्रेम नारायण झा,स्‍नातक अध्ययन,,Rautahat Durga Bhagwati Rural Municipality Matsari,डिम्पल कुमारी झा,"पूर्व मन्धी नेपाल सरकार
प्रतिनिधि सभा सदस्य 2074-2079
संबिधान सभा सदस्य 2065-2069
",Madhesh,Rautahat,Rautahat-1,66053,108712,Bachelor's Degree,26.95,85.35
1833,340541,Madhava Kumara Nepal,Nepali Communist Party,2557.0,7669,M,False,मंगल कुमार उपाध्याय,स्‍नातक तह,ठाकुरराम बहुमुखी क्यामपस बिरगंज,Rautahat Gaur Municipality,गायत्री  आचार्य (नेपाल),"पटक पटक प्रतिनिधि सभा सदस्य निर्वाचित, पूर्व प्रधानमन्त्री, राष्ट्रिय सभा सदस्य, ",Madhesh,Rautahat,Rautahat-1,66053,108712,Bachelor's Degree,26.95,85.35
1834,340719,Yogendra Raya Yadav,"Janata Samajbadi Party, Nepal",2542.0,6846,M,False,शिव नारायण राय यादव,स्‍नातक,TU,Rautahat Rajdevi Municipality Jhunkhunwa,ओनिता  यादव,प्रदेश सभा निर्वाचन २०७४ का रौतहट क्षेत्र नं.1 ख बाट बिजयी,Madhesh,Rautahat,Rautahat-1,66053,108712,Bachelor's Degree,26.95,85.35
1835,340449,Devendra Mishr,Janamat Party,2585.0,881,M,False,विश्वनाथ  मिश्र,एम.ए. राजनितिक सास्त्र बि.एड,TU,Rautahat Durga Bhagwati Rural Municipality Matsari,सुधा  मिश्र,,Madhesh,Rautahat,Rautahat-1,66053,108712,Master's Degree,26.95,85.35
1836,339974,Tribhuvana Sah,Aam Janata Party (Ekal Chunab Chinha),2581.0,751,M,False,मनोहर  साह,स्‍नातक,TU,Rautahat Boudhimai Municipality Sarmujwa,चिन्ता कुमारी साह,समाज सेवा,Madhesh,Rautahat,Rautahat-1,66053,108712,Bachelor's Degree,26.95,85.35
1837,342469,Sunila Prasada Kusavah,Sarbabhaum Nagarik Party,2520.0,343,M,False,ओमप्रकाश  महतो,स्‍नातक तह,TU,Rautahat Rajdevi Municipality,,राजनितिक,Madhesh,Rautahat,Rautahat-1,66053,108712,Bachelor's Degree,26.95,85.35
1838,341974,Sanjaya Kumara Yadav,Jan Adhikar Party,2540.0,341,M,False,लालबाबु  राय,स्‍नातक तह,TU,Rautahat Durga Bhagwati Rural Municipality Pachrukhi,प्रतिमा  यादव,,Madhesh,Rautahat,Rautahat-1,66053,108712,Bachelor's Degree,26.95,85.35
1839,342517,Rama Kishora Thakur,Swatantra,,229,M,False,रामरेखा ठाकुर लोहार,,,Rautahat Rajdevi Municipality Mudbalwa,मालती  देवी,,Madhesh,Rautahat,Rautahat-1,66053,108712,,26.95,85.35
1840,341086,Shri Madana Shah,Rastriya Prajatantra Party,2604.0,155,M,False,महराज  शाह,बि.ए.,,Rautahat Ishanath Municipality,रन्जिता  खड्का शाह,,Madhesh,Rautahat,Rautahat-1,66053,108712,Bachelor's Degree,26.95,85.35
1841,341384,Rajarama Mukhiya,Pragatishil Loktantrik Party,2516.0,91,M,False,मुखा  मुखिया,साक्षर,,Rautahat Madhav Narayan Municipality Velhi,सगरी देवी मुखिया,रजनितिक,Madhesh,Rautahat,Rautahat-1,66053,108712,Literate / Non-Formal,26.95,85.35
1842,342735,Prabha Kumari Sinh,Rashtra Nirman Dal Nepal,2527.0,73,F,False,रामाश्रय  सिंह,B.ED,TU,Rautahat Vrindavan Municipality Gamhariya Virta,शत्रुध्न  कुंवर,सोशल वर्कर,Madhesh,Rautahat,Rautahat-1,66053,108712,Bachelor's Degree,26.95,85.35
1843,342549,Jajula Devan,Nepal Sanghiya Samajbadi Party (Ekal Chunab Chinha),2567.0,62,M,False,मोसदी मिया देवान,साक्षर,,Rautahat Gadhimai Municipality Dhanadi,,,Madhesh,Rautahat,Rautahat-1,66053,108712,Literate / Non-Formal,26.95,85.35
1844,342247,Shyama Vavu Prasad,Swatantra,,62,M,False,विन्देश्‍वर साह सोनार,SLC,,Rautahat Gaur Municipality Mahadevpatti,पूनम  देवी,,Madhesh,Rautahat,Rautahat-1,66053,108712,Secondary Education (Grade 9-10 / SLC / SEE),26.95,85.35
1845,340938,Mo Tanavira Akhatara Mikarani,Rastriya Mukti Party Nepal (Ekal Chunab Chinha),2531.0,60,M,False,मो सकील अख्तर मिकरानी,८ पास,मित्रा मेमोरियल सेकेन्डरी स्कूल गौर,Rautahat Rajdevi Municipality Katarban,सुजिता कुमारी,,Madhesh,Rautahat,Rautahat-1,66053,108712,Basic Education (Up to Grade 8),26.95,85.35
1846,342565,Umesha Kumara Shah,Ujyalo Nepal Party,2566.0,58,M,False,जै मंगल साह तेली,स्‍नातक तह,TU,Rautahat Madhav Narayan Municipality Velhi,निर्मला कुमारी .,,Madhesh,Rautahat,Rautahat-1,66053,108712,Bachelor's Degree,26.95,85.35
1847,342624,Ra‌njita Kumara Patel,Jaya Matribhumi Party,2510.0,29,M,False,जय  नारायण  जयसवाल ,स्‍नातक तह,TU,Rautahat Yamunamai Rural Municipality,रिंकु   पटेल,10 बर्ष शिक्षण पेशाको,Madhesh,Rautahat,Rautahat-1,66053,108712,Bachelor's Degree,26.95,85.35
1848,340233,Baidyanatha Prasada Chaudhari,Nepal Majdur Kisan Party,2578.0,22,M,False,अनुप साह चौधरी,एस.एल.सी,,Rautahat Madhav Narayan Municipality Dipahi,रंजु  देवी,,Madhesh,Rautahat,Rautahat-1,66053,108712,Secondary Education (Grade 9-10 / SLC / SEE),26.95,85.35
1849,342049,Sanjaya Kumara Yadav,Nepali Janata Dal,2595.0,22,M,False,नन्द किशोर राय यादव,SLC,,Rautahat Gadhimai Municipality Singarwan,मंजु कुमारी देवी,,Madhesh,Rautahat,Rautahat-1,66053,108712,Secondary Education (Grade 9-10 / SLC / SEE),26.95,85.35
1850,342201,Saroja Kumara Kushavaha,Swatantra,,21,M,False,नन्दलाल महतो कैरी,स्‍नातक ताह,TU,Rautahat Rajdevi Municipality Hazminia,,,Madhesh,Rautahat,Rautahat-1,66053,108712,Bachelor's Degree,26.95,85.35
1851,340648,Sanjiva Kumara Yadav,Swatantra,,17,M,False,राममालिक राय यादव,स्‍नातक,रौतहट मध्य बहुमुखी क्यामस गरुडा,Rautahat Madhav Narayan Municipality Madhopur,,,Madhesh,Rautahat,Rautahat-1,66053,108712,Bachelor's Degree,26.95,85.35
1852,341253,Ramakrita Sah,Swatantra,,15,M,False,शुभ नारायण साह तेली,स्‍नातक,TU,Rautahat Madhav Narayan Municipality Velhi,ममता  साह,समाजसेवा,Madhesh,Rautahat,Rautahat-1,66053,108712,Bachelor's Degree,26.95,85.35
1853,342600,Amrita Kumari Yadav,Swatantra,,12,F,False,महेश कुमार राय,साक्षर,,Rautahat Madhav Narayan Municipality,रामनरेश राय यादव,,Madhesh,Rautahat,Rautahat-1,66053,108712,Literate / Non-Formal,26.95,85.35
1854,342581,Abhisheka Mishr,Swatantra,,12,M,False,मनोज कुमार मिश्र,स्‍नातक तह,TU,Rautahat Rajdevi Municipality Vasatpur,,,Madhesh,Rautahat,Rautahat-1,66053,108712,Bachelor's Degree,26.95,85.35
1855,339799,Laksh‍mesh‍vara Narayana Sah,Swatantra,,10,M,False,सिताराम साह तेली,डिल्लोमा इन्जनियरिङ्ग,CTEVT,Rautahat Gaur Municipality Vidyapati Nagar,रिना कुमारी साह,,Madhesh,Rautahat,Rautahat-1,66053,108712,Diploma / Certificate Level,26.95,85.35
1856,342420,Dinesha Ray,Swatantra,,9,M,False,जग्गा राय यादव,SLC,,Rautahat Rajdevi Municipality Vasatpur,ललिता  देवी,समाज सेव,Madhesh,Rautahat,Rautahat-1,66053,108712,Secondary Education (Grade 9-10 / SLC / SEE),26.95,85.35
1857,341900,Raju Kumara Mukhiya,Swatantra,,8,M,False,रामऔतार मुखिया विन,+2,Hseb,Rautahat Gaur Municipality,,कम्प्यूटर टेक्निसियन,Madhesh,Rautahat,Rautahat-1,66053,108712,Higher Secondary / Intermediate (10+2 / PCL),26.95,85.35
1858,341625,Mrinala Kumara Shah,Swatantra,,7,M,False,परमात्‍मा प्रसाद तैली,+2,बिरगंज कम्रेस क्यामपस,Rautahat Madhav Narayan Municipality Khesarhia,स्‍वेता माहेश्‍वरी शाह,समाज सेवा,Madhesh,Rautahat,Rautahat-1,66053,108712,Higher Secondary / Intermediate (10+2 / PCL),26.95,85.35
1859,342658,Rama Sevaka Ray,Swatantra,,7,M,False,भिखर  राय,,,Rautahat Durga Bhagwati Rural Municipality Chatauna,चुनीया देवी यादव,,Madhesh,Rautahat,Rautahat-1,66053,108712,,26.95,85.35
1860,340987,Bibeka Chaudhari,Swatantra,,5,M,False,अनिरुद्ध कुमार चौधरी,स्‍नातक,TU,Rautahat Durga Bhagwati Rural Municipality,,,Madhesh,Rautahat,Rautahat-1,66053,108712,Bachelor's Degree,26.95,85.35
1861,342375,Ramananda Sharma,Swatantra,,5,M,False,योगेन्द्र राय राजभाट,सामान्य लेखपढ,,Rautahat Yamunamai Rural Municipality Got,रानी  देवी,सामाजिक तथा राजनितिक सेवा सम्बन्धी,Madhesh,Rautahat,Rautahat-1,66053,108712,Literate / Non-Formal,26.95,85.35
1862,341766,Radheshyama Saha Teli,Swatantra,,5,M,False,रामकृत साह तेली,+2,hseb,Rautahat Yamunamai rural municipality Jethariya,रन्जु  तेली,समाजसेवी,Madhesh,Rautahat,Rautahat-1,66053,108712,Higher Secondary / Intermediate (10+2 / PCL),26.95,85.35
1863,342113,Rama Naresha Raya Yadav,Swatantra,,4,M,False,पनिलाल राय यादव,SLC,,Rautahat Madhav Narayan Municipality,अमृता कुमारी यादव,,Madhesh,Rautahat,Rautahat-1,66053,108712,Secondary Education (Grade 9-10 / SLC / SEE),26.95,85.35
1864,341454,Een‍du Devi Gup‍ta,Swatantra,,3,F,False,सत्‍यनारायण प्रसाद बनिया,एस.एल.सी,भारत बिहार,Rautahat Gaur Municipality Friendship,रामकृष्‍ण प्रसाद गुप्‍ता,,Madhesh,Rautahat,Rautahat-1,66053,108712,Secondary Education (Grade 9-10 / SLC / SEE),26.95,85.35
1865,342640,Shambhu Prasad,Swatantra,,3,M,False,सत्यनारायण राय कुर्मी,SLC,,Rautahat Gaur Municipality Tikulia,प्रतिमा  देवी,समाजसेवा,Madhesh,Rautahat,Rautahat-1,66053,108712,Secondary Education (Grade 9-10 / SLC / SEE),26.95,85.35
1866,341176,Dinesha Kumara Yadav,Swatantra,,1,M,False,जयनारायण राय यादव,इन्टरमिडिएट,बिहार इन्टरमिडिएट शिक्षा परिषद,Rautahat Rajdevi Municipality Pathra,शोभा कुमारी यादव,,Madhesh,Rautahat,Rautahat-1,66053,108712,Higher Secondary / Intermediate (10+2 / PCL),26.95,85.35
1867,342159,Munindra Kumara Thakur,Swatantra,,1,M,False,मारकन्डे  ठाकुर,स्‍नातक तह,ठाकुरराम बहुमुखी क्यामपस बिरगंज पर्सा,Rautahat Gaur Municipality Sirsia,निशा कुमारी ठाकुर,,Madhesh,Rautahat,Rautahat-1,66053,108712,Bachelor's Degree,26.95,85.35
1868,342449,Ravi Archanam Varma,Swatantra,,1,M,False,रवीन्द्र कुमार वर्मा,सामान्य लेखपढ,,Rautahat Rajdevi Municipality Bramhapuri,,,Madhesh,Rautahat,Rautahat-1,66053,108712,Literate / Non-Formal,26.95,85.35
1869,340266,Mo. Phiradosha Aalam,Nepali Congress,2583.0,29528,M,True,मोह्म्मद आफताब आलम,एम.बि.बि.एस.,"बोलान मेडिकल कालेज, पाकिस्तान",Rautahat Rajpur Municipality Rajpur Farhadwa,,"चिकित्सकिय सेवा, प्रहरी सेवामा (प्रहरी निरीक्षक प्राविधिक तर्फ) 3 वर्षको अनुभव",Madhesh,Rautahat,Rautahat-2,66144,108862,Bachelor's Degree,26.9167,85.3
1870,340983,Kirana Kumara Sah,Nepali Communist Party,2557.0,18442,M,False,हजारि साह तेली,स्‍नातक तह,गौरीशंकर यादव रौतहट क्याम्पस गौर,Rautahat Rajpur Municipality,शर्मिला  कोइराला,,Madhesh,Rautahat,Rautahat-2,66144,108862,Bachelor's Degree,26.9167,85.3
1871,341641,Shekha Sagir,Rastriya Swatantra Party,2528.0,9325,M,False,शेख  भोजु,स्‍नात्तक,त्रिभुवन विश्व विद्यालय,Rautahat Paroha Municipality,शम्सिदा  बेगम,विभिन्न शैक्षिक संस्थामा अध्यापन गरेको,Madhesh,Rautahat,Rautahat-2,66144,108862,Bachelor's Degree,26.9167,85.3
1872,341580,Ramaashisha Raya Yadav,"Janata Samajbadi Party, Nepal",2542.0,2960,M,False,तेजा राय यादव,प्रविणता प्रमाण पत्र,"श्री जय किसान मा.वि. धरहरी, रौतहट",Rautahat Dewahi Gonahi Municipality Got,नगिना  देवी,,Madhesh,Rautahat,Rautahat-2,66144,108862,Higher Secondary / Intermediate (10+2 / PCL),26.9167,85.3
1873,340428,Mahammada Atiullah,Nepal Communist Party (Ekikrit Marxbadi Leninbadi),2598.0,2382,M,False,शेख  जलील,Proficiency Certificate Level (PCL),बन बिज्ञान अन्धययन संस्थान हेटौडा,Rautahat Rajpur Municipality Hazminia,असगरी  वेगम,,Madhesh,Rautahat,Rautahat-2,66144,108862,Higher Secondary / Intermediate (10+2 / PCL),26.9167,85.3
1874,341928,Shribhagavana Rauta Kurmi,Aam Janata Party (Ekal Chunab Chinha),2581.0,1825,M,False,सरवजित राउत कुर्मी,SLC,,Rautahat Boudhimai Municipality Matiarwa,फुलवदन  कुर्मी,,Madhesh,Rautahat,Rautahat-2,66144,108862,Secondary Education (Grade 9-10 / SLC / SEE),26.9167,85.3
1875,342140,Surendra Prasada Jayasaval,Pragatishil Loktantrik Party,2516.0,859,M,False,राजेन्द्र प्रसाद जयसवाल,BA,,Rautahat Boudhimai Municipality Boudha,कविता  जयसवाल,संबैधानिक सभा सदस्य 2070,Madhesh,Rautahat,Rautahat-2,66144,108862,Bachelor's Degree,26.9167,85.3
1876,341990,Sonu Kushavaha,Janamat Party,2585.0,276,M,False,रामप्रवेश  महतो,BSC in Computing And Information Techn,Philips university Lamias STR,Rautahat Boudhimai Municipality Azgaivi,,,Madhesh,Rautahat,Rautahat-2,66144,108862,Bachelor's Degree,26.9167,85.3
1877,342196,Raja Kumara Yadava,Nepal Janata Party,2507.0,102,M,False,मोहन  राय  यादव ,8 कक्षा,श्री जनता मा.वि. औरैया,Rautahat Ishanath Municipality Laxminiya,,,Madhesh,Rautahat,Rautahat-2,66144,108862,Basic Education (Up to Grade 8),26.9167,85.3
1878,342444,Ravindra Sah,Rastriya Prajatantra Party,2604.0,85,M,False,सुकदेव साह तेली,SLC,,Rautahat Rajpur Municipality Rajpur Farhadwa,रानी  देवी,,Madhesh,Rautahat,Rautahat-2,66144,108862,Secondary Education (Grade 9-10 / SLC / SEE),26.9167,85.3
1879,340766,Neka Mahammad,Rastriya Janamorcha,2522.0,76,M,False,रफीक  देवान,,,Rautahat Rajpur Municipality Akolwa,सगीरा  खातुन,,Madhesh,Rautahat,Rautahat-2,66144,108862,,26.9167,85.3
1880,342594,Ramakanta Prasada Patel,Ujyalo Nepal Party,2566.0,64,M,False,रामभरोस प्रसाद जैसवार,+2,जनता माध्यमिक विद्यालय उमजन बारा,"Rautahat Boudhimai Municipality Inerwa,",,,Madhesh,Rautahat,Rautahat-2,66144,108862,Higher Secondary / Intermediate (10+2 / PCL),26.9167,85.3
1881,339546,Shekha Amirula Hak,Nepal Majdur Kisan Party,2578.0,44,M,False,शेख अब्दुल अजीज,साक्षर,,Rautahat Dewahi Gonahi Municipality Karuniya,फतमा  खातुन,,Madhesh,Rautahat,Rautahat-2,66144,108862,Literate / Non-Formal,26.9167,85.3
1882,342313,Dilipa Prasada Jaisaval,Swatantra,,38,M,False,लालबाबू प्रसाद कलवार,SLC,,Rautahat Paroha Municipality Basantapatti,विभा जैसवाल देवी,,Madhesh,Rautahat,Rautahat-2,66144,108862,Secondary Education (Grade 9-10 / SLC / SEE),26.9167,85.3
1883,342496,Sanjaya Sahani,Rastriya Mukti Party Nepal (Ekal Chunab Chinha),2531.0,31,M,False,चूल्लाई  सहनी,8 pass,,Rautahat Ishanath Municipality Banjarha,तेतरी  देवी,,Madhesh,Rautahat,Rautahat-2,66144,108862,Basic Education (Up to Grade 8),26.9167,85.3
1884,340551,Mo. Imrana Asalam,Swatantra,,18,M,False,मो. जावेद असलम,10+2,राजपुर मा.वि.,Rautahat Rajpur Municipality,,बैदेशिक रोजगार काम गरेको अनुभव,Madhesh,Rautahat,Rautahat-2,66144,108862,Higher Secondary / Intermediate (10+2 / PCL),26.9167,85.3
1885,339885,Shekha Rahila Ahamad,Swatantra,,15,M,False,मो.  मोइन,एस.एल.सी.,,Rautahat Rajpur Municipality Rajpur Farhadwa,नुरसिदा  खातुन,,Madhesh,Rautahat,Rautahat-2,66144,108862,Secondary Education (Grade 9-10 / SLC / SEE),26.9167,85.3
1886,342564,Mo. Nasima Akhtar,Swatantra,,13,M,False,शेख  याकुव,SLC,,Rautahat Rajpur Municipality Kudia,अंगुस्तरी  खातून,,Madhesh,Rautahat,Rautahat-2,66144,108862,Secondary Education (Grade 9-10 / SLC / SEE),26.9167,85.3
1887,342397,Manoja Kumara Baitha,Swatantra,,12,M,False,दिपलाल   बैठा ,SLC,श्री अनहोतीलाल मा.वि. बसन्तपट्टि,Rautahat Boudhimai Municipality,सकुन्‍तला   देवी ,,Madhesh,Rautahat,Rautahat-2,66144,108862,Secondary Education (Grade 9-10 / SLC / SEE),26.9167,85.3
1888,341832,Jailala Prasada Kushavaha,Swatantra,,10,M,False,सुखलाल  महतो,+2,सारध मा.वि. पिपरीया,Rautahat Boudhimai Municipality Bankul,रीना कुमारी महतो,,Madhesh,Rautahat,Rautahat-2,66144,108862,Higher Secondary / Intermediate (10+2 / PCL),26.9167,85.3
1889,340016,Shekha Mahamada Ipharan,Swatantra,,10,M,False,शेख  वारिस,एस.एल.सी.,,Rautahat Rajpur Municipality Rajpur Farhadwa,नुसरत खातुन,,Madhesh,Rautahat,Rautahat-2,66144,108862,Secondary Education (Grade 9-10 / SLC / SEE),26.9167,85.3
1890,342091,Shekha Mustak,Swatantra,,8,M,False,मो. समरुल हक,SLC,राष्ट्रिय परिक्षा बोर्ड,Rautahat Paroha Municipality,,,Madhesh,Rautahat,Rautahat-2,66144,108862,Secondary Education (Grade 9-10 / SLC / SEE),26.9167,85.3
1891,342622,Mo. Phiroja Akhtar,Swatantra,,6,M,False,शेख  तैयब,+2,राष्ट्रिय परिक्षा वोर्ड,Rautahat Paroha Municipality Tejapakad,उरुशा  प्रविण,,Madhesh,Rautahat,Rautahat-2,66144,108862,Higher Secondary / Intermediate (10+2 / PCL),26.9167,85.3
1892,342348,Ramakanta Prasada Patel,Swatantra,,6,M,False,रामविलास राउत कुर्मी,+2,श्री अनहोती लाल मा.वि. बसन्तपट्टी,Rautahat Boudhimai Municipality Innerwa,शारदा  देवी,,Madhesh,Rautahat,Rautahat-2,66144,108862,Higher Secondary / Intermediate (10+2 / PCL),26.9167,85.3
1893,342526,Shyamalala Saha Teli,Swatantra,,6,M,False,जादोलाल साह तेली,9 class,,Rautahat Paroha Municipality Basantapatti,लालो  देवी,,Madhesh,Rautahat,Rautahat-2,66144,108862,Secondary Education (Grade 9-10 / SLC / SEE),26.9167,85.3
1894,342242,Ramajanma Prasada Yadav,Swatantra,,3,M,False,विन्दा राय यादव,स्‍नातक,,Rautahat Boudhimai Municipality Piparia (W),सोभा  देवी,,Madhesh,Rautahat,Rautahat-2,66144,108862,Bachelor's Degree,26.9167,85.3
1895,341005,Ravin‍dra Patel,Rastriya Swatantra Party,2528.0,27318,M,True,विसुनदयाल राउत कुर्मी,Ied,"श्री मा.वि. जनज्योती चन्द्रनिगाहपुर, रौतहट",Rautahat Moulapur Municipality Sonarnia,संगिता तिमिल्सना पटेल,,Madhesh,Rautahat,Rautahat-3,67671,108692,Higher Secondary / Intermediate (10+2 / PCL),26.8833,85.25
1896,341927,Govinda Chaudhari,"Janata Samajbadi Party, Nepal",2542.0,11954,M,False,राम सुरत चौधरी,आई.ए.,"हिन्दु विश्‍व विद्यालय बनारस, उतर प्रदेश, भारत",Rautahat Gujra Municipality Bhawanipur,वैजन्ती देवी चौधरी,दुई पटक प्रतिनिधि सभा सदस्यमा विजय भई मन्त्री पदसम्मा नियुक्त भएको,Madhesh,Rautahat,Rautahat-3,67671,108692,Higher Secondary / Intermediate (10+2 / PCL),26.8833,85.25
1897,341300,Prabhu Sah,Aam Janata Party (Ekal Chunab Chinha),2581.0,9890,M,False,बाबुलाल  साह,स्‍नातक,नेपाल ल क्याम्पस काठमाडौं,Rautahat Moulapur Municipality Moulapur,रीना देवी साह,राजनीति/समाज सेवा,Madhesh,Rautahat,Rautahat-3,67671,108692,Bachelor's Degree,26.8833,85.25
1898,339712,Kundana Prasada Kushavaha,Nepal Communist Party (Ekikrit Marxbadi Leninbadi),2598.0,6605,M,False,जादोलाल  महतो,एस.एल.सि.,"श्री जनता मा.वि. कटहरिया, रौतहट",Rautahat Kataharia Municipality Tolapur,सन्जु देवी कुशवाहा,,Madhesh,Rautahat,Rautahat-3,67671,108692,Secondary Education (Grade 9-10 / SLC / SEE),26.8833,85.25
1899,342570,Ramakripala Prasada Yadav,Nepali Congress,2583.0,6420,M,False,रामस्वरुप राय यादव,स्‍नाक्तोर,त्रिभुवन विश्‍व विद्यालय,Rautahat Fatuwa Bijaipur Municipality Fatuha,रुकमाला  यादव,,Madhesh,Rautahat,Rautahat-3,67671,108692,Master's Degree,26.8833,85.25
1900,341982,Punama Devi,Nepali Communist Party,2557.0,3881,F,False,सुरेन्द्र  राय,+2,परिक्षा बोर्ड,Rautahat Fatuwa Bijaipur Municipality,दिलिप कुमार यादव,,Madhesh,Rautahat,Rautahat-3,67671,108692,Higher Secondary / Intermediate (10+2 / PCL),26.8833,85.25
1901,340181,Shekha Praveja Aalam,Janamat Party,2585.0,277,M,False,राज  हुसेन,"+2, उर्दु",,Rautahat Kataharia Municipality Fatehpur,रविना  खातुन,,Madhesh,Rautahat,Rautahat-3,67671,108692,Higher Secondary / Intermediate (10+2 / PCL),26.8833,85.25
1902,341862,Vijaya Kumara Saha Teli,Swatantra,,273,M,False,भरत साह तेली,+2,गरुडा मा.वि.,Rautahat Garuda Municipality Laxmipur,पार्वती देवी तेली,,Madhesh,Rautahat,Rautahat-3,67671,108692,Higher Secondary / Intermediate (10+2 / PCL),26.8833,85.25
1903,342763,Sikindra Raya Yadav,Rastriya Prajatantra Party,2604.0,123,M,False,गुदरी  यादव,साक्षर,,Rautahat Gujra Municipality Pokharbhinda,निर्मला  देवी,"कृषि समुह तथा संस्थामा तालिम अनुभव, खेतीपाती सम्बन्धी अनुभव, कृषिजन्य वृक्ष सम्बन्धी अनुभव, सिजनल तथा बेमौसमी खेती सम्बन्धी अनुभव",Madhesh,Rautahat,Rautahat-3,67671,108692,Literate / Non-Formal,26.8833,85.25
1904,342593,Chanachana Chaudhari Tharu,"Nagarik Unmukti Party, Nepal (Ekal Chunab Chinha)",2531.0,102,M,False,ठगा चौधरी थारु,+2,"हरिखेतान वहुमुखि कलेज, बीरगन्ज",Rautahat Gujra Municipality Laxmipur,,मार्केटिङ्ग,Madhesh,Rautahat,Rautahat-3,67671,108692,Higher Secondary / Intermediate (10+2 / PCL),26.8833,85.25
1905,340458,Pintu Dasa Tatma,Swatantra,,101,M,False,रामअयोध्या दास तत्मा,७ कक्षा पास,,Rautahat Kataharia Municipality Kataharia,प्रमिला  देवी,,Madhesh,Rautahat,Rautahat-3,67671,108692,Basic Education (Up to Grade 8),26.8833,85.25
1906,342663,Shekha Sajid,Nepal Sanghiya Samajbadi Party (Ekal Chunab Chinha),2567.0,84,M,False,शेख  वसीर,,,Rautahat Gujra Municipality,हस्न  तारा,,Madhesh,Rautahat,Rautahat-3,67671,108692,,26.8833,85.25
1907,340294,Upendra Mukhiya Vin,Pragatishil Loktantrik Party,2516.0,70,M,False,चेथरु मुखिया वीन,१० कक्षा उतिर्ण,श्री जनता मा.वि. कटहरिया,Rautahat Moulapur Municipality Maryadpur,कोशिला  देवी,,Madhesh,Rautahat,Rautahat-3,67671,108692,Secondary Education (Grade 9-10 / SLC / SEE),26.8833,85.25
1908,341499,Jamasheda Ansari,Shram Sanskriti Party,2501.0,70,M,False,ताहिर मिया अंसारी,+2,,Rautahat Gujra Municipality Khatavia,नुरैसा  खातुन,,Madhesh,Rautahat,Rautahat-3,67671,108692,Higher Secondary / Intermediate (10+2 / PCL),26.8833,85.25
1909,339541,Uttara Bahadura Rana Magar,Mongol National Organization,2511.0,65,M,False,ज्ञान बहादुर राना मगर,साधारण,,Sarlahi Bagmati Municipality,एकु माया राना मगर,,Madhesh,Rautahat,Rautahat-3,67671,108692,Literate / Non-Formal,26.8833,85.25
1910,342421,Dhiraja Chaudhari,Swatantra,,62,M,False,रामबरण खाँ चौधरी,स्‍नातक,,Rautahat Gujra Municipality,-  -,,Madhesh,Rautahat,Rautahat-3,67671,108692,Bachelor's Degree,26.8833,85.25
1911,342633,Prabhu Raya Yadav,Swatantra,,59,M,False,त्रिविक्रम  यादव,,,Rautahat Fatuwa Bijaipur Municipality Fatuha Harshaha,,,Madhesh,Rautahat,Rautahat-3,67671,108692,,26.8833,85.25
1912,340946,Sham‍bhu Prasada Yadav,Sanyukta Nagarik Party,2521.0,42,M,False,दरोगा प्रसाद यादव,+2,जु.मा.वि. गौर,Rautahat Garuda Municipality Piparia,ललीता  यादव,,Madhesh,Rautahat,Rautahat-3,67671,108692,Higher Secondary / Intermediate (10+2 / PCL),26.8833,85.25
1913,342152,Virendra Kumara Gup‍ta,Nepal Loktantrik Party,2553.0,26,M,False,रामचन्द्र प्रसाद साह,प्रमाणपत्र तह,नेपाल ल क्याप्पस,Rautahat Dewahi Gonahi Municipality Dharahari,रुवी कुमारी गुप्‍ता,"३५ वर्षसम्म स्थानीय निकायमा गा.वि.स. सचिव पदमा काम गरेको, २ वर्षसम्म लोक सेवा आयोगमा ना.सु. पदमा  का गरेको",Madhesh,Rautahat,Rautahat-3,67671,108692,Higher Secondary / Intermediate (10+2 / PCL),26.8833,85.25
1914,342514,Hiramati Devi Koiri,Swatantra,,23,F,False,लगन  महतो,निरक्षर,,Rautahat Fatuwa Bijaipur Municipality Dudhiawa,गनि महतो कोईरी,,Madhesh,Rautahat,Rautahat-3,67671,108692,Illiterate,26.8833,85.25
1915,342106,Shiva Chandra Shah,Swatantra,,22,M,False,चन्द्रशेखर प्रसाद साह,स्‍नातक,हिमालय कलेज काठमाडौै,Rautahat Moulapur Municipality,,कम्प्यूटरअपरेट पदमा पाँच वर्ष काम गरेको,Madhesh,Rautahat,Rautahat-3,67671,108692,Bachelor's Degree,26.8833,85.25
1916,341637,Chhavilala Mahato,Swatantra,,20,M,False,सखीचन  महत,,,Rautahat Dewahi Gonahi Municipality Uchidih,सोनीता  देवी,,Madhesh,Rautahat,Rautahat-3,67671,108692,,26.8833,85.25
1917,341795,Bhola Pandey,Swatantra,,18,M,False,बुझावन  पाण्डेय,स्‍नातक,चपुर मलटिपल,Rautahat Moulapur Municipality Maryadpur,बबीता देवी पाण्डेय,शिक्षण/राजनीति,Madhesh,Rautahat,Rautahat-3,67671,108692,Bachelor's Degree,26.8833,85.25
1918,340252,Rekha Kumari Patel,Nepal Majdur Kisan Party,2578.0,16,F,False,विनोद कुमार जयसवाल,स्‍नातक,त्रिभुवन विश्‍वविद्यालय ठाकुरराम बहुमुखि क्याम्पस,Rautahat Dewahi Gonahi Municipality Dewahi,राम पुकार राउत,,Madhesh,Rautahat,Rautahat-3,67671,108692,Bachelor's Degree,26.8833,85.25
1919,339594,Rajesha Sah,Swatantra,,16,M,False,दिनानाथ प्रसाद साह,‍+2,"मा.वि. पथराबुधराम, रौतहट",Rautahat Moulapur Municipality Moulapur,पुनम कुमारी साह,राजनीति,Madhesh,Rautahat,Rautahat-3,67671,108692,Higher Secondary / Intermediate (10+2 / PCL),26.8833,85.25
1920,342442,Upendra Pandita Kumhar,Swatantra,,14,M,False,सोनालाल  पंडित,साक्षर,,Rautahat Kataharia Municipality Bahadurpur,बिन्दु कुमारी पंडित,,Madhesh,Rautahat,Rautahat-3,67671,108692,Literate / Non-Formal,26.8833,85.25
1921,342620,Harindra Raya Yadav,Swatantra,,14,M,False,सुवलाल राय यादव,साक्षर,,Rautahat Kataharia Municipality Dumaria,उर्मिला  देवी,,Madhesh,Rautahat,Rautahat-3,67671,108692,Literate / Non-Formal,26.8833,85.25
1922,342484,Krishna Rama Chamar,Swatantra,,13,M,False,जागरीत  महरा,+2,,Rautahat Fatuwa Bijaipur Municipality,,,Madhesh,Rautahat,Rautahat-3,67671,108692,Higher Secondary / Intermediate (10+2 / PCL),26.8833,85.25
1923,342637,Daroga Sah,Swatantra,,12,M,False,जनक साह कानु,,,Rautahat Kataharia Municipality,ललिता  देवी,,Madhesh,Rautahat,Rautahat-3,67671,108692,,26.8833,85.25
1924,342053,Bijaya Kumara Chaudhari,Swatantra,,12,M,False,राम किसुन चौधरी,+2,"श्री सुबलाल उच्च मा.वि. सन्तपुर, रौतहट",Rautahat Fatuwa Bijaipur Municipality Ragi Butuwa,,समाज सेवी/विभिन्न संघ संस्थामा काम गरेको,Madhesh,Rautahat,Rautahat-3,67671,108692,Higher Secondary / Intermediate (10+2 / PCL),26.8833,85.25
1925,342612,Bhaganarayana Ray,Swatantra,,11,M,False,विन्दा राय यादव,,,Rautahat Fatuwa Bijaipur Municipality,परवा  देवी,,Madhesh,Rautahat,Rautahat-3,67671,108692,,26.8833,85.25
1926,342648,Shekha Osi Mahamad,Swatantra,,11,M,False,शेख  इसराईल,,,Rautahat Gujra Municipality Devipur,पाचिया  सेखिन,,Madhesh,Rautahat,Rautahat-3,67671,108692,,26.8833,85.25
1927,342187,Punita Rama Mahara,Swatantra,,10,M,False,रामजित  महरा,स्‍नातक,"केवल रामसुरत बहुमुखी क्याम्पस, रौतहट",Rautahat Gujra Municipality Dayalpur,इन्द्रा देवी महरा,"राजनैतिक, सामाजिक, संस्थागत",Madhesh,Rautahat,Rautahat-3,67671,108692,Bachelor's Degree,26.8833,85.25
1928,342580,Bharata Raya Yadav,Swatantra,,9,M,False,रामलक्ष्ण राय यादव,,,Rautahat Fatuwa Bijaipur Municipality Santapur,विरजनिया देवी यादव,,Madhesh,Rautahat,Rautahat-3,67671,108692,,26.8833,85.25
1929,342532,Surendra Baitha,Swatantra,,9,M,False,रामएकवाल  धोबी,8 कक्षा,सिमरा भवानी मा.वि.,Rautahat Gujra Municipality Manharwa,बालकुमारी देवी बैठा,,Madhesh,Rautahat,Rautahat-3,67671,108692,Basic Education (Up to Grade 8),26.8833,85.25
1930,341430,Nejama Mansuri,Swatantra,,6,M,False,नजुलाह मिया मंसुरी,साक्षर,,Rautahat Gujra Municipality Jairajpur,नजीना  खातुन,समाज सेवा,Madhesh,Rautahat,Rautahat-3,67671,108692,Literate / Non-Formal,26.8833,85.25
1931,342672,Jahura Aalam,Swatantra,,5,M,False,रसुल मिया धोवी,+2,कटहरिया ,Rautahat Kataharia Municipality,अमलातुन  खातुन,,Madhesh,Rautahat,Rautahat-3,67671,108692,Higher Secondary / Intermediate (10+2 / PCL),26.8833,85.25
1932,342547,Rajendra Mahara,Swatantra,,5,M,False,फगुनी  महरा,एस.एल.सि.,,Rautahat Gujra Municipality Bhawanipur,सजनिया  देवी,,Madhesh,Rautahat,Rautahat-3,67671,108692,Secondary Education (Grade 9-10 / SLC / SEE),26.8833,85.25
1933,340392,Lalababu Prasada Kushavaha,Swatantra,,2,M,False,अनुप महतो कोइरी,८ पास,,Rautahat Kataharia Municipality Kataharia,,,Madhesh,Rautahat,Rautahat-3,67671,108692,Basic Education (Up to Grade 8),26.8833,85.25
1934,342603,Ratanesha Mahato Koiri,Swatantra,,1,M,False,रामएकवाल महतो कोइरी,+2,,Rautahat Kataharia Municipality Bhasedhawa,,,Madhesh,Rautahat,Rautahat-3,67671,108692,Higher Secondary / Intermediate (10+2 / PCL),26.8833,85.25
1935,341093,Ganesha Paudel,Rastriya Swatantra Party,2528.0,36876,M,True,फटीका नन्‍द पौडेल,स्नातकोउत्तर,,Rautahat Chandrapur Municipality Durga Chowk,शोभा वाग्‍ले पौडेल,,Madhesh,Rautahat,Rautahat-4,69668,110307,Master's Degree,26.85,85.2
1936,340724,Deva Prasada Timalasena,Nepali Congress,2583.0,15865,M,False,होमनाथ  तिमलसेना,I.A.(+2),,Rautahat Chandrapur Municipality Chetnagar,रेणु  तिमलसेना,,Madhesh,Rautahat,Rautahat-4,69668,110307,Higher Secondary / Intermediate (10+2 / PCL),26.85,85.2
1937,340555,Rama Kumara Bhattarai,Nepali Communist Party,2557.0,9778,M,False,वीर बहादुर भट्टराइ,प्रविणता प्रमाणपत्र तह,,Rautahat Chandrapur Municipality Chandranigahpur,कल्‍याणी कुमारी खड्का,,Madhesh,Rautahat,Rautahat-4,69668,110307,Higher Secondary / Intermediate (10+2 / PCL),26.85,85.2
1938,340146,Ramaji Saha Sonar,Nepal Communist Party (Ekikrit Marxbadi Leninbadi),2598.0,3478,M,False,परिछन साह सोनार,I.A.,,Rautahat Garuda Municipality Garuda Vairiya,उर्मिला/गीता देवी साह,,Madhesh,Rautahat,Rautahat-4,69668,110307,Higher Secondary / Intermediate (10+2 / PCL),26.85,85.2
1939,340507,Ra‌jakumara Dasa Tatma,"Janata Samajbadi Party, Nepal",2542.0,1062,M,False,गजुलाल  तत्मा,,,Rautahat Garuda Municipality Siswa,रन्जु कुमारी तत्मा,,Madhesh,Rautahat,Rautahat-4,69668,110307,,26.85,85.2
1940,341707,Rishiraja Dhamala,Aam Janata Party (Ekal Chunab Chinha),2581.0,655,M,False,कुल प्रसाद धमला,प्रविणता प्रमाणपत्र तह,,Dhading Neelkanth Municipality Dhamala Village,एलिजा  धमला,,Madhesh,Rautahat,Rautahat-4,69668,110307,Higher Secondary / Intermediate (10+2 / PCL),26.85,85.2
1941,341871,Tulasi Raja Giri,Ujyalo Nepal Party,2566.0,411,M,False,गणेश  गिरी,स्नातकोउत्तर,,Rautahat Chandrapur Municipality Mardhar,शारदा कुमारी हुमागाँइ,,Madhesh,Rautahat,Rautahat-4,69668,110307,Master's Degree,26.85,85.2
1942,342103,Rama Kalyana Raut,Janamat Party,2585.0,295,M,False,भाग्य नारायण राउत,10+2,,Rautahat Chandrapur Municipality Hospital Road,मेनुका  कुमारी,,Madhesh,Rautahat,Rautahat-4,69668,110307,Higher Secondary / Intermediate (10+2 / PCL),26.85,85.2
1943,342207,Surendra Prasada Patel,Swatantra,,279,M,False,देव नारायण राउत कुर्मी,,,Rautahat Vrindavan Municipality Balari Khor,निर्मला कुमारी ,,Madhesh,Rautahat,Rautahat-4,69668,110307,,26.85,85.2
1944,339550,Navaraja Aryal,Shram Sanskriti Party,2501.0,188,M,False,केदार प्रसाद अर्याल,,,Rautahat Chandrapur Municipality Thokartol,भगवती  अर्याल,,Madhesh,Rautahat,Rautahat-4,69668,110307,,26.85,85.2
1945,342555,Rupalala Raya Yadav,Rastriya Prajatantra Party,2604.0,163,M,False,अनुठा राय यादव,एस एल सी,,Rautahat Gadhimai Municipality Sundarpur,सरिता  देवी,,Madhesh,Rautahat,Rautahat-4,69668,110307,Secondary Education (Grade 9-10 / SLC / SEE),26.85,85.2
1946,341399,Kishori Sahani,Nepal Communist Party (Maoist),2526.0,107,M,False,अनुठा  सहनी,एस एल सी,,Rautahat Garuda Municipality Raghunathpur,प्रियंका  देवी,,Madhesh,Rautahat,Rautahat-4,69668,110307,Secondary Education (Grade 9-10 / SLC / SEE),26.85,85.2
1947,340241,Satya Narayana Bhagata Bin,Pragatishil Loktantrik Party,2516.0,73,M,False,मुनीलाल भगत बीन,slc,,Rautahat Madhav Narayan Municipality Madhopur,धनमन्ती कुमारी देवी,,Madhesh,Rautahat,Rautahat-4,69668,110307,Secondary Education (Grade 9-10 / SLC / SEE),26.85,85.2
1948,341681,Baiju Prasada Patel,Swatantra,,68,M,False,वनइ राउत कुर्मी,+2,,Rautahat Vrindavan Municipality Harsaha,सावित्री  देवी,,Madhesh,Rautahat,Rautahat-4,69668,110307,Higher Secondary / Intermediate (10+2 / PCL),26.85,85.2
1949,341794,Satyanarayana Mahara,Bahujan Ekata Party Nepal (Ekal Chunab Chinha),2567.0,60,M,False,दुखित  महरा,साक्षर,,Rautahat Garuda Municipality Garuda Vairiya,कालपती  देवी,,Madhesh,Rautahat,Rautahat-4,69668,110307,Literate / Non-Formal,26.85,85.2
1950,339430,Vira Bahadura Thokar,Mongol National Organization,2511.0,58,M,False,विमान सिंह थोकर,,,Rautahat Chandrapur Municipality Gaidatar,सुन्तली माया थोकर,,Madhesh,Rautahat,Rautahat-4,69668,110307,,26.85,85.2
1951,340396,Keshava Raee,Sanyukta Nagarik Party,2521.0,44,M,False,सोम बहादुर राई,+2,,Rautahat Chandrapur Municipality Rai Tol,सविना  कुमाल,,Madhesh,Rautahat,Rautahat-4,69668,110307,Higher Secondary / Intermediate (10+2 / PCL),26.85,85.2
1952,341934,Kirana Kumara Kaphale,Swatantra,,22,M,False,कृष्ण बहादुर काफले,प्रविणता प्रमाणपत्र तह,,Rautahat Chandrapur Municipality Purwatol,ढक कुमारी खडका,,Madhesh,Rautahat,Rautahat-4,69668,110307,Higher Secondary / Intermediate (10+2 / PCL),26.85,85.2
1953,342012,Gautama Kumara Sah,Swatantra,,20,M,False,अंजनी  कुमार,,,Rautahat Garuda Municipality Garuda,,,Madhesh,Rautahat,Rautahat-4,69668,110307,,26.85,85.2
1954,341276,Samasuna Khatun,Swatantra,,20,F,False,अवसान मिया अंसारी,साधारण,,Rautahat Chandrapur Municipality Deurali Chowk,मो. समसाद अंसारी,,Madhesh,Rautahat,Rautahat-4,69668,110307,Literate / Non-Formal,26.85,85.2
1955,340845,Dinesha Prasada Sah,Nepal Majdur Kisan Party,2578.0,18,M,False,रामऔतार साह,एस एल सी,,Rautahat Devahi Gonahi Municipality across the river,लालशा देवी शाह,,Madhesh,Rautahat,Rautahat-4,69668,110307,Secondary Education (Grade 9-10 / SLC / SEE),26.85,85.2
1956,341340,Dava Sin Rumba,Sanghiya Loktantrik Rastriya Manch,2550.0,17,M,False,दमै सिह रुम्बा,साधारण,,Rautahat Chandrapur Municipality,माया  रुम्बा,,Madhesh,Rautahat,Rautahat-4,69668,110307,Literate / Non-Formal,26.85,85.2
1957,340274,Jahana Khatun,Swatantra,,17,F,False,अली अस्गर  देवान,साधारण,,Rautahat Chandrapur Municipality,मो इस्ताक  देवान,,Madhesh,Rautahat,Rautahat-4,69668,110307,Literate / Non-Formal,26.85,85.2
1958,340343,Pavana Kumara Chaudhari,Swatantra,,14,M,False,राजेन्द्र प्रसाद चौधरी,B.Sc (Microbiology),,Rautahat Kataharia Municipal Garden, ,,Madhesh,Rautahat,Rautahat-4,69668,110307,Bachelor's Degree,26.85,85.2
1959,341447,Chandrika Lala Sah,Swatantra,,12,M,False,गंगा  साह,प्रविणता प्रमाणपत्र तह,,Rautahat Chandrapur Municipality Baderwa,,,Madhesh,Rautahat,Rautahat-4,69668,110307,Higher Secondary / Intermediate (10+2 / PCL),26.85,85.2
1960,341901,Anju Chaudhari,Swatantra,,9,F,False,राम प्रसाद चौधरी,,,Rautahat Garuda Municipality Garuda,अकलेश  चौधरी,,Madhesh,Rautahat,Rautahat-4,69668,110307,,26.85,85.2
1961,342121,Prema Kumari Tripathi,Swatantra,,8,F,False,युवराज  त्रिपाठी,उच्च मा वि,,Rautahat Chandrapur Municipality Chidiadah,युवराज  तिमलसिना,,Madhesh,Rautahat,Rautahat-4,69668,110307,Higher Secondary / Intermediate (10+2 / PCL),26.85,85.2
1962,340484,Mukti Narayana Chaudhari,Swatantra,,8,M,False,हरीकृष्ण  चौधरी,साक्षर,,Rautahat Chandrapur Municipality Mothiyahi,मिना कुमारी चौधरी,,Madhesh,Rautahat,Rautahat-4,69668,110307,Literate / Non-Formal,26.85,85.2
1963,341602,Umesha Dahal,Swatantra,,7,M,False,रुद्र प्रसाद दाहाल,,,Rautahat Chandrapur Municipality,,,Madhesh,Rautahat,Rautahat-4,69668,110307,,26.85,85.2
1964,340313,Lakshminiya Chaudhari,Swatantra,,7,F,False,रोगाई  चौधरी,साक्षर,,Rautahat Chandrapur Municipality Panitol,लखन  चौधरी,,Madhesh,Rautahat,Rautahat-4,69668,110307,Literate / Non-Formal,26.85,85.2
1965,340048,Sujita Kumari Gautam,Swatantra,,7,F,False,वेद प्रसाद गौतम,S.L.C,,Rautahat Chandrapur Municipality Telecommunication,,,Madhesh,Rautahat,Rautahat-4,69668,110307,Secondary Education (Grade 9-10 / SLC / SEE),26.85,85.2
1966,341845,Samira Babu Karki,Swatantra,,6,M,False,सुर्य वित्रम कार्की,+2,,Rautahat Chandrapur Municipality Bargachi,सरिता  घिमिरे,,Madhesh,Rautahat,Rautahat-4,69668,110307,Higher Secondary / Intermediate (10+2 / PCL),26.85,85.2
1967,342190,Soma Prasada Timalasina,Swatantra,,5,M,False,देवी प्रसाद तिमलसीना,उच्च मा वि,,Rautahat Gujra Municipality Katani,तुला कुमारी सापकोटा,,Madhesh,Rautahat,Rautahat-4,69668,110307,Higher Secondary / Intermediate (10+2 / PCL),26.85,85.2
1968,342243,Vinda Lala Sah,Swatantra,,4,M,False,सत्यनारायण  साह,M.ed,,Rautahat Gadhimai Municipality Sundarpur,सुभद्रा  गुप्ता साह,,Madhesh,Rautahat,Rautahat-4,69668,110307,Master's Degree,26.85,85.2
1969,340694,Harihara Mukhiya Bin,Swatantra,,4,M,False,माधो मुखिया बिन,साक्षर,,Rautahat Gujra Municipality Jairajpur,मान्‍ती  देवी,,Madhesh,Rautahat,Rautahat-4,69668,110307,Literate / Non-Formal,26.85,85.2
1970,341984,Jitendra Prasada Bin,Swatantra,,3,M,False,सत्यनारायण भगत बीन,साक्षर,,Rautahat Madhav Narayan Municipality Madhopur,रेखा  मुखिया,,Madhesh,Rautahat,Rautahat-4,69668,110307,Literate / Non-Formal,26.85,85.2
1971,340199,Kusuma Khatun,Swatantra,,0,F,False,वुधुन मिया कवारी,साधारण,,Rautahat Chandrapur Municipality Muslim Tol,जकसन मिया कवारी,,Madhesh,Rautahat,Rautahat-4,69668,110307,Literate / Non-Formal,26.85,85.2
1972,340083,Ganesha Dhimal,Rastriya Swatantra Party,2528.0,39998,M,True,बलराम  धिमाल,स्नातकोत्तर,त्रिभुवन विश्व विद्यालय,Bara Kolhvi Municipality Kolhvi Bazar,मलिना  गौतम,कानून व्यवसायी र परामर्श दाता,Madhesh,Bara,Bara-1,75285,123964,Master's Degree,27.1,85.05
1973,342042,Shambhu Bahadura Budhathoki,Nepali Congress,2583.0,14223,M,False,भक्त बहादुर बुढाथोकी,टेष्ट पास,श्री गौरीशंकर मा.वि.निजगढ ,Bara Nijgarh Municipality Wakiatol,राखी  बुढाथोकी,निजगढ नगर उद्योगमा अध्यक्ष पद सफलता पुर्वक निर्वाह गरेको तथा राजनितिक ,Madhesh,Bara,Bara-1,75285,123964,Secondary Education (Grade 9-10 / SLC / SEE),27.1,85.05
1974,340317,Achyuta Prasada Mainali,Nepal Communist Party (Ekikrit Marxbadi Leninbadi),2598.0,11645,M,False,नन्दीकेशर  मैनाली,स्नातकोत्तर,त्रिभुवन विश्व विद्यालय ,Bara Kolhvi Municipality Khaira,टिना  सुवेदी/मैनाली,निवर्तमान सदस्य प्रतिनिधि सभा र जन सम्पर्क सल्लाहकार- पूर्व प्रधानमन्त्री,Madhesh,Bara,Bara-1,75285,123964,Master's Degree,27.1,85.05
1975,340765,Santosha Dangal,Nepali Communist Party,2557.0,2878,M,False,सिताराम  दंगाल,+२/ बि बि यस रनिङ ,श्री गौरीशंकर मा.वि.निजगढ ,Bara Nijgarh Municipality Autar Toll,सामिता  चौलागाई,"बैदेशिक रोजगार,सहकारी संस्था तथा विद्यालय व्यवस्थापन समितिको रुपमा कार्य गरेको ",Madhesh,Bara,Bara-1,75285,123964,Bachelor's Degree,27.1,85.05
1976,340536,Ramavavu Prasada Yadav,"Janata Samajbadi Party, Nepal",2542.0,2530,M,False,कमल राय यादव,स्नातक ,त्रिभुवन विश्व विद्यालय ,Bara Simraungarh Municipality Kachorwa,रजली देवी यादव,कानून व्यवसायी तीस बर्ष र कृषक ,Madhesh,Bara,Bara-1,75285,123964,Bachelor's Degree,27.1,85.05
1977,341991,Jaya Kishora Pandey,Swatantra,,941,M,False,रामाकान्त  पाण्डे,+२,जन्ता मा.वि.सोनर्निया रौतहट,Bara Adarsh ​​Kotwal Rural Municipality Paterwa,अनजनी  कुमारी,,Madhesh,Bara,Bara-1,75285,123964,Higher Secondary / Intermediate (10+2 / PCL),27.1,85.05
1978,341863,Lakshmi Prasada Sa Kalavar,Rastriya Prajatantra Party,2604.0,749,M,False,ठागा  सा कलवार,दश पास ,श्री बुद्धगाई मा.वि.बारा ,Bara Kolhvi Municipality Bhavni,कोशिला देवी कलवारीन,व्यपार व्यवसाय तथा सामाजसेवी ,Madhesh,Bara,Bara-1,75285,123964,Secondary Education (Grade 9-10 / SLC / SEE),27.1,85.05
1979,342539,Anavara Ansari,Ujyalo Nepal Party,2566.0,677,M,False,रफिक मिया अंसारी,एस.एल.सि.,श्री कंकाली मा.बि.सिम्रौनगढ बारा ,Bara Simraungarh Municipality Simraungarh,नाजमा खातुन,,Madhesh,Bara,Bara-1,75285,123964,Secondary Education (Grade 9-10 / SLC / SEE),27.1,85.05
1980,340270,Kamarullaha Ansari,Janamat Party,2585.0,645,M,False,इसु मियाँ अंसारी,स्नातक ,BAU,Bara Simraungarh Municipality Nayakatola,अन्जुम  प्रविन,राजनैतिक अनुभव र सामाजिक अभियान्ता ,Madhesh,Bara,Bara-1,75285,123964,Bachelor's Degree,27.1,85.05
1981,341023,Bhulavana Kumara Pasavan,Shram Sanskriti Party,2501.0,306,M,False,‌ओतार  हजरा,एस एल सि,श्री रामचरित्र मा.बि.चियुटाहा बारा ,Bara Baragarhi Rural Municipality Sukhi,बिना कुमारी पासवान,सामाजिक सामावेशी सहयोग तथा सेवा ,Madhesh,Bara,Bara-1,75285,123964,Secondary Education (Grade 9-10 / SLC / SEE),27.1,85.05
1982,340627,Bhuvana Prasada Chaudhari,"Nagarik Unmukti Party, Nepal (Ekal Chunab Chinha)",2531.0,270,M,False,रत्‍न प्रसाद चौधरी,एस एल सि ,श्री अनुप दिपनी मा.वि.कोल्हवी ,Bara Kolhvi Municipality Bhavni,अम्बु देवी चौधरी,खेती कृषक ,Madhesh,Bara,Bara-1,75285,123964,Secondary Education (Grade 9-10 / SLC / SEE),27.1,85.05
1983,341957,Bijaya Yadav,Aam Janata Party (Ekal Chunab Chinha),2581.0,213,M,False,राधाकृष्ण राय यादव,स्नातक ,श्री त्रिभुवन विश्व विद्यालय ,Rautahat Fatuwa Bijaipur Municipality Santapur,,सोकिय सचिव ,Madhesh,Bara,Bara-1,75285,123964,Bachelor's Degree,27.1,85.05
1984,341290,Suka Dorje Gole,Mongol National Organization,2511.0,99,M,False,मित्र लाल गोले,साधारण लेखपढ ,श्री शक्तिश्वर प्रा.वि.डम्बरपुर बारा ,Bara Nijgarh Municipality,,कृषक तथा सामाज सेवी ,Madhesh,Bara,Bara-1,75285,123964,Literate / Non-Formal,27.1,85.05
1985,342080,Lakshmi Narayana Prasada Sah,Swatantra,,34,M,False,जिया लाल सा तेली,साधारण लेखपढ,श्री जनता मा.वि.कचोर्वा बारा ,Bara Simraungarh Municipality Kachorwa,लालती देवी साह,,Madhesh,Bara,Bara-1,75285,123964,Literate / Non-Formal,27.1,85.05
1986,342507,Bidura Kharel,Swatantra,,16,M,False,निल  खरेल,+2,श्री जनज्योती उच्च मा.बि.चन्द्रनिगाहपुर ,Bara Nijgarh Municipality,,टोल विकास संस्थाको अध्यक्ष भई काम गरेको ,Madhesh,Bara,Bara-1,75285,123964,Higher Secondary / Intermediate (10+2 / PCL),27.1,85.05
1987,342330,Rabina Devi Chaudhari,Swatantra,,16,F,False,हिरामन  चौधरी,साधरण लेखपढ ,श्री सिहासनी प्रा.वि. बारा ,Bara Baragadi Rural Municipality throne,महेश  चौधरी,,Madhesh,Bara,Bara-1,75285,123964,Literate / Non-Formal,27.1,85.05
1988,342131,Hamida Mansuri,Pragatishil Loktantrik Party,2516.0,14,M,False,रजाक मिया मंसुरी,एस.एल.सि.,श्री रामचरित्र मा.वि.चिउटाहा बारा ,Bara Adarsh ​​Kotwal Rural Municipality Haranhia,लैलुन  नेसा,,Madhesh,Bara,Bara-1,75285,123964,Secondary Education (Grade 9-10 / SLC / SEE),27.1,85.05
1989,341067,Prema Kumari Thapa Khadaka,Swatantra,,13,F,False,चन्‍द्र बहादुर खडका,साधारण लेखपढ,,Bara Nijgarh Municipality Bhanwara,सुरेश बहादुर थापा,सहकारी तथा संघ सस्थामा अनुभव प्राप्त ,Madhesh,Bara,Bara-1,75285,123964,Literate / Non-Formal,27.1,85.05
1990,342572,Sima Kumari Timilsena,Swatantra,,10,F,False,कृष्ण बहादुर तिमिल्सेना,साधारण लेखपढ ,,Bara Kolhavi Municipality Gahumi,भक्त बहादुर गौतम,कृषी सम्बन्धी ,Madhesh,Bara,Bara-1,75285,123964,Literate / Non-Formal,27.1,85.05
1991,342694,Roshana Kumara Upreti,Swatantra,,8,M,False,मणिराज  उप्रेती,एस.एल.सि. ,मा.वि. सिन्धुली ,Bara Nijgarh Municipality,शीतल  सापकोटा,लायन्स क्लबमा काम गरेको ,Madhesh,Bara,Bara-1,75285,123964,Secondary Education (Grade 9-10 / SLC / SEE),27.1,85.05
1992,341439,Chandana Kumara Sinh,Rastriya Swatantra Party,2528.0,35590,M,True,विश्‍व नाथ सिंह,+2,,Bara Devtal Rural Municipality Pipradhi,काजल सिह सिंह,"राजनीतिक
शिक्षा",Madhesh,Bara,Bara-2,72761,113833,Higher Secondary / Intermediate (10+2 / PCL),27.0667,85.0
1993,340715,Ramakishora Prasada Yadav,"Janata Samajbadi Party, Nepal",2542.0,14196,M,False,रामानन्द प्रसाद यादव,Bsc Physics ,Bihar University,Bara Simraungarh Municipality Naikatola,राजमति  यादव,कृषक तथा पोखरी मतस्य पालन कार्य,Madhesh,Bara,Bara-2,72761,113833,Bachelor's Degree,27.0667,85.0
1994,340836,Bhaiyarama Prasada Yadav,Nepali Congress,2583.0,11837,M,False,रामगोविन्द  राउत,स्नातक,त्रिभुवन विश्वविद्यालय,Bara Mahagadhimai Municipality Telkuwa,अनिता  यादव,"क) राजनैतिक
ख) सामजिक सेवा तथा संस्थागत क्षमता विकाश",Madhesh,Bara,Bara-2,72761,113833,Bachelor's Degree,27.0667,85.0
1995,341090,Balabira Prasada Chaudhari,Nepal Communist Party (Ekikrit Marxbadi Leninbadi),2598.0,7213,M,False,भाइराम  चौधरी,प्रविणता प्रमाण पत्र,"श्री ठाकुराम बहुमुखी क्याम्पस बीरगंज, पर्सा",Bara Karaiyamai Rural Municipality Dhodia,कलावती देवी चौधरी,"क) ५ वर्ष जिल्ला विकास समिति बाराको (२०५४ को निर्वाचित) उपसभापती
ख) २०३६ साल देखि कम्यूनिष्ट राजनीतिकमा निरन्तर लागेको
ग) नेकपा (एमाले) को जिल्लाको नेतृत्व पटक पटक निर्वाह गर्दै केन्द्रिय सदस्यमा  ३ पटक प्राप गरेको
घ) २०७० सालको संविधान सभामा निर्वाचिता भई २०७२ मा संविधान घोषणामा सहभागी",Madhesh,Bara,Bara-2,72761,113833,Higher Secondary / Intermediate (10+2 / PCL),27.0667,85.0
1996,341497,Shivachandra Prasada Kushavaha,Pragatishil Loktantrik Party,2516.0,1396,M,False,रामदेव महतो कोइरी,SLC,श्री भोला उच्च मा.वि. गंजभवानीपुर,Bara Mahagadhimai Municipality Baraiya,गिरिजा  कोइरीन,विधार्थी काल देखि निरन्तर सक्रिय राजनीतिमा,Madhesh,Bara,Bara-2,72761,113833,Secondary Education (Grade 9-10 / SLC / SEE),27.0667,85.0
1997,339800,Ramesha Prasada Yadav,Nepali Communist Party,2557.0,910,M,False,विष्णु  यादव,Intermediate (I.A.),L.M.D. College Motihari,Bara Mahagadhimai Municipality Patharhati,उमरावती देवी यादव,"क) 2074 सालमा रा.स. सदस्य निर्वाचित,
ख) तत्कालीन ने.स.पा. को महासचिव भई हाल नेपाली कम्यूनिष्ट पार्टीमा पार्टीको केन्द्रिय सदस्य",Madhesh,Bara,Bara-2,72761,113833,Higher Secondary / Intermediate (10+2 / PCL),27.0667,85.0
1998,339746,Rajesha Sah,Janamat Party,2585.0,668,M,False,सचिदानन्द  साह,Chartered Accountant (M.Com),"ICAI, TU",Bara Pacharuta Municipality Pakdia,,"क) CA बनेको १० सालको अनुभव,
ख) NIC ASIA Bank Mangar,
ग) Accounted, Finance manager of Varun Beverage pvt. ltd.
घ) Business Review cell head in Chaudhary Group Nepal
ङ) Commercial head in AMBE STEEL",Madhesh,Bara,Bara-2,72761,113833,Master's Degree,27.0667,85.0
1999,340099,Lalababu Prasada Saha Teli,Rastriya Prajatantra Party,2604.0,206,M,False,म‌ंगल साह तेली,SLC,श्री ने.रा.मा.वि. पिप्राढी,Bara Mahagadhimai Municipality Telkuwa,सुनैना देबी साह तेली,"क) खेती
ख) व्यवसाय
ग) राजनैतिक",Madhesh,Bara,Bara-2,72761,113833,Secondary Education (Grade 9-10 / SLC / SEE),27.0667,85.0
2000,342178,Megharaja Pasavan,Ujyalo Nepal Party,2566.0,184,M,False,रामशरण  हजरा,"SLC Board of Nepal, +2 HSEB",श्री ने.रा.मा.वि. पिपरपाती,Bara Pacharuta Municipality Paswan,,सामाजिक अभियन्ताको रुपमा हालसम्म,Madhesh,Bara,Bara-2,72761,113833,Higher Secondary / Intermediate (10+2 / PCL),27.0667,85.0
2001,339860,Aat‍marama Prasada Sah,Aam Janata Party (Ekal Chunab Chinha),2581.0,157,M,False,स्‍व. भोगराज साह तेली,बी.ई. (मेकानिकल),"VNIT, Nagpur India",Bara Mahagadhimai Municipality Ganjabhavanipur,ललिता देवी साह,"क) ज्योति स्पिनिङ मिल्स लि. GM, 
ख) वृन्दावन डेरी प्रा.लि. संचालक",Madhesh,Bara,Bara-2,72761,113833,Bachelor's Degree,27.0667,85.0
2002,341322,Sudhira Kumara Sah,Swatantra,,135,M,False,बुनिलाल प्रसाद साह,Islington college BSc hons Compabing,,Bara Mahagadhimai Municipality Telkunwa, ,,Madhesh,Bara,Bara-2,72761,113833,Bachelor's Degree,27.0667,85.0
2003,340164,Pradeshi Sah,Nepal Janata Party,2507.0,49,M,False,देवचन्दर साह रौनीयार वनिया,10+2 ,श्री ने.रा.मा.वि. पिपरपाती पचरौता,Bara Pacharuta Municipality Venauli,ममता  देवी,,Madhesh,Bara,Bara-2,72761,113833,Higher Secondary / Intermediate (10+2 / PCL),27.0667,85.0
2004,340051,Amaradeva Prasada Yadav,Rastriya Mukti Party Nepal (Ekal Chunab Chinha),2531.0,39,M,False,जिरा राउत अहिर,आई.ए. स्सी. फरेष्ट्री,"वन विज्ञान अध्ययन संस्थान, हेटौंडा",Bara Suvarna Rural Municipality Sanfulwa,कविता श्रेष्ठ यादव,"क) वन वातावरण सम्बन्धी
ख) हिमाल पहाड तराई (मधेश) भ्रमणको अनुभव
ग) जनमुखि प्रशासन सम्बन्धी अनुभव
घ) जनता र नेतृत्वदायि भूमिका निर्वाहको अनुभव",Madhesh,Bara,Bara-2,72761,113833,Higher Secondary / Intermediate (10+2 / PCL),27.0667,85.0
2005,339680,Shyamababu Prasada Chaudhari,"Janata Loktantrik Party, Nepal",2574.0,33,M,False,दिपनारायण प्रसाद चौधरी,BSC (Bachelor in science),"Birendra Multiple Campus, Bharatpur chitwan",Bara Karaiyamai rural municipality Haraiya,रीना कुमारी चौधरी,,Madhesh,Bara,Bara-2,72761,113833,Bachelor's Degree,27.0667,85.0
2006,342649,Eenjada Ansari,Swatantra,,33,M,False,मोबारक मिया असारी,स्‍नातक,श्री नेपाल राष्ट्रिय माध्यमिक विद्यालय कलैया बारा,Bara Pacharuta Municipality,,,Madhesh,Bara,Bara-2,72761,113833,Bachelor's Degree,27.0667,85.0
2007,341654,Rajabali Prasad,Swatantra,,23,M,False,गणेश राउत कुर्मी,आठ पास,श्री ने.मा.वि. पिप्राढी बेनौली,Bara Devtal Rural Municipality Rawahi,शान्ती देवी कुर्मीनी,लेखापढी,Madhesh,Bara,Bara-2,72761,113833,Basic Education (Up to Grade 8),27.0667,85.0
2008,342116,Radha Devi Mahara,Mongol National Organization,2511.0,15,F,False,सुकरित राम,,,Bara Mahagadhimai Municipality Kachahariya Toll,प्रमोद राम चमार,,Madhesh,Bara,Bara-2,72761,113833,,27.0667,85.0
2009,342436,Surendra Prasada Yadav,Swatantra,,15,M,False,विन्देश्‍वरी  राउत,+2,श्री रामचरित्र उच्च मा.वि. च्युटाहा,Bara Pacharuta Municipality Kudwa,,,Madhesh,Bara,Bara-2,72761,113833,Higher Secondary / Intermediate (10+2 / PCL),27.0667,85.0
2010,341691,Chandana Kumara Yadav,Nepal Majdur Kisan Party,2578.0,11,M,False,रामएकवाल प्रसाद यादव,SLC,दुर्गा उ.मा.वि.,Bara Suvarna Rural Municipality Dharampur,अन्जु  यादव,,Madhesh,Bara,Bara-2,72761,113833,Secondary Education (Grade 9-10 / SLC / SEE),27.0667,85.0
2011,342540,Dinesha Prasada Yadav,Swatantra,,8,M,False,रामअयोध्या प्रसाद यादव,SLC,श्री भोला मा.वि. गंजभवानीपुर,Bara Mahagadhimai Municipality Ganjbhawanipur,मिना  यादव,,Madhesh,Bara,Bara-2,72761,113833,Secondary Education (Grade 9-10 / SLC / SEE),27.0667,85.0
2012,342382,Murali Manohara Prasada Sah,Swatantra,,8,M,False,हरिहर सा कलवार,,,Bara Mahagadhimai Municipality,जानकी  देवी,,Madhesh,Bara,Bara-2,72761,113833,,27.0667,85.0
2013,341550,Amaresha Kumara Pande,Jan Adhikar Party,2540.0,6,M,False,राम तपस्या  पाण्डे,SLC,श्री अमरेश कुमार पाण्डे,Bara Devtal Rural Municipality Pipradhi,किरण  पाण्डेय,,Madhesh,Bara,Bara-2,72761,113833,Secondary Education (Grade 9-10 / SLC / SEE),27.0667,85.0
2014,341726,Jalan‍dara Mahato,Swatantra,,6,M,False,जगरनाथ  महतो,SLC,श्री गढीमाई उच्च मा.वि.,Bara Mahagadhimai Municipality Maini,सरधा देवी कुशवाहा,२०५० साल देखि,Madhesh,Bara,Bara-2,72761,113833,Secondary Education (Grade 9-10 / SLC / SEE),27.0667,85.0
2015,342406,Mukesha Prasada Kushavaha,Swatantra,,6,M,False,देवेन्द्र महतो कोईरी,साधारण,श्री गढीमाई मा.वि.,Bara Mahagadhimai Municipality,,,Madhesh,Bara,Bara-2,72761,113833,Literate / Non-Formal,27.0667,85.0
2016,342226,Anita Kumari,Swatantra,,5,F,False,महवीर मुखिया वीन,८ कक्षा,,Bara Mahagadhimai Municipality,उमाशंकर मुखिया वीन,,Madhesh,Bara,Bara-2,72761,113833,Basic Education (Up to Grade 8),27.0667,85.0
2017,341842,Nagina Debi,Swatantra,,5,F,False,लक्षमी  चौधरी,५ कक्षा,,Bara Mahagadhimai Municipality Dahiyar,प्रदिप कुमार जायसवाल,,Madhesh,Bara,Bara-2,72761,113833,Basic Education (Up to Grade 8),27.0667,85.0
2018,342360,Prayaga Prasada Chaudhari,Swatantra,,4,M,False,गङ्गाराम  चौधरी,एस.एल.सी.,ने.रा.मा.वि. करैया,Bara Karaiyamai Rural Municipality Karaiya,बिन्दु देवी चौधरी,,Madhesh,Bara,Bara-2,72761,113833,Secondary Education (Grade 9-10 / SLC / SEE),27.0667,85.0
2019,341595,Chhotelala Sah,Swatantra,,2,M,False,लछुमन साह कानु,+2,रामाराजा क्याम्पस,Bara Pacharuta Municipality,कविता  साह,राजनैतीक,Madhesh,Bara,Bara-2,72761,113833,Higher Secondary / Intermediate (10+2 / PCL),27.0667,85.0
2020,342332,Jalamahamada Ansari,Swatantra,,1,M,False,भोज मियाँ अंसारी,+2,जवाहरलाल नेहरु,Bara Pacharuta Municipality Srinagar Bairia,सदिना  खातुन,राजनैतिक,Madhesh,Bara,Bara-2,72761,113833,Higher Secondary / Intermediate (10+2 / PCL),27.0667,85.0
2021,340776,Arabinda Sah,Rastriya Swatantra Party,2528.0,40697,M,True,श्याम किशोर प्रसाद,स्नातकोत्तर,त्रिभुवन विश्व विद्यालय,Bara Mahagadhimai Municipality,कमल लक्ष्मी साह निराला,,Madhesh,Bara,Bara-3,71205,113510,Master's Degree,27.0333,84.95
2022,339741,Pharamullaha Mansur,Nepali Congress,2583.0,10052,M,False,फजलि  मिया ,एस एल सी,बोर्ड अफ नेपाल,Bara Kalaiya Sub-Metropolis,,"पूर्व प्रतिनिधि सभा सदस्य एवं संविधान सभा सदस्य
विज्ञान तथा प्रविधि तथा श्रम तथा रोजगार मन्त्री ",Madhesh,Bara,Bara-3,71205,113510,Secondary Education (Grade 9-10 / SLC / SEE),27.0333,84.95
2023,340640,Ramavavu Kumara Yadav,"Janata Samajbadi Party, Nepal",2542.0,6884,M,False,हरिनारायण राउत अहिर,स्नातक,सरदार पटेल युनिवर्सिटी बालघाट भारत ,Bara Kalaiya Sub Metropolitan Maheshpur,गिता  यादव,"प्रतिनिधी सभा सदस्य (२०७४-२०७९)
ज.स.पा नेपाल मधेश प्रदेश अध्यक्ष (२०७८-२०८०)",Madhesh,Bara,Bara-3,71205,113510,Bachelor's Degree,27.0333,84.95
2024,339499,Jvala Kumari Sah,Nepal Communist Party (Ekikrit Marxbadi Leninbadi),2598.0,5271,F,False,खेदु  साह कानु,स्नातक,त्रि.वि.वि,Bara Jitpursimra Sub-metropolis Piluwa,अमृत  शर्मा बजगाई,संघीय पूर्व मन्त्री ,Madhesh,Bara,Bara-3,71205,113510,Bachelor's Degree,27.0333,84.95
2025,339414,Pramoda Prasada Gup‍ta,Janamat Party,2585.0,3819,M,False,रामचन्‍द्र साह कानु,स्नातक,त्रि.वि,Bara Kalaiya Sub Metropolitan Cinema Road,गिता कुमारी गुप्‍ता,पहिलो संविधान सभामा निर्वाचित भई काम गरेको अनुभव,Madhesh,Bara,Bara-3,71205,113510,Bachelor's Degree,27.0333,84.95
2026,341819,Bharata Prasada Sah,Nepali Communist Party,2557.0,1751,M,False,ईनर  साह कलवार,B.ED,,Bara Pacharuta Municipality Piparpati,कान्‍ता  देवी,,Madhesh,Bara,Bara-3,71205,113510,Bachelor's Degree,27.0333,84.95
2027,340133,Tiertha Bahadura Gurung,Ujyalo Nepal Party,2566.0,1726,M,False,चिनान  गुरुङ,एस एल सी,बोर्ड अफ नेपाल ,Bara Jitpursimra Sub-metropolis Dumarwana,मन माया गुरुङ,,Madhesh,Bara,Bara-3,71205,113510,Secondary Education (Grade 9-10 / SLC / SEE),27.0333,84.95
2028,342016,Rajendra Prasada Jaisavar,Rastriya Prajatantra Party,2604.0,319,M,False,बिगा राउत कुर्मी,स्नातक,,Bara Kalaiya Sub Metropolitan Patauddara,यसोदा  देवी,,Madhesh,Bara,Bara-3,71205,113510,Bachelor's Degree,27.0333,84.95
2029,341449,Mumataja Begam,Shram Sanskriti Party,2501.0,142,F,False,अनुरुल्ला  खाँन,सधारण लेख पढ,,Baglung Baglung Municipality Banbot,चैन बास्सा बास्सा,,Madhesh,Bara,Bara-3,71205,113510,Literate / Non-Formal,27.0333,84.95
2030,340009,Valakrish‍na Sharma,Rastriya Janamorcha,2522.0,139,M,False,गंगा दत्त ,एस.एल.सी,बोर्ड अप नेपाल ,Bara Jitpursimra Sub Metropolitan Red Cross Toll,देवी  आचार्य,,Madhesh,Bara,Bara-3,71205,113510,Secondary Education (Grade 9-10 / SLC / SEE),27.0333,84.95
2031,339620,Sam‍‍jhana Gole,Mongol National Organization,2511.0,127,F,False,लाल बहादुर पाख्रिन,समान्य ,समान्य,Makwanpur Hetouda Sub-Metropolitan City Ratomate,,,Madhesh,Bara,Bara-3,71205,113510,Literate / Non-Formal,27.0333,84.95
2032,340069,Ramaekabala Raut,Nepal Majdur Kisan Party,2578.0,56,M,False,रामधारी राउत अहिर,एस.एल.सी,,Bara Kalaiya Sub-Metropolitan City d,रमइनी  देवी,,Madhesh,Bara,Bara-3,71205,113510,Secondary Education (Grade 9-10 / SLC / SEE),27.0333,84.95
2033,341632,Sanjaya Kumara Sahani,Jan Adhikar Party,2540.0,52,M,False,राम एकवाल प्रसाद,+2,,Bara Kalaiya Sub-Metropolis Bakulahar,राकीका कुमारी सहनी,,Madhesh,Bara,Bara-3,71205,113510,Higher Secondary / Intermediate (10+2 / PCL),27.0333,84.95
2034,340566,Lakshmana Lama,Aam Janata Party (Ekal Chunab Chinha),2581.0,47,M,False,तारा  लामा घले,+2,TU,Bara Jitpursimra Sub-Metropolitan City,अनिसा  तामाङ,,Madhesh,Bara,Bara-3,71205,113510,Higher Secondary / Intermediate (10+2 / PCL),27.0333,84.95
2035,339363,Prahalada Prasada Saha Kalavar,Nepal Janata Party,2507.0,45,M,False,नरसिंह  कलवार,एस एल सि,बोर्ड अफ नेपाल ,Bara Kalaiya Sub-Metropolis,श्रीमति लालमुनी देवी,"जग्गा प्रशासन 
मालपोत कार्यालयमा ना सु पदमा ३७ वर्ष ",Madhesh,Bara,Bara-3,71205,113510,Secondary Education (Grade 9-10 / SLC / SEE),27.0333,84.95
2036,340498,Rakesha Kumara Saha Kanu,Swatantra,,15,M,False,मनोज साह कानु,एस एल सी ,बोर्ड अफ नेपाल ,Bara Adarsh ​​Kotwal Rural Municipality Kotwali,मिना देबी कनुईन,,Madhesh,Bara,Bara-3,71205,113510,Secondary Education (Grade 9-10 / SLC / SEE),27.0333,84.95
2037,340690,Savina Gole,Swatantra,,13,F,False,बिर बहादुर वोमजन,सधारण लेखपढ,,Bara Jitpursimra sub-metropolitan Rajghat,पृर्ण  गोले,,Madhesh,Bara,Bara-3,71205,113510,Literate / Non-Formal,27.0333,84.95
2038,341372,Santosha Pandita Kumhar,Swatantra,,12,M,False,शिवनारायण पंडित कुम्हार,कक्षा १०,,Bara Kalaiya Sub Metropolitan Maheshpur,ममिता देवी कुम्हार,,Madhesh,Bara,Bara-3,71205,113510,Secondary Education (Grade 9-10 / SLC / SEE),27.0333,84.95
2039,341943,Dinesha Prasada Sih,Pragatishil Loktantrik Party,2516.0,11,M,False,भंगी  राउत,एस.एल.सी,,Bara Adarsh ​​Kotwal Rural Municipality Rupaulia,मिथलेश देबी कुर्मी,,Madhesh,Bara,Bara-3,71205,113510,Secondary Education (Grade 9-10 / SLC / SEE),27.0333,84.95
2040,339303,Chandra Prakasha Suvedi,Swatantra,,9,M,False,डाशु शर्मा सुवेदी,स्नातकोत्तर (अर्थ शास्त्र),त्रिभुवन युनिभर्सिटी,Bara Kalaiya Sub-Metropolis Audhapur,गौरी  ढकाल,"शिक्षण पेशामा विभिन्न तहमा ३३ वर्ष
समाजसेवा (सुन्दर नेपाल निर्माण अभियानको अभियान्ता)
",Madhesh,Bara,Bara-3,71205,113510,Master's Degree,27.0333,84.95
2041,341736,Lala Mukesha Thakur,Swatantra,,7,M,False,रामविरेन्द्र  ठाकुर लोहार,+2,,Bara Kalaiya Sub-Metropolis Sitalpur,शुसिला  देवी,,Madhesh,Bara,Bara-3,71205,113510,Higher Secondary / Intermediate (10+2 / PCL),27.0333,84.95
2042,339878,Sunila Pasavan,Swatantra,,5,M,False,नथुनी हजरा दुसाद,सधारण लेखपढ ,सधारण लेखपढ,Bara Kalaiya Sub Metropolitan Officer Tol,ललिता देवी पासवान,,Madhesh,Bara,Bara-3,71205,113510,Literate / Non-Formal,27.0333,84.95
2043,341522,Umaravati Devi Sah,Swatantra,,4,F,False,भैरो  साह,समान्य लेखपढ ,,Bara Kalaiya Sub Metropolitan Court Tol,श्‍याम सुन्दर साह कलवार,,Madhesh,Bara,Bara-3,71205,113510,Literate / Non-Formal,27.0333,84.95
2044,341693,Suresha Prasada Sharma Suvedi,Swatantra,,2,M,False,स्व. राम दास  शर्मा,सधारण,,Bara Kalaiya Sub-Metropolitan City Ghusukpur,नर्वदा  कुमारी,,Madhesh,Bara,Bara-3,71205,113510,Literate / Non-Formal,27.0333,84.95
2045,341514,Rahavara Ansari,Rastriya Swatantra Party,2528.0,41200,M,True,डा. अनवर एलाही अंसारी,स्नातकोत्तर,,Parsa Birganj Metropolitan City Bahuri,,,Madhesh,Bara,Bara-4,74637,114431,Master's Degree,27.0,84.9
2046,340034,Krishna Kumara Shreshth,Nepal Communist Party (Ekikrit Marxbadi Leninbadi),2598.0,11639,M,False,केवल बहादुर श्रेष्ठ,प्रविणता प्रमाण पत्र ,,Bara Jitpursimra Sub-Metropolitan City,अन्जु  गोशली (श्रेष्ठ),"राजनीति, व्यापार, सामाजिक सेवा",Madhesh,Bara,Bara-4,74637,114431,Higher Secondary / Intermediate (10+2 / PCL),27.0,84.9
2047,342094,Sanju Saha Kanu,"Janata Samajbadi Party, Nepal",2542.0,7593,M,False,दसइ साह कानु,,,Bara Parwanipur Rural Municipality Sano Nautan,कविता देवी कनुइन,,Madhesh,Bara,Bara-4,74637,114431,,27.0,84.9
2048,341779,Sh‍yamababu Gupta,Nepali Congress,2583.0,7113,M,False,विनोद प्रसाद गुप्ता,,,Bara Jitpur Simra Sub-Metropolitan Simra,रिमझिम  गुप्ता,,Madhesh,Bara,Bara-4,74637,114431,,27.0,84.9
2049,339573,Ajaya Kushavaha,Nepali Communist Party,2557.0,2067,M,False,रामचन्द्र प्रसाद कुशवाहा,स्नातक,,Bara Prasauni rural municipality,,,Madhesh,Bara,Bara-4,74637,114431,Bachelor's Degree,27.0,84.9
2050,341694,Vinaya Yadav,Rastriya Ekata Dal,2548.0,1026,M,False,सत्यनारायण प्रसाद यादव,,,Bara Parwanipur Rural Municipality Lipnimal,,,Madhesh,Bara,Bara-4,74637,114431,,27.0,84.9
2051,342447,Umesha Kumara Kush‍vaha,Aam Janata Party (Ekal Chunab Chinha),2581.0,833,M,False,जमुना प्रसाद कोईरी,,,Bara Prasauni rural municipality Belhia,,,Madhesh,Bara,Bara-4,74637,114431,,27.0,84.9
2052,341056,Dilipa Kumara Sharma Nepal,Rastriya Prajatantra Party,2604.0,809,M,False,प्रेमलाल  शर्मा नेपाल,B.A.,पशुपति बहुमुखी क्याम्पस चावहिल काठमाण्डौं,Bara Jitpursimra Sub-Metropolitan Auraha,अनिता कुमारी तिमल्सिना,,Madhesh,Bara,Bara-4,74637,114431,Bachelor's Degree,27.0,84.9
2053,341466,Samima Miya Ansari,Rashtra Nirman Dal Nepal,2527.0,481,M,False,मुखतार मीया अंसारी,स्नातक ,,Kathmandu Kathmandu Metropolitan City,अप्सा  बानु,,Madhesh,Bara,Bara-4,74637,114431,Bachelor's Degree,27.0,84.9
2054,342364,Sarvendra Khanal,Rastriya Paribartan Party,2568.0,464,M,False,केदार नाथ खनाल,,,Kathmandu Kathmandu Metropolitan City Bashundhara,प्रमिला  खनाल,,Madhesh,Bara,Bara-4,74637,114431,,27.0,84.9
2055,341417,Hasanajana Miya,Janamat Party,2585.0,437,M,False,अदालत मिया अंसारी,,,Bara Kalaiya Sub-Metropolis Surahi,नाजमा  खातुन,,Madhesh,Bara,Bara-4,74637,114431,,27.0,84.9
2056,341992,Santosha Kumara Gupta,Ujyalo Nepal Party,2566.0,220,M,False,लक्ष्मी नारायण  साह,,,Bara Prasauni Village Bazar Toll,चन्दा देवी गुप्ता,,Madhesh,Bara,Bara-4,74637,114431,,27.0,84.9
2057,342425,Gopala Bahadura Khatri,Shram Sanskriti Party,2501.0,144,M,False,चेत बहादुर खत्री,,,Nawalparasi (East of Bardghat Susta) Gaindakot Municipality,जमुना  खत्री,,Madhesh,Bara,Bara-4,74637,114431,,27.0,84.9
2058,342398,Bhola Miyan,Swatantra,,134,M,False,दुखी  मियाँ,,,Bara Kalaiya Sub Metropolitan Motisar,सबुजन  खातुन,,Madhesh,Bara,Bara-4,74637,114431,,27.0,84.9
2059,342465,Nirajana Kumar,Swatantra,,79,M,False,हरिन्द्र प्रसाद कानु,,,Bara Prasauni rural municipality,,,Madhesh,Bara,Bara-4,74637,114431,,27.0,84.9
2060,339937,Suresha Prasad,Nepal Loktantrik Party,2553.0,73,M,False,जंगबहादुर  साह,,,Bara Prasauni rural municipality Nautan,हिरा देवी गुप्‍ता,,Madhesh,Bara,Bara-4,74637,114431,,27.0,84.9
2061,342155,Avadhakishora Prasada Kushavaha,Pragatishil Loktantrik Party,2516.0,61,M,False,महेन्द्र प्रसाद कुशवाहा,,,Bara Prasauni rural municipality Belhia,मनरावती देवी कुशवाहा,,Madhesh,Bara,Bara-4,74637,114431,,27.0,84.9
2062,339981,Saras‍vati Upadh‍ya,Rastriya Janamorcha,2522.0,50,F,False,टिका राम पाध्‍या,SLC,,Bara Jitpursimra Sub Metropolitan Red Cross Toll,हेमलाल  पौडेल,,Madhesh,Bara,Bara-4,74637,114431,Secondary Education (Grade 9-10 / SLC / SEE),27.0,84.9
2063,340895,Sanju Chaudhari,Swatantra,,43,M,False,किसुन  चौधरी,साधारण,,Bara Jitpursimra Sub-Metropolitan Aurha,प्रभा  चौधरी,,Madhesh,Bara,Bara-4,74637,114431,Literate / Non-Formal,27.0,84.9
2064,339537,Subva Lala Tamangg,Mongol National Organization,2511.0,34,M,False,कोन्जो  तामाङ्ग,साक्षर,,Chitwan Kalika Municipality Saguntol,ठूली माया तामाङ्ग,,Madhesh,Bara,Bara-4,74637,114431,Literate / Non-Formal,27.0,84.9
2065,339897,Muni Khatun,Prajatantrik Party Nepal,2582.0,18,F,False,रोजा  देवान,सामान्य लेखपढ,,Bara Jitpursimra Sub-metropolitan Haripur,वाजुल  देवान,,Madhesh,Bara,Bara-4,74637,114431,Literate / Non-Formal,27.0,84.9
2066,340221,Asarara Aalama Thakuraee,Swatantra,,16,M,False,महमद ताज  ठकुराई,,,Bara Jitpursimra Sub Metropolitan Lohsanda,,"राजनीति, समाजसेवा",Madhesh,Bara,Bara-4,74637,114431,,27.0,84.9
2067,340118,Rajadeva Rama Dusad,Swatantra,,15,M,False,भागवत  हजरा,S.L.C.,,Bara Jitpursimra Sub-Metropolitan City Chhata Pipra,रबली देवी दुसादीन,,Madhesh,Bara,Bara-4,74637,114431,Secondary Education (Grade 9-10 / SLC / SEE),27.0,84.9
2068,342183,Sakiba Aalama Mansuri,Swatantra,,15,M,False,कलामुदिन मियाँ मंसुरी,,,Bara Jitpursimra Sub-Metropolitan City,,,Madhesh,Bara,Bara-4,74637,114431,,27.0,84.9
2069,341962,Dhirendra Chaudhari,Swatantra,,10,M,False,अकलु खाँ थारु,,,Bara Jitpursimra Sub-metropolitan City Simri,मन्जु  चौधरी,,Madhesh,Bara,Bara-4,74637,114431,,27.0,84.9
2070,341815,Baidhanatha Prasada Sah,Swatantra,,9,M,False,नगीना साह तेली,,,Prastoka of Bara Prasauni rural municipality,मान्ती देवी साह,,Madhesh,Bara,Bara-4,74637,114431,,27.0,84.9
2071,342206,Dipaka Sinha Chaudhari,Swatantra,,8,M,False,दारा  सिंह चौधरी,स्नातक,,Bara Jitpursimra sub-metropolitan city Bolumateria,,,Madhesh,Bara,Bara-4,74637,114431,Bachelor's Degree,27.0,84.9
2072,342435,Nasima Khatun,Swatantra,,8,F,False,गनी  महमद,,,Bara Kalaiya Sub Metropolitan Muslim Toll,मेराजुल  नट,,Madhesh,Bara,Bara-4,74637,114431,,27.0,84.9
2073,342064,Sham‍bhu Prasada Yadav,Swatantra,,8,M,False,सत्‍यनारायण  यादव,,,Bara Parwanipur Rural Municipality Bahuari,राधा देवी यादव,,Madhesh,Bara,Bara-4,74637,114431,,27.0,84.9
2074,341857,Usha Budhathoki (prasaee),Swatantra,,6,F,False,रामकृष्ण  बढाथोकी,,,Bara Jitpur Simra Sub-Metropolitan Simra,सुरेन्द्र  प्रसादई,,Madhesh,Bara,Bara-4,74637,114431,,27.0,84.9
2075,340957,Bhekhanarayana Prasada Saha Teli,Swatantra,,6,M,False,विश्‍वनाथ  साह तेली,SLC,,Toll in Bara Feta Rural Municipality,अनिता देवी तेली,,Madhesh,Bara,Bara-4,74637,114431,Secondary Education (Grade 9-10 / SLC / SEE),27.0,84.9
2076,342454,Vimala Khativada,Swatantra,,5,F,False,कुवेर प्रसाद खतिवडा,,,Bara Jitpursimra sub-metropolitan city Narbasti,रामहरी  सुवेदी,,Madhesh,Bara,Bara-4,74637,114431,,27.0,84.9
2077,342475,Mukesha Kumara Rauniyar,Swatantra,,4,M,False,शिवरतन साह रौनियार,,,Bara Parwanipur Rural Municipality Lipnimal,अमिता देवी रौनियार,,Madhesh,Bara,Bara-4,74637,114431,,27.0,84.9
2078,342542,Sandipa Yadav,Swatantra,,4,M,False,हिरालाल  यादव,,,Bara Parwanipur Rural Municipality Bahuari,पुनम  कुमारी,,Madhesh,Bara,Bara-4,74637,114431,,27.0,84.9
2079,341896,Mohana Prasada Chaulagaee,Swatantra,,3,M,False,तिका दत्त चौलागाई,,,Bara Jitpursimra Sub-Metropolitan City,रिता  कडेल,,Madhesh,Bara,Bara-4,74637,114431,,27.0,84.9
2080,339719,Purna Prasada Panth,Swatantra,,1,M,False,ग‌ंगा धर पन्थ,१० पास ,,Bara Jitpursimra Sub-Metropolitan Auraha,देउती देवी पन्थ,"राजनीति, सामाजिक सेवा",Madhesh,Bara,Bara-4,74637,114431,Secondary Education (Grade 9-10 / SLC / SEE),27.0,84.9
2081,339656,Mangesh‍vara Patel,Swatantra,,1,M,False,रामेश्‍वर  प्रसाद,+2,,Bara Parwanipur Rural Municipality Bahuari,गीता देवी पटेल,,Madhesh,Bara,Bara-4,74637,114431,Higher Secondary / Intermediate (10+2 / PCL),27.0,84.9
2082,340884,Buddhi Prasad Panta,Rastriya Swatantra Party,2528.0,27274,M,True,डिल्लीराम  पन्त,,,Parsa Birgunj Metropolitan City,निशा  श्रेष्ठ,,Madhesh,Parsa,Parsa-1,57225,89608,,27.15,84.8833
2083,340046,Pradip Yadav,Nepal Communist Party (Ekikrit Marxbadi Leninbadi),2598.0,13030,M,False,Rajeshwar Prasad,12 कक्षा उत्तिण,,Parsa,Pinki + Madhuri Devi Yadav,,Madhesh,Parsa,Parsa-1,57225,89608,Higher Secondary / Intermediate (10+2 / PCL),27.15,84.8833
2084,341019,Anil Kumar Rungata,Nepali Congress,2583.0,11885,M,False,ओम प्रकाश रुगंटा,,,Parsa Birgunj Metropolitan City,सुनिता देवी रुगंटा,,Madhesh,Parsa,Parsa-1,57225,89608,,27.15,84.8833
2085,340543,Nanda Kishor Prasad Shribastav,Rastriya Prajatantra Party,2604.0,1272,M,False,स्व.शम्भु शरण  श्रीवास्तव,SLC,,Parsa Birganj Municipal Corporation Kumhal Toll,अनुराधा  श्रीवास्तव,,Madhesh,Parsa,Parsa-1,57225,89608,Secondary Education (Grade 9-10 / SLC / SEE),27.15,84.8833
2086,340475,Ramnaresh Prasad Yadav,"Janata Samajbadi Party, Nepal",2542.0,1201,M,False,Ramdhari Raut Ahir,MA,TU,Parsa,Manju Kumari Yadav,,Madhesh,Parsa,Parsa-1,57225,89608,Master's Degree,27.15,84.8833
2087,341520,Ajay Chaurasiya,Nepali Communist Party,2557.0,537,M,False,Upendra Prasad Barai,,,Bara,Puja Chaurasiya,,Madhesh,Parsa,Parsa-1,57225,89608,,27.15,84.8833
2088,341864,Ramkishor Singh,Ujyalo Nepal Party,2566.0,415,M,False,Ramnarayan Singh Rajput,,,Parsa,Puja Singh,,Madhesh,Parsa,Parsa-1,57225,89608,,27.15,84.8833
2089,341781,Vishala Kumar,Swatantra,,381,M,False,विरेन्द्र कुमार प्रसाद,,,"Parsa Birganj Metropolitan Municipality Sripur, Village",,,Madhesh,Parsa,Parsa-1,57225,89608,,27.15,84.8833
2090,339481,Oma Prakasha Sharraph,Janamat Party,2585.0,341,M,False,रामकृत साह सोनार,SLC,,Parsa Birganj Metropolitan City Nagwa,राजकुमारी देवी साह,,Madhesh,Parsa,Parsa-1,57225,89608,Secondary Education (Grade 9-10 / SLC / SEE),27.15,84.8833
2091,339660,Jabed Ekbal Haider,People First Party,2552.0,252,M,False,सफिक अहमद अंसारी,स्नातक,इन्धिरा गांधि नेशनल ओपेन युनिभर्सिटी र कोभेम्पु युनभर्सिटी,Parsa Birganj Municipal Corporation B.Mu.Toll,रुविना खातुन,,Madhesh,Parsa,Parsa-1,57225,89608,Bachelor's Degree,27.15,84.8833
2092,342329,Mohommad Umar Khan,Rashtra Nirman Dal Nepal,2527.0,240,M,False,रोशन  खान,,,Chitwan Ratnanagar Municipality,,,Madhesh,Parsa,Parsa-1,57225,89608,,27.15,84.8833
2093,340634,Shalikram Prasad Kanu,Nepal Loktantrik Party,2553.0,102,M,False,Nandlal Sah Kanu,,,Parsa,Smt. Bina Devi Kanuin,,Madhesh,Parsa,Parsa-1,57225,89608,,27.15,84.8833
2094,339951,Wasim Shesh,Shram Sanskriti Party,2501.0,90,M,False,Aslam Shesh,see,,Parsa,,,Madhesh,Parsa,Parsa-1,57225,89608,Secondary Education (Grade 9-10 / SLC / SEE),27.15,84.8833
2095,339530,Vish‍varaja Patel,Aam Janata Party (Ekal Chunab Chinha),2581.0,54,M,False,वुनिलाल  राउत,BED,TU,Parsa Birganj Metropolitan City Big Pipra,चिन्ता  देवी,,Madhesh,Parsa,Parsa-1,57225,89608,Bachelor's Degree,27.15,84.8833
2096,341409,Suresh Prasad Sah Kanu,Nepal Janata Party,2507.0,46,M,False,Mansi Lal Sah,,,Parsa,Sujata Devi,,Madhesh,Parsa,Parsa-1,57225,89608,,27.15,84.8833
2097,342204,Mahesh Kumar Paswan,Jan Adhikar Party,2540.0,34,M,False,Binda Paswan,,,Parsa,,,Madhesh,Parsa,Parsa-1,57225,89608,,27.15,84.8833
2098,339418,Pramod Prasad Patel,Nepal Majdur Kisan Party,2578.0,15,M,False,Bhabhikhan Raut Kurmi,SLC,,Parsa,Madhuri Devi Patel,,Madhesh,Parsa,Parsa-1,57225,89608,Secondary Education (Grade 9-10 / SLC / SEE),27.15,84.8833
2099,342464,Shankar Kumar Karn,Nepal Communist Party (Sanyukta),2601.0,11,M,False,स्व.शारदा कुमार कर्ण,,,Parsa Birganj Metropolitan Municipality Murli,किरण  कर्ण,,Madhesh,Parsa,Parsa-1,57225,89608,,27.15,84.8833
2100,342392,Soheb Ansari,Nepal Sanghiya Samajbadi Party (Ekal Chunab Chinha),2567.0,10,M,False,सुलतान  अंसारी,,,Parsa Birganj Municipal Murli,सबनम खातुन,,Madhesh,Parsa,Parsa-1,57225,89608,,27.15,84.8833
2101,342267,Pukar Thapa,Swatantra,,5,M,False,Ma. Mustakim Hawari,,,Parsa,सरस्वती तन्डुकार,,Madhesh,Parsa,Parsa-1,57225,89608,,27.15,84.8833
2102,342518,M. Sajib Ali,Swatantra,,5,M,False,म. मुस्‍तकिम  हवारी,,,Parsa Birganj Metropolitan Municipality Sripur,,,Madhesh,Parsa,Parsa-1,57225,89608,,27.15,84.8833
2103,339816,Naresh Kumar Yadav,Swatantra,,4,M,False,Shiv Prasad Koiri,,,Parsa,सुनिता  देवी,,Madhesh,Parsa,Parsa-1,57225,89608,,27.15,84.8833
2104,342078,Shiva Prasad Koir,Swatantra,,4,M,False,स्‍व.सत्‍यनारायण महतो कोइरी,,,Parsa Birganj Metropolitan City Nagwa,सुनिता देवी कोइरीन,,Madhesh,Parsa,Parsa-1,57225,89608,,27.15,84.8833
2105,341098,Anil Prasad Yadav,Swatantra,,3,M,False,Kishore Prasad Yadav,,,Parsa,Riku Yadav,,Madhesh,Parsa,Parsa-1,57225,89608,,27.15,84.8833
2106,341958,Abhinash Chaurasiya,Swatantra,,3,M,False,Mahendra Raut Barai,,,Parsa,,,Madhesh,Parsa,Parsa-1,57225,89608,,27.15,84.8833
2107,342545,Aryashashikala Raut,Swatantra,,3,F,False,बशिस्ठ नारायण राउत,,,Parsa Birganj Municipal Corporation Bhiswa,रामसुन्द्रर प्रसाद आर्य,,Madhesh,Parsa,Parsa-1,57225,89608,,27.15,84.8833
2108,339781,Dipa Kumara Barma,Swatantra,,3,M,False,राम वृक्ष प्रसाद,+2,,Parsa Birganj Metropolitan Municipality Sripur,,,Madhesh,Parsa,Parsa-1,57225,89608,Higher Secondary / Intermediate (10+2 / PCL),27.15,84.8833
2109,339697,Bishal Kumar Pandey,Swatantra,,3,M,False,अशोक  पाण्‍डेय,स्नातक,,Parsa Birganj Metropolitan City Radhemai,,,Madhesh,Parsa,Parsa-1,57225,89608,Bachelor's Degree,27.15,84.8833
2110,341699,Prem Mehata,Swatantra,,1,M,False,शिव प्रसाद कोइरी,,,Parsa Birganj Metropolitan City Nagwa,,,Madhesh,Parsa,Parsa-1,57225,89608,,27.15,84.8833
2111,339566,Saroj Prasad Yadav,Swatantra,,1,M,False,चन्द्रिका राउत अहिर,+2,,Parsa Birganj Metropolitan City Dry Chain,बबिता देवी यादव,,Madhesh,Parsa,Parsa-1,57225,89608,Higher Secondary / Intermediate (10+2 / PCL),27.15,84.8833
2112,340881,Shushil Kumar Kanu,Rastriya Swatantra Party,2528.0,30740,M,True,मदन प्रसाद कानु,+2,TU,Parsa Birganj Metropolitan City Ghadiarwa,,"सबैया साझेदारी बनको प्रतिनिधि
वीरगंज म.न.पा. को कार्यपालिका सदस्य
वीरगंज म.न.पा. को वडा अध्यक्षको रुपमा काम गरेको",Madhesh,Parsa,Parsa-2,61310,95112,Higher Secondary / Intermediate (10+2 / PCL),27.1,84.8333
2113,341532,Ajay Kumar Chaurasiya,Nepali Congress,2583.0,11890,M,False,Ramananda Raut Kurmi,स्‍नातक,भारत,Parsa,अनिता देवी चौरसिया,"राजनिति
समाज सेवा",Madhesh,Parsa,Parsa-2,61310,95112,Bachelor's Degree,27.1,84.8333
2114,340311,Rima Kumari Yadav,Nepal Communist Party (Ekikrit Marxbadi Leninbadi),2598.0,11605,F,False,Dr. Hari Kishore Chaurasiya,बि. एड.,हरिखेतान बहुमुखी क्याम्पस,Parsa,Anita Devi Chaurasiya,सामाजिक सेवा,Madhesh,Parsa,Parsa-2,61310,95112,Bachelor's Degree,27.1,84.8333
2115,340405,Ashok Kumar Agrawal,"Janata Samajbadi Party, Nepal",2542.0,2642,M,False,Bhagyanath Prasad Kanu,बि. कम.,बिहार युनिभर्सिटी भारत,Parsa,Sunita Kumari Gupta,"ब्यापार 
उद्योग संगठन निर्माण
कृषि क्षेत्र",Madhesh,Parsa,Parsa-2,61310,95112,Bachelor's Degree,27.1,84.8333
2116,340943,Vina Jaisaval,Rastriya Prajatantra Party,2604.0,1999,F,False,बिनोद कुमार जैसवाल,एम बि ए,ब्याङ्गलोर युनिभर्सिटी,Parsa Birgunj Metropolitan City,राज प्रताप सिंह,"निवर्तमान सासंद
सामाजिक सेवा ",Madhesh,Parsa,Parsa-2,61310,95112,Master's Degree,27.1,84.8333
2117,341197,Manoj Kumar Chaudhary,Nepali Communist Party,2557.0,913,M,False,Madan Prasad Kanu,स्नातकोत्तर,त्रिभुवन युनिभर्सिटी,Parsa,,राजनितिक सेवा,Madhesh,Parsa,Parsa-2,61310,95112,Master's Degree,27.1,84.8333
2118,339315,Amitabhav Bacchan Das Tatma,Pragatishil Loktantrik Party,2516.0,330,M,False,दिनेश्‍वर  दास,स्नातकोत्तर ,ठाकुरराम बहुमुखि क्याम्पस बीरगंज,Parsa Birganj Metropolitan City Jasauli,,समाज सेवा,Madhesh,Parsa,Parsa-2,61310,95112,Master's Degree,27.1,84.8333
2119,341239,Shyam Prasad Gupta,Janamat Party,2585.0,228,M,False,Gokarna Prasad Koiri,स्नातकोत्तर,त्रिभुवन विश्वविध्यालय,Bara,Asha Kumari Singh,"सञ्चारकर्मी 
समाज सेवा",Madhesh,Parsa,Parsa-2,61310,95112,Master's Degree,27.1,84.8333
2120,340607,Ranju Kumari Sah,Aam Janata Party (Ekal Chunab Chinha),2581.0,203,F,False,Janakdhari Raut,स्नातक ,त्रिभुवन युनिभर्सिटी,Parsa,Anita Yadav,,Madhesh,Parsa,Parsa-2,61310,95112,Bachelor's Degree,27.1,84.8333
2121,340238,Santosh Kumar Patel,Nepal Janata Party,2507.0,178,M,False,Gyanlal Prasad,स्नातक,ठाकुर राम बहुमुखी क्याम्पस वीरगंज,Parsa,Sita Devi,"समाज सेवा 
धार्मिक सेवा
गौ माता सेवा
",Madhesh,Parsa,Parsa-2,61310,95112,Bachelor's Degree,27.1,84.8333
2122,341435,Krishna Murari Prajapati,Ujyalo Nepal Party,2566.0,148,M,False,Islam Miya Dhobi,बि बि एस र सिए फाइनल,TU र ICAI,Parsa,Mairul Khatun,"प्रशिक्षण प्राप्‍त 3 बर्ष
Auditing, Tax & Finance को क्षेत्रमा 7 बर्ष
NGO 3 बर्ष",Madhesh,Parsa,Parsa-2,61310,95112,Bachelor's Degree,27.1,84.8333
2123,342025,Laxmi Narayan Gupta,Swatantra,,100,M,False,Rameshwar Thakur,साधारण लेखपढ,,Parsa,Pratima Devi,,Madhesh,Parsa,Parsa-2,61310,95112,Literate / Non-Formal,27.1,84.8333
2124,340526,Pundeshowr Prasad Yadav,Shram Sanskriti Party,2501.0,83,M,False,अनवत राउत अहिर,+2,HSEB,Parsa Birganj Municipal Corporation Bhiswa,प्रमिता देवी,सामाजिक सेवा,Madhesh,Parsa,Parsa-2,61310,95112,Higher Secondary / Intermediate (10+2 / PCL),27.1,84.8333
2125,341822,Shiva Bachan Thakur Lohar,Swatantra,,63,M,False,रामेश्‍वर  ठाकुर,साधारण लेखपढ,,Parsa Bindbasini Rural Municipality Amarpatti,प्रतिमा  देवी,,Madhesh,Parsa,Parsa-2,61310,95112,Literate / Non-Formal,27.1,84.8333
2126,341959,Dev Shankar Yadav,Jan Adhikar Party,2540.0,30,M,False,Dharmadev Prasad Sah Teli,SLC,Nepal Board,Parsa,अनिता  यादव,,Madhesh,Parsa,Parsa-2,61310,95112,Secondary Education (Grade 9-10 / SLC / SEE),27.1,84.8333
2127,340041,Phiroja Miyan,Rastriya Mukti Party Nepal (Ekal Chunab Chinha),2531.0,29,M,False,ईसलाम मियाँ धोवी,साधारण लेखपढ,,Parsa Birganj Metropolitan Municipality Sripur,मैरुल  खातुन,,Madhesh,Parsa,Parsa-2,61310,95112,Literate / Non-Formal,27.1,84.8333
2128,341683,Birendra Prasad,Jaya Matribhumi Party,2510.0,21,M,False,Anwat Raut Ahir,साधारण लेखपढ,,Parsa,Pramita Devi,कृषि ,Madhesh,Parsa,Parsa-2,61310,95112,Literate / Non-Formal,27.1,84.8333
2129,342437,Umesh Prasad Sah Teli,Swatantra,,17,M,False,Gopal Prasad Yadav,साधारण लेखपढ,,Parsa,,,Madhesh,Parsa,Parsa-2,61310,95112,Literate / Non-Formal,27.1,84.8333
2130,342381,Rabindra Kumar Chaudhary,Swatantra,,16,M,False,Ramjeet Sahani Malah,साधारण लेखपढ,,Parsa,,,Madhesh,Parsa,Parsa-2,61310,95112,Literate / Non-Formal,27.1,84.8333
2131,340998,Bikash Kumar Sah,Nepal Loktantrik Party,2553.0,12,M,False,Diplal Prasad Kurmi,10,एस एल सी,Parsa,Ramita Kumari,,Madhesh,Parsa,Parsa-2,61310,95112,Secondary Education (Grade 9-10 / SLC / SEE),27.1,84.8333
2132,342352,Santosh Mahato,Swatantra,,12,M,False,मोहनलाल  धानुक,साधारण लेखपढ,,Parsa Birganj Municipal Corporation Musaili,पुनम  देवी,,Madhesh,Parsa,Parsa-2,61310,95112,Literate / Non-Formal,27.1,84.8333
2133,340096,Rakesh Kumar Sahani,Swatantra,,10,M,False,Radha Raut Barai,बि एस सी आई टी ,लब्ली प्रोफेशनल युनिभर्सिटी भारत,Parsa,Sarita Devi,,Madhesh,Parsa,Parsa-2,61310,95112,Bachelor's Degree,27.1,84.8333
2134,341603,Kishori Prasad Yadav,Swatantra,,9,M,False,Sabichhan Sah Rauniyar,BALLB,PU,Parsa,Satyanarayan Sah Rauniyar,"समाजसेवी
विधार्थी युवा नेता
विभिन्न वाल क्लवहरु र NGO हरुमा काम गरेको
",Madhesh,Parsa,Parsa-2,61310,95112,Bachelor's Degree,27.1,84.8333
2135,341855,Manoj Sah Kanu,Swatantra,,7,M,False,Shivnath Mahato Dhanuk,साधारण लेखपढ,,Parsa,Jyoti Devi,,Madhesh,Parsa,Parsa-2,61310,95112,Literate / Non-Formal,27.1,84.8333
2136,339337,Mukesh Kushwaha,Nepal Majdur Kisan Party,2578.0,6,M,False,Dineshwar Das,एस एल सी,मदर्सा विद्यालय बारा ,Parsa,आशा कुमारी सिंह,,Madhesh,Parsa,Parsa-2,61310,95112,Secondary Education (Grade 9-10 / SLC / SEE),27.1,84.8333
2137,342478,Krishna Kumar Giri,Swatantra,,5,M,False,Suresh Sah Kanu,SLC,Nepal,Parsa,Gyanti Kumari,,Madhesh,Parsa,Parsa-2,61310,95112,Secondary Education (Grade 9-10 / SLC / SEE),27.1,84.8333
2138,341638,Mahesh Mahato Dhanuk,Swatantra,,5,M,False,Late Umesh Chaudhary,साधारण लेखपढ,,Parsa,ज्योती  देवी,,Madhesh,Parsa,Parsa-2,61310,95112,Literate / Non-Formal,27.1,84.8333
2139,341894,Kismati Devi,Swatantra,,3,F,False,Vijaychandra Giri,साधारण लेखपढ,,Parsa,Unita Kumari Giri,,Madhesh,Parsa,Parsa-2,61310,95112,Literate / Non-Formal,27.1,84.8333
2140,342112,Saheb Prasad Ram,Swatantra,,3,M,False,Mohanlal Dhanuk,+2,नेपाल,Parsa,Punam Devi,,Madhesh,Parsa,Parsa-2,61310,95112,Higher Secondary / Intermediate (10+2 / PCL),27.1,84.8333
2141,341767,Ramnaresh Prasad Chaurasiya,Swatantra,,2,M,False,Ramananda Raut,साधारण लेखपढ,,Parsa,सरिता  देवी,,Madhesh,Parsa,Parsa-2,61310,95112,Literate / Non-Formal,27.1,84.8333
2142,342328,Roshan Prasad Ahir,Swatantra,,1,M,False,रामानान्द  राउत,साधारण लेखपढ,,Parsa Parsagadhi Municipality Chainpur,,,Madhesh,Parsa,Parsa-2,61310,95112,Literate / Non-Formal,27.1,84.8333
2143,340309,Raakanta Prasad Chaurasiya,Rastriya Swatantra Party,2528.0,29679,M,True,गया प्रसाद चौरसीया,दश,,PARSA BIRGANJ MUNICIPALITY WARWAGOG,पुष्‍पा  चौरसीया,,Madhesh,Parsa,Parsa-3,62383,96529,Secondary Education (Grade 9-10 / SLC / SEE),27.05,84.7833
2144,342129,Surendra Prasad Chaudhary,Nepali Congress,2583.0,16366,M,False,Chanardev Raut Ahir,स्‍नातकोतर (M.A),TU,Parsa,Savita Yadav,,Madhesh,Parsa,Parsa-3,62383,96529,Master's Degree,27.05,84.7833
2145,340588,Rupesh Kumar Pandey,Nepal Communist Party (Ekikrit Marxbadi Leninbadi),2598.0,11914,M,False,Ramdayal Mahato Tharu,स्‍नातक,,Parsa,Gita Devi Chaudhary,,Madhesh,Parsa,Parsa-3,62383,96529,Bachelor's Degree,27.05,84.7833
2146,340853,Chotelal Prasad Yadav,Nepali Communist Party,2557.0,2137,M,False,चनरदेव राउत अहिर,Master Degree,TU Nepal,Parsa Bindbasini Rural Municipality,सविता  यादव,,Madhesh,Parsa,Parsa-3,62383,96529,Master's Degree,27.05,84.7833
2147,341469,Malati Kuari Kushwaha,Janamat Party,2585.0,583,F,False,रामानन्द प्रसाद कोइरी,एस एल सी,,Parsa Bahudarmai Municipality,फुलेना प्रसाद कुशवाहा,"सामाजिक सेवा, महिला शक्ति सशक्तीकरण, अस्थायी अस्तर कार्यकक्ष, राजनितिक संगठन अनुभव",Madhesh,Parsa,Parsa-3,62383,96529,Secondary Education (Grade 9-10 / SLC / SEE),27.05,84.7833
2148,341150,Mohamda Eestakhar,Aam Janata Party (Ekal Chunab Chinha),2581.0,285,M,False,महम्मद एज्रायल मिया,SLC,,Parsa Pokhria Municipality,,सामाजिक सेवा,Madhesh,Parsa,Parsa-3,62383,96529,Secondary Education (Grade 9-10 / SLC / SEE),27.05,84.7833
2149,342632,Raj Kumar Yadav,Jaya Matribhumi Party,2510.0,265,M,False,Gopichand Sah Kanu,BBA,न.रा.मा.वि,Parsa,रीता  यादव,नेपाल बैंक लि. को का.स. प्रमुख,Madhesh,Parsa,Parsa-3,62383,96529,Bachelor's Degree,27.05,84.7833
2150,342482,Ajij Miya Dhuniya,Swatantra,,257,M,False,Israil Miya Dhobi,7 पास,,Parsa,Resma Khatun,,Madhesh,Parsa,Parsa-3,62383,96529,Basic Education (Up to Grade 8),27.05,84.7833
2151,342036,Navina Kumara Sinh,Rastriya Prajatantra Party,2604.0,233,M,False,रामचन्द्र  सिंह,सिभिल ईन्जिनियर,,Parsa Birganj Municipal Corporation Murli Garden,,,Madhesh,Parsa,Parsa-3,62383,96529,Bachelor's Degree,27.05,84.7833
2152,342601,Nagendra Prasad Yadav,"Janata Samajbadi Party, Nepal",2542.0,168,M,False,Ramananda Prasad Koiri,,,Parsa,Phulena Prasad Kushwaha,,Madhesh,Parsa,Parsa-3,62383,96529,,27.05,84.7833
2153,341792,Ramrup Prasad Sah,Ujyalo Nepal Party,2566.0,162,M,False,Vishwanath Pandit,"C.A Final, B.com, BBS",Delhi ICAI / IGNOU,Parsa,,Auditor-10 yrs,Madhesh,Parsa,Parsa-3,62383,96529,Bachelor's Degree,27.05,84.7833
2154,340785,Dharmendra Tiwari,Nepal Janata Party,2507.0,129,M,False,Sukai Mahato,साक्षर,,Parsa,Babita Mahato,,Madhesh,Parsa,Parsa-3,62383,96529,Literate / Non-Formal,27.05,84.7833
2155,342573,Manoj Pandit Kumhal,Rastriya Mukti Party Nepal (Ekal Chunab Chinha),2531.0,76,M,False,Mahammad Ezrayal Miya,,,Parsa,,,Madhesh,Parsa,Parsa-3,62383,96529,,27.05,84.7833
2156,342715,Bishwanath Mahato,Sanyukta Nagarik Party,2521.0,43,M,False,सुकई  महतो,,,Parsa Sakhuwa Prasauni Rural Municipality Sakhunia,बविता  महतो,,Madhesh,Parsa,Parsa-3,62383,96529,,27.05,84.7833
2157,339345,Saroj Kumar Sah,Nepal Majdur Kisan Party,2578.0,16,M,False,Vrijnath Tiwari,स्‍नातकोतर (M.ED),T.U,Parsa,Rita Devi,राजनितिक,Madhesh,Parsa,Parsa-3,62383,96529,Master's Degree,27.05,84.7833
2158,342429,Pradip Kumar Sah,Swatantra,,14,M,False,Madan Mahato Chai,कक्षा 10,श्री मोहवनी मा.वि. पोखरिया न.पा-६,Parsa,Ranju Kumari Chauhan,,Madhesh,Parsa,Parsa-3,62383,96529,Secondary Education (Grade 9-10 / SLC / SEE),27.05,84.7833
2159,342326,Rajkishor Prasad Chauhan,Swatantra,,14,M,False,Sahadev Raut Barai,SKLC,,Parsa,Sima Devi Barai,,Madhesh,Parsa,Parsa-3,62383,96529,Unspecified / Others,27.05,84.7833
2160,341980,Brijesh Prasad Chauhan,Swatantra,,10,M,False,Jamandev Mahato Chai,+2,,Parsa,रन्‍जु कुमारी चौहान,,Madhesh,Parsa,Parsa-3,62383,96529,Higher Secondary / Intermediate (10+2 / PCL),27.05,84.7833
2161,342277,Shahid Ansari,Swatantra,,8,M,False,Shambhu Rauniyar,+2,,Parsa,,,Madhesh,Parsa,Parsa-3,62383,96529,Higher Secondary / Intermediate (10+2 / PCL),27.05,84.7833
2162,341866,Rambahadur Barai,Swatantra,,7,M,False,Kapildev Prasad Chaurasiya,10,श्री उच्च उचाङ्गल मा.वि. पोखरिया पर्सा,Parsa,Laxmina Devi,,Madhesh,Parsa,Parsa-3,62383,96529,Secondary Education (Grade 9-10 / SLC / SEE),27.05,84.7833
2163,341609,Vrija Kishora Prasada Chaurasiya,Swatantra,,7,M,False,कपिलदेव प्रसाद चौरसिया,10 पास,,Parsa Bindbasini Rural Municipality Itiyahi,लक्ष‍मीना  देवी,"सामाजिक सेवा, राजनितिक संगठन ",Madhesh,Parsa,Parsa-3,62383,96529,Secondary Education (Grade 9-10 / SLC / SEE),27.05,84.7833
2164,342505,Jainodin Miya Hawari,Swatantra,,6,M,False,Late Jagdev Sah,साधारण,,Parsa,Sandhya Sah,,Madhesh,Parsa,Parsa-3,62383,96529,Literate / Non-Formal,27.05,84.7833
2165,342530,Shivashankar Prasad Rauniyar,Swatantra,,4,M,False,शम्भु  रौनियार,+2,नेशनल एकेडमी,Parsa Pokhria Municipality,,,Madhesh,Parsa,Parsa-3,62383,96529,Higher Secondary / Intermediate (10+2 / PCL),27.05,84.7833
2166,342274,Tek Bhadur Shakya,Rastriya Swatantra Party,2528.0,28006,M,True,राम वहादुर शाक्य,प्रविणता प्रमाण पत्र political science ,ठाकुराम बहुमुखी क्याम्पस वीरगन्ज,Parsa Thori Rural Municipality,शारदा  शाक्य,"विभिन्‍न संघ संस्थामा काम गरेको, समाजिक सेवा, नेपाल प्रहरी अधिकृत पदमा रही काम गरेको र व्यवसायी ",Madhesh,Parsa,Parsa-4,61848,95197,Higher Secondary / Intermediate (10+2 / PCL),27.0,84.75
2167,341102,Ramesh Rijal,Nepali Congress,2583.0,12534,M,False,Rameshwar Mahato Tharu,स्नातक ,ठाकुराम बहुमुखी क्याम्पस वीरगन्ज,Parsa,Phulwanti Devi Tharuni,"नेपाल सरकारको मन्त्री भई देशको सेवा, प्रतिनिधि सभा सदस्य, संविधान निर्माण लगायत देशको प्रजातन्त्र र लोकतन्त्र गणतन्त्रको स्थापनाको लागि संघर्ष र योगदान",Madhesh,Parsa,Parsa-4,61848,95197,Bachelor's Degree,27.0,84.75
2168,339906,Jalim Miya Mansuri,Nepal Communist Party (Ekikrit Marxbadi Leninbadi),2598.0,12145,M,False,Meghraj Upadhyaya,साधारण लेखपढ,,Parsa,Shobha Kumari Sharma,"सुरु देखि हालसम्म जनताको सेवा, स्थानीय तहमा सामाजिक शैक्षिक मानवीय कार्यमा सक्रिय सहभागी र समाजमा एकता विकासमा योगदान ",Madhesh,Parsa,Parsa-4,61848,95197,Literate / Non-Formal,27.0,84.75
2169,341168,Kripasindhu Prasad,"Janata Samajbadi Party, Nepal",2542.0,4758,M,False,Vasudev Prasad Kalwar,पिचडी,गोरखपुर वि वि गोरखपुर यु.पी.,Parsa,Virendra Kumar Kalwar,"सह-प्राध्यापक, पूर्व क्याम्पस प्रमुख, पूर्व सदस्य राष्ट्रिय योजना आयोग ",Madhesh,Parsa,Parsa-4,61848,95197,Doctorate / PhD,27.0,84.75
2170,340968,Jayprakash Tharu,Nepali Communist Party,2557.0,3113,M,False,Ram Bahadur Shakya,आइ कम ,ठाकुरराम बहुमुखी क्यापस वीरगन्ज,Parsa,Sharda Shakya,ने क पा केन्द्रिय सदसय र संविधान सभा सदस्य २०७० दोस्रो ,Madhesh,Parsa,Parsa-4,61848,95197,Higher Secondary / Intermediate (10+2 / PCL),27.0,84.75
2171,342182,Sima Devi Kalwar,Janamat Party,2585.0,282,F,False,Mustakim Miya Teli,१० पास,श्री ने रा मा वि कट्टी बलुवा ,Parsa,Ruyabja Khatun,राजनिती कृषि सेवा विकास ,Madhesh,Parsa,Parsa-4,61848,95197,Secondary Education (Grade 9-10 / SLC / SEE),27.0,84.75
2172,340234,Bishnu Lopchan,Shram Sanskriti Party,2501.0,251,M,False,काइला  लोपचन,सात पास ,श्री माध्यमिक विद्यालय ,Parsa Thori Rural Municipality,क्षेवाङ्ग  तामङ्ग,राजनिती,Madhesh,Parsa,Parsa-4,61848,95197,Basic Education (Up to Grade 8),27.0,84.75
2173,342491,Binod Prasad Yadav,Ujyalo Nepal Party,2566.0,221,M,False,Mahammad Kalim Gaddi,बि फार्म,राजिव गान्थी विश्‍वविद्यालय स्वास्थ्य विज्ञान भारत बेगंलोर,Parsa,Raimul Khatun,समाजसेवी,Madhesh,Parsa,Parsa-4,61848,95197,Bachelor's Degree,27.0,84.75
2174,342083,Arun Kumar Kushwaha,Nepal Janata Party,2507.0,194,M,False,Kaila Lopchan,बि ए,ठाकुराम बहुमुखी क्याम्पस वीरगन्ज,Parsa,Kshewang Tamang,"कृषि फार्म सम्बन्धी
सुरक्षा सम्बन्धी",Madhesh,Parsa,Parsa-4,61848,95197,Bachelor's Degree,27.0,84.75
2175,342523,Shanta Kumar Joshi,Rastriya Prajatantra Party,2604.0,158,M,False,गोकुल दास जोशी,IAK CTC,रक्सौल पश्चिम चम्पारण,Parsa Jagarnathpur rural municipality,शोभा  जोशी,समाजसेवी,Madhesh,Parsa,Parsa-4,61848,95197,Unspecified / Others,27.0,84.75
2176,340403,Eemadada Gaddi,Aam Janata Party (Ekal Chunab Chinha),2581.0,47,M,False,महम्मद कालिम गद्दी,बि.ए.,बिहार  विश्‍व विद्यालय मुजफरपुर,Parsa Jagarnathpur Rural Municipality Pandepur,रैमुल  खातुन,विगत २० वर्ष देखि राजनिती गर्दै आइरहेको र समाज सेवा गरेको ,Madhesh,Parsa,Parsa-4,61848,95197,Bachelor's Degree,27.0,84.75
2177,341740,Suraji Devi Nuniya,Swatantra,,38,F,False,महेश  महतो,साक्षर ,,Parsa Jagarnathpur rural municipality Dharmapur,शम्भु महतो नुनिया,समाजसेवी ,Madhesh,Parsa,Parsa-4,61848,95197,Literate / Non-Formal,27.0,84.75
2178,342422,Tika Bahadur Gurung,Swatantra,,22,M,False,Late Radha Raut Barai,साधारण,,Parsa,Rajkumari Devi,कृषि र समाजसेवी ,Madhesh,Parsa,Parsa-4,61848,95197,Literate / Non-Formal,27.0,84.75
2179,342014,Geeta Devi Baniya,Swatantra,,19,F,False,योगिन्द्र  दास,,,Parsa Dhobini Rural Municipality Langdi,महेन्द्र दास बनिया,समाजसेवी ,Madhesh,Parsa,Parsa-4,61848,95197,,27.0,84.75
2180,342225,Indradev Prasad Mahato,Swatantra,,16,M,False,Pathal Hajara Dusad,एस एल सी,त्रिजुद्ध मा वि वीरगने्ज,Parsa,Peram Hajara Dusad,समाज सेवी ,Madhesh,Parsa,Parsa-4,61848,95197,Secondary Education (Grade 9-10 / SLC / SEE),27.0,84.75
2181,339831,Sahab Miya Teli,Nepal Majdur Kisan Party,2578.0,10,M,False,Late Kanchan Mahato Koiri,SLC,श्री मंगल माध्यमिक विद्यालय भिस्वा,Parsa,Sabita Devi Kushwaha,,Madhesh,Parsa,Parsa-4,61848,95197,Secondary Education (Grade 9-10 / SLC / SEE),27.0,84.75
2182,342335,Paras Raut Barai,Swatantra,,9,M,False,Mastikam Miya,१० पास ,श्री जिल्ला उचाङ्गल मा वि पोखरिया पर्सा ,Parsa,राजकुमारी  देवी,कृषि ,Madhesh,Parsa,Parsa-4,61848,95197,Secondary Education (Grade 9-10 / SLC / SEE),27.0,84.75
2183,341688,Uma Devi,Swatantra,,8,F,False,Bishnath Prasad Kurmi,साक्षर,,Parsa,Sheshnath Prasad Kurmi,,Madhesh,Parsa,Parsa-4,61848,95197,Literate / Non-Formal,27.0,84.75
2184,342117,Koraisa Khatun,Swatantra,,4,F,False,महमद मिया चुरिहार,साक्षर,,Parsa Dhobini Rural Municipality,फैयाद मिया चुरिहार,१० वर्ष स्थानीय तहको ,Madhesh,Parsa,Parsa-4,61848,95197,Literate / Non-Formal,27.0,84.75
2185,341020,Lukman Miya,Swatantra,,4,M,False,Jalim Maisuri,एस एल सी ,ने रा मा वि जगरनाथपुर पर्सा ,Parsa,Numaisa Khatun,समाज सेवामा निरन्तर ,Madhesh,Parsa,Parsa-4,61848,95197,Secondary Education (Grade 9-10 / SLC / SEE),27.0,84.75
2186,340710,Samsulhak Miya Dhuniya,Swatantra,,4,M,False,Mahesh Mahato,साधारण लेखपढ,,Parsa,Shambhu Mahato Nuniya,समाज सेवा ,Madhesh,Parsa,Parsa-4,61848,95197,Literate / Non-Formal,27.0,84.75
2187,340148,Sabir Ahamad,Swatantra,,3,M,False,जालिम  मैसुरी,SLC,,Parsa Jagarnathpur rural municipality,नुमैसा  खातुन,सामाजिक काम काज गर्दै आइरहेको ,Madhesh,Parsa,Parsa-4,61848,95197,Secondary Education (Grade 9-10 / SLC / SEE),27.0,84.75
2188,342308,Kanti Devi Kurmi,Swatantra,,2,F,False,Mahamad Miya Charihar,निराक्षर ,,Parsa,Faiyad Miya Churihar,समाजसेवी,Madhesh,Parsa,Parsa-4,61848,95197,Illiterate,27.0,84.75
2189,341241,Hari Dhakal,Rastriya Swatantra Party,2528.0,58208,M,True,Rama Kant Khanal,स्नातक,रत्नराज्य लक्ष्मि क्याम्पस,Chitwan,Bimala Kumari Khanal,,Bagmati,Chitwan,Chitwan-1,91899,149616,Bachelor's Degree,27.6,84.55
2190,341664,Rajendra Prasad Burlakoti,Nepali Congress,2583.0,13033,M,False,Keshav Raj Pant,10,,Dhading,हिरा देवी वुर्लाकोटी,,Bagmati,Chitwan,Chitwan-1,91899,149616,Secondary Education (Grade 9-10 / SLC / SEE),27.6,84.55
2191,339958,Dawa Dorje Lama,Nepal Communist Party (Ekikrit Marxbadi Leninbadi),2598.0,10899,M,False,Mitra Lal Burlakoti,साक्षर,,Chitwan,Hira Devi Burlakoti,,Bagmati,Chitwan,Chitwan-1,91899,149616,Literate / Non-Formal,27.6,84.55
2192,340263,Krishna Raj Panta,Nepali Communist Party,2557.0,4081,M,False,केशव राज पन्त,विध्यावारिधी,JNU DILHI,Chitwan Rapti Municipality Gadyouli,,सरकारको अर्थ निति सम्बन्धमा 15 वर्ष भन्दा बढी अनुभव हासिल ,Bagmati,Chitwan,Chitwan-1,91899,149616,Doctorate / PhD,27.6,84.55
2193,340105,Balram Sharma Khanal,Rastriya Prajatantra Party,2604.0,2302,M,False,Jaleshwar Thakur,I Com,सहिद स्मृिति बहुमुखि क्याम्पस,Parsa,Bibha Devi,,Bagmati,Chitwan,Chitwan-1,91899,149616,Higher Secondary / Intermediate (10+2 / PCL),27.6,84.55
2194,339472,Anil Tamang,Shram Sanskriti Party,2501.0,1165,M,False,Dhan Bahadur Lopchan Tamang,साक्षर,,Chitwan,,,Bagmati,Chitwan,Chitwan-1,91899,149616,Literate / Non-Formal,27.6,84.55
2195,340771,Dhan Bahadur Gurung,Ujyalo Nepal Party,2566.0,903,M,False,Krishna Bahadur Gurung,साक्षर,,Chitwan,Duwa Maya Gurung,,Bagmati,Chitwan,Chitwan-1,91899,149616,Literate / Non-Formal,27.6,84.55
2196,341976,Sanjay Rijal,Swatantra,,784,M,False,Vishnuhari Rijal,10,नेसनल बोरडिङ स्कुल,Chitwan,,,Bagmati,Chitwan,Chitwan-1,91899,149616,Secondary Education (Grade 9-10 / SLC / SEE),27.6,84.55
2197,339490,Prem Lal Chaudhary,Mongol National Organization,2511.0,123,M,False,Dev Narayan Aryal,एसएलसी ,नेपाल मा वि,Dhading,Shubhadra Aryal,,Bagmati,Chitwan,Chitwan-1,91899,149616,Secondary Education (Grade 9-10 / SLC / SEE),27.6,84.55
2198,339361,Sita Devi Chhetri,Rastriya Janamorcha,2522.0,91,F,False,Ram Bahadur Kami,साक्षर,,Chitwan,भिम वहादुर क्षेत्री,,Bagmati,Chitwan,Chitwan-1,91899,149616,Literate / Non-Formal,27.6,84.55
2199,340583,Ganesh Bahadur Shrestha,Nepal Communist Party (Maoist),2526.0,87,M,False,Kul Bahadur Shrestha,10,भण्डारा मा वि,Chitwan,Maya Shrestha,,Bagmati,Chitwan,Chitwan-1,91899,149616,Secondary Education (Grade 9-10 / SLC / SEE),27.6,84.55
2200,339592,Bikash Kami,Pragatishil Loktantrik Party,2516.0,76,M,False,Vikram Chaudhary,12,सप्तगण्डकी,Chitwan,Shobha Chaudhary,,Bagmati,Chitwan,Chitwan-1,91899,149616,Higher Secondary / Intermediate (10+2 / PCL),27.6,84.55
2201,339443,Arjun Praja,Nepal Majdur Kisan Party,2578.0,60,M,False,Tek Bahadur Chhetri,12,Bal Kumari College,Baglung,Bhim Bahadur Chhetri,,Bagmati,Chitwan,Chitwan-1,91899,149616,Higher Secondary / Intermediate (10+2 / PCL),27.6,84.55
2202,339846,Ish‍vari Guruda‍g,National Republic Nepal,2504.0,24,F,False,डम्वर वहादुर गुरुड‍्ग,साक्षर,,Chitwan Ratnanagar Municipality Panchkanya,टेक वहादुर गुरुड‍्ग,,Bagmati,Chitwan,Chitwan-1,91899,149616,Literate / Non-Formal,27.6,84.55
2203,340624,Hari Prasad Regmi,Swatantra,,20,M,False,Tanka Prasad Regmi,10,जनजाग्रिति मा वि,Chitwan,Shanta Kumari Regmi,,Bagmati,Chitwan,Chitwan-1,91899,149616,Secondary Education (Grade 9-10 / SLC / SEE),27.6,84.55
2204,339714,Durga Datt Aryal,Nepal Communist Party (Sanyukta),2601.0,18,M,False,देव नारायण अर्याल,10,Patana,Chitwan Khairhani Municipal School Toll,शुभद्रा  अर्याल,,Bagmati,Chitwan,Chitwan-1,91899,149616,Secondary Education (Grade 9-10 / SLC / SEE),27.6,84.55
2205,342288,Ajay Thakur Hajam,"Janata Samajbadi Party, Nepal",2542.0,16,M,False,Bijram Praja,12,,Chitwan,बिभा  देवी,,Bagmati,Chitwan,Chitwan-1,91899,149616,Higher Secondary / Intermediate (10+2 / PCL),27.6,84.55
2206,340330,Saurav Kadel,Swatantra,,9,M,False,Vijay Ram Kadel,12,डेजि स्कुल,Chitwan,,,Bagmati,Chitwan,Chitwan-1,91899,149616,Higher Secondary / Intermediate (10+2 / PCL),27.6,84.55
2207,340990,Rabi Lamichhane,Rastriya Swatantra Party,2528.0,54402,M,True,Lala Chandra Lamichhane,प्रमाणपत्र तह,रत्न राज्य लक्ष्मी क्याम्पस,Kathmandu,Nikita Paudel,,Bagmati,Chitwan,Chitwan-2,84232,137150,Higher Secondary / Intermediate (10+2 / PCL),27.5833,84.45
2208,340504,Meena Kumari Kharel,Nepali Congress,2583.0,14564,F,False,जय भद्र खरेल,स्नातकोत्तर,त्रिचन्द्र कलेज,Chitwan Bharatpur Metropolitan City Memorial Chowk,,,Bagmati,Chitwan,Chitwan-2,84232,137150,Master's Degree,27.5833,84.45
2209,339701,As‍mina Ghimire,Nepal Communist Party (Ekikrit Marxbadi Leninbadi),2598.0,6992,M,False,भरत वावु घिमिरे,स्नातकोत्तर,सप्तगण्डकी क्याम्पस,Chitwan Bharatpur Metropolitan Municipality Naurange,सविना  तिवारी,,Bagmati,Chitwan,Chitwan-2,84232,137150,Master's Degree,27.5833,84.45
2210,339890,Pratap Gurung,Nepali Communist Party,2557.0,4969,M,False,Dil Bahadur Gurung,slc,ज्ञानमार्ग  मा.वि.,Chitwan,Sarita Gurung,,Bagmati,Chitwan,Chitwan-2,84232,137150,Secondary Education (Grade 9-10 / SLC / SEE),27.5833,84.45
2211,340959,Milan Thapa Magar,Shram Sanskriti Party,2501.0,751,M,False,Vishnu Thapa Magar,डिग्री,पुर्व अञ्‍चलक विश्व विद्यालय,Tanahun,,,Bagmati,Chitwan,Chitwan-2,84232,137150,Bachelor's Degree,27.5833,84.45
2212,340840,Jagadishwar Adhikari,Rastriya Prajatantra Party,2604.0,707,M,False,चेत नाथ अधिकारी,,,Chitwan Bharatpur Municipal Corporation Pragati Path,तारा कुमारी अधिकारी/खतिवडा,,Bagmati,Chitwan,Chitwan-2,84232,137150,,27.5833,84.45
2213,339494,Indra Bahadur Syangtan,Swatantra,,590,M,False,Vir Bahadur Syangtan,10+2,,Makwanpur,Kanchi Maya Syangtan,,Bagmati,Chitwan,Chitwan-2,84232,137150,Higher Secondary / Intermediate (10+2 / PCL),27.5833,84.45
2214,339947,Ni. Kumar Pakhrin,Ujyalo Nepal Party,2566.0,533,M,False,जरी बहादुर पाख्रीन,slc,,Chitwan Bharatpur Metropolitan City Pleasant Toll,सानि माया पाख्रीन,,Bagmati,Chitwan,Chitwan-2,84232,137150,Secondary Education (Grade 9-10 / SLC / SEE),27.5833,84.45
2215,339591,Risha Gole,Mongol National Organization,2511.0,191,F,False,Gyan Bahadur Gole,एमवियस,वीरेन्द्र बहुमुखी क्याम्पस,Makwanpur,,,Bagmati,Chitwan,Chitwan-2,84232,137150,Master's Degree,27.5833,84.45
2216,339623,Devi Sharma,Rastriya Janamorcha,2522.0,123,F,False,धरमानन्द  सुबेदी,,,Chitwan Bharatpur Metropolitan City,डोलराज  शर्मा,,Bagmati,Chitwan,Chitwan-2,84232,137150,,27.5833,84.45
2217,341206,Dirshana Kumari Shahi,Nepal Communist Party (Maoist),2526.0,106,F,False,दुर्ग बहादुर शाही,slc,शक्तिखोर मा.वि.,Kalikot Raskot Municipality Vijaypur,,,Bagmati,Chitwan,Chitwan-2,84232,137150,Secondary Education (Grade 9-10 / SLC / SEE),27.5833,84.45
2218,341744,Nirmala Kumari Thakur,Janamat Party,2585.0,104,F,False,Chanardev Thakur Hajam,slc,,Rautahat,Surendra Thakur Hajam,,Bagmati,Chitwan,Chitwan-2,84232,137150,Secondary Education (Grade 9-10 / SLC / SEE),27.5833,84.45
2219,340805,Prakash Bahadur Pandey,Pragatishil Loktantrik Party,2516.0,58,M,False,Kaji Bahadur Pandey,,,Nawalparasi (East),,,Bagmati,Chitwan,Chitwan-2,84232,137150,,27.5833,84.45
2220,339328,Shobha Basukala,Nepal Majdur Kisan Party,2578.0,32,F,False,तुल्सी मान बासुकला,,,Bhaktapur Bhaktapur Municipality Byasi,,,Bagmati,Chitwan,Chitwan-2,84232,137150,,27.5833,84.45
2221,339514,Shakti Raj Gurung,National Republic Nepal,2504.0,23,M,False,Bandu Gurung,,,Chitwan,Parvati Gurung,,Bagmati,Chitwan,Chitwan-2,84232,137150,,27.5833,84.45
2222,340602,Kaman Singh Chaudhary,"Janata Samajbadi Party, Nepal",2542.0,22,M,False,Busai Mahato,,,Chitwan,Savita Chaudhary,,Bagmati,Chitwan,Chitwan-2,84232,137150,,27.5833,84.45
2223,341811,Devi Kumari Magar,Aam Janata Party (Ekal Chunab Chinha),2581.0,16,F,False,Dil Bahadur Chepang,,,Chitwan,Dhan Bahadur Magar,,Bagmati,Chitwan,Chitwan-2,84232,137150,,27.5833,84.45
2224,340359,Subas Mahato,"Nagarik Unmukti Party, Nepal (Ekal Chunab Chinha)",2531.0,13,M,False,Jallu Ram Mahato,10+2,,Chitwan,,,Bagmati,Chitwan,Chitwan-2,84232,137150,Higher Secondary / Intermediate (10+2 / PCL),27.5833,84.45
2225,340683,Krishna Prasad Chapagain,Swatantra,,12,M,False,Chandra Kant Chapagai,,,Nawalparasi (East),,,Bagmati,Chitwan,Chitwan-2,84232,137150,,27.5833,84.45
2226,342089,Shanku Prasad Jaisi,Swatantra,,12,M,False,Kala Prasad Jaisi,master,,Mugu,,,Bagmati,Chitwan,Chitwan-2,84232,137150,Master's Degree,27.5833,84.45
2227,342018,Rabi Kumal,Swatantra,,5,M,False,Rajendra Kumal,slc,,Chitwan,,,Bagmati,Chitwan,Chitwan-2,84232,137150,Secondary Education (Grade 9-10 / SLC / SEE),27.5833,84.45
2228,341302,Prabin Sapkota,Swatantra,,4,M,False,हरीराम  सापकोटा,स्नातक,वीरेन्द्र बहुमुखी क्याम्पस,Chitwan Bharatpur Metropolitan City Koltandi,,,Bagmati,Chitwan,Chitwan-2,84232,137150,Bachelor's Degree,27.5833,84.45
2229,339402,Pratap Singh Tamang,Swatantra,,3,M,False,Surya Bahadur Tamang,,,Chitwan,Hari Maya Tamang,,Bagmati,Chitwan,Chitwan-2,84232,137150,,27.5833,84.45
2230,341145,Sobita Gautam,Rastriya Swatantra Party,2528.0,59277,F,True,Krishna Prasad Gautam,स्नातकोत्तर (कानून),,Dolakha,Grihendra Ghimire,,Bagmati,Chitwan,Chitwan-3,96658,155289,Master's Degree,27.55,84.35
2231,339835,Renu Dahal,Nepali Communist Party,2557.0,20615,F,False,Pushpa Kamal Dahal,,,Chitwan,Anil Kumar Pathak,,Bagmati,Chitwan,Chitwan-3,96658,155289,,27.55,84.35
2232,340483,Tek Prasad Gurung,Nepali Congress,2583.0,8344,M,False,Dambar Singh Gurung,SLC,,Chitwan,Shir Maya Gurung,,Bagmati,Chitwan,Chitwan-3,96658,155289,Secondary Education (Grade 9-10 / SLC / SEE),27.55,84.35
2233,340259,Shankar Raj Thapaliya,Nepal Communist Party (Ekikrit Marxbadi Leninbadi),2598.0,5004,M,False,Madhusudan Thapaliya,,,Chitwan,Yamuna Thapaliya,,Bagmati,Chitwan,Chitwan-3,96658,155289,,27.55,84.35
2234,339936,Dipak Thapa (Magar),Rastriya Prajatantra Party,2604.0,1226,M,False,Tilak Bahadur Thapa (Magar),स्नातक,,Chitwan,Nitu Thapa (Magar),,Bagmati,Chitwan,Chitwan-3,96658,155289,Bachelor's Degree,27.55,84.35
2235,339575,Tojman Gurung,Shram Sanskriti Party,2501.0,650,M,False,Durga Bahadur Gurung,SLC,,Chitwan,,,Bagmati,Chitwan,Chitwan-3,96658,155289,Secondary Education (Grade 9-10 / SLC / SEE),27.55,84.35
2236,341085,Dambar Bahadur Tamang,Ujyalo Nepal Party,2566.0,414,M,False,Singhe Tamang,SLC,,Chitwan,Juna Tamang,,Bagmati,Chitwan,Chitwan-3,96658,155289,Secondary Education (Grade 9-10 / SLC / SEE),27.55,84.35
2237,339304,Indra Maya Paudel,Swatantra,,398,F,False,Buddhi Sagar Paudel,स्नातक तह,विरेन्द्र बहुमुखी कलेज,Chitwan,Krishna Raj Neupane,,Bagmati,Chitwan,Chitwan-3,96658,155289,Bachelor's Degree,27.55,84.35
2238,341817,Buddhi Raj Tamang,Pragatishil Loktantrik Party,2516.0,246,M,False,Ranbir Tamang,+2,,Chitwan,Jamuna Lama,,Bagmati,Chitwan,Chitwan-3,96658,155289,Higher Secondary / Intermediate (10+2 / PCL),27.55,84.35
2239,340775,Ashik Prasad Mahato,Nepal Communist Party (Maoist),2526.0,110,M,False,Goriya Prasad Mahato,स्नातक,,Chitwan,,,Bagmati,Chitwan,Chitwan-3,96658,155289,Bachelor's Degree,27.55,84.35
2240,339615,Tek Bahadur Tamang,Mongol National Organization,2511.0,93,M,False,Man Bahadur Tamang,SLC,,Chitwan,Shushma Tamang,,Bagmati,Chitwan,Chitwan-3,96658,155289,Secondary Education (Grade 9-10 / SLC / SEE),27.55,84.35
2241,341878,Ranjana Paudel,Swatantra,,85,F,False,Daya Nidhi Regmi,,,Chitwan,Ganesh Paudel,,Bagmati,Chitwan,Chitwan-3,96658,155289,,27.55,84.35
2242,340319,Krishna Bahadur K.C.,Rastriya Janamorcha,2522.0,62,M,False,रुद्र बहादुर के् सी,SLC,,Chitwan Bharatpur Metropolitan City Jamire,बम कुमारी के् सी,,Bagmati,Chitwan,Chitwan-3,96658,155289,Secondary Education (Grade 9-10 / SLC / SEE),27.55,84.35
2243,342041,Jit Bahadur B.K.,Nepal Communist Party (Sanyukta),2601.0,29,M,False,नर बहादुर बि.क.,,,Chitwan Bharatpur Metropolitan City,,,Bagmati,Chitwan,Chitwan-3,96658,155289,,27.55,84.35
2244,340870,Seti Maya Tamang,National Republic Nepal,2504.0,27,F,False,Krishna Bahadur Tamang,,,Chitwan,Dhan Singh Tamang,,Bagmati,Chitwan,Chitwan-3,96658,155289,,27.55,84.35
2245,341480,Hari Maya Mahato,"Nagarik Unmukti Party, Nepal (Ekal Chunab Chinha)",2531.0,18,F,False,Ratna Bahadur Mahato,,,Nawalparasi (East),Baliram Mahato,,Bagmati,Chitwan,Chitwan-3,96658,155289,,27.55,84.35
2246,339670,Madhu Maya Adhikari,Swatantra,,17,F,False,Vishnu Prasad Adhikari,कक्षा 10,,Chitwan,Gopi Lal Devkota,,Bagmati,Chitwan,Chitwan-3,96658,155289,Secondary Education (Grade 9-10 / SLC / SEE),27.55,84.35
2247,341673,Bijan Gurung,Rastriya Nagarik Party,2532.0,12,M,False,Tanka Bahadur Gurung,SLC,,Chitwan,,,Bagmati,Chitwan,Chitwan-3,96658,155289,Secondary Education (Grade 9-10 / SLC / SEE),27.55,84.35
2248,339477,Badri Lakshmi Kavan,Nepal Majdur Kisan Party,2578.0,8,F,False,बल राम कवां,प्रमाण पत्र तह,,Bhaktapur Bhaktapur Municipality Byasi,राम गोपाल कोजु,,Bagmati,Chitwan,Chitwan-3,96658,155289,Higher Secondary / Intermediate (10+2 / PCL),27.55,84.35
2249,342135,Thaman Singh Sunar,"Janata Samajbadi Party, Nepal",2542.0,7,M,False,रख बहादुर सुनार,एस एल सि,,Chitwan Madi Municipality Bagai, ,,Bagmati,Chitwan,Chitwan-3,96658,155289,Secondary Education (Grade 9-10 / SLC / SEE),27.55,84.35
2250,341743,Parvati Paudel (Kafle),Swatantra,,7,F,False,Meghnath Paudel,,,Syangja,Mahadatta Kafle,,Bagmati,Chitwan,Chitwan-3,96658,155289,,27.55,84.35
2251,341286,Rol Bahadur Gurung,Swatantra,,5,M,False,Kashiraj Gurung,,,Chitwan,Anisha Gurung,,Bagmati,Chitwan,Chitwan-3,96658,155289,,27.55,84.35
2252,340532,Krishna Prasad Adhikari,Swatantra,,4,M,False,Vishnu Prasad Adhikari,+2,,Chitwan,Sanju Adhikari,,Bagmati,Chitwan,Chitwan-3,96658,155289,Higher Secondary / Intermediate (10+2 / PCL),27.55,84.35
2253,340913,Sudhan Gurung,Rastriya Swatantra Party,2528.0,29896,M,True,Dil Bahadur Gurung,,,Gorkha, ,,Gandaki,Gorkha,Gorkha-1,61390,120507,,28.25,84.85
2254,340758,Prem Kumar Khatri,Nepali Congress,2583.0,15398,M,False,Buddhi Bahadur Khatri,,,Gorkha,,,Gandaki,Gorkha,Gorkha-1,61390,120507,,28.25,84.85
2255,339785,Hari Raj Adhikari,Nepali Communist Party,2557.0,11124,M,False,Thir Bahadur Adhikari,,,Gorkha,Naumata Adhikari (Pun Magar),,Gandaki,Gorkha,Gorkha-1,61390,120507,,28.25,84.85
2256,340183,Ram Chandra Lamichhane,Nepal Communist Party (Ekikrit Marxbadi Leninbadi),2598.0,3732,M,False,Danda Pani Lamichhane,,,Gorkha,,,Gandaki,Gorkha,Gorkha-1,61390,120507,,28.25,84.85
2257,339375,Ramkaji Rana Magar,Ujyalo Nepal Party,2566.0,489,M,False,Tanka Bahadur Rana Magar,,,Kathmandu,Shakuntala Rana Magar,,Gandaki,Gorkha,Gorkha-1,61390,120507,,28.25,84.85
2258,340360,Kedar Mani Khanal,Rastriya Prajatantra Party,2604.0,310,M,False,Tej Prasad Khanal,,,Gorkha,Sangita Pokharel,,Gandaki,Gorkha,Gorkha-1,61390,120507,,28.25,84.85
2259,339630,Jit Bahadur Ghale,Sanyukta Nagarik Party,2521.0,165,M,False,Kim Lal Ghale,,,Gorkha,,,Gandaki,Gorkha,Gorkha-1,61390,120507,,28.25,84.85
2260,339531,Dev Bahadur Thapa,Mongol National Organization,2511.0,142,M,False,Ran Bahadur Thapa,,,Gorkha,,,Gandaki,Gorkha,Gorkha-1,61390,120507,,28.25,84.85
2261,340867,Bishnu Prasad Rijal,Nepal Communist Party (Maoist),2526.0,57,M,False,लक्ष्मी प्रसाद रिजाल,,,Gorkha Gandaki Rural Municipality Churling,किरण  रिजाल,,Gandaki,Gorkha,Gorkha-1,61390,120507,,28.25,84.85
2262,339770,Akash Rana Magar,National Republic Nepal,2504.0,35,M,False,Dhan Bahadur Rana Magar,,,Gorkha,Punam Rana Magar,,Gandaki,Gorkha,Gorkha-1,61390,120507,,28.25,84.85
2263,341807,Kabita Bhattarai,Swatantra,,23,F,False,Kapil Prasad Bhattari,,,Gorkha,Shantos Simkhada,,Gandaki,Gorkha,Gorkha-1,61390,120507,,28.25,84.85
2264,339350,Manu Kumari Shrestha,Nepal Majdur Kisan Party,2578.0,19,F,False,Chhabi Lal Shrestha,,,Gorkha,Vishnu Prasad Shrestha,,Gandaki,Gorkha,Gorkha-1,61390,120507,,28.25,84.85
2265,339991,Kabindra Burlakoti,Rastriya Swatantra Party,2528.0,26660,M,True,Rajaram Burlakoti,,,Gorkha,Nita Oliya,,Gandaki,Gorkha,Gorkha-2,54147,108506,,28.05,84.65
2266,340687,Prakash Chandra Dawadi,Nepali Congress,2583.0,11700,M,False,Rishi Ram Dawadi,,,Gorkha,Kabita Bhatta (Dawadi),,Gandaki,Gorkha,Gorkha-2,54147,108506,,28.05,84.65
2267,340023,Lekhnath Neupane,Nepali Communist Party,2557.0,11073,M,False,Kuber Datta Neupane,,,Gorkha,Laxmi Bhattarai,,Gandaki,Gorkha,Gorkha-2,54147,108506,,28.05,84.65
2268,340387,Milan Gurung,Nepal Communist Party (Ekikrit Marxbadi Leninbadi),2598.0,3087,M,False,Iman Singh Gurung,,,Gorkha,Indu Gurung,,Gandaki,Gorkha,Gorkha-2,54147,108506,,28.05,84.65
2269,340237,Balram Tamang,Ujyalo Nepal Party,2566.0,639,M,False,Jar Singh Tamang,,,Gorkha,,,Gandaki,Gorkha,Gorkha-2,54147,108506,,28.05,84.65
2270,341359,Kul Bahadur Basnet,Rastriya Prajatantra Party,2604.0,292,M,False,Rudra Singh Basnet,,,Rupandehi,Dambar Kumari Basnet,,Gandaki,Gorkha,Gorkha-2,54147,108506,,28.05,84.65
2271,339774,Som Bahadur Gurung,Mongol National Organization,2511.0,290,M,False,Nam Bahadur Gurung,,,Gorkha,Ganga Gurung,,Gandaki,Gorkha,Gorkha-2,54147,108506,,28.05,84.65
2272,341593,Tek Bahadur Pradhan,Nepal Communist Party (Maoist),2526.0,130,M,False,Shuk Bahadur Pradhan,,,Gorkha,Sharmila Pradhan (Shrestha),,Gandaki,Gorkha,Gorkha-2,54147,108506,,28.05,84.65
2273,340140,Prasad Gurung,National Republic Nepal,2504.0,111,M,False,Kashi Man Gurung,,,Gorkha,Radhdhani Gurung,,Gandaki,Gorkha,Gorkha-2,54147,108506,,28.05,84.65
2274,339310,Chuda Prasad Dhakal,Swatantra,,80,M,False,Khageshwar Dhakal,,,Gorkha,Purna Dhungana,,Gandaki,Gorkha,Gorkha-2,54147,108506,,28.05,84.65
2275,341287,Kalpana Kumal,Aam Janata Party (Ekal Chunab Chinha),2581.0,41,F,False,Bhakt Bahadur Kumal,,,Gorkha,Ram Bahadur Kumal,,Gandaki,Gorkha,Gorkha-2,54147,108506,,28.05,84.65
2276,339440,Ram Sharan Budhathoki,Nepal Majdur Kisan Party,2578.0,30,M,False,Man Bahadur Budhathoki,,,Gorkha,Lila Kumari Budhathoki,,Gandaki,Gorkha,Gorkha-2,54147,108506,,28.05,84.65
2277,341552,Hari Pokharel,Swatantra,,14,M,False,Megh Nath Pokharel,,,Gorkha,,,Gandaki,Gorkha,Gorkha-2,54147,108506,,28.05,84.65
2278,339862,Tek Bahadur Gurung,Nepali Congress,2583.0,2415,M,True,Kaji Gurung,slc,"आनन्दकुटी विद्यापिठ, स्वयम्भु",Kathmandu,Sunad Gurung Ghaleseni,समाजसेवी तथा जनप्रतिनिधि भइसकेको,Gandaki,Manang,Manang-1,2878,7000,Secondary Education (Grade 9-10 / SLC / SEE),28.55,84.2333
2279,340431,Yashoda Gurung (Subedi),Nepali Communist Party,2557.0,454,F,False,Romharsh Subedi,प्रविणता प्रमाण पत्र तह,त्रिभुवन विश्व विद्यालय,Manang,Dev Prasad Gurung,"क)अध्यापन 5 वर्ष
ख) राजनितिक ४४ वर्ष
ग) संविधान सभा सदस्य २०६४
घ) प्रतिनिधि सभा सदस्य २०७४",Gandaki,Manang,Manang-1,2878,7000,Higher Secondary / Intermediate (10+2 / PCL),28.55,84.2333
2280,339445,Ram Bahadur Ghale,Mongol National Organization,2511.0,9,M,False,Chandra Bahadur Ghale,SLC,"श्री मनोहर माध्यमिक विद्यालय, सामाखुसी",Gorkha,Kopila Ghale,"राजनीति, कृषी, व्यवसायी",Gandaki,Manang,Manang-1,2878,7000,Secondary Education (Grade 9-10 / SLC / SEE),28.55,84.2333
2281,339858,Dharma Raja Ke.si,Rastriya Swatantra Party,2528.0,33898,M,True,प्रेम बहादुर के.सी,स्नातकोत्तर,आजु विश्वविद्यालय द.कोरिया,Lamjung Sundarbazar Municipality,प्रतिभा  बास्तोला,"कलाईमेट एडभोकेसी इन्टरनेशनल
इको आई कोरिया
इको सियान कोरिया",Gandaki,Lamjung,Lamjung-1,73010,137122,Master's Degree,28.2333,84.3833
2282,339921,Prithvi Subba Gurung,Nepal Communist Party (Ekikrit Marxbadi Leninbadi),2598.0,16876,M,False,Ganga Prasad Gurung,स्नातक,अमृत साइन्स क्याम्पस त्रि.वी,Lamjung,Muni Gurung,"माध्यमिक विद्यालयमा अध्यापन 
संस्कृति पर्यटन तथा नागरिक उड्यन मन्त्री
संविधान सभा सदस्य-५ वर्ष
गण्डकी प्रदेश संस्थापक मुख्य मन्त्री-३ वर्ष
संचार तथा सुचना प्रविधि मन्त्री -१ वर्ष",Gandaki,Lamjung,Lamjung-1,73010,137122,Bachelor's Degree,28.2333,84.3833
2283,340880,Gam Prasad Gurung,Nepali Congress,2583.0,16569,M,False,Nau Bahadur Gurung,स्नातक,त्रि.वी,Lamjung,Nanda Kashi Gurung,"शिक्षण पेशा ८ वर्ष
सामाजिक संघ संस्था (रेडियो , गैर सरकारी संस्था)
जडिबुटी तथा कृषि (कृषक)",Gandaki,Lamjung,Lamjung-1,73010,137122,Bachelor's Degree,28.2333,84.3833
2284,340286,Hari Jung Tamang,Nepali Communist Party,2557.0,3371,M,False,लाल चन्द्र तमाङ,स्नातकोत्तर,त्रि.वी,Lamjung Besishahr Municipality Sadu Bhoje,,प्रदेश अस्पतालमा व्यवस्थापन समितिको अध्यक्ष,Gandaki,Lamjung,Lamjung-1,73010,137122,Master's Degree,28.2333,84.3833
2285,340075,Kebindra Jung Gurung,Rastriya Prajatantra Party,2604.0,1000,M,False,धन प्रसाद गुरुङ,८ कक्षा उत्तीर्ण,श्री अमर मा.वि,Lamjung Marsyangdi Rural Municipality Ghanpokhara,बिष्णु माया गुरुङ,"ब्रिटिस सेनामा नोकरी गरी निवृत्त भएको
राष्ट्रिय प्रजातन्त्र पार्टीमा भू पू सैनिक केन्द्रीय उपाध्यक्ष
हाल रा.प्र.पा लमजुङ जिल्ला अध्यक्ष",Gandaki,Lamjung,Lamjung-1,73010,137122,Basic Education (Up to Grade 8),28.2333,84.3833
2286,341539,Koshalal Gurung,Shram Sanskriti Party,2501.0,565,M,False,Jag Bahadur Gurung,+12,सहिद रामनाथ दाहाल क्याम्पस,Lamjung,,"व्यवसायी 
कृषी
वैदेशिक रोजगार
समाजसेवा ",Gandaki,Lamjung,Lamjung-1,73010,137122,Higher Secondary / Intermediate (10+2 / PCL),28.2333,84.3833
2287,340681,Vikasa Gurungg,Mongol National Organization,2511.0,351,M,False,ट‍ेक बहादुर गुरुङ्ग,एस.एल.सी,भद्रकाली उ.मा.वि (एस.एल.सी बोर्ड),Kaski Pokhara Metropolitan City Janpriga Milan Marg,सरिता  गुरुङ्ग,,Gandaki,Lamjung,Lamjung-1,73010,137122,Secondary Education (Grade 9-10 / SLC / SEE),28.2333,84.3833
2288,339735,Rabindra Nakhola,Nepal Communist Party (Maoist),2526.0,144,M,False,Khagraj Nakhola,एस.एल.सी,शैलपुत्री माध्यामिक विधालय (एस.एल.सी बोर्ड),Lamjung,Pramila Nakhola,समाजसेवा,Gandaki,Lamjung,Lamjung-1,73010,137122,Secondary Education (Grade 9-10 / SLC / SEE),28.2333,84.3833
2289,339439,Santosh Ghimire,Swatantra,,130,M,False,Anandaraj Ghimire,स्नातक,त्रिभुवन विश्वविद्यालय,Lamjung,,कृषि कार्य,Gandaki,Lamjung,Lamjung-1,73010,137122,Bachelor's Degree,28.2333,84.3833
2290,341272,Milan Baskota,Janadesh Party Nepal (Ekal Chunab Chinha),2581.0,53,M,False,Madhu Vilas Baskota,स्नातक,नवोदित बिधाकुञ्ज त्रि.वी ,Lamjung,,,Gandaki,Lamjung,Lamjung-1,73010,137122,Bachelor's Degree,28.2333,84.3833
2291,340008,Bharat Gurung,National Republic Nepal,2504.0,41,M,False,Suk Singh Gurung,एस.एल.सी,एस.एल.सी बोर्ड,Lamjung,Mahakali Gurung,,Gandaki,Lamjung,Lamjung-1,73010,137122,Secondary Education (Grade 9-10 / SLC / SEE),28.2333,84.3833
2292,339388,Gujeshwari Prajapati Magaju,Nepal Majdur Kisan Party,2578.0,12,F,False,धनेश्‍वरी प्रजापति,एस.एल.सी,वागेश्वरी मा.वि,Bhaktapur Bhaktapur Municipality Kwathandou,जीबन मगजु,,Gandaki,Lamjung,Lamjung-1,73010,137122,Secondary Education (Grade 9-10 / SLC / SEE),28.2333,84.3833
2293,339553,Khadak Raj Paudel,Rastriya Swatantra Party,2528.0,39883,M,True,Ram Prasad Paudel,,,Kaski,Natasha Parajuli,,Gandaki,Kaski,Kaski-1,67410,116871,,28.2833,84.05
2294,341055,Tilak Bahadur Ranabhat,Nepali Congress,2583.0,11214,M,False,Vidh Bahadur Ranabhat,,,Kaski,Sirjana Ranabhat,,Gandaki,Kaski,Kaski-1,67410,116871,,28.2833,84.05
2295,340161,Vaina Bahadura Kshetri(adhikari),Nepal Communist Party (Ekikrit Marxbadi Leninbadi),2598.0,10429,M,False,धन बहादुर अधिकारी,,,Kaski Pokhara Metropolitan City Pipaldali,देबी कुमारी के.सी.,,Gandaki,Kaski,Kaski-1,67410,116871,,28.2833,84.05
2296,340254,Rajkaji Gurung,Nepali Communist Party,2557.0,2479,M,False,Keshraj Gurung,,,Parbat,Santoshi Ale,,Gandaki,Kaski,Kaski-1,67410,116871,,28.2833,84.05
2297,340658,Bil Bahadur Tamang Lama,Shram Sanskriti Party,2501.0,1141,M,False,डेन्डुव  लामा,,,Gorkha Palungtar Municipality,,,Gandaki,Kaski,Kaski-1,67410,116871,,28.2833,84.05
2298,342205,Babu Ram Thapa,Rastriya Prajatantra Party,2604.0,978,M,False,Khadga Bahadur Thapa,,,Kaski,Shanti Thapa,,Gandaki,Kaski,Kaski-1,67410,116871,,28.2833,84.05
2299,339692,Manisha Ddha,Ujyalo Nepal Party,2566.0,670,F,False,केशव कुमार द्धा,,,Kaski Pokhara Metropolitan City Goudakomukh,,,Gandaki,Kaski,Kaski-1,67410,116871,,28.2833,84.05
2300,340451,Shree Man Thapa,Mongol National Organization,2511.0,109,M,False,देवन सिंह थापा,,,Syangja Putlibazar Municipality Sadikhola,सुमित्रा  थापा,,Gandaki,Kaski,Kaski-1,67410,116871,,28.2833,84.05
2301,340548,Krishna Bahadur Raut,Swatantra,,84,M,False,Tej Bahadur Raut,,,Khotang,Vidha Dangi,,Gandaki,Kaski,Kaski-1,67410,116871,,28.2833,84.05
2302,339500,Rabi Mohan Dhakal,Rastriya Janamorcha,2522.0,82,M,False,Heramba Raj Dhakal,,,Kaski,Parvati Dhakal,,Gandaki,Kaski,Kaski-1,67410,116871,,28.2833,84.05
2303,340872,Kumar Pariyar,Nepal Communist Party (Maoist),2526.0,81,M,False,Shuk Lal Damai,,,Syangja,Kiran Damai,,Gandaki,Kaski,Kaski-1,67410,116871,,28.2833,84.05
2304,342158,Harka Bahadur Thapa,Aam Janata Party (Ekal Chunab Chinha),2581.0,79,M,False,Bahadur Thapa,,,Bhojpur,Renuka Thapa,,Gandaki,Kaski,Kaski-1,67410,116871,,28.2833,84.05
2305,339807,Karna Bahadur Gurung,Pragatishil Loktantrik Party,2516.0,78,M,False,Ganga Prasad Gurung,,,Kaski,,,Gandaki,Kaski,Kaski-1,67410,116871,,28.2833,84.05
2306,342065,Yajnya Vahadura Gurungg,National Republic Nepal,2504.0,35,M,False,केश वहादुर गुरुङ्ग,,,Tanahun Shuklagandaki Municipality Kaprek,,,Gandaki,Kaski,Kaski-1,67410,116871,,28.2833,84.05
2307,341370,Ash Bahadur Damai,Nepal Manabatabadi Party,2503.0,25,M,False,Ram Bahadur Damai,,,Kaski,Ram Kumari Damai,,Gandaki,Kaski,Kaski-1,67410,116871,,28.2833,84.05
2308,342675,Ram Kaji Charmakar,"Janata Samajbadi Party, Nepal",2542.0,22,M,False,Krishna Bahadur Charmakar,,,Kaski,Bal Suba Charmakar,,Gandaki,Kaski,Kaski-1,67410,116871,,28.2833,84.05
2309,341805,Min Bahadur Darji,Nepal Janamukti Party,2529.0,21,M,False,Gambire Darji,,,Syangja,Kamala Devi Darji,,Gandaki,Kaski,Kaski-1,67410,116871,,28.2833,84.05
2310,339683,Uttam Prasad Paudel,Rastriya Swatantra Party,2528.0,31911,M,True,Chiranjivi Prasad Upadhyaya,स्नातक रनिङ,,Kaski,Vishnu Gurung Paudel,KEF Education kaski,Gandaki,Kaski,Kaski-2,50675,84133,Bachelor's Degree,28.2333,83.9833
2311,339977,Rashmi Acharya,Nepal Communist Party (Ekikrit Marxbadi Leninbadi),2598.0,7493,M,False,Raghunath Acharya,"स्नातकोत्तर, पि.एच.डि स्कलर",त्रिभुवन विश्वविद्यालय,Kaski,Durga Paudel,"स्व.वि.यु. सभापति पृथ्वीनारायण क्याम्पस
उपाध्यक्ष अनेरास्ववियू केन्द्रिय कमिटि
केन्द्रिय सदस्य नेकपा (एमाले)",Gandaki,Kaski,Kaski-2,50675,84133,Doctorate / PhD,28.2333,83.9833
2312,340510,Madhav Prasad Bastola,Nepali Congress,2583.0,6500,M,False,चन्द्रकान्त  वांस्तोला,स्नातकोत्तर,त्रिभुवन विश्वविद्यालय,Kaski Pokhara Metropolitan City Phulwari,सरस्‍वती  बराल,"अधिवक्ताको हैसियतले कानून व्यवसाय
स्थानीय तहको वडाध्यक्ष भै २०५४ सालको निर्वाचनमा निर्वाचित",Gandaki,Kaski,Kaski-2,50675,84133,Master's Degree,28.2333,83.9833
2313,340057,Hem Jung Gurung,Rastriya Prajatantra Party,2604.0,1643,M,False,देवी जङग गुरुङ,सिभिल इन्जिनियरिङ,ईन्डियन ईन्स्टीच्युट अफ ईन्जिनियरिङ,Lamjung Marsyangdi Rural Municipality Mirche,सुनिता  गुरुङ,विभिन्न सामाजिक एवं व्यवसायिक संघ संस्थाहरुको प्रमुख तथा सदस्य भै काम गरेको।,Gandaki,Kaski,Kaski-2,50675,84133,Bachelor's Degree,28.2333,83.9833
2314,339624,Hem Bahadur Thapa Parajuli,Nepali Communist Party,2557.0,1276,M,False,Lila Bahadur Parajuli,स्नातक,पृथ्विनारायण क्याम्पस/पाटन संयुक्त क्याम्पस,Kaski,,,Gandaki,Kaski,Kaski-2,50675,84133,Bachelor's Degree,28.2333,83.9833
2315,339808,Kushal Gurung,Ujyalo Nepal Party,2566.0,1201,M,False,Khem Bahadur Gurung,स्नातकोत्तर,त्रिभुवन विश्वविद्यालय,Kaski,Vidya Laxmi Gurung,,Gandaki,Kaski,Kaski-2,50675,84133,Master's Degree,28.2333,83.9833
2316,339855,Bishnu Prasad Tiwari,Swatantra,,140,M,False,मुक्ति राम तिवारी,कक्षा १२ पास,"श्री त्रिभुवन उच्च मा.वी. शंकर पोखरी, पर्वत",Kaski Pokhara Metropolitan City,यशोदा कुमारी तिवारी,सामाजिक क्षेत्रमा निरन्तर काम गर्दै आएको।,Gandaki,Kaski,Kaski-2,50675,84133,Higher Secondary / Intermediate (10+2 / PCL),28.2333,83.9833
2317,341844,Basant Raj Ghimire,Swatantra,,133,M,False,केशव राज घिमिरे,एस.एल.सी.,संस्कृत मा.वि.,Kaski Pokhara Metropolitan City Badalthar,कमला  घिमिरे पौडेल,,Gandaki,Kaski,Kaski-2,50675,84133,Secondary Education (Grade 9-10 / SLC / SEE),28.2333,83.9833
2318,339438,Ol Bahadur Gurung,Mongol National Organization,2511.0,123,M,False,Hari Prasad Gurung,एस.एल.सी.,राष्ट्रिय परिक्षा बोर्ड,Rupandehi,Dipa Gurung,"एस एच ओ
क्राइसिस मेनेजमेन्ट
एस.टी.डब्ल्यू.",Gandaki,Kaski,Kaski-2,50675,84133,Secondary Education (Grade 9-10 / SLC / SEE),28.2333,83.9833
2319,342169,Dipak Bhandari,Pragatishil Loktantrik Party,2516.0,100,M,False,टोप बहादुर भण्डारी,SLC,,Kaski Pokhara Metropolitan City Gharikulo,देवी  भण्डारी,,Gandaki,Kaski,Kaski-2,50675,84133,Secondary Education (Grade 9-10 / SLC / SEE),28.2333,83.9833
2320,341352,Niranjan Koirala,Swatantra,,45,M,False,Indra Prasad Koirala,पि.एच.डि.,"Soul Moon University, South Korea",Kaski,,"देश तथा विदेशमा अध्ययन अध्यापन गरेको
देश तथा विदेशमा अनुसन्धान कार्य गरेको
विश्वको TOP २% वैज्ञानिक सूचीमा सुचिकृत",Gandaki,Kaski,Kaski-2,50675,84133,Doctorate / PhD,28.2333,83.9833
2321,341735,Prem Bahadur Thapa,Nepal Communist Party (Maoist),2526.0,37,M,False,Bhaktiram Thapa,S.L.C.,अमरसिंह उच्च माध्यमिक विद्यालय,Baglung, ,"सवारी चालक
व्यवसाय
राजनीति, समाज सेवा",Gandaki,Kaski,Kaski-2,50675,84133,Secondary Education (Grade 9-10 / SLC / SEE),28.2333,83.9833
2322,341249,Khyam Bahadur Gurung,Nepal Janamukti Party,2529.0,26,M,False,Thag Bahadur Gurung,SLC,"बालसिद्ध मा.बि. केवरे, स्याङ्जा",Syangja,Manila Gurung,"भारतीय भु.पू.
२०७४ सालमा ने.क.पा. माओवादी केन्द्रको उम्मेदवार
२०७९ सालमा मंगोल नेसनल अर्गनाईजेसनको प्रदेश उम्मेदवार",Gandaki,Kaski,Kaski-2,50675,84133,Secondary Education (Grade 9-10 / SLC / SEE),28.2333,83.9833
2323,342088,Jnyana Raja Gurungg,National Republic Nepal,2504.0,19,M,False,कृष्‍ण बहादुर गुरुङ्ग,९,,Syangja Walling Municipality Tallochyare,खगीसरा  गुरुङ्ग,"सैनिक
प्राकृतिक चिकित्सा
कृषि",Gandaki,Kaski,Kaski-2,50675,84133,Secondary Education (Grade 9-10 / SLC / SEE),28.2333,83.9833
2324,340935,Ram Chandra Acharya,Swatantra,,19,M,False,Hariram Acharya,आइ.ए.,त्रिभुवन विश्वविद्यालय,Kaski,,कृषक तथा समाज सेवा,Gandaki,Kaski,Kaski-2,50675,84133,Higher Secondary / Intermediate (10+2 / PCL),28.2333,83.9833
2325,341468,Nirdosh Bikram Paudel,Swatantra,,6,M,False,Arjun Kumar Paudel,१२ उतिर्ण (बि.बि.एस. चौथो वर्ष रनिङ),जनप्रिय क्याम्पस,Kaski,,,Gandaki,Kaski,Kaski-2,50675,84133,Bachelor's Degree,28.2333,83.9833
2326,339579,Binita Awal,Nepal Majdur Kisan Party,2578.0,3,F,False,Biku Bahadur Awal,एस.एल.सी.,बागीश्वरी मा.वि. भक्तपुर,Bhaktapur,,"जेष्ठ नागरिक हेरचाह सम्बन्धी तालिम
कम्प्युटर बेसिक
सिलाई बुनाई",Gandaki,Kaski,Kaski-2,50675,84133,Secondary Education (Grade 9-10 / SLC / SEE),28.2333,83.9833
2327,339651,Bina Gurung,Rastriya Swatantra Party,2528.0,37750,F,True,Jang Bir Gurung,+2,Prithivi Narayan Campus,Parbat,Dhan Bahadur Gurung,"व्यवसाय
 समाजसेवा 
लगानी",Gandaki,Kaski,Kaski-3,62649,107552,Higher Secondary / Intermediate (10+2 / PCL),28.2,83.95
2328,341174,Manoj Gurung,Nepali Congress,2583.0,12780,M,False,Phaud Singh Gurung,एस.एल.सी,,Kaski,,पार्टी,Gandaki,Kaski,Kaski-3,62649,107552,Secondary Education (Grade 9-10 / SLC / SEE),28.2,83.95
2329,340052,Damodar Paudel Bairagi,Nepal Communist Party (Ekikrit Marxbadi Leninbadi),2598.0,7906,M,False,Chakrapani Paudel,साक्षर,,Kaski,Chuda Kumari Paudel (Acharya),राजनिति,Gandaki,Kaski,Kaski-3,62649,107552,Literate / Non-Formal,28.2,83.95
2330,340861,Gopal Giri,Nepali Communist Party,2557.0,1456,M,False,Hari Lal Giri,आइ एल,पृथ्वी नारायण क्याम्पस,Kaski,Purna Kumari Giri,"कानून व्यवसायी
सामाजिक अभियन्ता
अध्यापन",Gandaki,Kaski,Kaski-3,62649,107552,Higher Secondary / Intermediate (10+2 / PCL),28.2,83.95
2331,341062,Arjun Prasad Khanal,Rastriya Prajatantra Party,2604.0,1406,M,False,Jay Lal Khanal,स्नाकोत्तर,त्रि.वि.वि,Syangja,,"व्यवसाय
कानून
राजनिति",Gandaki,Kaski,Kaski-3,62649,107552,Master's Degree,28.2,83.95
2332,342262,Hit Kaji Gurung,Shram Sanskriti Party,2501.0,586,M,False,Jakt Singh Gurung,10,श्र बराह मा.वि,Kaski,,पुर्व सैनिक,Gandaki,Kaski,Kaski-3,62649,107552,Secondary Education (Grade 9-10 / SLC / SEE),28.2,83.95
2333,340489,Tark Bahadur Gurung,Ujyalo Nepal Party,2566.0,462,M,False,गणेश बहादुर गुरुङ्ग,एस.एल.सी,गौरी शंकर मा.वि,Kaski Machapuchhre Rural Municipality Kagan,देउता कुमारी गुरुङ्ग,,Gandaki,Kaski,Kaski-3,62649,107552,Secondary Education (Grade 9-10 / SLC / SEE),28.2,83.95
2334,341679,Kamal Khadka BK,Nepal Communist Party (Maoist),2526.0,91,M,False,धन बहादुर विश्‍वकर्मा,साक्षर,,Kaski Pokhara Metropolitan City Pipaldali,पूर्न खड्का विश्‍वकर्मा,,Gandaki,Kaski,Kaski-3,62649,107552,Literate / Non-Formal,28.2,83.95
2335,341288,Jeevan Bahadur Gurung,Mongol National Organization,2511.0,76,M,False,डम्मर बहादुर गुरुङ,+2,नारायण उच्च मा.वि,Syangja Walling Municipality,चुन मायाँ कुँवर,,Gandaki,Kaski,Kaski-3,62649,107552,Higher Secondary / Intermediate (10+2 / PCL),28.2,83.95
2336,339910,Tek Bahadur Sarki,Sanyukta Nagarik Party,2521.0,63,M,False,Gangabir Sarki,कक्षा ६,प्रगति शिक्षा सदन मा.वि,Myagdi,Shanti Sarki,"खेतिपाती
",Gandaki,Kaski,Kaski-3,62649,107552,Basic Education (Up to Grade 8),28.2,83.95
2337,340721,Om Prakash Bishwakarma,Nepal Matribhumi Party,2565.0,23,M,False,चित्र बहादुर विश्वकर्मा,स्नातक,त्रि.वि.वि.,Kaski Pokhara Metropolitan City Nirvana,पार्वती  सुनार,"वैदेशिक रोजगार
अन्तराष्ट्रिय व्यवसाय",Gandaki,Kaski,Kaski-3,62649,107552,Bachelor's Degree,28.2,83.95
2338,341347,Min Bahadur Thapa,Nepal Janamukti Party,2529.0,20,M,False,Rudra Bahadur Thapa,+2,भैरहवा साईन्स हार्यर सेकेन्डरी स्कुल,Syangja,Renuka Thapa Magar,,Gandaki,Kaski,Kaski-3,62649,107552,Higher Secondary / Intermediate (10+2 / PCL),28.2,83.95
2339,341407,Tirath Gurung,National Republic Nepal,2504.0,13,F,False,Dil Prasad Gurung,+2,भारत,Syangja,,"समाजसेवा
खेलकुद",Gandaki,Kaski,Kaski-3,62649,107552,Higher Secondary / Intermediate (10+2 / PCL),28.2,83.95
2340,340179,Kusal Thapa Chhetri,Aam Janata Party (Ekal Chunab Chinha),2581.0,12,M,False,Ram Bahadur Thapa Chhetri,कक्षा १०,,Kaski,Rina Thapa Chhetri,"कृषि
व्यापार",Gandaki,Kaski,Kaski-3,62649,107552,Secondary Education (Grade 9-10 / SLC / SEE),28.2,83.95
2341,340328,Meena Nhisutu,Nepal Majdur Kisan Party,2578.0,5,F,False,जित बहादुर न्हिसुतु,+ २ उत्तिण,वागेश्वरी मा.वि.भक्तपुर,Bhaktapur Bhaktapur Municipality Liwali,उत्तम  दुवाल,"जेष्ठ नागरिक हेरचाह तालिम
सिलाई",Gandaki,Kaski,Kaski-3,62649,107552,Higher Secondary / Intermediate (10+2 / PCL),28.2,83.95
2342,340905,Svarnima Vagle,Rastriya Swatantra Party,2528.0,38040,M,True,जीवन राज वाग्ले,phd,अष्ट्रेलियन नेशनल युनिभर्सिटी,Gorkha Shahid Lakhan Rural Municipality Bungkot,शची  वाग्ले,,Gandaki,Tanahun,Tanahun-1,65419,126855,Doctorate / PhD,27.95,84.25
2343,341255,Govind Bhattarai,Nepali Congress,2583.0,16231,M,False,नारायण दत्त भट्टराई,स्नातकोक्तर,त्रि.वि,Tanahun Beas Municipality Milantar,रामेश्‍वरी  भट्टराई,,Gandaki,Tanahun,Tanahun-1,65419,126855,Master's Degree,27.95,84.25
2344,340626,Bhagavati Nyaupane,Nepal Communist Party (Ekikrit Marxbadi Leninbadi),2598.0,5830,F,False,तिलक प्रसाद न्यौपाने,एम एड,महेन्द्र रत्न क्याम्पस काठमाडौं,Tanahun Bhanu Municipality Deuralitar,,,Gandaki,Tanahun,Tanahun-1,65419,126855,Master's Degree,27.95,84.25
2345,340708,Bidya Nath Dhakal,Nepali Communist Party,2557.0,2393,M,False,मुक्ति नाथ ढकाल,स्नातक,त्रिभुवन विश्वविद्यालय,Tanahun Bhanu Municipality Dhakalthar,शान्ता  ढकाल,,Gandaki,Tanahun,Tanahun-1,65419,126855,Bachelor's Degree,27.95,84.25
2346,340552,Kashiram Gurung,Shram Sanskriti Party,2501.0,967,M,False,Kal Bahadur Gurung,८ पास,राम शाह मा.वि,Tanahun,Babina Gurung,,Gandaki,Tanahun,Tanahun-1,65419,126855,Basic Education (Up to Grade 8),27.95,84.25
2347,340243,Ramdatta Joshi,Rastriya Prajatantra Party,2604.0,826,M,False,शंकर दत्त जोशी,B.A,T.U,Kanchanpur Belauri Municipality,,,Gandaki,Tanahun,Tanahun-1,65419,126855,Bachelor's Degree,27.95,84.25
2348,340287,Manjil Rana,Ujyalo Nepal Party,2566.0,508,M,False,Govardhan Rana,एम ए,पाटन क्याम्पस,Tanahun,-  -,,Gandaki,Tanahun,Tanahun-1,65419,126855,Master's Degree,27.95,84.25
2349,339604,Prem Bahadur Thapa,Mongol National Organization,2511.0,170,M,False,Diwal Singh Thapa,साधारण,,Tanahun,So Maya Thapa,,Gandaki,Tanahun,Tanahun-1,65419,126855,Literate / Non-Formal,27.95,84.25
2350,339562,Dipak Raj Joshi,Swatantra,,113,M,False,गोविन्द राज जोशी,स्नातकोक्तर,कोलोराडो टेक्निकल युनिभरसीटी (यूएसएस),Tanahun Beas Municipality,सुधा  जोशी,"सिस्टम परफरमेन्स इन्जिनियरको ५ वर्ष 
एप्लिकेसन डेभलपर",Gandaki,Tanahun,Tanahun-1,65419,126855,Master's Degree,27.95,84.25
2351,342061,Om Bikram Panta,Nepal Communist Party (Maoist),2526.0,112,M,False,Buddhi Bahadur Pant,एस एल सी,,Tanahun,Dilu Pant,,Gandaki,Tanahun,Tanahun-1,65419,126855,Secondary Education (Grade 9-10 / SLC / SEE),27.95,84.25
2352,339895,Yam Bahadur Ale,Nepal Janamukti Party,2529.0,76,M,False,Ut Bahadur Ale,म्याट्रिक, आर्मि स्कूल भारत,Tanahun,Radhi Ale,"२८ वर्ष भारतीय सेनामा कार्य गरेको 
निर्माण स्वरोजगार समितिमा कार्य गरेको ।",Gandaki,Tanahun,Tanahun-1,65419,126855,Secondary Education (Grade 9-10 / SLC / SEE),27.95,84.25
2353,341418,Sandesh Ranabhat Laudari,Swatantra,,73,M,False,Shankar Ranabhat,ब्याचलर,पोखरा युनिर्भिसिटी,Tanahun,,,Gandaki,Tanahun,Tanahun-1,65419,126855,Bachelor's Degree,27.95,84.25
2354,340770,Rama Lakshmi Duval,Nepal Majdur Kisan Party,2578.0,29,F,False,राम प्रसाद दुवाल,मास्टर डिग्री,ख्वप कलेज,Bhaktapur Bhaktapur Municipality Manglache,,,Gandaki,Tanahun,Tanahun-1,65419,126855,Master's Degree,27.95,84.25
2355,341545,Suman Thapa Magar,National Republic Nepal,2504.0,23,M,False,Khem Bahadur Thapa,एस एल सी,,Tanahun,,,Gandaki,Tanahun,Tanahun-1,65419,126855,Secondary Education (Grade 9-10 / SLC / SEE),27.95,84.25
2356,342096,Lekhnath Khanal,Swatantra,,18,M,False,Shri Nath Khanal,साक्षर,,Tanahun,Sima Khanal,,Gandaki,Tanahun,Tanahun-1,65419,126855,Literate / Non-Formal,27.95,84.25
2357,341349,Chija Maya Adhikari,Aam Janata Party (Ekal Chunab Chinha),2581.0,10,F,False,Ram Bahadur Basnet,,,Tanahun,Prem Bahadur Adhikari,,Gandaki,Tanahun,Tanahun-1,65419,126855,,27.95,84.25
2358,341124,Shrirama Nyaupane,Rastriya Swatantra Party,2528.0,32687,M,True,गोविन्द प्रसाद न्यौपाने,जलस्रोत ईन्जिनियरिङमा डिग्री,"पुल्चोक क्याम्पस, इ.अ.सं., त्रि.वि.वि.",Tanahun Bhanu Municipality,शीला  न्यौपाने कोइराला,"क) नेपाल सरकार खानेपानी विभागको इन्जिनियर
ख) इन्जिनियरिङ शिक्षा क्षेत्रमा प्राध्यापन
ग) मेलम्ची खानेपानी र नागढुङ्गा सुरुङ मार्गको सुरुङ निर्माणमा आयोजना निर्देशक
घ) जलविद्य‍ुत आयोजनाको प्रवर्द्वक र निर्माण व्यवसायी",Gandaki,Tanahun,Tanahun-2,62579,127491,Bachelor's Degree,27.9333,84.1
2359,341920,Shankar Bhandari,Nepali Congress,2583.0,14135,M,False,Dayanidhi Bhandari,स्‍नातक,"त्रिचन्द्र क्याम्पस, काठमाडौं",Tanahun,Anjana Upreti (Bhandari),,Gandaki,Tanahun,Tanahun-2,62579,127491,Bachelor's Degree,27.9333,84.1
2360,340267,Kedar Sigdel,Nepal Communist Party (Ekikrit Marxbadi Leninbadi),2598.0,11668,M,False,Bhoj Raj Sigdel,स्‍नातकोत्तर,त्रिभुवन विश्वविद्यालय,Tanahun,Mithu Maya Sigdel,"क) राजनिति-वैचारिक राजनैतिक र सांगठनिक काम
ख) समाज सेवा- विभिन्‍न सामाजिक संघसंस्थामा आवद्ध
ग) विकास निर्माण- सडक तथा पुर्वाधार विकासमा कृयाशिल
घ) श्रमप्रति आस्था, उत्पादन कार्यमा रुची",Gandaki,Tanahun,Tanahun-2,62579,127491,Master's Degree,27.9333,84.1
2361,340939,Som Bahadur Thapa,Nepali Communist Party,2557.0,1953,M,False,Man Bahadur Thapa,पी.एच.डी. स्कलर,त्रिभुवन विश्वविद्यालय,Tanahun,Keshari Pun Thapa,,Gandaki,Tanahun,Tanahun-2,62579,127491,Doctorate / PhD,27.9333,84.1
2362,339698,Yam Bahadur Thakuri,Rastriya Prajatantra Party,2604.0,1117,M,False,Dhal Bahadur Khan,I.A.,त्रिभुवन विश्वविद्यालय,Tanahun,Sita Kumari Hamal,"क) शिक्षण पेशा
ख) राजनिती/समाजसेवा",Gandaki,Tanahun,Tanahun-2,62579,127491,Higher Secondary / Intermediate (10+2 / PCL),27.9333,84.1
2363,340420,Susma Ale,Mongol National Organization,2511.0,495,F,False,Padam Bahadur Ale,बि.एड.,"श्री आदिकवी भानुभक्त क्याम्पस, तनहुँ",Tanahun,,,Gandaki,Tanahun,Tanahun-2,62579,127491,Bachelor's Degree,27.9333,84.1
2364,339815,Purna Bahadur Rana,Nepal Janamukti Party,2529.0,172,M,False,Lok Bir Rana,एम.ए.,त्रिभुवन विश्वविद्यालय,Tanahun,Chija Gurung,"क) खेती किसानी
ख) शिक्षण
ग) कुकिङ्ग
घ) राजनिती",Gandaki,Tanahun,Tanahun-2,62579,127491,Master's Degree,27.9333,84.1
2365,341651,Ganesh Bahadur Lamgade,Nepal Communist Party (Maoist),2526.0,122,M,False,Bil Bahadur Kami,S.L.C,"श्री जनप्रेमी मा.वि., फिरफिरे, तनहुँ",Tanahun,Sabitri Lamgade,"क) सामाजिक काम
ख) सवारी चालक",Gandaki,Tanahun,Tanahun-2,62579,127491,Secondary Education (Grade 9-10 / SLC / SEE),27.9333,84.1
2366,340579,Nam Bahadur Rana,National Republic Nepal,2504.0,105,M,False,Krishna Bahadur Rana,१० पास,श्री खैरेनीटार माध्यमिक विद्यालय,Tanahun,Milan Rana,,Gandaki,Tanahun,Tanahun-2,62579,127491,Secondary Education (Grade 9-10 / SLC / SEE),27.9333,84.1
2367,339433,Lal Bahadur Sarki (Gotame),Rastriya Janamukti Party,2605.0,95,M,False,Bhim Bahadur Sarki,SLC,श्री जनज्योती उच्च माध्यमिक विद्यालय,Tanahun,Sunita Nepali,"क) कृषि
ख) शिक्षक
ग) कलाकारिता
घ) हाउस वायरिङ",Gandaki,Tanahun,Tanahun-2,62579,127491,Secondary Education (Grade 9-10 / SLC / SEE),27.9333,84.1
2368,340778,Laxman Adhikari,Nepal Majdur Kisan Party,2578.0,30,M,False,Purna Kant Adhikari,दश कक्षा उत्तीर्ण,"श्री महेन्द्र ज्योती मा.वि., शिशाघाट, तनहुँ",Tanahun,Vishnu / Shobha Maya Adhikari,"क) विद्यालय संचालक समिति अध्यक्ष/सदस्य
ख) वन समिति सदस्य
ग) बाटो निर्माण समिति
घ) लेखापढी व्यवसायी",Gandaki,Tanahun,Tanahun-2,62579,127491,Secondary Education (Grade 9-10 / SLC / SEE),27.9333,84.1
2369,339751,Dhananjaya Regmi,Rastriya Swatantra Party,2528.0,29071,M,True,Gokul Prasad Regmi,PHD ,Hokkaido University japal ,Syangja,Sabina Regmi,,Gandaki,Syangja,Syangja-1,68036,130874,Doctorate / PhD,28.05,83.8833
2370,340298,Bharat Raj Dhakal,Nepali Congress,2583.0,18857,M,False,Rudra Prasad Dhakal,MBA,Sikkim manipal university,Syangja,Shanti Sharma,,Gandaki,Syangja,Syangja-1,68036,130874,Master's Degree,28.05,83.8833
2371,340156,Min Prasad Gurung,Nepal Communist Party (Ekikrit Marxbadi Leninbadi),2598.0,16804,M,False,Dal Bahadur Gurung,MA LLB,T U,Syangja,Bimala Gurung,,Gandaki,Syangja,Syangja-1,68036,130874,Master's Degree,28.05,83.8833
2372,339596,Sailendra Ghimire,Nepali Communist Party,2557.0,1552,M,False,पुण्‍य प्रसाद घिमिरे,B.A,T.U,Syangja Arjunchoupari rural municipality,संगीता  खडका,राजनीतिक दलमा लामो समय देखी आबद्ध,Gandaki,Syangja,Syangja-1,68036,130874,Bachelor's Degree,28.05,83.8833
2373,340676,Hukum Bahadur Rana,Rastriya Prajatantra Party,2604.0,698,M,False,Dhan Bahadur Rana,S.L.C,Hich School,Syangja,Goma Devi Rana,,Gandaki,Syangja,Syangja-1,68036,130874,Secondary Education (Grade 9-10 / SLC / SEE),28.05,83.8833
2374,342462,Piran Gurung,Shram Sanskriti Party,2501.0,489,M,False,Jit Bahadur Gurung,SLC,High School,Syangja,Bhamati Gurung,,Gandaki,Syangja,Syangja-1,68036,130874,Secondary Education (Grade 9-10 / SLC / SEE),28.05,83.8833
2375,340550,Yam Bahadur Gurung,Mongol National Organization,2511.0,216,M,False,Dil Bahadur Gurung,8 Pass,High School,Syangja, ,,Gandaki,Syangja,Syangja-1,68036,130874,Basic Education (Up to Grade 8),28.05,83.8833
2376,341698,Rabindra Malla,Ujyalo Nepal Party,2566.0,176,M,False,Nar Bahadur Malla,+2,TU,Kaski,Shashi Shrestha Malla,,Gandaki,Syangja,Syangja-1,68036,130874,Higher Secondary / Intermediate (10+2 / PCL),28.05,83.8833
2377,340102,Arjun Kumar Gurung,National Republic Nepal,2504.0,61,M,False,Dambar Bahadur Gurung,8 pass ,High School,Syangja,Prema Kumari Gurung,,Gandaki,Syangja,Syangja-1,68036,130874,Basic Education (Up to Grade 8),28.05,83.8833
2378,341803,Som Bahadur Pariyar,Nepal Communist Party (Maoist),2526.0,57,M,False,Kuche Damai,Simple,,Syangja,Sunita Pariyar,,Gandaki,Syangja,Syangja-1,68036,130874,Literate / Non-Formal,28.05,83.8833
2379,341925,Rana Bahadura Vish‍vakarma,Pragatishil Loktantrik Party,2516.0,30,M,False,काजीमान  विश्‍वकर्मा,MA,TU,Syangja Fedikhola Rural Municipality Jogithok,तारा देवी विश्‍वकर्मा,,Gandaki,Syangja,Syangja-1,68036,130874,Master's Degree,28.05,83.8833
2380,340823,Ashoka Visht,Swatantra,,25,M,False,अम्वर बहादुर विष्ट,M.A,T.U,Syangja Arjunchoupari rural municipality Simalchaur,,,Gandaki,Syangja,Syangja-1,68036,130874,Master's Degree,28.05,83.8833
2381,341404,Jhabi Lal Dumre,Rastriya Swatantra Party,2528.0,25354,M,True,Tej Lal Dumre,Masters,T.U.,Syangja,,,Gandaki,Syangja,Syangja-2,62266,117917,Master's Degree,27.9833,83.7833
2382,339732,Bhagwat Prakash Malla,Nepali Congress,2583.0,20830,M,False,गजिन्द्र प्रकाश मल्ल,Bachelor,T.U.,Syangja Chapakot Municipality Khamchedanda,पुष्पा कुमारी सेन मल्ल,,Gandaki,Syangja,Syangja-2,62266,117917,Bachelor's Degree,27.9833,83.7833
2383,340887,Khim Bahadur Thapa,Nepal Communist Party (Ekikrit Marxbadi Leninbadi),2598.0,14108,M,False,Deu Singh Thapa,,,Syangja,Ruk Maya Thapa,,Gandaki,Syangja,Syangja-2,62266,117917,,27.9833,83.7833
2384,339529,Padama Bahadura Vi.ka.,Nepali Communist Party,2557.0,848,M,False,शालिक राम सुनार,"स्नातकोत्तर, राजनीतिक शास्त्र",TU,Syangja Kaligandaki Rural Municipality Liukhark,यशोदा  घिमिरे,२०५६ साल देखि दलित आन्दोलन र माओवादी आन्दोलन समाहित भएकव सहित,Gandaki,Syangja,Syangja-2,62266,117917,Master's Degree,27.9833,83.7833
2385,340562,Ravina Pathak,Rastriya Prajatantra Party,2604.0,566,M,False,दुर्गा प्रसाद पाठक,Bachelor,TU,Syangja Walling Municipality Udiachaur,लक्ष्मी  पाठक तिवारी,,Gandaki,Syangja,Syangja-2,62266,117917,Bachelor's Degree,27.9833,83.7833
2386,340061,Tej Bahadur Thapa,National Republic Nepal,2504.0,200,M,False,Mat Bahadur Thapa,SLC,SLC,Syangja,Keshari Kumari Thapa,,Gandaki,Syangja,Syangja-2,62266,117917,Secondary Education (Grade 9-10 / SLC / SEE),27.9833,83.7833
2387,340157,Kharka Bahadur Thapa,Mongol National Organization,2511.0,132,M,False,Netra Bahadur Thapa,12,भारत,Syangja,Prem Kumari Thapa,,Gandaki,Syangja,Syangja-2,62266,117917,Higher Secondary / Intermediate (10+2 / PCL),27.9833,83.7833
2388,340457,Rajendra Prasad Gaire,Rastriya Janamorcha,2522.0,71,M,False,इश्वरी प्रसाद गैह्रे,12,TU,Syangja Walling Municipality Amvot,तेज कुमारी गैह्रे,,Gandaki,Syangja,Syangja-2,62266,117917,Higher Secondary / Intermediate (10+2 / PCL),27.9833,83.7833
2389,339676,Khim Bahadur Chhetri,Swatantra,,67,M,False,Padam Bahadur Chhetri,MA,TU,Syangja,Purna Kala Acharya (Chhetri),,Gandaki,Syangja,Syangja-2,62266,117917,Master's Degree,27.9833,83.7833
2390,339468,Haridev Thapa,Rastriya Janamukti Party,2605.0,65,M,False,Sant Bahadur Thapa,SLC,SLC,Syangja,Bel Kumari Thapa,,Gandaki,Syangja,Syangja-2,62266,117917,Secondary Education (Grade 9-10 / SLC / SEE),27.9833,83.7833
2391,339997,Dhan Bahadur Thapa,Jaya Matribhumi Party,2510.0,16,M,False,Badal Singh Saru,12,HSEB,Syangja,Rita Thapa,,Gandaki,Syangja,Syangja-2,62266,117917,Higher Secondary / Intermediate (10+2 / PCL),27.9833,83.7833
2392,341013,Sagar Thapa Magar,Swatantra,,9,M,False,Dhan Bahadur Thapa Gaha,12,"Allahabad Univerisity, UP",Syangja,,,Gandaki,Syangja,Syangja-2,62266,117917,Higher Secondary / Intermediate (10+2 / PCL),27.9833,83.7833
2393,341377,Sagar Dhakal,Rastriya Swatantra Party,2528.0,29642,M,True,Topraj Dhakal,MSC,Oxford University UK,Rupandehi,,उर्जा तथा जलस्रोत क्षेत्रमा १० वर्ष भन्दा बढिको अनुभव १० भन्दा बढि देशहरुमा अनुभव,Lumbini,Gulmi,Gulmi-1,62880,122152,Master's Degree,28.0833,83.35
2394,340067,Pradipa Kumara Jnyavali,Nepal Communist Party (Ekikrit Marxbadi Leninbadi),2598.0,15181,M,False,नारायणदत्त  ज्ञवाली,स्वअध्ययन,,Gulmi Rurukshetra Rural Municipality Chautara,सरस्वती  ज्ञवाली (अर्याल),"प्रतिनिधि सभा सदस्य (२०५६ र २०७४)
संविधान सभा सदस्य (२०६४)
परराष्ट्र मन्‍‍त्री (२०७४) पर्यटन मन्‍‍‍त्री (२०६३)",Lumbini,Gulmi,Gulmi-1,62880,122152,Literate / Non-Formal,28.0833,83.35
2395,339864,Chandrakant Bhandari,Nepali Congress,2583.0,13505,M,False,इश्वरी प्रसाद भण्डारी,पि.एच.डि.,T.U.,Gulmi Chhatrakot rural municipality,लक्ष्मी  पाण्डे /भण्डारी,,Lumbini,Gulmi,Gulmi-1,62880,122152,Doctorate / PhD,28.0833,83.35
2396,340329,Sudarsan Baral,Nepali Communist Party,2557.0,3167,M,False,भानुभक्त  वराल,स्‍नातकोत्तर,T.U.,Gulmi Chandrakot rural municipality,लिला  वराल,संविधान सभा सदस्य (२०६४) लुम्बिनी प्रदेशको सामाजिक विकास मन्त्री र राजनितिक अनुभव,Lumbini,Gulmi,Gulmi-1,62880,122152,Master's Degree,28.0833,83.35
2397,339441,Sher Bahadur Thapa,Rastriya Janamorcha,2522.0,671,M,False,Hire Thapa,आई.ए.,जनकल्याण मा.वि.,Gulmi,Tara Thapa,,Lumbini,Gulmi,Gulmi-1,62880,122152,Higher Secondary / Intermediate (10+2 / PCL),28.0833,83.35
2398,341273,Ghana Shyam Gautam,Swatantra,,362,M,False,देवि दत्त गौतम,आई.ए.,आर.आर. क्याम्पस,Dandawan of Gulmi Chandrakot rural municipality,राधिका  गौतम,सामाजिक सेवा,Lumbini,Gulmi,Gulmi-1,62880,122152,Higher Secondary / Intermediate (10+2 / PCL),28.0833,83.35
2399,339834,Ajit Kumar Shrestha,Rastriya Prajatantra Party,2604.0,130,M,False,Raj Kumar Shrestha,एस.एल.सी.,रिडी मा.वि.,Gulmi,Mina Shrestha,,Lumbini,Gulmi,Gulmi-1,62880,122152,Secondary Education (Grade 9-10 / SLC / SEE),28.0833,83.35
2400,339726,Lok Bahadur Thapa,National Republic Nepal,2504.0,72,M,False,Lal Bahadur Thapa,सामान्य ,ग्वाघा मा.वि.,Gulmi,Nanu Maya Thapa,,Lumbini,Gulmi,Gulmi-1,62880,122152,Literate / Non-Formal,28.0833,83.35
2401,341183,Khadak Bahadur Gurung,Mongol National Organization,2511.0,39,M,False,Khem Bahadur Gurung,स्नातक,एफ.एफ.सी. पुना,Syangja,Din Maya Gurung,,Lumbini,Gulmi,Gulmi-1,62880,122152,Bachelor's Degree,28.0833,83.35
2402,340242,Top  Bahadur Thapa,Swatantra,,25,M,False,Jog Bahadur Thapa,८ पास,महेन्द्र मा.वि. गुल्मी तमघास,Gulmi,Netra Kumari Thapa,,Lumbini,Gulmi,Gulmi-1,62880,122152,Basic Education (Up to Grade 8),28.0833,83.35
2403,342043,Chetan Bahadur Basent,Swatantra,,23,M,False,वीर बहादुर बस्नेत,एस.एल.सी.,,"Gekhung, Gulmi Chandrakot Rural Municipality",लुमा देवी बस्नेत,,Lumbini,Gulmi,Gulmi-1,62880,122152,Secondary Education (Grade 9-10 / SLC / SEE),28.0833,83.35
2404,339410,Maiya Laxmi Tyat,Nepal Majdur Kisan Party,2578.0,21,F,False,आश कुमार त्यात,I.A.,bhaktapur campus,Bhaktapur Bhaktapur Municipality,राकेश  कोजु,,Lumbini,Gulmi,Gulmi-1,62880,122152,Higher Secondary / Intermediate (10+2 / PCL),28.0833,83.35
2405,340659,Sikha Reshmi,Aam Janata Party (Ekal Chunab Chinha),2581.0,20,F,False,भिम बहादुर थापा,एस.एल.सी.,दौघा मा.वि.,Gulmi Gulmi Durbar Rural Municipality Jimi,विष्णु  रेश्मी,,Lumbini,Gulmi,Gulmi-1,62880,122152,Secondary Education (Grade 9-10 / SLC / SEE),28.0833,83.35
2406,340700,Prem Lall Bhandari,Swatantra,,6,M,False,बेद प्रसाद भण्‍डारी,I.A.,बुटवल बहुमुखी क्याम्पस,Gulmi Chhatrakot Rural Municipality Dommi,केशरी  भण्‍डारी,,Lumbini,Gulmi,Gulmi-1,62880,122152,Higher Secondary / Intermediate (10+2 / PCL),28.0833,83.35
2407,342105,Laxman Bhandari,Swatantra,,6,M,False,Buddhi Prasad Bhandari,एस.एल.सी.,,Gulmi,Gita Bhandari,व्यापार,Lumbini,Gulmi,Gulmi-1,62880,122152,Secondary Education (Grade 9-10 / SLC / SEE),28.0833,83.35
2408,341115,Mekh Bahadur Gaha,Swatantra,,4,M,False,नारायण सिं गाहा,एस.एल.सी.,,Gulmi Gulmi Durbar Rural Municipality,धनीकला  गाहा,,Lumbini,Gulmi,Gulmi-1,62880,122152,Secondary Education (Grade 9-10 / SLC / SEE),28.0833,83.35
2409,341702,Yagya Bahadur Shrestha,Swatantra,,4,M,False,शेर बहादुर श्रेष्‍ठ,,,Gulmi Rurukshetra rural municipality Baletxar,तुलसी कुमारी श्रेष्‍ठ,,Lumbini,Gulmi,Gulmi-1,62880,122152,,28.0833,83.35
2410,340910,Krishna Bahadur Sunar,Swatantra,,1,M,False,Dhan Bahadur Sunar,९ पास,श्रृङ्गा जनता मा.वि. छत्रकोट,Gulmi,Harimaya Sunar,कृषि,Lumbini,Gulmi,Gulmi-1,62880,122152,Secondary Education (Grade 9-10 / SLC / SEE),28.0833,83.35
2411,342009,Surya Bahadura Soni Sunar,Swatantra,,1,M,False,पुनाराम  सुनार,,,Gulmi Kaligandaki Rural Municipality Mandhara Arantol,पवित्रा  सोनी सुनार,,Lumbini,Gulmi,Gulmi-1,62880,122152,,28.0833,83.35
2412,340500,Prem Prasad Shrestha,Swatantra,,0,M,False,Chandraman Shrestha,साक्षार,,Gulmi,Meena Kumari Shrestha,,Lumbini,Gulmi,Gulmi-1,62880,122152,Literate / Non-Formal,28.0833,83.35
2413,341064,Vimala Jnyavali,Swatantra,,0,M,False,टिकाराम  उपाध्याय,स्नातक,T.U.,Badmathi of Gulmi Rurukshetra Rural Municipality,,,Lumbini,Gulmi,Gulmi-1,62880,122152,Bachelor's Degree,28.0833,83.35
2414,341282,Govinda Panthi,Rastriya Swatantra Party,2528.0,16967,M,True,Shomakhar Panthi,MPA/BL,T.U,Gulmi,Sharda Marasini,प्रहरी सेवा/कानून व्यवसाही,Lumbini,Gulmi,Gulmi-2,51944,107332,Master's Degree,28.0667,83.2
2415,340185,Gokarnaraj Bista,Nepal Communist Party (Ekikrit Marxbadi Leninbadi),2598.0,16406,M,False,भिम बहादुर विष्‍ट,B.L/M.Com (अध्ययनरत),T.U,Gulmi Isma Rural Municipality Waj,प्रतिमा  श्रेष्‍ठ (विष्‍ट),"मन्त्री २ पटक, ३ पटक प्रतिनिधि सभा सदस्य, १ पटक संविधानसभा सदस्य",Lumbini,Gulmi,Gulmi-2,51944,107332,Master's Degree,28.0667,83.2
2416,340000,Bhuwan Prasad Shrestha,Nepali Congress,2583.0,14434,M,False,मथुरा प्रसाद श्रेष्ठ,,,Gulmi Resunga Municipality Putlibazar,संगीता  श्रेष्ठ,,Lumbini,Gulmi,Gulmi-2,51944,107332,,28.0667,83.2
2417,340559,Shrirama Mahat,Nepali Communist Party,2557.0,3081,M,False,मोति बहादुर महत,स्नातकोत्तर (अंग्रेजी),T.U,Gulmi Musikot Municipality Amrai,शोभा  महत,"राजनीतिक, सामाजिक",Lumbini,Gulmi,Gulmi-2,51944,107332,Master's Degree,28.0667,83.2
2418,339681,Bhagirath Thapa,Rastriya Janamorcha,2522.0,354,M,False,Hira Bahadur Thapa,+2,बैदेशिक,Gulmi,Radhika Thapa,"बैदेशिक रोजगार, व्यवसाय",Lumbini,Gulmi,Gulmi-2,51944,107332,Higher Secondary / Intermediate (10+2 / PCL),28.0667,83.2
2419,341711,Sante Nepali,Nepal Communist Party (Maoist),2526.0,223,M,False,Jumle Sarki,आठ पास,,Gulmi,Kamala Nepali,,Lumbini,Gulmi,Gulmi-2,51944,107332,Basic Education (Up to Grade 8),28.0667,83.2
2420,340699,Janak Sen,Rastriya Prajatantra Party,2604.0,202,M,False,Khim Bahadur Oli,बि.ए.,पृथ्वी मा.वि.,Gulmi,,,Lumbini,Gulmi,Gulmi-2,51944,107332,Bachelor's Degree,28.0667,83.2
2421,341916,Karna Bahadur Thapa,Ujyalo Nepal Party,2566.0,123,M,False,Yam Bahadur Thapa,एस.एल.सी.,पृथ्वी मा.वि.,Gulmi,Krishna Kumari Thapa,भारतीय पुर्व सैनिक,Lumbini,Gulmi,Gulmi-2,51944,107332,Secondary Education (Grade 9-10 / SLC / SEE),28.0667,83.2
2422,339636,Bed Bahadur Thapa,Mongol National Organization,2511.0,37,M,False,Ravilal Thapa,साक्षर,नयाँगाउँ मा.वि.नयाँगाउँ,Gulmi,Hima Thapa,,Lumbini,Gulmi,Gulmi-2,51944,107332,Literate / Non-Formal,28.0667,83.2
2423,342008,Bhagirath Thapa,Swatantra,,30,M,False,Hira Bahadur Thapa,,,Gulmi,Radhika Thapa,,Lumbini,Gulmi,Gulmi-2,51944,107332,,28.0667,83.2
2424,340641,Padam Thapa Magar,National Republic Nepal,2504.0,23,M,False,Vir Bahadur Thapa Magar,+2,पाञ्चायन मा.वि,Gulmi,Renu Thapa Magar,"राजनीतिक, व्यापार र चालक",Lumbini,Gulmi,Gulmi-2,51944,107332,Higher Secondary / Intermediate (10+2 / PCL),28.0667,83.2
2425,341456,Kumari Harikala Shrees Magar,Swatantra,,19,F,False,निम बहादुर घर्ती,,,Gulmi Dhurkot Rural Municipality Dandathok,रन बहादुर श्रीस मगर,,Lumbini,Gulmi,Gulmi-2,51944,107332,,28.0667,83.2
2426,341785,Lok Bahadur Pun,Swatantra,,9,M,False,Bal Bahadur Pun,एस.एल.सी.,,Gulmi,Sumitra Pun,,Lumbini,Gulmi,Gulmi-2,51944,107332,Secondary Education (Grade 9-10 / SLC / SEE),28.0667,83.2
2427,341383,Malata Ghimire,Swatantra,,7,F,False,पाराश्‍वर  भट्टराई,साक्षर,,Gulmi Madane Rural Municipality Dharakhark,महनलाल  घिमिरे,,Lumbini,Gulmi,Gulmi-2,51944,107332,Literate / Non-Formal,28.0667,83.2
2428,340753,Shri Khuvirama Aachary,Swatantra,,6,M,False,नेत्र  प्रसाद  आचार्य ,आइ.ए.,रेसुङ्गा बहुमुखी क्याम्पस,Gulmi Resunga Municipality Saunethum,शारदा   आचार्य ,,Lumbini,Gulmi,Gulmi-2,51944,107332,Higher Secondary / Intermediate (10+2 / PCL),28.0667,83.2
2429,341038,Maheshswar Ghimire,Swatantra,,5,M,False,मुक्त्तिराम  घिमिरे,+2,रेसुङ्गा बहुमुखि क्याम्पस,Gulmi Resunga Municipality Udindhunga,बसुन्धरा  घिमिरे,,Lumbini,Gulmi,Gulmi-2,51944,107332,Higher Secondary / Intermediate (10+2 / PCL),28.0667,83.2
2430,341096,Ram Prasad Pokharel,Swatantra,,4,M,False,भुपे  जैसी,S.L.C,महेन्द्र मा.वि.,Gulmi Resunga Municipality Bhubanpani,कुमारी  पोखरेल,,Lumbini,Gulmi,Gulmi-2,51944,107332,Secondary Education (Grade 9-10 / SLC / SEE),28.0667,83.2
2431,342038,Sarasswati Lamsal,Swatantra,,4,F,False,इन्दुलाल  भुसाल,एस.एल.सी.,,Old Gulmi Malika Rural Municipality,गुणानिधी  लम्साल,,Lumbini,Gulmi,Gulmi-2,51944,107332,Secondary Education (Grade 9-10 / SLC / SEE),28.0667,83.2
2432,341821,Narendra Prasad Rijal,Swatantra,,3,M,False,Nar Hari Rijal,एस.एल.सी.,,Gulmi,Phulmati Rijal,शिक्षक / राजनीति,Lumbini,Gulmi,Gulmi-2,51944,107332,Secondary Education (Grade 9-10 / SLC / SEE),28.0667,83.2
2433,342114,Pharsurama Kadel,Swatantra,,3,M,False,तेज नारायण कडेल,साक्षर,,Gulmi Resunga Municipal Campus Road,दुपद्रा  कडेल,,Lumbini,Gulmi,Gulmi-2,51944,107332,Literate / Non-Formal,28.0667,83.2
2434,341214,Bhumiraj Sapkota,Swatantra,,2,M,False,Dilaram Sakpota,,,Gulmi,,,Lumbini,Gulmi,Gulmi-2,51944,107332,,28.0667,83.2
2435,341558,Surendra Pandey,Swatantra,,2,M,False,Khimananda Pandey,S.L.C,हिमालय मा.वि,Gulmi,Shanta Pandey,,Lumbini,Gulmi,Gulmi-2,51944,107332,Secondary Education (Grade 9-10 / SLC / SEE),28.0667,83.2
2436,341027,Sandip Rana,Nepali Congress,2583.0,18336,M,True,Man Bahadur Rana,,,Palpa,,,Lumbini,Palpa,Palpa-1,51824,98355,,27.8667,83.65
2437,340207,Narayan Parasad Acharya,Nepal Communist Party (Ekikrit Marxbadi Leninbadi),2598.0,16819,M,False,डिल्ली प्रसाद आचार्य,आई.ए.,उदबुद्ब मा.वि.,Palpa Purvkhola rural municipality Tallaphat,नैना कुमारी आचार्य,,Lumbini,Palpa,Palpa-1,51824,98355,Higher Secondary / Intermediate (10+2 / PCL),27.8667,83.65
2438,341313,Vimala Pant,Rastriya Swatantra Party,2528.0,14333,M,False,बिष्णु प्रसाद पन्त,,,Palpa Rampur Municipality,कविता  पौडेल,,Lumbini,Palpa,Palpa-1,51824,98355,,27.8667,83.65
2439,340920,Hum Bahadur Sunari Magar,Nepali Communist Party,2557.0,951,M,False,Jhaman Singh Sunari Magar,एम वि ए,मन्चेष्टर युनाइटेड किन्डम,Palpa,Kumari Devi Sunari,"एसिस्टेन्ट सि.इ.ओ. १० वर्ष
म्यानेजिङ्ग डाइरेक्टर ७ वर्ष",Lumbini,Palpa,Palpa-1,51824,98355,Master's Degree,27.8667,83.65
2440,340130,Thaman Singh Resmi Magar,National Republic Nepal,2504.0,671,M,False,यम वहादुर रेश्मी,+2 passed,पृथ्वी प्रकाश मा.वि.,Palpa Mathagadhi Rural Municipality Damar,,,Lumbini,Palpa,Palpa-1,51824,98355,Higher Secondary / Intermediate (10+2 / PCL),27.8667,83.65
2441,339744,Salan Chidi Magar,Mongol National Organization,2511.0,235,M,False,Yan Bir Chidi Magar,SLC,श्री कृष्ण मा.वि.,Palpa,,,Lumbini,Palpa,Palpa-1,51824,98355,Secondary Education (Grade 9-10 / SLC / SEE),27.8667,83.65
2442,340398,Brihaspati Aryal,Rastriya Prajatantra Party,2604.0,202,M,False,Lal Gopal Aryal,टेष्ट पास,"दरैठाटी मा.वि. रामपुर, पाल्पा",Palpa,Srijana Aryal,,Lumbini,Palpa,Palpa-1,51824,98355,Secondary Education (Grade 9-10 / SLC / SEE),27.8667,83.65
2443,339994,Narmati Sijali,Rastriya Janamorcha,2522.0,140,F,False,सोम बहादुर आले,+2 passed,महेन्द्रबोधी मा.वि.,Palpa Tansen Municipal Barudkhan,केहर सिंह सिंजाली,,Lumbini,Palpa,Palpa-1,51824,98355,Higher Secondary / Intermediate (10+2 / PCL),27.8667,83.65
2444,341759,Puran Gaihre Sharma,Nepal Communist Party (Maoist),2526.0,48,M,False,Ishwori Prasad Gaihre,+२ पास,गणपती मा.वि,Palpa,,"अध्यापन २ वर्ष
आई टि क्षेत्रमा कार्य गरेको २ वर्ष",Lumbini,Palpa,Palpa-1,51824,98355,Higher Secondary / Intermediate (10+2 / PCL),27.8667,83.65
2445,342414,Bachha Dali Miya,Swatantra,,35,M,False,शमशुर दिन मिया,१० ,राम तुलसी मा.वि.,Palpa Rampur Municipality Bhimsentol,जमि लुन निसा,,Lumbini,Palpa,Palpa-1,51824,98355,Secondary Education (Grade 9-10 / SLC / SEE),27.8667,83.65
2446,341921,Koshal Aryal,Swatantra,,30,M,False,Jageshwar Aryal,,,Palpa,,,Lumbini,Palpa,Palpa-1,51824,98355,,27.8667,83.65
2447,342019,Dilli Raj Kafle,Swatantra,,16,M,False,Jhapendra Raj Kafle,एस.एल.सी,,Palpa,Daupada Kafle,,Lumbini,Palpa,Palpa-1,51824,98355,Secondary Education (Grade 9-10 / SLC / SEE),27.8667,83.65
2448,342234,Yudha Bahadur Birkatta,Swatantra,,8,M,False,विल बहादुर विरकट्टा,,,Palpa Purvkhola Rural Municipality Raildanda,इन्द्र माया विरकट्टा,,Lumbini,Palpa,Palpa-1,51824,98355,,27.8667,83.65
2449,341329,Madhav Bahadur Thapa,Rastriya Swatantra Party,2528.0,26736,M,True,Nur Bahadur Thapa,Bcahelor Of Medicine,,Rupandehi,,सामजिक र राजनितीक,Lumbini,Palpa,Palpa-2,58140,109033,Bachelor's Degree,27.8333,83.5
2450,340340,Himal Datta Shrestha,Nepali Congress,2583.0,12992,M,False,Baburam Shrestha,स्नातक,TU,Palpa,,,Lumbini,Palpa,Palpa-2,58140,109033,Bachelor's Degree,27.8333,83.5
2451,339322,Thakur Prasad Gaire,Nepal Communist Party (Ekikrit Marxbadi Leninbadi),2598.0,10503,M,False,Shobhakhar Gaire,स्नातक,त्रिभुवन बहुमुखी क्याम्पस पाल्पा,Palpa,Chitra Devi Gaire,पुर्व संसद,Lumbini,Palpa,Palpa-2,58140,109033,Bachelor's Degree,27.8333,83.5
2452,340916,Som Prasad Pandeya,Nepali Communist Party,2557.0,5288,M,False,ईश्वरी प्रसाद पाण्डेय,कानूनमा स्नातक,TU,Palpa Tansen Municipality Dandadum,रुकमिणी  पाण्डेय,,Lumbini,Palpa,Palpa-2,58140,109033,Bachelor's Degree,27.8333,83.5
2453,340280,Dev Prasad Shrestha,National Republic Nepal,2504.0,693,M,False,Thakur Prasad Shrestha,slc,रैनादेवि मा वि,Palpa,Bhim Kumari Shrestha,श्रीनगर यातायात समिति जिल्ला समिति,Lumbini,Palpa,Palpa-2,58140,109033,Secondary Education (Grade 9-10 / SLC / SEE),27.8333,83.5
2454,340850,Mohan Kuwar Thapa Magar,Swatantra,,458,M,False,जीत वहादुर कुवर मगर,स्नातक,TU,Palpa Bagnaskali Rural Municipality Nair Archle,कुमारी  कुवर थापा मगर,,Lumbini,Palpa,Palpa-2,58140,109033,Bachelor's Degree,27.8333,83.5
2455,339533,Dul Bahadur Kunwar,Rastriya Prajatantra Party,2604.0,440,M,False,Lok Bahadur Kunwar,आई.ए,त्रिभुवन बहुमुखि क्याम्पस पाल्पा,Palpa,Hira Kunwar,सामाजिक क्षेत्रमा काम गरिरहेको,Lumbini,Palpa,Palpa-2,58140,109033,Higher Secondary / Intermediate (10+2 / PCL),27.8333,83.5
2456,339789,Bal Bahadur Darlami,Rastriya Janamorcha,2522.0,429,M,False,Basanta Bahadur Darlami,बि.ए,त्रिभुवन बहुमुखी क्याम्पस,Palpa,Kusum Darlami,राजनितिमा सक्रियता,Lumbini,Palpa,Palpa-2,58140,109033,Bachelor's Degree,27.8333,83.5
2457,339998,Ram Bahadur Aslami,Sarbabhaum Nagarik Party,2520.0,169,M,False,Durga Bahadur Aslami,slc,,Palpa,Jamuna Aslami,सामाजिक क्षेत्र,Lumbini,Palpa,Palpa-2,58140,109033,Secondary Education (Grade 9-10 / SLC / SEE),27.8333,83.5
2458,342100,Top Bahadur Aslami,Rastriya Janamukti Party,2605.0,138,M,False,Padam Bahadur Aslami,स्नातक,TU,Palpa,Bina Pulami (Aslami),,Lumbini,Palpa,Palpa-2,58140,109033,Bachelor's Degree,27.8333,83.5
2459,342433,Maan Bahadur Darlami,Mongol National Organization,2511.0,96,M,False,टोकन सिं दर्लामी,slc,,Palpa Tinau Rural Municipality Kanyadi,केशरी  दर्लामी,,Lumbini,Palpa,Palpa-2,58140,109033,Secondary Education (Grade 9-10 / SLC / SEE),27.8333,83.5
2460,342309,Bishnu Thadrai (Sharki),Nepal Communist Party (Maoist),2526.0,66,M,False,विर वहादुर सार्की,slc,,Porkani of Palpa Ribdikot Rural Municipality,,सामाजिक कार्य,Lumbini,Palpa,Palpa-2,58140,109033,Secondary Education (Grade 9-10 / SLC / SEE),27.8333,83.5
2461,340496,Keshav Prasad Bashyaal,Swatantra,,53,M,False,रवि लाल वश्‍याल,+2,,Palpa Tansen Municipality Dandadum,,,Lumbini,Palpa,Palpa-2,58140,109033,Higher Secondary / Intermediate (10+2 / PCL),27.8333,83.5
2462,341936,Khikh Bahadur Reshmi Magar,Janata Samajbadi Party (Ekal Chunab Chinha),2531.0,39,M,False,ओम बहादुर रेश्मी मगर,slc,सार्वजनिक विद्यालय,Palpa Bagnaskali Rural Municipality Arukhrak,विष्णु कुमरी रेश्मी मगर,,Lumbini,Palpa,Palpa-2,58140,109033,Secondary Education (Grade 9-10 / SLC / SEE),27.8333,83.5
2463,339832,Vodharaja Jaisi,Pragatishil Loktantrik Party,2516.0,28,M,False,मेध लाल जैसी,slc,त्रिभुवन बहुमुखी क्याम्पस,Palpa Rainadevi Chhahara Rural Municipality Kolavot,जानका  भण्डारी,,Lumbini,Palpa,Palpa-2,58140,109033,Secondary Education (Grade 9-10 / SLC / SEE),27.8333,83.5
2464,340709,Krishna Shova Musyakhav,Nepal Majdur Kisan Party,2578.0,12,F,False,कर्न बहादुर सुवाल,साधारण,,Bhaktapur Bhaktapur Municipality Kamalvinayak,इन्द्र बहादुर मुस्याख्व,,Lumbini,Palpa,Palpa-2,58140,109033,Literate / Non-Formal,27.8333,83.5
2465,339640,Hari Prasad Bhusal,Rastriya Swatantra Party,2528.0,35023,M,True,Dol Prasad Bhusal,स्‍नातक,त्रि.वि,Arghakhanchi,Ambika Bhusal,लामो समय सामाजिक गतिविधीमा सत्रिय ।,Lumbini,Arghakhanchi,Arghakhanchi-1,83306,171643,Bachelor's Degree,27.95,83.15
2466,340014,Pitambar Bhusal,Nepal Communist Party (Ekikrit Marxbadi Leninbadi),2598.0,22649,M,False,Keshauraj Bhusal,स्‍नाकोत्तर,T.U,Arghakhanchi,Dev Kumari Bhusal,"२०५४-०५९ तत्कलिन बाँगी गा.वि.स. अध्यक्ष, २०७८ देखि हालसम्म नेकपा ऐमाले जिल्ला कमिटी, अर्घाखाँची, शान्ति मा.वि बांगीको वि.ब्य.स. पूर्व अध्यक्ष, पाणिनी वहुमुखी क्यामस संचालक समिति सदस्य",Lumbini,Arghakhanchi,Arghakhanchi-1,83306,171643,Master's Degree,27.95,83.15
2467,341773,Bishnu Prasad Khanal,Nepali Congress,2583.0,18983,M,False,गंगाराम खनाल,स्‍नातक,T.U,Arghakhanchi Malarani Rural Municipality Makhat,मिना खनाल,"ने.वि संघ जिल्ला अध्यक्ष, ने.का.जि. सभापती, लुम्विनी प्रदेश सह-महामन्त्री",Lumbini,Arghakhanchi,Arghakhanchi-1,83306,171643,Bachelor's Degree,27.95,83.15
2468,340772,Ram Bahadur Chauhhan,Nepali Communist Party,2557.0,3847,M,False,हुम वहादुर चौहान,स्‍नातक,त्रि.वि,Arghakhanchi Malarani rural municipality Upalladduwa,भगवता  चौहान,"सामाजिक, राजनीतिक, शैक्षिक, कानुनी",Lumbini,Arghakhanchi,Arghakhanchi-1,83306,171643,Bachelor's Degree,27.95,83.15
2469,339755,Pashupati Nath Dhakal,Rastriya Janamorcha,2522.0,1809,M,False,Matilal Dhakal,10,HMG,Arghakhanchi,Godavari Dhakal,,Lumbini,Arghakhanchi,Arghakhanchi-1,83306,171643,Secondary Education (Grade 9-10 / SLC / SEE),27.95,83.15
2470,341486,Khim Bahadur Gharti Magar,Nepal Communist Party (Maoist),2526.0,459,M,False,Jagat Bahadur Gharti Magar,स्‍नातक,T.U,Arghakhanchi,Punakala Ale,,Lumbini,Arghakhanchi,Arghakhanchi-1,83306,171643,Bachelor's Degree,27.95,83.15
2471,342062,Jhabindra Phullel,Rastriya Prajatantra Party,2604.0,244,M,False,Ishwori Phullel,आई.ए पास,T.U,Arghakhanchi,Durpata Phullel,प्रदेश सभा सदस्यमा उम्मेदवारी,Lumbini,Arghakhanchi,Arghakhanchi-1,83306,171643,Higher Secondary / Intermediate (10+2 / PCL),27.95,83.15
2472,340874,Bishnu Bahadur Gaha,National Republic Nepal,2504.0,94,M,False,तोम बहादुर गाहा,९ पास.,,Arghakhanchi Shitganga Municipality Juwakot,शान्ता  गाहा,,Lumbini,Arghakhanchi,Arghakhanchi-1,83306,171643,Secondary Education (Grade 9-10 / SLC / SEE),27.95,83.15
2473,341094,Durga Bahadur Bhat Chhetri,Aam Janata Party (Ekal Chunab Chinha),2581.0,44,M,False,Hira Bahadur Bhat Chhetri,९ पास,,Arghakhanchi,Radha Chhetri,,Lumbini,Arghakhanchi,Arghakhanchi-1,83306,171643,Secondary Education (Grade 9-10 / SLC / SEE),27.95,83.15
2474,339905,Surya Bahadur Gurung,Mongol National Organization,2511.0,40,M,False,Man Bahadur Gurung,प्राथमिक शिक्षा,,Rupandehi,,"मंगोलनेश्‍नल अर्गनाईजेशन जिल्ला सभादेखि सदस्य , मंगोल नेश्नल अर्गनाइजेशन प्रदेश सभा २५ असोज २०८२ देखि वर्तमान सम्म",Lumbini,Arghakhanchi,Arghakhanchi-1,83306,171643,Basic Education (Up to Grade 8),27.95,83.15
2475,340981,Tuk Bahadur Chewali,Janata Samajbadi Party (Ekal Chunab Chinha),2531.0,40,M,False,मिन बहादुर चेवाली,प्राथमिक शिक्षा,,Arghakhanchi Sandhikhark Municipality Pokhardandach,निमकला चेवाली,,Lumbini,Arghakhanchi,Arghakhanchi-1,83306,171643,Basic Education (Up to Grade 8),27.95,83.15
2476,339595,Pushkar Nath Acharya,Pragatishil Loktantrik Party,2516.0,28,M,False,पिताम्बर  आचार्य,I.com pass,प्रमाणपत्र तह,Argakhanchi Sandhikhark Municipality Barbarne,पुतला  आचार्य,,Lumbini,Arghakhanchi,Arghakhanchi-1,83306,171643,Higher Secondary / Intermediate (10+2 / PCL),27.95,83.15
2477,339782,Ravi Shah,Swatantra,,22,M,False,Til Vir Shah,SLC,SLC Board,Arghakhanchi,Sakuntala Shah,,Lumbini,Arghakhanchi,Arghakhanchi-1,83306,171643,Secondary Education (Grade 9-10 / SLC / SEE),27.95,83.15
2478,341541,Himal Bhusal,Swatantra,,21,M,False,Nareshwar Bhusal,स्‍नातक,T.U,Arghakhanchi,Sabitra Bhusal,सामाजिक कार्यमा क्रियाशिल,Lumbini,Arghakhanchi,Arghakhanchi-1,83306,171643,Bachelor's Degree,27.95,83.15
2479,341993,Pampha Shrestha,Swatantra,,3,F,False,Keshav Raj Shrestha,साक्षर,,Arghakhanchi,Raj Kumar Shrestha,,Lumbini,Arghakhanchi,Arghakhanchi-1,83306,171643,Literate / Non-Formal,27.95,83.15
2480,340220,Rajana Gautam,Rastriya Swatantra Party,2528.0,50945,M,True,पूर्ण प्रसाद गौतम,,,Navalparasi (Bardghat Susta East) Devchuli Municipality Kumaravarti Toll,खगीसरा ढकाल (गौतम),,Gandaki,Nawalpur,Nawalpur-1,81558,137034,,27.65,84.15
2481,341600,Bala Krishna Ghimire,Nepali Congress,2583.0,16293,M,False,डिल्लीराज  घिमिरे,,,Navalparasi (Bardghat Susta East) Kawasoti Municipality,लक्ष्मी  घिमिरे,,Gandaki,Nawalpur,Nawalpur-1,81558,137034,,27.65,84.15
2482,340704,Bhagiratha Sapakota,Nepal Communist Party (Ekikrit Marxbadi Leninbadi),2598.0,9131,M,False,डिला राम सापकोटा,,,Nawalparasi (East of Bardghat Susta) Gaindakot Municipality,उमा  कँडेल,,Gandaki,Nawalpur,Nawalpur-1,81558,137034,,27.65,84.15
2483,340104,Bhima Chan‍dra Gurungg,Shram Sanskriti Party,2501.0,1702,M,False,विरमान  गुरुङ्ग,,,Navalparasi (East of Bardghat Susta) covers Devchuli Municipality,उमा माया लुङ्गेली,,Gandaki,Nawalpur,Nawalpur-1,81558,137034,,27.65,84.15
2484,341339,Loka Prasada Bhurtel,Nepali Communist Party,2557.0,1245,M,False,कृष्ण प्रसाद भुर्तेल,,,Nawalparasi (East of Bardghat Susta) Devchuli Municipality Lakshmipur,नेत्र कुमारि न्यौपने,,Gandaki,Nawalpur,Nawalpur-1,81558,137034,,27.65,84.15
2485,339641,Dipaka Chandra Bastakoti,Rastriya Prajatantra Party,2604.0,1221,M,False,ढुण्डी राज बस्ताकोटी,,,Navalparasi (East of Bardghat Susta) Bullingtar Rural Municipality Chaudhasay,शारदा (भण्डारी ) बस्ताकोटी,,Gandaki,Nawalpur,Nawalpur-1,81558,137034,,27.65,84.15
2486,340339,Bela Bahadura Saru,Nepal Communist Party (Maoist),2526.0,235,M,False,रन बहादुर सारु,,,Nawalparasi (East of Bardghat Susta) Devchuli Municipal Population,वुद्धी माया सारु,,Gandaki,Nawalpur,Nawalpur-1,81558,137034,,27.65,84.15
2487,339843,Vishnumana Vik,National Republic Nepal,2504.0,216,M,False,कृष्ण वहादुर विक,,,Nawalparasi (East of Bardghat Susta) Gaindakot Municipality,- - -,,Gandaki,Nawalpur,Nawalpur-1,81558,137034,,27.65,84.15
2488,340802,Parvati Gurungaseni,Ujyalo Nepal Party,2566.0,191,F,False,शन्त बहादुर गुरुङ्ग,,,Navalparasi (Bardghat Susta East) Kawasoti Municipality Buddhachowk,कृष्ण बहादुर गुरुङ्ग,,Gandaki,Nawalpur,Nawalpur-1,81558,137034,,27.65,84.15
2489,339710,Chandradatta Sapakota,Rastriya Janamorcha,2522.0,174,M,False,भागीरथ  सापकोटा,,,Nawalparasi (East of Bardghat Susta) Gaindakot Municipality Shivnagar,गंगा कुमारी कंडेल,,Gandaki,Nawalpur,Nawalpur-1,81558,137034,,27.65,84.15
2490,341243,Shatrughana Thapa,Rastriya Janamukti Party,2605.0,117,M,False,अतिलाल  थापा मगर,,,Navalparasi (Bardghat Susta East) Kawasoti Municipality West Toll,कोपिला  थापा,,Gandaki,Nawalpur,Nawalpur-1,81558,137034,,27.65,84.15
2491,339513,Chhavilala Magar,Janata Samajbadi Party (Ekal Chunab Chinha),2531.0,35,M,False,टेक बहादुर राना,,,Navalparasi (Bardghat Susta East) Kawasoti Municipality Syauli,बेल कुमारी राना,,Gandaki,Nawalpur,Nawalpur-1,81558,137034,,27.65,84.15
2492,339544,Raju Gurungg,Mongol National Organization,2511.0,25,M,False,एक बहादुर गुरुङ्ग,,,Nawalparasi (East of Bardghat Susta) Madhyabindu Municipality Bhu.P.,सुसिला  गुरुङ्ग,,Gandaki,Nawalpur,Nawalpur-1,81558,137034,,27.65,84.15
2493,340462,Gokula Sharma,Swatantra,,11,M,False,भागीरथ  अधिकारी,,,Navalparasi (Bardghat Susta East) Kawasoti Municipality Laukhani,सुनिता  शर्मा काफ्ले,,Gandaki,Nawalpur,Nawalpur-1,81558,137034,,27.65,84.15
2494,342227,Vindu Ke.si.,Swatantra,,10,F,False,झपट लाल भुसाल,,,Navalparasi (East of Bardghat Susta) Devchuli Municipality,बल बहादुर के.सी.,,Gandaki,Nawalpur,Nawalpur-1,81558,137034,,27.65,84.15
2495,342450,Avinasa Sunar,Swatantra,,7,M,False,नर वहादुर सुनार,,,Nawalparasi (East of Bardghat Susta) Gaindakot Municipality,,,Gandaki,Nawalpur,Nawalpur-1,81558,137034,,27.65,84.15
2496,340347,Manisha Khanal,Rastriya Swatantra Party,2528.0,41347,M,True,ऋषि राम खनाल,स्तानतक ,नेपाल ल क्याम्पस,Nawalparasi (Bardghat Susta East) Madhyabindu Municipality,,"शिक्षक स्वीकिय संसद र प्रतिनिधी सभा सासंद, 2079 निर्वाचित सदस्य",Gandaki,Nawalpur,Nawalpur-2,76230,131364,Bachelor's Degree,27.6333,84.0
2497,341567,Tila Bahadura Mahata Kshetri,Nepal Communist Party (Ekikrit Marxbadi Leninbadi),2598.0,15755,M,False,डिल बहादुर महत,स्नातक,त्रिभुवन विश्व विद्यालय,Navalparasi (Bardghat Susta East) Kawasoti Municipality,लक्ष्मी कुमारी पौड्याल महत,,Gandaki,Nawalpur,Nawalpur-2,76230,131364,Bachelor's Degree,27.6333,84.0
2498,341839,Oma Bahadura Gharti,Nepali Congress,2583.0,14713,M,False,टिकाराम  घर्ती,स्नातकोत्तर,,Navalparasi (East of Bardghat Susta) Hoopsekot Rural Municipality Velwa,अनु  थापा,,Gandaki,Nawalpur,Nawalpur-2,76230,131364,Master's Degree,27.6333,84.0
2499,341718,Ganesha Mana Mahato,Nepali Communist Party,2557.0,1538,M,False,हरी बहादुर थारु,एसएलसी,,Nawalparasi (Bardghat Susta East) Madhyabindu Municipality Abhiwan,जोग माया महतो,,Gandaki,Nawalpur,Nawalpur-2,76230,131364,Secondary Education (Grade 9-10 / SLC / SEE),27.6333,84.0
2500,341446,Kamala Chapagaee,Shram Sanskriti Party,2501.0,1164,M,False,यम प्रसाद .चापागाई,प्लस टु,,Navalparasi (Bardghat Susta East) Kawasoti Municipality,,,Gandaki,Nawalpur,Nawalpur-2,76230,131364,Higher Secondary / Intermediate (10+2 / PCL),27.6333,84.0
2501,339776,Runa Kumari Mahato,Rastriya Prajatantra Party,2604.0,963,F,False,वेनी राम थारु,मास्टर्स डिग्री शिक्षा संकाय,त्रिभुवन विश्वविद्यालय,Nawalparasi (East of Bardghat Susta) Kawasoti Municipality Agyouli,हेम राज चौधरी,,Gandaki,Nawalpur,Nawalpur-2,76230,131364,Master's Degree,27.6333,84.0
2502,341764,Khema Bahadura Rana,Rastriya Janamukti Party,2605.0,184,M,False,दुर्गा बहादुर राना,एसएलसी,,Nawalparasi (East of Bardghat Susta) Vinayi Triveni Rural Municipality Jakhadi,दिल कुमारी राना,,Gandaki,Nawalpur,Nawalpur-2,76230,131364,Secondary Education (Grade 9-10 / SLC / SEE),27.6333,84.0
2503,339833,Vish‍nu Giri,Rastriya Janamorcha,2522.0,143,M,False,हरीलाल  गिरी,एस एल सी,वसन्त मा वि,Nawalparasi (East of Bardghat Susta) Madhyabindu Municipality Bhu.P. toll,टीका कुमारी गिरी,,Gandaki,Nawalpur,Nawalpur-2,76230,131364,Secondary Education (Grade 9-10 / SLC / SEE),27.6333,84.0
2504,341260,Ganga Prasada Jnyavali,Nepal Communist Party (Maoist),2526.0,140,M,False,ईश्वरी प्रसाद ज्ञवाली,एसएलसी,,Nawalparasi (Bardghat Susta West) Sunwal Municipality,शारदा कुमारी गिरी,,Gandaki,Nawalpur,Nawalpur-2,76230,131364,Secondary Education (Grade 9-10 / SLC / SEE),27.6333,84.0
2505,339527,Niba Bahadura Aale,Mongol National Organization,2511.0,91,M,False,जित बहादुर आले,IA pass,,Nawalparasi (Bardghat Susta East) Madhyabindu Municipality Bhupu Sainik Chowk, ,,Gandaki,Nawalpur,Nawalpur-2,76230,131364,Higher Secondary / Intermediate (10+2 / PCL),27.6333,84.0
2506,341639,Manasinha Mahato,Pragatishil Loktantrik Party,2516.0,56,M,False,कोसल प्रसाद महतो,आई ए पास,,Nawalparasi (Bardghat Susta East) Madhyabindu Municipality Ratanpur,श्रीकुमारी  महतो,,Gandaki,Nawalpur,Nawalpur-2,76230,131364,Higher Secondary / Intermediate (10+2 / PCL),27.6333,84.0
2507,339612,Bharata Prasada Vasti,Swatantra,,52,M,False,खगु प्रसाद वस्ती,masters complete,nova international college,Nawalparasi (Bardghat Susta East) Madhyabindu Municipality Fraud,राधिका  वस्ती (वजगाई),,Gandaki,Nawalpur,Nawalpur-2,76230,131364,Master's Degree,27.6333,84.0
2508,339718,Lakshmi Somai Magar,Aam Janata Party (Ekal Chunab Chinha),2581.0,30,F,False,बल बहादुर सोमै मगर,प्लस टु पास,नवजागरण विद्यालय,Nawalparasi (Bardghat Susta East) Madhyabindu Municipality Dbwari,ओम बहादुर खडलुक,,Gandaki,Nawalpur,Nawalpur-2,76230,131364,Higher Secondary / Intermediate (10+2 / PCL),27.6333,84.0
2509,342562,Pema Bahadura Sinjali,Swatantra,,14,M,False,रुव बहादुर सिंजाली,plus two,,Navalparasi (East of Bardghat Susta) Boudikali Rural Municipality Vyaghan,,,Gandaki,Nawalpur,Nawalpur-2,76230,131364,Higher Secondary / Intermediate (10+2 / PCL),27.6333,84.0
2510,341355,Gita Kumari Lamichhane,Swatantra,,13,F,False,ऋषि राम पौडेल,एसएलसी,,Nawalparasi (Bardghat Susta East) Madhyabindu Municipality,ख्याम नारायण लामिछाने,,Gandaki,Nawalpur,Nawalpur-2,76230,131364,Secondary Education (Grade 9-10 / SLC / SEE),27.6333,84.0
2511,342244,Tola Bahadura Lungeli Magar,Swatantra,,13,M,False,सुब्बा चन्द्र लुंगेली मगर,एसएलसी,,Nawalparasi (East of Bardghat Susta) Hoopsekot Rural Municipality Jugepani,सुकुन  लुंगेली मगर,,Gandaki,Nawalpur,Nawalpur-2,76230,131364,Secondary Education (Grade 9-10 / SLC / SEE),27.6333,84.0
2512,340899,Sashila Devakota,Swatantra,,8,F,False,ठाकुर प्रसाद देवकोटा,प्रविणता प्रमाणपत्र तह,,Navalparasi (Bardghat Susta East) Kawasoti Municipality Shiva Mandir,ज्ञानेन्द्र  न्यौपाने,,Gandaki,Nawalpur,Nawalpur-2,76230,131364,Higher Secondary / Intermediate (10+2 / PCL),27.6333,84.0
2513,340600,Bhima Kumari Bhusal,Swatantra,,6,F,False,भुमी दत्त शर्मा भुसाल,साक्षर,,Navalparasi (Bardghat Susta East) Kawasoti Municipality Pipreni,शिव लाल गिरी,,Gandaki,Nawalpur,Nawalpur-2,76230,131364,Literate / Non-Formal,27.6333,84.0
2514,340189,Sunil Lamsal,Rastriya Swatantra Party,2528.0,54845,M,True,Bodhraj Lamsal,विद्यावारिधि (पढ्दै),काठमाण्डाैं विश्वविद्यालय,Rupandehi,,,Lumbini,Rupandehi,Rupandehi-1,92000,146805,Doctorate / PhD,27.55,83.55
2515,341284,Hira Bahadur Khatri,Nepali Congress,2583.0,11982,M,False,Nar Bahadur Khatri,,,Rupandehi,Apsara Khatri,,Lumbini,Rupandehi,Rupandehi-1,92000,146805,,27.55,83.55
2516,339983,Prajjavala Bohara,Rastriya Prajatantra Party,2604.0,8301,M,False,दिपक  बोहरा,एस.एल.सी.,,Ruppandehi Siddharthnagar Municipality,सबिता  गुरुङ्ग,आइटी फिल्डमा १५ वर्षको अनुभव,Lumbini,Rupandehi,Rupandehi-1,92000,146805,Secondary Education (Grade 9-10 / SLC / SEE),27.55,83.55
2517,342023,Dadhiram Neupane,Nepal Communist Party (Ekikrit Marxbadi Leninbadi),2598.0,7488,M,False,Tikaram Neupane,एस.एल.सि. ,,Arghakhanchi,Mina Kumari Neupane,"लुम्बिनी प्रदेश सदस्य ,2074 मा 
खानेपानी संस्थानको केन्द्रिय अध्यक्षको रुपमा काम गरेको",Lumbini,Rupandehi,Rupandehi-1,92000,146805,Secondary Education (Grade 9-10 / SLC / SEE),27.55,83.55
2518,341240,Ghana Shyam Yadav Ahir,Nepali Communist Party,2557.0,2198,M,False,राम प्रसाद यादव अहिर,एस.एल.सी.,,Rupandehi Rohini Rural Municipality Tarkulha,लिलावती  यादव अहिर,"पुर्व राज्य मन्त्री, संविधान सभा सदस्य",Lumbini,Rupandehi,Rupandehi-1,92000,146805,Secondary Education (Grade 9-10 / SLC / SEE),27.55,83.55
2519,342706,Chhabilal Gurung,Shram Sanskriti Party,2501.0,1824,M,False,Tham Bahadur Gurung,10,,Syangja,Luk Maya Gurung,मनकामना मा.वि.,Lumbini,Rupandehi,Rupandehi-1,92000,146805,Secondary Education (Grade 9-10 / SLC / SEE),27.55,83.55
2520,342455,Mohammad Aslam Kha,"Janata Samajbadi Party, Nepal",2542.0,1242,M,False,सैयद अली खाँ,+2,महात्मा बुद्ध इण्टर कलेज अड्डाबजार भारत,Ruppandehi Rohini Rural Municipality Semarpani,साबिरा खातुन,,Lumbini,Rupandehi,Rupandehi-1,92000,146805,Higher Secondary / Intermediate (10+2 / PCL),27.55,83.55
2521,339734,Dharma Bahadur K.C.,Swatantra,,810,M,False,टिका बहादुर खत्री क्षेत्री,वि.एल.,त्रिभुवन विश्वविद्यालय,Ruppandehi Siddharthanagar Municipality Darkhaswa,रमिला  के.सी.,सामाजिक क्षेत्रमा १५ वर्षको अनुभव,Lumbini,Rupandehi,Rupandehi-1,92000,146805,Bachelor's Degree,27.55,83.55
2522,341156,Umashankar Prasad Chaudhary,"Nagarik Unmukti Party, Nepal (Ekal Chunab Chinha)",2531.0,662,M,False,Ram Palat Prasad Chaudhary,स्नातकोत्तर,त्रिभुवन विश्वविद्यालय,Nawalparasi (West),Sahawana Devi Chaudhary,१० वर्ष सामाजिक सेवामा संलग्न रहेकाे,Lumbini,Rupandehi,Rupandehi-1,92000,146805,Master's Degree,27.55,83.55
2523,340333,Jham Bahadur Gurung,Rastriya Janamukti Party,2605.0,545,M,False,Nar Bahadur Gurung,आइ.ए ,वनारस युनिभरसिटी भारत,Baglung,Ratna Kumari Gurung,,Lumbini,Rupandehi,Rupandehi-1,92000,146805,Higher Secondary / Intermediate (10+2 / PCL),27.55,83.55
2524,341636,Nilu Kumari Chaudhary,Janamat Party,2585.0,416,F,False,Bhola Prasad Chaudhary,प्रविणता प्रमाणपत्र स्तर,श्री टिकुलीगढ उच्च मा.वि.,Rupandehi,Hari Prasad Chaudhary Tharu,"पत्रकारिता,पशु चिकित्सक, गृहिणि",Lumbini,Rupandehi,Rupandehi-1,92000,146805,Higher Secondary / Intermediate (10+2 / PCL),27.55,83.55
2525,339339,Shiva Bahadur Gurung,Mongol National Organization,2511.0,402,M,False,हरि लाल गुरुङ्ग,,,Rupandehi Devdah Municipality Amar Singh Chowk,हरि माया गुरुङ्ग,,Lumbini,Rupandehi,Rupandehi-1,92000,146805,,27.55,83.55
2526,342522,Badru Doja Fakir,Aam Janata Party (Ekal Chunab Chinha),2581.0,248,M,False,Nurul Hoda Faquir,८ पास,राम नरेश मा.वि.,Rupandehi,Ambika Dewan Fakir,,Lumbini,Rupandehi,Rupandehi-1,92000,146805,Basic Education (Up to Grade 8),27.55,83.55
2527,342616,Hajari Lal Mali,Nepal Communist Party Marxbadi (Pushpalal),2523.0,211,M,False,Pateshwari Mali,,,Rupandehi,Malti Mali,,Lumbini,Rupandehi,Rupandehi-1,92000,146805,,27.55,83.55
2528,341763,Ram Chandra Bhattarai,Nepal Communist Party (Sanyukta),2601.0,182,M,False,झिल्‍लु  भट्‍टराई,एस.एल.सि.,शान्ती नमुना मा.वि.,Rupandehi Tilottama Municipality,मञ्‍जु  भट्‍टराई,,Lumbini,Rupandehi,Rupandehi-1,92000,146805,Secondary Education (Grade 9-10 / SLC / SEE),27.55,83.55
2529,342669,Ashok Kumar Chaudhary,Ujyalo Nepal Party,2566.0,176,M,False,Rampyare Chaudhary,स्नातक,बुटवल  बहुमुखि क्याम्पस,Rupandehi,Trishna Chaudhary,,Lumbini,Rupandehi,Rupandehi-1,92000,146805,Bachelor's Degree,27.55,83.55
2530,341840,Hari Bahadura Ke.si.,Rastriya Janamorcha,2522.0,166,M,False,लाल बहादुर के.सी.,एस.एल.सि.,भवानी मा.वि. कुसुम खोला,Rupandehi Devdah Municipality Vishal Nagar,उमा  के.सी.,"सामुदायिक वनमा सकृय, विद्यालय व्यवस्थापन समितिमा सकृय अनुभव बटुलेको",Lumbini,Rupandehi,Rupandehi-1,92000,146805,Secondary Education (Grade 9-10 / SLC / SEE),27.55,83.55
2531,340725,Madan Bahadur Tharu,Nepal Communist Party (Maoist),2526.0,90,M,False,Shankar Prasad Tharu,,,Rupandehi,Prem Kumari Tharu,,Lumbini,Rupandehi,Rupandehi-1,92000,146805,,27.55,83.55
2532,339502,Khil Bahadur Gaha,National Republic Nepal,2504.0,64,M,False,Netra Bahadur Gaha,८ पास,,Palpa,Tali Sara Gaha (Magar),,Lumbini,Rupandehi,Rupandehi-1,92000,146805,Basic Education (Up to Grade 8),27.55,83.55
2533,342644,Shri Bahadur Kunwar,Pragatishil Loktantrik Party,2516.0,33,M,False,Bhim Bahadur Kunwar,पि.एच.डी,केनेडी युनिभरसिटी अमेरिका ,Parbat,Kanchan Kunwar,"अधिवक्ता  15  वर्ष
प्राध्यापक 15 वर्ष",Lumbini,Rupandehi,Rupandehi-1,92000,146805,Doctorate / PhD,27.55,83.55
2534,342716,Dina Nath Khanal,Swatantra,,31,M,False,Lok Ram Khanal,प्रमाणपत्र तह,बुटवल बहुमुखि क्यामप्पस,Rupandehi,,,Lumbini,Rupandehi,Rupandehi-1,92000,146805,Higher Secondary / Intermediate (10+2 / PCL),27.55,83.55
2535,342578,Keshav Aryal,Swatantra,,13,M,False,Shyam Kumar Upadhyaya,स्नातक,त्रिभुवन विश्वविद्यालय,Rukum (East),,,Lumbini,Rupandehi,Rupandehi-1,92000,146805,Bachelor's Degree,27.55,83.55
2536,341528,Govinda Pangen i,Swatantra,,12,M,False,Durga Prasad Pangeni,वि.एड.,,Rupandehi,,विभिन्न सामाजिक कार्यमा सकृय,Lumbini,Rupandehi,Rupandehi-1,92000,146805,Bachelor's Degree,27.55,83.55
2537,339411,Him Lal Pandey,Nepal Majdur Kisan Party,2578.0,9,M,False,Gunakhar Pandey,,,Rupandehi,,,Lumbini,Rupandehi,Rupandehi-1,92000,146805,,27.55,83.55
2538,339763,Shankar Khatri,Swatantra,,9,M,False,Rim Bahadur Khatri,,,Rupandehi,Sita Khatri,,Lumbini,Rupandehi,Rupandehi-1,92000,146805,,27.55,83.55
2539,342361,Sachina Vi.ka.,Swatantra,,9,M,False,गोरे  कामी,+2,,Rupandehi Devdah Municipality,,सामाजिक क्षेत्रमा कृयाशिल रहेको,Lumbini,Rupandehi,Rupandehi-1,92000,146805,Higher Secondary / Intermediate (10+2 / PCL),27.55,83.55
2540,342265,Maheshwar Bhandari,Swatantra,,7,M,False,Mahasharma Bhandari,+2,,Rupandehi,,ग्रिन प्लान्ट आवासिय मा.वि.,Lumbini,Rupandehi,Rupandehi-1,92000,146805,Higher Secondary / Intermediate (10+2 / PCL),27.55,83.55
2541,341338,Maksud Ali,Swatantra,,7,M,False,मुस्ताफा  हुसेन,वि.ए.,"श्रीराम नरेश मा.वि. , सिद्धार्थ विश्वविद्यालय, भारत",Rupandehi Rohini Rural Municipality,,,Lumbini,Rupandehi,Rupandehi-1,92000,146805,Bachelor's Degree,27.55,83.55
2542,342413,Sagar Adhikari,Swatantra,,7,M,False,Krishna Prasad Adhikari,+2,,Rupandehi,,,Lumbini,Rupandehi,Rupandehi-1,92000,146805,Higher Secondary / Intermediate (10+2 / PCL),27.55,83.55
2543,342726,Teka Bahadura Vi.k,Swatantra,,6,M,False,चन्द्र बहादुर कामी,10,,Rupandehi Devdah Municipality Bhaluhi,शोभा  वि.क,,Lumbini,Rupandehi,Rupandehi-1,92000,146805,Secondary Education (Grade 9-10 / SLC / SEE),27.55,83.55
2544,339635,Gita Sapkota,Swatantra,,5,F,False,Tara Prasad Kharel,स्नातक,त्रिभुवन विश्वविद्यालय,Nawalparasi (West),Laxman Sapkota,,Lumbini,Rupandehi,Rupandehi-1,92000,146805,Bachelor's Degree,27.55,83.55
2545,341184,Sulabh Kharel,Rastriya Swatantra Party,2528.0,56550,M,True,Gyan Prasad Kharel,स्नाकोत्तर,,Rupandehi,,,Lumbini,Rupandehi,Rupandehi-2,84013,135042,Master's Degree,27.5333,83.4833
2546,340782,Bishnu Prasad Paudel,Nepal Communist Party (Ekikrit Marxbadi Leninbadi),2598.0,12861,M,False,देवीलाल  पौडेल,,,Rupandehi Butwal Sub Metropolitan Buddhpath,दोमाया  पौडेल,,Lumbini,Rupandehi,Rupandehi-2,84013,135042,,27.5333,83.4833
2547,340486,Chunna Prasad Sharma,Nepali Congress,2583.0,9392,M,False,Pashupati Sharma,साक्षर,,Baglung,Uma Devi Sharma,,Lumbini,Rupandehi,Rupandehi-2,84013,135042,Literate / Non-Formal,27.5333,83.4833
2548,340047,Shubhash Pandey,Nepali Communist Party,2557.0,1409,M,False,भक्ति प्रसाद पाण्डे,स्नातक,TU,Rupandehi Sainamaina Municipality Bankatta,,,Lumbini,Rupandehi,Rupandehi-2,84013,135042,Bachelor's Degree,27.5333,83.4833
2549,339802,Bhim Bahadur Gautam,Shram Sanskriti Party,2501.0,1336,M,False,Manisara Gautam,SLC,HMG,Palpa,,,Lumbini,Rupandehi,Rupandehi-2,84013,135042,Secondary Education (Grade 9-10 / SLC / SEE),27.5333,83.4833
2550,340028,Keshav Bahadur Thapa Magar,Rastriya Janamukti Party,2605.0,831,M,False,Damber Singh Suryavanshi Thapa Magar,MA,Lumbini buddha university,Rupandehi,Mamata Thapa Magar,,Lumbini,Rupandehi,Rupandehi-2,84013,135042,Master's Degree,27.5333,83.4833
2551,339839,Shanjesh Kumar Thapa,Swatantra,,359,M,False,नेत्र बहादुर थापा,12,hseb,Rupandehi Butwal Sub-Metropolis Devinagar,विष्णु कुमारी थापा,,Lumbini,Rupandehi,Rupandehi-2,84013,135042,Higher Secondary / Intermediate (10+2 / PCL),27.5333,83.4833
2552,339305,Thamman Bahadur Budha Magar,National Republic Nepal,2504.0,219,M,False,Khadga Singh Budha,बिद्याबारिधी,अमेरीका,Kapilbastu,,,Lumbini,Rupandehi,Rupandehi-2,84013,135042,Doctorate / PhD,27.5333,83.4833
2553,342314,Suraj Pandey,Ujyalo Nepal Party,2566.0,187,M,False,Umananda Pandey,Masters,,Rupandehi,Lila Upreti,,Lumbini,Rupandehi,Rupandehi-2,84013,135042,Master's Degree,27.5333,83.4833
2554,340470,Ruk Bahadur Parajuli,Rastriya Janamorcha,2522.0,177,M,False,Man Bahadur Parajuli,९,,Palpa,Bishnu Kumari Parajuli,,Lumbini,Rupandehi,Rupandehi-2,84013,135042,Secondary Education (Grade 9-10 / SLC / SEE),27.5333,83.4833
2555,340006,Virendra Vi.k,Nepal Communist Party (Maoist),2526.0,154,M,False,जंगे  कामी,स्नातक,TU,Kailali Lamkichuha Municipality East Lamki,टिका  विश्‍वकर्मा,,Lumbini,Rupandehi,Rupandehi-2,84013,135042,Bachelor's Degree,27.5333,83.4833
2556,339435,Narayan Prasad Nagila,Pragatishil Loktantrik Party,2516.0,100,M,False,Hari Prasad Nagila,BA,TU,Tanahun,Mina Tiwari,,Lumbini,Rupandehi,Rupandehi-2,84013,135042,Bachelor's Degree,27.5333,83.4833
2557,340361,Dipak Gurung,"Janata Samajbadi Party, Nepal",2542.0,84,M,False,नर वहादुर गुरुङ्ग,SLC,HMG,Rupandehi Butwal Sub Metropolitan Radhakrishna,रेनुका  गुरुङ्ग,,Lumbini,Rupandehi,Rupandehi-2,84013,135042,Secondary Education (Grade 9-10 / SLC / SEE),27.5333,83.4833
2558,341741,Shiva Prithi Damai,Sanyukta Nagarik Party,2521.0,71,M,False,श्‍याम लाल प्रिथी दमाई,स्नातक,,Nawalparasi (East of Bardghat Susta) Vinayi Triveni Rural Municipality,,,Lumbini,Rupandehi,Rupandehi-2,84013,135042,Bachelor's Degree,27.5333,83.4833
2559,342553,Ramesh Lodh,Janamat Party,2585.0,64,M,False,Hari Chandra Lodh,+2,hseb,Rupandehi,.  .,,Lumbini,Rupandehi,Rupandehi-2,84013,135042,Higher Secondary / Intermediate (10+2 / PCL),27.5333,83.4833
2560,339319,Chandra Kumari Gurung,Mongol National Organization,2511.0,49,F,False,Chandra Bahadur Gurung,एसएलसी,HMG,Parbat,Som Bahadur Gurung,,Lumbini,Rupandehi,Rupandehi-2,84013,135042,Secondary Education (Grade 9-10 / SLC / SEE),27.5333,83.4833
2561,340072,Sita Sahi,Swatantra,,39,F,False,रुद्र बहादुर बस्नेत,8,,Rupandehi Butwal Sub-Metropolis Devi Nagar,राजु  साहि,,Lumbini,Rupandehi,Rupandehi-2,84013,135042,Basic Education (Up to Grade 8),27.5333,83.4833
2562,340928,Kamal Bhusal,Nepal Janasewa Party,2599.0,25,M,False,Tulsi Kumar Bhusal,स्नाकोत्तर,TU,Arghakhanchi,,,Lumbini,Rupandehi,Rupandehi-2,84013,135042,Master's Degree,27.5333,83.4833
2563,339309,Roshina Byanju,Nepal Majdur Kisan Party,2578.0,22,F,False,Ash Bahadur Lakha,एसएलसी,hMG,Bhaktapur,Chandra Kumar Byanju,,Lumbini,Rupandehi,Rupandehi-2,84013,135042,Secondary Education (Grade 9-10 / SLC / SEE),27.5333,83.4833
2564,341947,Lila Singh Rana,Swatantra,,20,M,False,Jai Bahadur Rana,BA,TU,Syangja,Bishnu Maya Rana,,Lumbini,Rupandehi,Rupandehi-2,84013,135042,Bachelor's Degree,27.5333,83.4833
2565,340706,Raju Paudel,Nepali Janata Dal,2595.0,14,M,False,Chhaya Datta Upadhyaya,स्नातक,TU,Baglung,,,Lumbini,Rupandehi,Rupandehi-2,84013,135042,Bachelor's Degree,27.5333,83.4833
2566,339682,Devendra Bahadur Khatri,Samabeshi Samajbadi Party,2590.0,12,M,False,Pharsa Bahadur Khatri,१२,+२,Rupandehi,,,Lumbini,Rupandehi,Rupandehi-2,84013,135042,Higher Secondary / Intermediate (10+2 / PCL),27.5333,83.4833
2567,339467,Shushila Pulami,Swatantra,,10,F,False,भक्त बहादुर पुलामी,BA,TU,Rupandehi Butwal Sub-Metropolitan City,हरि बहादुर घर्ति मगर,,Lumbini,Rupandehi,Rupandehi-2,84013,135042,Bachelor's Degree,27.5333,83.4833
2568,340749,Sandip Paudel,Swatantra,,6,M,False,Thaneshwar Sharma Paudel,master,tu,Rupandehi,,,Lumbini,Rupandehi,Rupandehi-2,84013,135042,Master's Degree,27.5333,83.4833
2569,340819,Bel Bahadur Karki,Swatantra,,4,M,False,Thaman Bahadur Karki,,,Rupandehi,Kumari Karki,,Lumbini,Rupandehi,Rupandehi-2,84013,135042,,27.5333,83.4833
2570,341891,Keshav Tandon,Swatantra,,3,M,False,रन सिंह टण्‍डन,slc,hmg,Rupandehi Butwal Sub Metropolitan Kalika Path,शितली  टण्‍डन,,Lumbini,Rupandehi,Rupandehi-2,84013,135042,Secondary Education (Grade 9-10 / SLC / SEE),27.5333,83.4833
2571,339480,Gokul Prasad Pandey,Swatantra,,3,M,False,Padam Pani Pandey,स्नातक,open university,Palpa,,,Lumbini,Rupandehi,Rupandehi-2,84013,135042,Bachelor's Degree,27.5333,83.4833
2572,339644,Raj Kumar Bhattarai,Swatantra,,3,M,False,Mahenath Bhattarai,+2,HSEB,Makwanpur,Tara Bhattarai,,Lumbini,Rupandehi,Rupandehi-2,84013,135042,Higher Secondary / Intermediate (10+2 / PCL),27.5333,83.4833
2573,340852,Kamala Shah,Swatantra,,2,F,False,Tek Bahadur Shahi,,,Pyuthan,Shiddhiman Shah,,Lumbini,Rupandehi,Rupandehi-2,84013,135042,,27.5333,83.4833
2574,339512,Bhanubhakta Bhandari,Swatantra,,2,M,False,Guna Nidhi Bhandari,7,,Rupandehi,Devi Bhandari,,Lumbini,Rupandehi,Rupandehi-2,84013,135042,Basic Education (Up to Grade 8),27.5333,83.4833
2575,340095,Sita Kuvanr,Swatantra,,2,F,False,सोव बहादुर कुवंर,+2,hseb,Rupandehi Butwal Sub-Metropolitan City,चन्द्र बहादुर कुवंर,,Lumbini,Rupandehi,Rupandehi-2,84013,135042,Higher Secondary / Intermediate (10+2 / PCL),27.5333,83.4833
2576,342231,Usha Bhattarai,Swatantra,,1,F,False,Bhim Bahadur Bhattarai,under slc,,Rupandehi,Suraj Khanal,,Lumbini,Rupandehi,Rupandehi-2,84013,135042,Secondary Education (Grade 9-10 / SLC / SEE),27.5333,83.4833
2577,340155,Kamala Bohara,Swatantra,,1,F,False,Man Bahadur Khatri,SLC,HMG,Gulmi,Dambar Bahadur Bohora,,Lumbini,Rupandehi,Rupandehi-2,84013,135042,Secondary Education (Grade 9-10 / SLC / SEE),27.5333,83.4833
2578,339495,Madhusudan Panthi,Swatantra,,1,M,False,Durga Prasad Panthi,+2,hseb,Arghakhanchi,Kalpana Panthi,,Lumbini,Rupandehi,Rupandehi-2,84013,135042,Higher Secondary / Intermediate (10+2 / PCL),27.5333,83.4833
2579,340723,Tika Bahadur Chhetri,Swatantra,,0,M,False,Chitra Bahadur Verma Chhetri,SLC,hmg,Rupandehi,Pushpa Thapa,,Lumbini,Rupandehi,Rupandehi-2,84013,135042,Secondary Education (Grade 9-10 / SLC / SEE),27.5333,83.4833
2580,340132,Dilip Kumar Sunar,Swatantra,,0,M,False,Lal Bahadur Sunar,slc,hmg,Nawalparasi (East),Sirjana Sunar,,Lumbini,Rupandehi,Rupandehi-2,84013,135042,Secondary Education (Grade 9-10 / SLC / SEE),27.5333,83.4833
2581,339600,Bal Krishna Gyawali,Swatantra,,0,M,False,Madhab Prasad Gyawali,SLC,HMG,Rupandehi,Pabitra Gyawali,,Lumbini,Rupandehi,Rupandehi-2,84013,135042,Secondary Education (Grade 9-10 / SLC / SEE),27.5333,83.4833
2582,340082,Bimala Bhattarai,Swatantra,,0,F,False,Shivlal Bhandari,10,HMG,Rupandehi,Shivkhar Bhattarai,,Lumbini,Rupandehi,Rupandehi-2,84013,135042,Secondary Education (Grade 9-10 / SLC / SEE),27.5333,83.4833
2583,342024,Vishnu Prasada Vasyal,Swatantra,,0,M,False,भुवानन्द  वस्याल,slc,hmg,Rupandehi Butwal Sub Metropolitan Gandaki Parijat Path,राधा देवी वस्याल,,Lumbini,Rupandehi,Rupandehi-2,84013,135042,Secondary Education (Grade 9-10 / SLC / SEE),27.5333,83.4833
2584,339605,Mohan Thapa,Rastriya Swatantra Party,2528.0,58814,M,True,Jawar Sah Thapa,D.M.,काठमाण्डु विश्वविद्यालय,Rupandehi,Motisara Rana,,Lumbini,Rupandehi,Rupandehi-3,89414,140027,Master's Degree,27.5167,83.4167
2585,340885,Sushil Gurung,Nepali Congress,2583.0,8435,M,False,Tilak Bahadur Gurung,M.B.S.,त्रिभुवन विश्वविद्यालय,Rupandehi,Shobha Gurung,,Lumbini,Rupandehi,Rupandehi-3,89414,140027,Master's Degree,27.5167,83.4167
2586,339880,Basu Dev Ghimire,Nepal Communist Party (Ekikrit Marxbadi Leninbadi),2598.0,8275,M,False,छाया दत्त घिमिरे,स्नातक,लुम्बिनी बाणिज्य क्याम्पस बुटवल,Rupandehi Tilottama Municipality,शान्ति  घिमिरे,,Lumbini,Rupandehi,Rupandehi-3,89414,140027,Bachelor's Degree,27.5167,83.4167
2587,340936,Gaurab Bohara,Rastriya Prajatantra Party,2604.0,7789,M,False,दिपक  बोहरा,ATPL,FAA (USA),Rupandehi Siddharthnagar Municipality Vishalnagar,,,Lumbini,Rupandehi,Rupandehi-3,89414,140027,Unspecified / Others,27.5167,83.4167
2588,340336,Phaija Ahamada Khan,Nepali Communist Party,2557.0,2594,M,False,नजाबुद्धिन  खाँ,SLC,भानु मा.वि.,Rupandehi Siddharthnagar Municipality Goligarh,आबिदा  खातुन,,Lumbini,Rupandehi,Rupandehi-3,89414,140027,Secondary Education (Grade 9-10 / SLC / SEE),27.5167,83.4167
2589,340973,Nanda Kumari Thapa,"Nagarik Unmukti Party, Nepal (Ekal Chunab Chinha)",2531.0,750,F,False,Khadak Bahadur Thapa,+2,फर्साटिकर उच्च मा.वि,Rupandehi,Chandrika Tharu,,Lumbini,Rupandehi,Rupandehi-3,89414,140027,Higher Secondary / Intermediate (10+2 / PCL),27.5167,83.4167
2590,340021,Jit Bahadur Gupta,Swatantra,,601,M,False,Ram Surat Teli,MA Economics,त्रिभुवन विश्वविद्यालय,Rupandehi,,,Lumbini,Rupandehi,Rupandehi-3,89414,140027,Master's Degree,27.5167,83.4167
2591,340142,Bishal Gupta,Janamat Party,2585.0,429,M,False,Anand Prasad Gupta Kanu Baniya,+2,भेरहवा नमुना मा.वि.,Rupandehi,,,Lumbini,Rupandehi,Rupandehi-3,89414,140027,Higher Secondary / Intermediate (10+2 / PCL),27.5167,83.4167
2592,340230,Mojib Ali Musalman,Rastriya Janamukti Party,2605.0,417,M,False,Siparas Ali Musalman,+2,रुपन्देही क्याम्पस,Rupandehi,Chhabi Prabha Aryal,,Lumbini,Rupandehi,Rupandehi-3,89414,140027,Higher Secondary / Intermediate (10+2 / PCL),27.5167,83.4167
2593,341047,Saroj Singh Chaudhary,Ujyalo Nepal Party,2566.0,206,M,False,Narad Singh Chaudhary Tharu,BDS,"Universal Medical College, Bhairahawa",Rupandehi,Bhanu Devi Chaudhary,,Lumbini,Rupandehi,Rupandehi-3,89414,140027,Bachelor's Degree,27.5167,83.4167
2594,339517,Badre Alam Musalman,Rastriya Janamorcha,2522.0,195,M,False,Khalil Musalman,B.A.,भैरहवा बहुमुखी क्याम्पस,Rupandehi,Hajartun Nisa,,Lumbini,Rupandehi,Rupandehi-3,89414,140027,Bachelor's Degree,27.5167,83.4167
2595,339803,Shrinivas Yadav,"Janata Samajbadi Party, Nepal",2542.0,104,M,False,Hariram Yadav,I.A.,भैरहवा उच्च मा.वि.,Rupandehi,,,Lumbini,Rupandehi,Rupandehi-3,89414,140027,Higher Secondary / Intermediate (10+2 / PCL),27.5167,83.4167
2596,341004,Shankar Prasad Gyawali,Nepal Communist Party (Maoist),2526.0,104,M,False,Narayan Prasad Gyawali,SLC,दरवारदेविस्थान मा.वि.,Gulmi,Numa Kumari Gyawali,,Lumbini,Rupandehi,Rupandehi-3,89414,140027,Secondary Education (Grade 9-10 / SLC / SEE),27.5167,83.4167
2597,340049,Mohan Thapa,National Republic Nepal,2504.0,78,M,False,Jawar Sah Thapa,8,नहरपुर मा.वि.,Rupandehi,Motisara Rana,,Lumbini,Rupandehi,Rupandehi-3,89414,140027,Basic Education (Up to Grade 8),27.5167,83.4167
2598,341647,Raju Gaudel,Nepal Communist Party (Sanyukta),2601.0,74,M,False,Dilu Prasad Gaudel,+2,उच्च शिक्षा परिषद,Rupandehi,Dila Gaudel,,Lumbini,Rupandehi,Rupandehi-3,89414,140027,Higher Secondary / Intermediate (10+2 / PCL),27.5167,83.4167
2599,340283,Radheshyam Teli Gupta,Aam Janata Party (Ekal Chunab Chinha),2581.0,68,M,False,Ramlal Teli,SLC,भारत,Rupandehi,Mina Teli Gupta,,Lumbini,Rupandehi,Rupandehi-3,89414,140027,Secondary Education (Grade 9-10 / SLC / SEE),27.5167,83.4167
2600,339399,Gopal Bhandari,Swatantra,,59,M,False,Krishna Prasad Bhandari,अहेव,सिद्धार्थ टेक्निकल इन्स्टिच्युट,Rupandehi,Sita Gaire (Bhandari),,Lumbini,Rupandehi,Rupandehi-3,89414,140027,Diploma / Certificate Level,27.5167,83.4167
2601,339473,Kulbir Gharti Magar,Mongol National Organization,2511.0,55,M,False,धन बहादुर घर्ती मगर,SLC,"पृथ्बी प्रकाश, कुलडाँडा",Rupandehi Devdah Municipality,अम्बिसरा  घर्ती मगर,,Lumbini,Rupandehi,Rupandehi-3,89414,140027,Secondary Education (Grade 9-10 / SLC / SEE),27.5167,83.4167
2602,341851,Mahendra Yadav,Swatantra,,48,M,False,Haricharan Yadav,साक्षर,,Rupandehi,Bindu Yadav,,Lumbini,Rupandehi,Rupandehi-3,89414,140027,Literate / Non-Formal,27.5167,83.4167
2603,339761,Khyamananda Bhusal,Swatantra,,47,M,False,Bhavishwar Bhushal,8 pass,जनसेवा संस्कृत मा.वि.,Parbat,Dhan Kumari Sharma,,Lumbini,Rupandehi,Rupandehi-3,89414,140027,Basic Education (Up to Grade 8),27.5167,83.4167
2604,340734,Gobinda Prasad Karakheti,Pragatishil Loktantrik Party,2516.0,46,M,False,Kesari Prasad Karakheti,M.ED.,त्रीभुवन विश्वविद्यालय,Gorkha,Jayanta Bhandari Karakheti,,Lumbini,Rupandehi,Rupandehi-3,89414,140027,Master's Degree,27.5167,83.4167
2605,341671,Nababa Musalaman,Swatantra,,41,M,False,हबिबुल्लाह  मुसलमान,साधारण,,Rupandehi Siddharthnagar Municipality Piprahia,,,Lumbini,Rupandehi,Rupandehi-3,89414,140027,Literate / Non-Formal,27.5167,83.4167
2606,340783,Durga Lal Sharma,Swatantra,,36,M,False,Kamalapati Bhusal,M.BA.,त्रिभुवन विश्वविद्यालय,Rupandehi,Negmaya Sherpa,,Lumbini,Rupandehi,Rupandehi-3,89414,140027,Master's Degree,27.5167,83.4167
2607,339427,Sugrim Chai,Nepal Majdur Kisan Party,2578.0,26,M,False,Ram Kisun Chai,+2,मुनलाईट आवसिय मा.वि.,Rupandehi,.  .,,Lumbini,Rupandehi,Rupandehi-3,89414,140027,Higher Secondary / Intermediate (10+2 / PCL),27.5167,83.4167
2608,340456,Sachin Rana,Swatantra,,25,M,False,Chandra Bahadur Rana,SLC,सुसंस्कृत मा.वि.,Rupandehi,Keshari Rahadi (Rana),,Lumbini,Rupandehi,Rupandehi-3,89414,140027,Secondary Education (Grade 9-10 / SLC / SEE),27.5167,83.4167
2609,339830,Gyan Prasad Bhurtel,Swatantra,,17,M,False,Digru Bhurtel,निरक्षर,,Parbat,Yamakala Bhurtel,,Lumbini,Rupandehi,Rupandehi-3,89414,140027,Illiterate,27.5167,83.4167
2610,339560,Anjana Chaudhary Thapa,Swatantra,,14,F,False,Chhote Lal Tharu,+2,तिलोत्तमा मा.वि,Rupandehi,Shiv Kumar Thapa,,Lumbini,Rupandehi,Rupandehi-3,89414,140027,Higher Secondary / Intermediate (10+2 / PCL),27.5167,83.4167
2611,340170,Mohammad Murtaza Sah,Swatantra,,13,M,False,Mohammad Mobin Musalman,SLC,भारत,Rupandehi,,,Lumbini,Rupandehi,Rupandehi-3,89414,140027,Secondary Education (Grade 9-10 / SLC / SEE),27.5167,83.4167
2612,340537,Karam Husein Khan,Swatantra,,9,M,False,फैज अहमद खाँ,+2,शान्ती मा.वि.,Ruppandehi Siddharthnagar Municipality,,,Lumbini,Rupandehi,Rupandehi-3,89414,140027,Higher Secondary / Intermediate (10+2 / PCL),27.5167,83.4167
2613,340841,Thakur Adhikari,Swatantra,,9,M,False,Thaneshwar Adhikari,स्नातक,त्रिचन्द्र कलेज,Arghakhanchi,Nirmala Adhikari,,Lumbini,Rupandehi,Rupandehi-3,89414,140027,Bachelor's Degree,27.5167,83.4167
2614,340408,Tejindra Malla,Swatantra,,8,M,False,Nandalal Malla,SLC,शान्ति श्री मा.वि.,Baglung,Priya Malla,,Lumbini,Rupandehi,Rupandehi-3,89414,140027,Secondary Education (Grade 9-10 / SLC / SEE),27.5167,83.4167
2615,339899,Dhan Bahadur Basnet,Swatantra,,8,M,False,Chitra Bahadur Basnet,SLC,लिलाराम उच्च मा.वि.,Rupandehi,,,Lumbini,Rupandehi,Rupandehi-3,89414,140027,Secondary Education (Grade 9-10 / SLC / SEE),27.5167,83.4167
2616,341444,Bishnu Bahadur Rana,Swatantra,,7,M,False,पदम बहादुर राना,साक्षर,,Rupandehi Suddhodhan Rural Municipality Janakpur,.  .,,Lumbini,Rupandehi,Rupandehi-3,89414,140027,Literate / Non-Formal,27.5167,83.4167
2617,339982,Dipak Bahadur Darji,Swatantra,,5,M,False,Ratna Bahadur Darji,10,भानु मा.वि.,Rupandehi,,,Lumbini,Rupandehi,Rupandehi-3,89414,140027,Secondary Education (Grade 9-10 / SLC / SEE),27.5167,83.4167
2618,341996,Lal Bahadur Rana,Gandhiwadi Party Nepal,2573.0,4,M,False,Tul Bahadur Rana,+2,भैरहवा बहुमुखी क्याम्पस,Rupandehi,Til Kumari Galami Rana,,Lumbini,Rupandehi,Rupandehi-3,89414,140027,Higher Secondary / Intermediate (10+2 / PCL),27.5167,83.4167
2619,341144,Jumrati Dhuniya Musalman,Swatantra,,4,M,False,Ismail Dhuniya Musalman,सामान्य,,Rupandehi,Sharifun Nisha Musalman,,Lumbini,Rupandehi,Rupandehi-3,89414,140027,Literate / Non-Formal,27.5167,83.4167
2620,342471,Kanhaiya Baniya,Rastriya Swatantra Party,2528.0,28066,M,True,Kripananda Baniya,स्नातकोत्तर,त्रिभुवन विश्वविद्यालय,Rupandehi,,"प्रदेश सभा सदस्य
व्यवसायी",Lumbini,Rupandehi,Rupandehi-4,72038,116168,Master's Degree,27.5,83.3667
2621,341739,Pramod Kumar Yadav,Nepal Communist Party (Ekikrit Marxbadi Leninbadi),2598.0,20262,M,False,Ram Lakhan Yadav,स्नातक,,Rupandehi,Panchu Yadav,,Lumbini,Rupandehi,Rupandehi-4,72038,116168,Bachelor's Degree,27.5,83.3667
2622,341570,Ashutosh Mishra,Nepali Congress,2583.0,15613,M,False,Shri Prakash Mishra,स्नातकोत्तर,T.U.,Rupandehi,Amrita Mishra,,Lumbini,Rupandehi,Rupandehi-4,72038,116168,Master's Degree,27.5,83.3667
2623,340055,Sarbendra Nath Shukla,"Janata Samajbadi Party, Nepal",2542.0,3410,M,False,सुरेन्द्र नाथ शुक्ला,Bachelor of Medical Engineering,"J.N., T.U., India",Rupandehi Sammarimai rural municipality Jigina,निरन्जना  शुक्ला,२०४७ देखि राजनितीमा सक्रिय रहेर काम गरेको,Lumbini,Rupandehi,Rupandehi-4,72038,116168,Bachelor's Degree,27.5,83.3667
2624,340743,Bhopendra Prasad Yadav,Janamat Party,2585.0,2077,M,False,Anil Kumar Yadav,स्नातकोत्तर,त्रिभुवन विश्‍वविद्यालय,Rupandehi,,,Lumbini,Rupandehi,Rupandehi-4,72038,116168,Master's Degree,27.5,83.3667
2625,339973,Ahmaddin Musalman,Rastriya Prajatantra Party,2604.0,926,M,False,Ehsanullah Musalman,स्‍नातक,TU,Rupandehi,Kaisarjahan Khan,समाजसेवा,Lumbini,Rupandehi,Rupandehi-4,72038,116168,Bachelor's Degree,27.5,83.3667
2626,342071,Bishwa Nath Sharma,Swatantra,,479,M,False,छविलाल  शर्मा,10+2,HSEB,Ruppandehi Mayadevi rural municipality Bethari,दुर्गा काफ्ले शर्मा,,Lumbini,Rupandehi,Rupandehi-4,72038,116168,Higher Secondary / Intermediate (10+2 / PCL),27.5,83.3667
2627,340958,Babu Lal Yadav,Nepali Communist Party,2557.0,440,M,False,Hariram Yadav,B.A.,गोरखा विश्वविद्यालय उत्तर प्रदेश,Rupandehi,Rajmati Yadav,राजनीतिक क्षेत्रमा २०५२ सालदेखि कम्युनिष्ट आन्दोलनमा संगठित भई काम गरेको,Lumbini,Rupandehi,Rupandehi-4,72038,116168,Bachelor's Degree,27.5,83.3667
2628,342294,Bishnu Prasad Tiwari,Nepal Communist Party (Maoist),2526.0,224,M,False,कुलानन्द  तिवारी, १० कक्षा,गान्धी मेमेोरियल हाइस्कुल भारत,Ruppandehi Siyari Rural Municipality Vishnupur,माया देवी तिवारी,"२०३६ देखि राजनीतिमा संलग्न, समाजसेवामा आवद्ध, अन्याय अत्यातारको विरूद्ध आन्दोलन",Lumbini,Rupandehi,Rupandehi-4,72038,116168,,27.5,83.3667
2629,341653,Jung Bahadur Yadav,Nepal Janata Party,2507.0,207,M,False,शंकर  यादव,"S.L.C., C.M.A.",HMG BOARD,Ruppandehi Mayadevi Rural Municipality Kamharia,विन्द्रवती  यादव,,Lumbini,Rupandehi,Rupandehi-4,72038,116168,Diploma / Certificate Level,27.5,83.3667
2630,342338,Jyoti Thapa,Aam Janata Party (Ekal Chunab Chinha),2581.0,76,F,False,Lal Bahadur Thapa,SLC,HMG BOARD,Rupandehi,Jyoti Thapa,,Lumbini,Rupandehi,Rupandehi-4,72038,116168,Secondary Education (Grade 9-10 / SLC / SEE),27.5,83.3667
2631,342125,Juthe Damai,Shram Sanskriti Party,2501.0,47,M,False,हिरे  दमाई,S.L.C.,HMG BOARD,Rupandehi Butwal Sub-Metropolitan City,,,Lumbini,Rupandehi,Rupandehi-4,72038,116168,Secondary Education (Grade 9-10 / SLC / SEE),27.5,83.3667
2632,341390,Karna Bahadur Gurung,Mongol National Organization,2511.0,36,M,False,Dil Bahadur Gurung,SLC,HMG BOARD,Syangja,,,Lumbini,Rupandehi,Rupandehi-4,72038,116168,Secondary Education (Grade 9-10 / SLC / SEE),27.5,83.3667
2633,339696,Kamal Koju,Nepal Majdur Kisan Party,2578.0,28,F,False,हर्ष कुमार कोजु,S.L.C.,HMG BOARD,Bhaktapur Bhaktapur Municipality Taulachhen,अन्जन  कोजु,सामाजिक कार्य,Lumbini,Rupandehi,Rupandehi-4,72038,116168,Secondary Education (Grade 9-10 / SLC / SEE),27.5,83.3667
2634,340120,Ramesh Kurmi,Swatantra,,28,M,False,Dhodhai Kurmi,साधारण लेखपढ,,Rupandehi,Urmila Kurmi,राजनीति,Lumbini,Rupandehi,Rupandehi-4,72038,116168,Literate / Non-Formal,27.5,83.3667
2635,341843,Radheshyam Baniya,Swatantra,,24,M,False,Haricharan Baniya,१२ पास,गोरखपुर भारत,Rupandehi,Laxmi Baniya,व्यापार,Lumbini,Rupandehi,Rupandehi-4,72038,116168,Higher Secondary / Intermediate (10+2 / PCL),27.5,83.3667
2636,341484,Phadindra Tiwari,Nepal Communist Party (Sanyukta),2601.0,23,M,False,Him Lal Tiwari,१० कक्षा,गीर्वाण सरस्वती मा.वि.,Rupandehi,Kala Kharel Tiwari,सामाजिक कार्य,Lumbini,Rupandehi,Rupandehi-4,72038,116168,Secondary Education (Grade 9-10 / SLC / SEE),27.5,83.3667
2637,342214,Mohammad Arif Musalman Khan,Swatantra,,19,M,False,Abdul Jalil Musalman,S.L.C.,HMG BOARD,Rupandehi,,,Lumbini,Rupandehi,Rupandehi-4,72038,116168,Secondary Education (Grade 9-10 / SLC / SEE),27.5,83.3667
2638,340497,Sudarsan Ahir,Rastriya Janamukti Party,2605.0,17,M,False,बलीराज  अहिर,साक्षर,,Rupandehi Lumbini Cultural Municipality Ardaula,माल्ती  यादव,,Lumbini,Rupandehi,Rupandehi-4,72038,116168,Literate / Non-Formal,27.5,83.3667
2639,342175,Vinay Kumar Chaudhary,Swatantra,,16,M,False,Shiv Prasad Kurmi,BBA,TU,Rupandehi,,,Lumbini,Rupandehi,Rupandehi-4,72038,116168,Bachelor's Degree,27.5,83.3667
2640,340184,Adalat Chai,Swatantra,,12,M,False,Kokan Chai,साक्षर,,Rupandehi,Chandrawati Chai,राजनीति,Lumbini,Rupandehi,Rupandehi-4,72038,116168,Literate / Non-Formal,27.5,83.3667
2641,341010,Shashikala Pandey,Swatantra,,8,F,False,Surendra Prasad Pandey,प्रविणता तह,उच्च माध्यमिक शिक्षा परिषद,Rupandehi,Sachidananda Pandey,,Lumbini,Rupandehi,Rupandehi-4,72038,116168,Higher Secondary / Intermediate (10+2 / PCL),27.5,83.3667
2642,341416,Tauphika Ahamada Khan,Rastriya Swatantra Party,2528.0,38806,M,True,सफिक अहमद .,MBA,,Rupandehi Siddharthnagar Municipality Velhia,,,Lumbini,Rupandehi,Rupandehi-5,78825,134426,Master's Degree,27.4833,83.3
2643,341218,Khim Lal Bhattarai,Nepal Communist Party (Ekikrit Marxbadi Leninbadi),2598.0,13100,M,False,हिरा लाल भट्टराई,M.A./B.L,त्रिभुवन विश्वविद्यालय,Rupandehi Sainamaina Municipality,सुशिला  भूसाल,"राष्ट्रिय सभा सदस्य भई काम गरेको 
प्रमुख सचेतक संसदीय दलको नेता",Lumbini,Rupandehi,Rupandehi-5,78825,134426,Master's Degree,27.4833,83.3
2644,340937,Bharat Kumar Shah,Nepali Congress,2583.0,12624,M,False,Lok Bahadur Shah,स्‍नातकोत्तर,त्रिभुवन विश्व विद्यालय,Kathmandu,Anita Dhungana Shah,"अर्थ राज्य मन्त्री
सार्वजनिक लेखा समिति सभापति
३ पटक सांसद
विभिन्न व्यापारिक प्रतिष्ठान र समाजमा काम गरेको",Lumbini,Rupandehi,Rupandehi-5,78825,134426,Master's Degree,27.4833,83.3
2645,340165,Muhammad Wakil Musalman,Nepali Communist Party,2557.0,6176,M,False,Abbas Musalman,SLC pass,,Rupandehi,Nazima Khatun Musalman,"पूर्व सभासद २०६४
पूर्व  संघीय वनमन्त्री",Lumbini,Rupandehi,Rupandehi-5,78825,134426,Secondary Education (Grade 9-10 / SLC / SEE),27.4833,83.3
2646,342054,Om Prakash Yadav,Janamat Party,2585.0,3109,M,False,Vishwanath Yadav,B.A.,,Rupandehi,Indrawati Yadav,,Lumbini,Rupandehi,Rupandehi-5,78825,134426,Bachelor's Degree,27.4833,83.3
2647,339992,Min Prasad Ghimire,Rastriya Prajatantra Party,2604.0,1654,M,False,Manilal Ghimire,10+2 pass, ,Arghakhanchi,Reshma Ghimire,,Lumbini,Rupandehi,Rupandehi-5,78825,134426,Higher Secondary / Intermediate (10+2 / PCL),27.4833,83.3
2648,342289,Shivlal Bishwakarma,Shram Sanskriti Party,2501.0,1369,M,False,लाल बहादुर विश्वकर्मा,साक्षर,,Rupandehi Devdah Municipality Tatera,गिता विश्वकर्मा,,Lumbini,Rupandehi,Rupandehi-5,78825,134426,Literate / Non-Formal,27.4833,83.3
2649,339491,Sunil Chaudhary Tharu,Pragatishil Loktantrik Party,2516.0,535,M,False,Nardeshwar Chaudhary Tharu,10+2 pass,मुन लाईट आ.मा.वि.भैरहवा,Rupandehi,,"शैक्षिक परामर्श ।
सामाजिक अभियान्ता ।
वैदेशिक शिक्षा सीपमा अनुभव",Lumbini,Rupandehi,Rupandehi-5,78825,134426,Higher Secondary / Intermediate (10+2 / PCL),27.4833,83.3
2650,341914,Keshav Bhattarai,Ujyalo Nepal Party,2566.0,354,M,False,रुपानन्द  भट्टराई ,स्‍नातकोत्तर LLM,,Rupandehi Sainamaina Municipality,,,Lumbini,Rupandehi,Rupandehi-5,78825,134426,Master's Degree,27.4833,83.3
2651,342146,Bishnu Prasad Bhattarai,Nepal Communist Party (Maoist),2526.0,296,M,False,ईन्द्र प्रसाद भट्टराई,SLC,,Ruppandehi Sainamaina Municipality Shantipur,कल्पना  भट्टराई,,Lumbini,Rupandehi,Rupandehi-5,78825,134426,Secondary Education (Grade 9-10 / SLC / SEE),27.4833,83.3
2652,339887,Jayashvara Regmi,Rastriya Janamorcha,2522.0,171,M,False,नन्दराम  रेग्मी,10+2 pass,पि एन क्याम्पस,Rupandehi Sainamaina Municipality,लक्ष्मी देवि रेग्मी,,Lumbini,Rupandehi,Rupandehi-5,78825,134426,Higher Secondary / Intermediate (10+2 / PCL),27.4833,83.3
2653,340214,Muhammad Bahid Fakir,"Janata Samajbadi Party, Nepal",2542.0,136,M,False,असगर अली फकिर,सामान्य लेखपढ,श्री बुद्ध आदर्श मा.वि.,Rupandehi Lumbini Cultural Municipality Large Padaria,कैसरा जहाँ फकिर,,Lumbini,Rupandehi,Rupandehi-5,78825,134426,Literate / Non-Formal,27.4833,83.3
2654,341983,Keshu Raskoti Magar,National Republic Nepal,2504.0,131,F,False,Khagendra Raskoti Magar,10+2 pass,,Gulmi,,,Lumbini,Rupandehi,Rupandehi-5,78825,134426,Higher Secondary / Intermediate (10+2 / PCL),27.4833,83.3
2655,342099,Chanda Thapa,Rastriya Janamukti Party,2605.0,70,F,False,Dal Bahadur Pun,10 pass,,Rupandehi,Dhan Bahadur Thapa,,Lumbini,Rupandehi,Rupandehi-5,78825,134426,Secondary Education (Grade 9-10 / SLC / SEE),27.4833,83.3
2656,341360,Birendra Kumar Dhobi,"Nagarik Unmukti Party, Nepal (Ekal Chunab Chinha)",2531.0,61,M,False,Rambriksha Dhobi,8 pass,बुद्ध आर्दश मा वि खुनगाई,Rupandehi,Pinky Dhobi,,Lumbini,Rupandehi,Rupandehi-5,78825,134426,Basic Education (Up to Grade 8),27.4833,83.3
2657,342428,Raju Shrestha,Nepal Janasewa Party,2599.0,50,M,False,Bhim Bahadur Shrestha,10+2 pass,,Rupandehi,Monika Shrestha,,Lumbini,Rupandehi,Rupandehi-5,78825,134426,Higher Secondary / Intermediate (10+2 / PCL),27.4833,83.3
2658,340089,Jagilal Thapa,Nepal Majdur Kisan Party,2578.0,46,M,False,Lok Bahadur Thapa,स्‍नातकोत्तर तह,बुटवल बहुमुखी क्याम्पस,Rupandehi,Asha Thapa,,Lumbini,Rupandehi,Rupandehi-5,78825,134426,Master's Degree,27.4833,83.3
2659,342503,Khem Prasad Gurung,Aam Janata Party (Ekal Chunab Chinha),2581.0,37,M,False,Gam Bahadur Gurung,सामान्य,,Parbat,Tuk Kumari Gurung,,Lumbini,Rupandehi,Rupandehi-5,78825,134426,Literate / Non-Formal,27.4833,83.3
2660,340754,Jay Narayan Kafle,Swatantra,,22,M,False,Sashidhar Kafle,साक्षर,,Syangja,Vishnu Devi Kafle,,Lumbini,Rupandehi,Rupandehi-5,78825,134426,Literate / Non-Formal,27.4833,83.3
2661,341780,Jagdish Yadav,Swatantra,,18,M,False,Degree Chandra Ahir,12 pass,बुद्धज्योती मा वि,Rupandehi,,,Lumbini,Rupandehi,Rupandehi-5,78825,134426,Higher Secondary / Intermediate (10+2 / PCL),27.4833,83.3
2662,341608,Indra Bahadur Nepali,Mongol National Organization,2511.0,14,M,False,Mirga Bahadur Nepali,slc pass,,Parbat,Keshari Maya Nepali,,Lumbini,Rupandehi,Rupandehi-5,78825,134426,Secondary Education (Grade 9-10 / SLC / SEE),27.4833,83.3
2663,339340,Basanta Kumar Yadav,Swatantra,,10,M,False,Birendra Yadav,10+2 pass,खुदावगर मा.वि.,Rupandehi,,युवा क्लवमा वसेर समाजसेवा गरेको,Lumbini,Rupandehi,Rupandehi-5,78825,134426,Higher Secondary / Intermediate (10+2 / PCL),27.4833,83.3
2664,342378,Sakil Ahmad Khan,Swatantra,,10,M,False,जमालुदिन  खा,सामान्य,,Rupandehi Lumbini Cultural Municipality Padaria,जैतुन्निसा  खा,,Lumbini,Rupandehi,Rupandehi-5,78825,134426,Literate / Non-Formal,27.4833,83.3
2665,342026,Basanti Chamar,Swatantra,,9,F,False,Vishwanath Harijan,सामान्य साक्षर,,Rupandehi,Jokhan Harijan,,Lumbini,Rupandehi,Rupandehi-5,78825,134426,Literate / Non-Formal,27.4833,83.3
2666,341105,Laxman Bahadur Nepal,Swatantra,,9,M,False,Lila Bahadur Nepal,साक्षर,,Rupandehi,Tara Devi Pandey,,Lumbini,Rupandehi,Rupandehi-5,78825,134426,Literate / Non-Formal,27.4833,83.3
2667,339557,Bikram Prasad Yadav,Swatantra,,5,M,False,गंगा राम अहिर,SLC pass,,Rupandehi Lumbini Cultural Municipality Bhagatpurwa,मान्ती  यादव,२०५४ सालको स्थानीय निकायको वडाअध्यक्ष-३,Lumbini,Rupandehi,Rupandehi-5,78825,134426,Secondary Education (Grade 9-10 / SLC / SEE),27.4833,83.3
2668,339721,Dhirendra Prasad Chaudhary,Swatantra,,3,M,False,Kashi Tharu,SLC pass,हेमराज मा.वि.कपिलवस्तु,Rupandehi,Janaki Kumari Chaudhary,,Lumbini,Rupandehi,Rupandehi-5,78825,134426,Secondary Education (Grade 9-10 / SLC / SEE),27.4833,83.3
2669,341902,Mohan Lal Acharya,Rastriya Swatantra Party,2528.0,34148,M,True,Churamani Acharya,स्नोकोत्तर,टि.यु.,Kapilbastu,Gudiya Chaudhary,"संविधान तथा कानुन क्षेत्रमा कार्यगरेको, मानवअधिकार",Lumbini,Kapilvastu,Kapilvastu-1,85161,147649,Master's Degree,27.6,83.15
2670,340638,Ashish Sharma,Swatantra,,15860,M,False,Dip Kumar Upadhyaya,BBS,TU,Kathmandu,Abhilasha Panta,,Lumbini,Kapilvastu,Kapilvastu-1,85161,147649,Bachelor's Degree,27.6,83.15
2671,341670,Atahar Kamal Musalman,Nepali Congress,2583.0,14582,M,False,निसार अहमद मुसलमान,ISc,"शिवपति इन्टर कलेज सोहरतगढ, भारत",Kapilbastu Banganga Municipality Bankatwa,देवी कला मुसलमान,"संविधानसभा सदस्य २०७०
प्रतिनिधिसभा सदस्य २०७४",Lumbini,Kapilvastu,Kapilvastu-1,85161,147649,Higher Secondary / Intermediate (10+2 / PCL),27.6,83.15
2672,339507,Bishram Prasad Chaudhary,Nepal Communist Party (Ekikrit Marxbadi Leninbadi),2598.0,7981,M,False,Bhikhu Chaudhary,आई ए,,Kapilbastu,Devi Kala Musalman,संविधान सभा सदस्य,Lumbini,Kapilvastu,Kapilvastu-1,85161,147649,Higher Secondary / Intermediate (10+2 / PCL),27.6,83.15
2673,340308,Krishna Bahadur Kunwar,Nepali Communist Party,2557.0,4616,M,False,Hark Bahadur Kunwar,IA,Tribhuvan University,Baglung,Puja Adhikari,,Lumbini,Kapilvastu,Kapilvastu-1,85161,147649,Higher Secondary / Intermediate (10+2 / PCL),27.6,83.15
2674,340807,Shatrughan Bilas Singh Kurmi,Rastriya Prajatantra Party,2604.0,2127,M,False,Raghav Sharan Singh Kurmi,SLC,संस्कृति मा.वि.,Kapilbastu,Rajmati Yadav,,Lumbini,Kapilvastu,Kapilvastu-1,85161,147649,Secondary Education (Grade 9-10 / SLC / SEE),27.6,83.15
2675,341391,Narendra Prasad Chaudhary,Janamat Party,2585.0,1889,M,False,Kesari Prasad Chaudhary,BE electricals,"Banglore, India",Kapilbastu,,"२०७९ प्रतिनिधि सभा चुनाव लडेको, हाइड्रोपावर सेक्टरमा काम",Lumbini,Kapilvastu,Kapilvastu-1,85161,147649,Bachelor's Degree,27.6,83.15
2676,342656,Babbu Singh Yadav,"Janata Samajbadi Party, Nepal",2542.0,1485,M,False,Shivharakh Ahir,+2,श्री छत्रपाली तिर्थादेवी मा.वि. पकडी,Kapilbastu,राजमती  यादव,,Lumbini,Kapilvastu,Kapilvastu-1,85161,147649,Higher Secondary / Intermediate (10+2 / PCL),27.6,83.15
2677,341475,Daroga Prasad Kurmi,Shram Sanskriti Party,2501.0,439,M,False,Ram Charitra Kurmi,"बि एससी, एलएलबी (एभो)",गोरखपुर विश्वविद्यालय युपी,Kapilbastu,Premsudha Kurmi,कपिलवस्तु एग्रो प्रा.लि. क.व,Lumbini,Kapilvastu,Kapilvastu-1,85161,147649,Bachelor's Degree,27.6,83.15
2678,341295,Bhaggu Prasad Chaudhary Tharu,"Nagarik Unmukti Party, Nepal (Ekal Chunab Chinha)",2531.0,332,M,False,Dhuwari Tharu,SLC,हेमराज मा.वि.,Kapilbastu,Aasiya Tharuni,,Lumbini,Kapilvastu,Kapilvastu-1,85161,147649,Secondary Education (Grade 9-10 / SLC / SEE),27.6,83.15
2679,342707,Nisar Ahmad Musalman,Rashtra Nirman Dal Nepal,2527.0,304,M,False,Ejar Musalman,कक्षा ८,,Kapilbastu,Aasiya Khatun Musalman,,Lumbini,Kapilvastu,Kapilvastu-1,85161,147649,Basic Education (Up to Grade 8),27.6,83.15
2680,339416,Sangh Prasad Tharu,Nepal Communist Party (Maoist),2526.0,294,M,False,चानु  थारु,SLC,"श्री हेमराज मा.वि., हथौसा, कपिलवस्तु",Kapilbastu Banganga Municipality Karmahana,मुसिया देवी थारु,संविधान सभा सदस्य (२०६४-२०६८),Lumbini,Kapilvastu,Kapilvastu-1,85161,147649,Secondary Education (Grade 9-10 / SLC / SEE),27.6,83.15
2681,342490,Madhav Bhat,Rastriya Janamorcha,2522.0,243,M,False,Vishnu Bahadur Bhat,SLC,"शान्ति मा वि, अ.खा.",Arghakhanchi,Sita Bhat,"व्यापार, पत्रकारिता",Lumbini,Kapilvastu,Kapilvastu-1,85161,147649,Secondary Education (Grade 9-10 / SLC / SEE),27.6,83.15
2682,342238,Jayavant Bikram Sah,"Rastriya Mukti Andolan, Nepal",2591.0,203,M,False,शैलेन्द्र विक्रम शाह,एमबिइ एच,महाराजगञ्ज शिक्षण अस्पताल,Kapilbastu Banganga Municipality,भगवती  शाह,फार्मेसी सञ्चालन,Lumbini,Kapilvastu,Kapilvastu-1,85161,147649,Bachelor's Degree,27.6,83.15
2683,342082,Manoj Kumar Shukla,Nepal Janata Party,2507.0,89,M,False,Prabhakar Shukla,SLC,,Kapilbastu,,,Lumbini,Kapilvastu,Kapilvastu-1,85161,147649,Secondary Education (Grade 9-10 / SLC / SEE),27.6,83.15
2684,339894,Kaiser Jaha (also known as Sakina Muslim),Swatantra,,89,F,False,उमर​ फारुक​ फकिर​,,,Badki Khairti of Kapilbastu Mayadevi Rural Municipality,,,Lumbini,Kapilvastu,Kapilvastu-1,85161,147649,,27.6,83.15
2685,342468,Abdullah Musalman,Rastriya Janamat Party,2570.0,69,M,False,Sahabuddin Musalman,नौ कक्षा,,Kapilbastu,Shahajaha Nisa,,Lumbini,Kapilvastu,Kapilvastu-1,85161,147649,Secondary Education (Grade 9-10 / SLC / SEE),27.6,83.15
2686,340440,Shankara Bhatakshetri,Swatantra,,53,M,False,दल बहादुर भाटक्षेत्री,SLC,प्रभाकर मा.वि. सिमलपानी अ.खा.,Kapilbastu Banganga Municipality,सारदा  भाटक्षेत्री,,Lumbini,Kapilvastu,Kapilvastu-1,85161,147649,Secondary Education (Grade 9-10 / SLC / SEE),27.6,83.15
2687,341502,Ram Gopal Kurmi,Swatantra,,47,M,False,Chhagur Prasad Kurmi,साधारण लेखपढ,,Kapilbastu,Rama Devi Kurmi,सामाजिक कार्य,Lumbini,Kapilvastu,Kapilvastu-1,85161,147649,Literate / Non-Formal,27.6,83.15
2688,342268,Surendra Kumar Shukla,Swatantra,,47,M,False,Dip Narayan Shukla,बिए,,Kapilbastu,Suman Shukla,,Lumbini,Kapilvastu,Kapilvastu-1,85161,147649,Bachelor's Degree,27.6,83.15
2689,342741,Keshar Bahadur Suryavanshi,Mongol National Organization,2511.0,40,M,False,Netra Bahadur Suryavanshi,,शिव मदन मा.वि. अ.खा.,Arghakhanchi,Humkala Suryavanshi,,Lumbini,Kapilvastu,Kapilvastu-1,85161,147649,,27.6,83.15
2690,340997,Narendra Bahadur Belbase,Swatantra,,38,M,False,Dolak Bahadur Belwase,SLC,"ज्योति मा.वि., ठाडा, अ.खा.",Arghakhanchi,Parvati Devi Belwase,,Lumbini,Kapilvastu,Kapilvastu-1,85161,147649,Secondary Education (Grade 9-10 / SLC / SEE),27.6,83.15
2691,341867,Kalyan Tandon,Swatantra,,34,M,False,दिपक कुमार टण्‍डन,+2,,Kapilbastu Banganga Municipality,कल्पना  टण्‍डन,,Lumbini,Kapilvastu,Kapilvastu-1,85161,147649,Higher Secondary / Intermediate (10+2 / PCL),27.6,83.15
2692,342608,Rabin Karki,Nepal Janasewa Party,2599.0,27,M,False,Buddhi Bahadur Karki,+2,,Kapilbastu,,,Lumbini,Kapilvastu,Kapilvastu-1,85161,147649,Higher Secondary / Intermediate (10+2 / PCL),27.6,83.15
2693,340519,Numa B.K.,Rastriya Janamukti Party,2605.0,24,F,False,बम बहादुर खत्री,SLC,,Kapilbastu Banganga Municipality,ओम बहादुर विश्वकर्मा,,Lumbini,Kapilvastu,Kapilvastu-1,85161,147649,Secondary Education (Grade 9-10 / SLC / SEE),27.6,83.15
2694,339965,Shiva Bahadur Darji,Aam Janata Party (Ekal Chunab Chinha),2581.0,22,M,False,छवि बहादुर दमाइ,प्रविणता प्रमाणपत्र,बुटवल बहुमुखी क्याम्पस,Arghakhanchi Shitganga Municipality Barre Patl,रीता  दर्जी,निजि विद्यालय शिक्षक,Lumbini,Kapilvastu,Kapilvastu-1,85161,147649,Higher Secondary / Intermediate (10+2 / PCL),27.6,83.15
2695,342416,Prakash Bhusal,Swatantra,,20,M,False,Prem Chandra Bhusal,आईए,कपिलवस्तु बहुमुखी क्याम्पस तौलिहवा,Kapilbastu,Parvati Bhusal,,Lumbini,Kapilvastu,Kapilvastu-1,85161,147649,Higher Secondary / Intermediate (10+2 / PCL),27.6,83.15
2696,342717,Dharmendra Pasi,Swatantra,,16,M,False,राम सुरत पासी,+2,,Kapilbastu Suddhodhan rural municipality Ramavpur,उर्मिला  पासी,,Lumbini,Kapilvastu,Kapilvastu-1,85161,147649,Higher Secondary / Intermediate (10+2 / PCL),27.6,83.15
2697,340713,Chandra Kumar Badhai,Swatantra,,13,M,False,Bijay Bahadur Badhai,उच्च माध्यमिक तह,सिद्धार्थ विद्यामन्दिर तौलिहवा कपिलवस्तु,Kapilbastu,,सामाजिक काम,Lumbini,Kapilvastu,Kapilvastu-1,85161,147649,Higher Secondary / Intermediate (10+2 / PCL),27.6,83.15
2698,340876,Buddhi Nath Pokharel,Swatantra,,8,M,False,Rikhi Ram Pokhrel,BA,,Kapilbastu,,,Lumbini,Kapilvastu,Kapilvastu-1,85161,147649,Bachelor's Degree,27.6,83.15
2699,341960,Surya Prasad Baral,Swatantra,,8,M,False,Bhimlal Baral,SLC,पशुपति मा.वि. सालझण्डी,Rupandehi,Parvati Ghimire,"सामाजिक, राजनैतिक क्रियाकलाप",Lumbini,Kapilvastu,Kapilvastu-1,85161,147649,Secondary Education (Grade 9-10 / SLC / SEE),27.6,83.15
2700,342583,Abdul Rahman,Swatantra,,5,M,False,Gaffar Nau,एमए उर्दु,,Kapilbastu,Mahrun Nisha Khatun,,Lumbini,Kapilvastu,Kapilvastu-1,85161,147649,Master's Degree,27.6,83.15
2701,341330,Ram Narayan Tharu,Swatantra,,5,M,False,Basudev Tharu,SLC,बाणगङ्गा मा.वि. गजेहडा,Kapilbastu,Nathui Tharu,,Lumbini,Kapilvastu,Kapilvastu-1,85161,147649,Secondary Education (Grade 9-10 / SLC / SEE),27.6,83.15
2702,339658,Madhav Prasad Khanal (Upadhyaya),Swatantra,,4,M,False,महेश्‍वर खनाल,SLC,"जनता मा.वि. पिपरा, कपिलवस्तु",Kapilbastu Banganga Municipality Manoharapur,सुनिता खनाल,निर्माण व्यवसाय,Lumbini,Kapilvastu,Kapilvastu-1,85161,147649,Secondary Education (Grade 9-10 / SLC / SEE),27.6,83.15
2703,341561,Bikram Thapa,Rastriya Swatantra Party,2528.0,27635,M,True,लाल बहादुर थापा,वि.एस.सी.,भारत,Kapilbastu Maharajganj Municipality,,सेवन निर्वित,Lumbini,Kapilvastu,Kapilvastu-2,80075,130184,Bachelor's Degree,27.5833,83.05
2704,340820,Surendra Raj Acharya,Nepali Congress,2583.0,21527,M,False,Yuvraj Acharya,स्नातक,त्रि.वी.,Kathmandu,Jivan Acharya,पूर्व मन्त्री,Lumbini,Kapilvastu,Kapilvastu-2,80075,130184,Bachelor's Degree,27.5833,83.05
2705,339730,Brijesh Kumar Gupta,Nepali Communist Party,2557.0,20482,M,False,Bhagwandas Gupta,बी.एस.सी.इलेक्ट्रिकल,अलिगढ मुस्लिम विश्वविद्यालय,Kapilbastu,,"प्रतिनिधि सभा सदस्य २ पटक
संबिधान सभा सदस्य २ पटक
भौतिक योजना तथा निर्माण मन्त्री
कानून मन्त्री",Lumbini,Kapilvastu,Kapilvastu-2,80075,130184,Bachelor's Degree,27.5833,83.05
2706,341146,Drigha Narayan Pandey,Nepal Communist Party (Ekikrit Marxbadi Leninbadi),2598.0,7357,M,False,रमाकान्त  पाण्‍डेय,आई.ए.सी.,त्रि.वी. काठमाण्डौ ,Kapilbastu Maharajganj Municipality Maharajganj,प्रमिला  पाण्‍डेय,"राष्ट्रिय सभा सदस्य
पूर्व सांसद आदीि",Lumbini,Kapilvastu,Kapilvastu-2,80075,130184,Higher Secondary / Intermediate (10+2 / PCL),27.5833,83.05
2707,339828,Bishnu Prasad Bhandari,Rastriya Prajatantra Party,2604.0,1181,M,False,खिमलाल  भण्डारी,स्नाकोत्तर,त्रिभुवन विश्वविद्यालय,Kapilbastu Buddhabhumi Municipality Pachigwa,खिमकला  खनाल,...,Lumbini,Kapilvastu,Kapilvastu-2,80075,130184,Master's Degree,27.5833,83.05
2708,341678,Murali Kurmi,Janamat Party,2585.0,381,M,False,Ram Charitra Kurmi,वि.एस.सी.व.एल,भारत,Kapilbastu,Khimkala Khanal,सेवा निर्वित,Lumbini,Kapilvastu,Kapilvastu-2,80075,130184,Bachelor's Degree,27.5833,83.05
2709,340210,Ram Chandra Kori,Sarbabhaum Nagarik Party,2520.0,344,M,False,Shobha Kori,10+2,जवहारलाल कलेज भारत,Kapilbastu,Khusiya Tharuni,सामाजिक अभियान्ता,Lumbini,Kapilvastu,Kapilvastu-2,80075,130184,Higher Secondary / Intermediate (10+2 / PCL),27.5833,83.05
2710,341051,Abdula Gaphphara Ansari,Swatantra,,221,M,False,अनारुल्लाह  जोल्हा,10+2,कनक मुनी उच्च मावी,Kapilbastu Kapilbastu Municipality,आरिफह खातुन अन्सारी,.......,Lumbini,Kapilvastu,Kapilvastu-2,80075,130184,Higher Secondary / Intermediate (10+2 / PCL),27.5833,83.05
2711,339580,Raj Mangal Tharu,Nepal Communist Party (Maoist),2526.0,194,M,False,Garbh Raj Tharu,अन्डर slc,श्री कनकमुनी उच्च मा.वि. जगदिशपुर क.व.,Kapilbastu,Keshmaya Saru,....,Lumbini,Kapilvastu,Kapilvastu-2,80075,130184,Secondary Education (Grade 9-10 / SLC / SEE),27.5833,83.05
2712,341451,Rama Nevasa Yadav,"Janata Samajbadi Party, Nepal",2542.0,114,M,False,खदेरु  अहिर,S.L.C.,रत्नराज्य मावी कपिलवस्तु,Kapilbastu Kapilbastu Municipality is a big city,,सामाजीक कार्य,Lumbini,Kapilvastu,Kapilvastu-2,80075,130184,Secondary Education (Grade 9-10 / SLC / SEE),27.5833,83.05
2713,341501,Arun Tiwari,Swatantra,,103,M,False,Anand Tiwari,10+2,ज्योती मावी अर्घाखाँची,Kapilbastu,Binita Tiwari,समाजसेवा,Lumbini,Kapilvastu,Kapilvastu-2,80075,130184,Higher Secondary / Intermediate (10+2 / PCL),27.5833,83.05
2714,340615,Laxmi Kumari Mandari,Rastriya Janamorcha,2522.0,102,F,False,लिलाराम  जैसी,पाँच कक्षा पास,......,Kapilbastu Buddhabhumi Municipality Shantipur,कृष्णलाल  शर्मा जैसी,.......,Lumbini,Kapilvastu,Kapilvastu-2,80075,130184,Basic Education (Up to Grade 8),27.5833,83.05
2715,342344,Shesh Narayan Shukla,Nepal Janata Party,2507.0,82,M,False,Lallan Shukla,10+2,भैरहवा नमुना उ.मा.वि.,Kapilbastu,,समाजसेवा,Lumbini,Kapilvastu,Kapilvastu-2,80075,130184,Higher Secondary / Intermediate (10+2 / PCL),27.5833,83.05
2716,340774,Jamvanti Bhuj,Rastriya Mukti Party Nepal (Ekal Chunab Chinha),2531.0,78,F,False,हेमचन्द्र  भूज,S.L.C.,श्री सिद्धार्थ मावी,Kapilbastu Kapilbastu Municipality,बेचन  भूज,मेलमिलाप कर्ता,Lumbini,Kapilvastu,Kapilvastu-2,80075,130184,Secondary Education (Grade 9-10 / SLC / SEE),27.5833,83.05
2717,340377,Buddhi Bahadur Saru Thapa,National Republic Nepal,2504.0,42,M,False,Um Bahadur Saru,कक्षा 10,ज्योति मा.वि.,Arghakhanchi,Gita Darji,.....,Lumbini,Kapilvastu,Kapilvastu-2,80075,130184,Secondary Education (Grade 9-10 / SLC / SEE),27.5833,83.05
2718,341972,Pin Bahadur Darji,Mongol National Organization,2511.0,41,M,False,Man Bahadur Darji,S.L.C.,केउरानी मावी देवदह,Rupandehi,Krishnalal Sharma Jaisi,सामाजिक सेवा,Lumbini,Kapilvastu,Kapilvastu-2,80075,130184,Secondary Education (Grade 9-10 / SLC / SEE),27.5833,83.05
2719,340053,Sarataja Ahamada Mu,Swatantra,,37,M,False,सहाबुद्दीन  मुसलमान,S.L.C.,बुद्धज्योती मावी कपिलवस्तु,Kapilbastu Yasodhara rural municipality Bhadehar,,......,Lumbini,Kapilvastu,Kapilvastu-2,80075,130184,Secondary Education (Grade 9-10 / SLC / SEE),27.5833,83.05
2720,340903,Ram Prasad Pasi,Rastriya Janamat Party,2570.0,28,M,False,Khelawan Pasi,S.L.C.,भारत,Kapilbastu,Bechan Bhujel,......,Lumbini,Kapilvastu,Kapilvastu-2,80075,130184,Secondary Education (Grade 9-10 / SLC / SEE),27.5833,83.05
2721,342273,Suman Giri,Nepal Janasewa Party,2599.0,27,M,False,Reshamraj Giri,10+2,न्यू होराइजन कलेज बुटवल,Kapilbastu,Banga Pasi,समाजसेवा,Lumbini,Kapilvastu,Kapilvastu-2,80075,130184,Higher Secondary / Intermediate (10+2 / PCL),27.5833,83.05
2722,342185,Prema Bahadura Vi.k,Aam Janata Party (Ekal Chunab Chinha),2581.0,21,M,False,नर वहादुर विश्‍वकर्मा,स्नातक,बुटवल बहुमुखी क्याम्पस,Kapilbastu Banganga Municipality Bandauli,,.......,Lumbini,Kapilvastu,Kapilvastu-2,80075,130184,Bachelor's Degree,27.5833,83.05
2723,340701,Vijay Nand Chauve,Swatantra,,21,M,False,त्रिलोकी नाथ चौवे,आई.ए.सी.,भारत,Kapilbastu Yasodhara rural municipality Bhadehar,माधुरी  चौवे,समाजसेवी,Lumbini,Kapilvastu,Kapilvastu-2,80075,130184,Higher Secondary / Intermediate (10+2 / PCL),27.5833,83.05
2724,340260,Ram Prasad Paudel,Swatantra,,15,M,False,Dhanishwar Paudel,S.L.C.,सिद्धार्थ मावी भेलाई,Kapilbastu,Sita Aryal Paudel,.......,Lumbini,Kapilvastu,Kapilvastu-2,80075,130184,Secondary Education (Grade 9-10 / SLC / SEE),27.5833,83.05
2725,340427,Tomanath Kurmi,Swatantra,,14,M,False,जगदम्वा  कुर्मी,लेखपढ,.....,Kapilbastu Maharajganj Municipality Ganwaria,प्रमिला  कुर्मी,....,Lumbini,Kapilvastu,Kapilvastu-2,80075,130184,Literate / Non-Formal,27.5833,83.05
2726,339969,Rakesh Kurmi,Swatantra,,9,M,False,Balmukunda Kurmi,10+2,कपिलवस्तु बहुमुखी क्याम्पस,Kapilbastu,Samira Nisa Kurmi,....,Lumbini,Kapilvastu,Kapilvastu-2,80075,130184,Higher Secondary / Intermediate (10+2 / PCL),27.5833,83.05
2727,340300,Tara Prasad Adhikari,Swatantra,,7,M,False,Maniram Adhikari,S.L.C.,भृकुटी मावी ,Kapilbastu,Kalam Adhikari,समाजसेवी,Lumbini,Kapilvastu,Kapilvastu-2,80075,130184,Secondary Education (Grade 9-10 / SLC / SEE),27.5833,83.05
2728,341198,Krishna Chandra Pasi,Swatantra,,5,M,False,Shriram Pasi,आई.ए.,भारत,Kapilbastu,Sumirata Pasi,....,Lumbini,Kapilvastu,Kapilvastu-2,80075,130184,Higher Secondary / Intermediate (10+2 / PCL),27.5833,83.05
2729,339898,Mahesh Kurmi,Swatantra,,4,M,False,Ganesh Bahadur Kurmi,S.L.C.,रत्नराज्य लक्ष्मी मा.वि. कपिलवस्तु।,Kapilbastu,,......,Lumbini,Kapilvastu,Kapilvastu-2,80075,130184,Secondary Education (Grade 9-10 / SLC / SEE),27.5833,83.05
2730,340492,Eebrahima Pathan,Swatantra,,3,M,False,मक्सद  पठान,साधारण लेखपढ,.....,Kapilbastu Kapilbastu Municipality Saurah,लालमुन  पठान,.....,Lumbini,Kapilvastu,Kapilvastu-2,80075,130184,Literate / Non-Formal,27.5833,83.05
2731,341266,Abhishek Pratap Shah,Nepali Congress,2583.0,23535,M,True,Late Ajay Pratap Shah,,,Kapilbastu,. . .,,Lumbini,Kapilvastu,Kapilvastu-3,69184,118385,,27.55,82.95
2732,341989,Prakash Rajouriya,Rastriya Swatantra Party,2528.0,18890,M,False,दुर्गा प्रसाद रजौरिया,स्नातक तह,,Kapilbastu Krishnanagar Municipality,पविता  पराजुली,,Lumbini,Kapilvastu,Kapilvastu-3,69184,118385,Bachelor's Degree,27.55,82.95
2733,342305,Birendra Kumar Kanodiya,Nepal Communist Party (Ekikrit Marxbadi Leninbadi),2598.0,14763,M,False,Om Prakash Kanodiya,BA LLB,लखनउ विश्व विद्यालय भारत,Kapilbastu,Sulekha Kanodia,,Lumbini,Kapilvastu,Kapilvastu-3,69184,118385,Bachelor's Degree,27.55,82.95
2734,340136,Eeshvara Dayala Mishr,Rastriya Mukti Party Nepal (Ekal Chunab Chinha),2531.0,5017,M,False,सहदेव  मिश्र,आधारभुत तह,राम गोरखा मा वि बहादुरगंज कपिलवस्तु,Kapilbastu Maharajganj Municipality Gagounda,शकुन्तला  मिश्र,"संविधान सभा सदस्य २०६४
भौतिक योजना तथा निर्माण (राज्यमन्त्री)",Lumbini,Kapilvastu,Kapilvastu-3,69184,118385,Basic Education (Up to Grade 8),27.55,82.95
2735,342060,Ehsan Ahmad Khan,Nepali Communist Party,2557.0,4251,M,False,Abdul Majid Khan,माध्यमिक शिक्षा परिषद उत्तर प्रदेश,+2,Kapilbastu,Sabiha Ehsan Khan,,Lumbini,Kapilvastu,Kapilvastu-3,69184,118385,Secondary Education (Grade 9-10 / SLC / SEE),27.55,82.95
2736,340342,Vinoda Lueetel,Nepal Communist Party (Maoist),2526.0,572,M,False,दुर्गाराम लुईटेल,स्नातक तह,TU KTM,Sunsari Dharan Sub-Metropolitan New Toll, ,,Lumbini,Kapilvastu,Kapilvastu-3,69184,118385,Bachelor's Degree,27.55,82.95
2737,342652,Prem Shankar Shukla,Rastriya Prajatantra Party,2604.0,536,M,False,Ram Murat Shukla,slc,,Kapilbastu,Manju Devi Shukla,,Lumbini,Kapilvastu,Kapilvastu-3,69184,118385,Secondary Education (Grade 9-10 / SLC / SEE),27.55,82.95
2738,342690,Eesh‍vara Kumara Raut,Janamat Party,2585.0,339,M,False,होम बहादुर राउत,+2,,"Gadkhar, Nuwakot Likhu Rural Municipality",सावित्रा  राउत,,Lumbini,Kapilvastu,Kapilvastu-3,69184,118385,Higher Secondary / Intermediate (10+2 / PCL),27.55,82.95
2739,340846,Intajara Khan,Swatantra,,332,M,False,मुस्तफा  खाँ,10+2,UP Board India,Kapilbastu Krishnanagar Municipality Ajigara,जन्नतुन निसा खाँ,,Lumbini,Kapilvastu,Kapilvastu-3,69184,118385,Higher Secondary / Intermediate (10+2 / PCL),27.55,82.95
2740,339663,Ker Singh Adai,Rastriya Janamorcha,2522.0,267,M,False,Hark Bahadur Adai,SLC,महाकवि देवकोटा मा वि सुनवल नवलपरासी,Kapilbastu,,,Lumbini,Kapilvastu,Kapilvastu-3,69184,118385,Secondary Education (Grade 9-10 / SLC / SEE),27.55,82.95
2741,342434,Jogi Puri Gosai,Nepal Janata Party,2507.0,254,M,False,Jwala Puri Gosai,कक्षा ८,राम गोरखा मावी क.व.,Kapilbastu,Shri Kanti Gosai,,Lumbini,Kapilvastu,Kapilvastu-3,69184,118385,Basic Education (Up to Grade 8),27.55,82.95
2742,342770,Hari Om Tulsiyan,Swatantra,,71,M,False,ओम प्रकाश तुलस्यान,,,Kapilbastu Krishnanagar Municipality Shankarnagar,सुमन  तुलस्यान,,Lumbini,Kapilvastu,Kapilvastu-3,69184,118385,,27.55,82.95
2743,342596,Mohammad Rafik Miya,Aam Janata Party (Ekal Chunab Chinha),2581.0,47,M,False,गरिब  मियाँ,,,Kapilbastu Shivraj Municipality,सहनाज  खातुन,,Lumbini,Kapilvastu,Kapilvastu-3,69184,118385,,27.55,82.95
2744,341777,Durga Prasad Upadhyay,Swatantra,,46,M,False,विश्‍वनाथ  उपाध्याय,,,Kapilbastu Krishnanagar Municipality Dumai,प्रतिभा देवी उपाध्याय,,Lumbini,Kapilvastu,Kapilvastu-3,69184,118385,,27.55,82.95
2745,342683,Allahuddin Darji,Bahujan Shakti Party,2536.0,45,M,False,Mustafa Darji,,,Kapilbastu,Najmun Darji,,Lumbini,Kapilvastu,Kapilvastu-3,69184,118385,,27.55,82.95
2746,342791,Anand Prakash Yadav,Swatantra,,34,M,False,Bharat Ahir,,,Kapilbastu,,,Lumbini,Kapilvastu,Kapilvastu-3,69184,118385,,27.55,82.95
2747,340222,Chinta Bahadur Darji,Swatantra,,29,M,False,Gane Damai,प्रमाणपत्र तह,समयथान मावि खरेन्द्रपुर क.व.,Kapilbastu,Sant Kumari B.K. Darji,"पत्रकारिता क्षेत्रमा २ दशक बढि सकृय
जातिय समानताका लागि सामाजिक परिवर्तन गर्न अभियन्ताका रुपमा कार्यरत",Lumbini,Kapilvastu,Kapilvastu-3,69184,118385,Higher Secondary / Intermediate (10+2 / PCL),27.55,82.95
2748,342767,Bal Kisun Murau (Maurya),Swatantra,,15,M,False,Budhai Murau,,,Kapilbastu,Indrawati Murain (Maurya),,Lumbini,Kapilvastu,Kapilvastu-3,69184,118385,,27.55,82.95
2749,340391,Buddhisagar Shukla,Swatantra,,13,M,False,Balak Ram Shukla,आधारभूत तह,,Kapilbastu,Vishwamati Shukla,,Lumbini,Kapilvastu,Kapilvastu-3,69184,118385,Basic Education (Up to Grade 8),27.55,82.95
2750,340954,Sharves Pandey,Swatantra,,13,M,False,पोखई  पाण्डेय,10+2,,Kapilbastu Kapilbastu Municipality,,,Lumbini,Kapilvastu,Kapilvastu-3,69184,118385,Higher Secondary / Intermediate (10+2 / PCL),27.55,82.95
2751,342727,Sugrim Loniya,Swatantra,,12,M,False,Shivpujan Loniya,slc,,Kapilbastu,,,Lumbini,Kapilvastu,Kapilvastu-3,69184,118385,Secondary Education (Grade 9-10 / SLC / SEE),27.55,82.95
2752,342704,Abdulahamida Veg,Swatantra,,11,M,False,रीमासत  वेग,,,Kapilbastu Krishnanagar Municipality Vedamau,आमीना  खातुन,,Lumbini,Kapilvastu,Kapilvastu-3,69184,118385,,27.55,82.95
2753,342755,Maksud Miya,Swatantra,,11,M,False,कुद्दुस  मियाँ,SLC,,Kapilbastu Shivraj Municipality Persia,सालिहा  खातून,,Lumbini,Kapilvastu,Kapilvastu-3,69184,118385,Secondary Education (Grade 9-10 / SLC / SEE),27.55,82.95
2754,339772,Ashok Kumar Yadav,"Janata Loktantrik Party, Nepal",2574.0,10,M,False,Jokhu Ahir,स्नातक,जनता मा वि गडवा दाङ,Dang,,अध्यापन गरेको ।,Lumbini,Kapilvastu,Kapilvastu-3,69184,118385,Bachelor's Degree,27.55,82.95
2755,342776,Nurul Kamar Kha,Swatantra,,10,M,False,महमद नसिर खाँ,+2,,Kapilbastu Vijayanagar Rural Municipality Patthardeiya,जुबैदा खातुन,,Lumbini,Kapilvastu,Kapilvastu-3,69184,118385,Higher Secondary / Intermediate (10+2 / PCL),27.55,82.95
2756,342732,Balji Prasad Yadav,Swatantra,,10,M,False,Jhinnu Yadav,+2,,Kapilbastu,Shanti Yadav,,Lumbini,Kapilvastu,Kapilvastu-3,69184,118385,Higher Secondary / Intermediate (10+2 / PCL),27.55,82.95
2757,342394,Krishna Kumar Upadhyay,Swatantra,,9,M,False,कृपा शंकर उपाध्याय,,,Kapilbastu Krishnanagar Municipality Bahadurganj,गिता  उपाध्याय,,Lumbini,Kapilvastu,Kapilvastu-3,69184,118385,,27.55,82.95
2758,342759,Thark Bahadur Khangaha,Swatantra,,9,M,False,Gam Bahadur Khangaha,,,Palpa,Humi Sara Khangaha,,Lumbini,Kapilvastu,Kapilvastu-3,69184,118385,,27.55,82.95
2759,342762,Manish Kumar Kanodiya,Swatantra,,9,M,False,Bijay Kumar Kanodiya,,,Kapilbastu,Rakta Kanodia,,Lumbini,Kapilvastu,Kapilvastu-3,69184,118385,,27.55,82.95
2760,342781,Pankaj Kumar Chaudhary,Swatantra,,7,M,False,Rajendra Prasad Chaudhary,,,Kapilbastu,,,Lumbini,Kapilvastu,Kapilvastu-3,69184,118385,,27.55,82.95
2761,342509,Ram Nivas Nau,Swatantra,,7,M,False,घुरहु  नाऊ,SLC,,Kapilbastu Krishnanagar Municipality Sisahnia,शुसीला देवी नाऊ,,Lumbini,Kapilvastu,Kapilvastu-3,69184,118385,Secondary Education (Grade 9-10 / SLC / SEE),27.55,82.95
2762,341474,Hariram Teli,Swatantra,,4,M,False,Lakhan Teli,5,,Kapilbastu,Radha Teli,,Lumbini,Kapilvastu,Kapilvastu-3,69184,118385,Basic Education (Up to Grade 8),27.55,82.95
2763,342772,Ausapha Ahamada Khan,Swatantra,,2,M,False,अब्दुल मन्नान खाँ,,,Kapilbastu Krishnanagar Municipality Krishnanagar,,,Lumbini,Kapilvastu,Kapilvastu-3,69184,118385,,27.55,82.95
2764,342347,Manoj Kumar Chaturvedi,Swatantra,,2,M,False,Haripal Chaturvedi,,,Kapilbastu,,,Lumbini,Kapilvastu,Kapilvastu-3,69184,118385,,27.55,82.95
2765,341059,Parmeshwar Dayal Mishra,Swatantra,,1,M,False,Sahadev Mishra,स्नातकतह,,Kapilbastu,Mamata Mishra,,Lumbini,Kapilvastu,Kapilvastu-3,69184,118385,Bachelor's Degree,27.55,82.95
2766,340639,Hariram Prasad Yadav,Swatantra,,1,M,False,Chinni Lal Yadav,10+2,UP board India,Kapilbastu,Dudh Maiya Yadav,,Lumbini,Kapilvastu,Kapilvastu-3,69184,118385,Higher Secondary / Intermediate (10+2 / PCL),27.55,82.95
2767,342128,Yogesh Gauchan Thakali,Nepali Congress,2583.0,3307,M,True,Romi Gauchan Thakali,स्‍नाकोत्तर,Alliance university,Mustang,,समाजसेवी,Gandaki,Mustang,Mustang-1,6281,11325,Master's Degree,28.9833,83.85
2768,339737,Indra Dhara Dadu Bista,Nepal Communist Party (Ekikrit Marxbadi Leninbadi),2598.0,1806,M,False,Tenpa Bista,१० पास,जनहित मा.वि,Mustang,Chhimi Bishta,,Gandaki,Mustang,Mustang-1,6281,11325,Secondary Education (Grade 9-10 / SLC / SEE),28.9833,83.85
2769,342245,Adhitya Chandra Thakali,Rastriya Swatantra Party,2528.0,759,M,False,चन्द्र बहादुर थकाली,स्‍नातोकत्तर,त्रि.वि. नेपाल,Mustang Gharpazhong Rural Municipality Jomsom,,शिक्षण,Gandaki,Mustang,Mustang-1,6281,11325,Master's Degree,28.9833,83.85
2770,340370,Kamala Lalchan,Rastriya Prajatantra Party,2604.0,161,F,False,Buddhi Bahadur Lalchan,वि.एड,शिधानाथ बहुमुखी क्याम्पस,Mustang,Shrikant Adhikari,शिक्षक,Gandaki,Mustang,Mustang-1,6281,11325,Bachelor's Degree,28.9833,83.85
2771,342284,Ngutuk Gurung,Nepali Communist Party,2557.0,151,M,False,Amchi Gurung,साक्षरता,,Mustang,Busna Kala Gurung,,Gandaki,Mustang,Mustang-1,6281,11325,Literate / Non-Formal,28.9833,83.85
2772,342199,Surendra Sherchan,Ujyalo Nepal Party,2566.0,85,M,False,Hari Prasad Sherchan,स्‍नाकोत्तर,खार्किभ मेडिकल ईन्सिच्युट,Lalitpur,Sharmila Bhattachan (Sherchan),,Gandaki,Mustang,Mustang-1,6281,11325,Master's Degree,28.9833,83.85
2773,340759,Ajay B.K.,Aam Janata Party (Ekal Chunab Chinha),2581.0,9,M,False,प्रेम बहादुर वि.क,S.L.C pass,gandaki education foundation,Mustang Thasang Rural Municipality Nagum,,हस्तकला,Gandaki,Mustang,Mustang-1,6281,11325,Secondary Education (Grade 9-10 / SLC / SEE),28.9833,83.85
2774,340107,Yam Bahadur Gurung,Mongol National Organization,2511.0,3,M,False,Chun Bahadur Gurung,आठ पास,मनोकामना मा.वि.,Syangja,Anita Gurung,,Gandaki,Mustang,Mustang-1,6281,11325,Basic Education (Up to Grade 8),28.9833,83.85
2775,339417,Mahavira Pun,Swatantra,,22850,M,False,कृष्ण  पुन,Master Degree,"युनिभर्सिटी अफ नेब्रास्का कर्नी, अमेरिका",Chitwan Rapti Municipality Khurkhare,ओममाया पुर्जा पुन,"१. शिक्षक १३ वर्ष
२. समाज सेवा ३२ वर्ष",Gandaki,Myagdi,Myagdi-1,43160,86394,Master's Degree,28.5333,83.55
2776,339939,Harikrishna Shrestha,Nepal Communist Party (Ekikrit Marxbadi Leninbadi),2598.0,7919,M,False,Amar Lal Shrestha,प्रविणता प्रमाणपत्र तह,त्रि.वि.वि.,Myagdi,Nanu Kumari Shrestha,"१. गा.वि.स. अध्यक्ष
२. म्याग्दी पुस्तकालयऽ बेनीको सचिव/अध्यक्ष
३. नेपाल रेडक्रस म्याग्दी शाखाको मन्त्री/सभापति
४. बेनी खानेपानी उपभोक्ता संस्थाको अध्यक्ष",Gandaki,Myagdi,Myagdi-1,43160,86394,Higher Secondary / Intermediate (10+2 / PCL),28.5333,83.55
2777,339689,Karna Bahadur Bhandari,Nepali Congress,2583.0,6676,M,False,Sant Bahadur Bhandari,B.L.,Nepal Law Campus,Kathmandu,Dhandevi Bhandari,"१. कानुनी परामर्श
२. टेक्नोलोजी आइटी",Gandaki,Myagdi,Myagdi-1,43160,86394,Bachelor's Degree,28.5333,83.55
2778,340362,Arjun Bahadur Thapa,Nepali Communist Party,2557.0,3529,M,False,Lok Bahadur Thapa,M.A.,T.U.,Myagdi,Purna Kumari Subba Thapa,"१. सामाजिक सेवा २० वर्ष
२. विज्ञ नेतृत्व
३. विकाशप्रेमी दृष्टिकोण",Gandaki,Myagdi,Myagdi-1,43160,86394,Master's Degree,28.5333,83.55
2779,341434,Yuvraj Roka,Rastriya Swatantra Party,2528.0,1530,M,False,पूर्ण बहादुर रोका,10+2,New West Point Secondary School Beni,Myagdi Beni Municipality Surkemela,,,Gandaki,Myagdi,Myagdi-1,43160,86394,Higher Secondary / Intermediate (10+2 / PCL),28.5333,83.55
2780,339669,Dambhar Bahadur Suvedi,Rastriya Prajatantra Party,2604.0,252,M,False,रण बहादुर सुवेदी,स्नातक,म्याग्दी वहुमुखी क्याम्पस बेनी,Myagdi Beni Municipality Khawra,शिला कुमारी सुवेदी,"१. विभिन्न सामाजिक संघ संस्थामा आवद्ध भै गरेको कार्यसम्पादन ।
२. व्यापार तथा व्यवसाय रुपमा गर्ने र गरेका कार्य ।",Gandaki,Myagdi,Myagdi-1,43160,86394,Bachelor's Degree,28.5333,83.55
2781,341245,Kshetra Bahadur Ghimire,Nepal Communist Party (Maoist),2526.0,185,M,False,Khadak Bahadur Ghimire,प्रविणता प्रमाणपत्र तह,म्याग्दी बहुमुखी क्याम्पस बेनी,Myagdi,Usha Gharti Ghimire,,Gandaki,Myagdi,Myagdi-1,43160,86394,Higher Secondary / Intermediate (10+2 / PCL),28.5333,83.55
2782,341348,Binod Rana,Shram Sanskriti Party,2501.0,127,M,False,Kul Bahadur Rana,प्रविणता प्रमाणपत्र तह,"म्याग्दी बहुमुखी क्याम्पस, बेनी",Myagdi,Junkiri Rana,"१. कृषि
२. शिक्षक",Gandaki,Myagdi,Myagdi-1,43160,86394,Higher Secondary / Intermediate (10+2 / PCL),28.5333,83.55
2783,339877,Devendra Kami,Pragatishil Loktantrik Party,2516.0,38,M,False,Goviram Kami,साधारण लेखपढ,,Myagdi,Phulmaya B.K.,,Gandaki,Myagdi,Myagdi-1,43160,86394,Literate / Non-Formal,28.5333,83.55
2784,342220,Tul Prasad Garbuja,National Republic Nepal,2504.0,27,M,False,Padam Bahadur Garbuja,S.L.C.,अमर मा.वि. चिमखोला,Myagdi,Tej Kumari Garbuja,,Gandaki,Myagdi,Myagdi-1,43160,86394,Secondary Education (Grade 9-10 / SLC / SEE),28.5333,83.55
2785,341729,Chhema Bahadura Vi.k,Rastriya Janamorcha,2522.0,22,M,False,लालमन सुनार,प्रमाणपत्र तह,म्याग्दी बहुमुखी क्याम्पस,Upallo Darrwang of Myagdi Malika Rural Municipality,हरी माया वि.क,१. राष्ट्रिय जनमोर्चा जिल्ला समिति म्याग्दीको अध्यक्ष,Gandaki,Myagdi,Myagdi-1,43160,86394,Higher Secondary / Intermediate (10+2 / PCL),28.5333,83.55
2786,340702,Bhim Bahadur Lama,Mongol National Organization,2511.0,5,M,False,Kalu Lama,साक्षर,,Tanahun,Dhan Maya Lama,,Gandaki,Myagdi,Myagdi-1,43160,86394,Literate / Non-Formal,28.5333,83.55
2787,339959,Sushil Khadka,Rastriya Swatantra Party,2528.0,20927,M,True,Keshav Bahadur Khadga,स्नाकोत्तर,Vanderbilt University USA,Baglung,,"रिसाइक्लिन (अभ्नी भेन्चर्स) संस्थाको संस्थापक 
अभ्नी दिगोपना केन्द्रको संस्थापक
हरित लगानी प्रवर्धक संस्थाको व्यवस्थापक 
फ्रेन्चाइज विकास तथा व्यपस्थापनको संस्थापक 
 ",Gandaki,Baglung,Baglung-1,47061,98031,Master's Degree,28.3167,83.6
2788,340345,Bhim Bahadur Shrees Rana,Nepali Congress,2583.0,11944,M,False,कर्ण बहादुर श्रीस राना,स्नाकोत्तर ,त्रि.वि.,Baglung Jaimuni Municipality Devaldhara,,"स्व.वि.यु सभापति त्रि.वि. 2062
नेवि संघ त्रि.वि. समिति सचिव 2058
धौलागिरी विद्यार्थी समाज त्रि.वि. 2061
अम्पायर, नेपाल क्रिकेट संघ 2062",Gandaki,Baglung,Baglung-1,47061,98031,Master's Degree,28.3167,83.6
2789,340240,Hira Bahadur Khatri,Nepal Communist Party (Ekikrit Marxbadi Leninbadi),2598.0,8640,M,False,Hari Dhoj Khatri,स्नाकोत्तर,त्रि.वि.,Baglung,Manita Khatri," स्व.वि.यु सभापति 
नेपाल कम्युनिष्ट पार्टी (एमाले) बागलुङ जिल्ला अध्यक्ष (२०७८ सालदेखि हालसम्म) समेत
",Gandaki,Baglung,Baglung-1,47061,98031,Master's Degree,28.3167,83.6
2790,340394,Krishna Prasad Sharma Adhikari,Rastriya Janamorcha,2522.0,4521,M,False,Lilaradhar Adhikari,मास्टर्स ,त्रि.वि.,Baglung,Nandakala Adhikari,"नेतृत्व क्षमता 
रानीतिक प्रशिक्षण 
जनपरिचालन ",Gandaki,Baglung,Baglung-1,47061,98031,Master's Degree,28.3167,83.6
2791,339674,Kalyan Acharya,Rastriya Prajatantra Party,2604.0,523,M,False,Netra Prasad Acharya,स्नाकोत्तर,त्रि.वि.,Baglung,,टेलिभिजन प्रस्तोता तथा निर्माता ,Gandaki,Baglung,Baglung-1,47061,98031,Master's Degree,28.3167,83.6
2792,340705,Lal Bahadur Gharti,Shram Sanskriti Party,2501.0,254,M,False,Bir Prasad Gharti,‍+2 पास,उत्तरगंगा उच्च मा.वि.,Baglung,Run Maya Gharti,"समाजसेवा, व्यापारी, राजनीतिक अनुभव, शिक्षक अनुभव",Gandaki,Baglung,Baglung-1,47061,98031,Higher Secondary / Intermediate (10+2 / PCL),28.3167,83.6
2793,341152,Teka Vahadura Ke.si.,Nepal Communist Party (Maoist),2526.0,80,M,False,बिस्नु  प्रसाद,बी.ए.,"गुरुनानक विश्वविद्यालय, पञ्जाव",Baglung Baglung Municipality Raydanda,सिमा  के.सी.,,Gandaki,Baglung,Baglung-1,47061,98031,Bachelor's Degree,28.3167,83.6
2794,340310,Chitra Prasad Sapkota,Pragatishil Loktantrik Party,2516.0,60,M,False,Prem Prasad Sapkota,10 पास,त्रिभुवन मा.वि. पैयुँपाटा ,Baglung,Indra Kumari Sapkota,2040 सालदेखि राजनैतिक सामाजिक अनुभव,Gandaki,Baglung,Baglung-1,47061,98031,Secondary Education (Grade 9-10 / SLC / SEE),28.3167,83.6
2795,340423,Sahavir Thapa,National Republic Nepal,2504.0,48,M,False,बल बहादुर थापा,साक्षर,,Baglung Jaimuni Municipality Vijuwa Thapadanda,माया कुमारी थापा,,Gandaki,Baglung,Baglung-1,47061,98031,Literate / Non-Formal,28.3167,83.6
2796,339783,Guma Kumari Budha Rana Magar,Mongol National Organization,2511.0,40,F,False,Khadak Bahadur Budha,एस.ई.ई,एस.ई.ई,Tanahun,Shambhu Rana Magar,,Gandaki,Baglung,Baglung-1,47061,98031,Secondary Education (Grade 9-10 / SLC / SEE),28.3167,83.6
2797,339532,Bhakt Bahadur B.K.,Nepal Manabatabadi Party,2503.0,24,M,False,देबिन्द्र  बि.क,साधारण,,Baglung Baglung Municipality Gudi,मनिकला  बि.क,,Gandaki,Baglung,Baglung-1,47061,98031,Literate / Non-Formal,28.3167,83.6
2798,342039,Som Sharma,Rastriya Swatantra Party,2528.0,12647,M,True,Nand Prasad Sharma,स्नातक,,Baglung,,,Gandaki,Baglung,Baglung-2,44626,95312,Bachelor's Degree,28.3,83.3
2799,341354,Tek Raj Paudel,Nepali Congress,2583.0,11868,M,False,Tikaram Paudel,"M.A., Bad",,Baglung,Mira Pokhrel / Paudel,,Gandaki,Baglung,Baglung-2,44626,95312,Master's Degree,28.3,83.3
2800,340813,Jnyamanatha Gaire,Nepali Communist Party,2557.0,10709,M,False,नन्दलाल  गैरे,10+2,,Baglung Galkot Municipality Charoudi,सुनिता  शाही गैरे,,Gandaki,Baglung,Baglung-2,44626,95312,Higher Secondary / Intermediate (10+2 / PCL),28.3,83.3
2801,340355,Manju Sharma,Nepal Communist Party (Ekikrit Marxbadi Leninbadi),2598.0,7864,F,False,Lok Raj Sharma,स्नातक तह,,Parbat,Dr. Tanka Prasad Chalise,,Gandaki,Baglung,Baglung-2,44626,95312,Bachelor's Degree,28.3,83.3
2802,339424,Hark Bahadur Pun,Shram Sanskriti Party,2501.0,564,M,False,Dal Bahadur Pun,स्नातकोत्तर,TU,Baglung,Jyoti Pun,,Gandaki,Baglung,Baglung-2,44626,95312,Master's Degree,28.3,83.3
2803,340893,Purna Bahadur Gharti Magar,Janata Samajbadi Party (Ekal Chunab Chinha),2531.0,315,M,False,Badilal Gharti Magar,,,Baglung,,,Gandaki,Baglung,Baglung-2,44626,95312,,28.3,83.3
2804,340109,Anchal Shahi,Rastriya Prajatantra Party,2604.0,243,M,False,Bhim Bahadur Shahi,,,Baglung,,,Gandaki,Baglung,Baglung-2,44626,95312,,28.3,83.3
2805,342353,Nar Bahadur Budha,National Republic Nepal,2504.0,197,M,False,Dal Bahadur Budha,,,Baglung,Dilsara Budha,,Gandaki,Baglung,Baglung-2,44626,95312,,28.3,83.3
2806,340978,Lokendra Ghimire,Nepal Communist Party (Maoist),2526.0,79,M,False,Jivalal Jaisi,12,,Kaski,,,Gandaki,Baglung,Baglung-2,44626,95312,Higher Secondary / Intermediate (10+2 / PCL),28.3,83.3
2807,341592,Tek Prasad Kami,Nepal Manabatabadi Party,2503.0,76,M,False,Amaru Kami,,,Baglung,Phulmata Kami,,Gandaki,Baglung,Baglung-2,44626,95312,,28.3,83.3
2808,341672,Padama Bahadura Kuvanr,Pragatishil Loktantrik Party,2516.0,43,M,False,प्रेम बहादुर कुवँर,S.L.C,,Baglung Nisikhola rural municipality,,,Gandaki,Baglung,Baglung-2,44626,95312,Secondary Education (Grade 9-10 / SLC / SEE),28.3,83.3
2809,341874,Jun Bahadur Thapa Magar,Mongol National Organization,2511.0,21,M,False,Ul Singh Thapa,S.L.C.,,Tanahun,Kamala Thapa,,Gandaki,Baglung,Baglung-2,44626,95312,Secondary Education (Grade 9-10 / SLC / SEE),28.3,83.3
2810,341279,Sagar Bhusal,Rastriya Swatantra Party,2528.0,26561,M,True,Meghnath Bhusal,SLC,भवानी विद्यापिठ मा.वि. फलेवास,Parbat,Saraswati Bhusal,,Gandaki,Parbat,Parbat-1,63203,125457,Secondary Education (Grade 9-10 / SLC / SEE),28.2167,83.6833
2811,340090,Arjun Prasad Joshi,Nepali Congress,2583.0,15954,M,False,Amrit Prasad Joshi,एम.ए.,,Parbat,Dipa Joshi,,Gandaki,Parbat,Parbat-1,63203,125457,Master's Degree,28.2167,83.6833
2812,339915,Padam Giri,Nepal Communist Party (Ekikrit Marxbadi Leninbadi),2598.0,15075,M,False,Bele Giri,स्नातकोत्तर,त्रि.वि.,Parbat,Junu Kumari Giri,"गत २ कार्यकाल प्रतिनिधि सभा सदस्य, २ पटक संघीय सरकारको मन्त्री",Gandaki,Parbat,Parbat-1,63203,125457,Master's Degree,28.2167,83.6833
2813,340410,Manhari Sharma,Nepali Communist Party,2557.0,4557,M,False,Tejraj Padhya,स्नातकोत्तर,त्रिभुवन विश्वविद्यालय,Parbat,Januka Parajuli,"(क) नेपाल सरकारको प्रधानमन्त्रीको पुर्व प्रेस विज्ञ सल्लाहकार,
(ख) नेपा प्रज्ञा प्रतिष्ठान, दर्शन विभाग सदस्य, 
(ग) विभिन्न सञ्चार माध्यममा लेखन एवं सम्पादन, 
(घ) लेखक एवं अनुसन्धाता",Gandaki,Parbat,Parbat-1,63203,125457,Master's Degree,28.2167,83.6833
2814,342048,Durga Bahadur Malla,Rastriya Prajatantra Party,2604.0,525,M,False,Dhan Bahadur Malla,साक्षर,,Parbat,"Hira, Bimala Malla",,Gandaki,Parbat,Parbat-1,63203,125457,Literate / Non-Formal,28.2167,83.6833
2815,341616,Yam Bahadur Chochangi Pun,Ujyalo Nepal Party,2566.0,122,M,False,Hari Bahadur Chochangi Pun,10,जननेत्र मा.वि.,Parbat,Harikala Chochangi Pun (Pariyar),"(क) लामो समय राजनैतिक क्षेत्रमा कृयाशिल,
(ख) माटो जोगाऔ अभियान्त २५०० कि.मि. ७९ दिनमा पुरा गरेको,
(ग) विभिन्न संघ संस्थाहरुमा काम गरेको
(घ) प्रविधि आविष्कार गरेको (WARMET) उर्जा उत्पादको लागि",Gandaki,Parbat,Parbat-1,63203,125457,Secondary Education (Grade 9-10 / SLC / SEE),28.2167,83.6833
2816,342301,Krishna Bahadur BK,Nepal Communist Party (Maoist),2526.0,118,M,False,नन्दलाल  वि क,१० पास,महेन्द्र शिखर माध्यामिक विद्यालय,Parvat Modi Rural Municipality,सान्ती  वि क,,Gandaki,Parbat,Parbat-1,63203,125457,Secondary Education (Grade 9-10 / SLC / SEE),28.2167,83.6833
2817,340697,Vira Vahadura Gurungg,National Republic Nepal,2504.0,98,M,False,गोरख बहादुर गुरुङ्ग,साक्षरता,महेन्द्र शिखर मा.वि.,"Paundurkhet, Parvat Modi Rural Municipality",माया  गुरुङ्ग,कृषि,Gandaki,Parbat,Parbat-1,63203,125457,Literate / Non-Formal,28.2167,83.6833
2818,339420,Bhimlal Neupane,Rastriya Janamorcha,2522.0,87,M,False,Laxmipati Neupane,आई.एड.,त्रि.वि.वि. (बुटवल बहुमुखी क्याम्पस),Parbat,Churikala Neupane,,Gandaki,Parbat,Parbat-1,63203,125457,Higher Secondary / Intermediate (10+2 / PCL),28.2167,83.6833
2819,339547,Lal Kumari Thapa Rana,Mongol National Organization,2511.0,41,F,False,Durga Bahadur Thapa Magar,+2 पास,"नवोदिन कलेज (सामाखुशी, काठमाण्डौं)",Parbat,Bal Kisan Rana,"राजनितीक, जागिर र व्यवसाय",Gandaki,Parbat,Parbat-1,63203,125457,Higher Secondary / Intermediate (10+2 / PCL),28.2167,83.6833
2820,342223,Maya Paija Pun Fakami Magar,Rastriya Janamukti Party,2605.0,29,F,False,टेक बहादुर पाइजा पुन,SLC,नारायण मा.वि.,Parbat Kushma Municipality Old Outpost,चेमबहादुर फकामी मगर,,Gandaki,Parbat,Parbat-1,63203,125457,Secondary Education (Grade 9-10 / SLC / SEE),28.2167,83.6833
2821,339668,Mina Paudel (Sharma),Swatantra,,8,F,False,Shalikram Padhya,SLC,नारायण मा.वि. कुश्मा,Parbat,Raju Paudel,,Gandaki,Parbat,Parbat-1,63203,125457,Secondary Education (Grade 9-10 / SLC / SEE),28.2167,83.6833
2822,339754,Sita Devi Sharma,Swatantra,,8,F,False,Muktiram Sharma,स्नातक पास,TU,Parbat,Kishor Sapkota,"कम्प्युटर सम्बन्धी जानकारी, विभिन्न सामाजिक संघ संस्थामा काम गरेको अनुभव",Gandaki,Parbat,Parbat-1,63203,125457,Bachelor's Degree,28.2167,83.6833
2823,339486,Ailina Suwal,Nepal Majdur Kisan Party,2578.0,7,F,False,बुद्धी कुमार गोसाई,साक्षर,,Bhaktapur is called Bhaktapur Municipality,अर्जुन  सुवाल,"सिलाई बुनाई, उपभोक्ता समितिमा बसेर विकास निर्माणका काम गरेको।",Gandaki,Parbat,Parbat-1,63203,125457,Literate / Non-Formal,28.2167,83.6833
2824,341964,Pavitra Malla,Aam Janata Party (Ekal Chunab Chinha),2581.0,5,F,False,Dev Bahadur Malla,कक्षा ५ पास,कालिका उच्च बहुमुखी क्याम्पस पोखरा,Parbat,,सामाजिक संस्था (गोरेटो नेपाल) १२ वर्ष सेवा प्राप्त,Gandaki,Parbat,Parbat-1,63203,125457,Basic Education (Up to Grade 8),28.2167,83.6833
2825,342363,Ganga Lal Rimal,Swatantra,,5,M,False,Khadananda Rimal (Padhya),+2,HSEB,Parbat,Bhawani Sharma Rimal,"(क) १८ वर्ष सरकारी सेवा,
(ख) सामाजिक व्यक्ति",Gandaki,Parbat,Parbat-1,63203,125457,Higher Secondary / Intermediate (10+2 / PCL),28.2167,83.6833
2826,340012,Sabitri Sharma,Swatantra,,3,F,False,Motilal Ghimire,10+2,भवानी विद्या पिठ मा.वि.,Parbat,Pradip Timilsina,व्यापार/व्यवसाय,Gandaki,Parbat,Parbat-1,63203,125457,Higher Secondary / Intermediate (10+2 / PCL),28.2167,83.6833
2827,340050,Pushpa Kamala Dahala Prachand,Nepali Communist Party,2557.0,10240,M,True,मुक्तीराम  दाहाल,वि.एस्सी. (एजी),त्रि.वि.,Chitwan Bharatpur Municipal Corporation Bharatpur,सिता  दाहाल,"प्रधानमन्त्री/ सरकार प्रमुख
प्रमुख प्रतिपक्षदलको नेता
शिक्षण
संयोजक नेपाली कम्युनिष्ट पार्टी",Lumbini,Rukum East,Rukum East-1,18246,106650,Bachelor's Degree,28.6167,82.8333
2828,341054,Lilamani Gautam,Nepal Communist Party (Ekikrit Marxbadi Leninbadi),2598.0,3462,M,False,शंकर प्रसाद शर्मा,स्नातकोत्तर,त्रि.वि.,Rukum (eastern part) Sisne Rural Municipality,प्रमिला  पौडेल गौतम,"सामाजिक तथा सामुदायिक विकास 
ग्रामिण विकास र जनस्वाथ्य
मानव अधिकार र न्यायको क्षेत्र",Lumbini,Rukum East,Rukum East-1,18246,106650,Master's Degree,28.6167,82.8333
2829,340912,Kusuma Devi Thapa,Nepali Congress,2583.0,3081,F,False,भक्त बहादुर थापा,स्नातकोत्तर,त्रि.वि.,Rukum (Eastern part) Putha Uttarganga Rural Municipality,रास  बुढा,,Lumbini,Rukum East,Rukum East-1,18246,106650,Master's Degree,28.6167,82.8333
2830,341476,Lakhana Kumara Thapa,Rastriya Swatantra Party,2528.0,819,M,False,तेजवीर  सुनार,आधारभुत तह उत्तिर्ण,रुक्मिणी मा.वि. रुकुमकोट रुकुम पूर्व,Rukum (Eastern part) Bahunthana of Sisne Rural Municipality,कविता  सुनार,नेपाल प्रहरी (हवल्दार),Lumbini,Rukum East,Rukum East-1,18246,106650,Basic Education (Up to Grade 8),28.6167,82.8333
2831,340857,Sandipa Pun,Pragatishil Loktantrik Party,2516.0,203,M,False,सूर्य प्रकाश पुन,स्नातक,पूर्वाञ्चल विश्वविद्यालय,Rukum (Eastern part) Bhume Rural Municipality,,"सामाजिक तथा सामुदायिक विकास 
ग्रामिण विकास र जनस्वाथ्य
बायोटेक्निकल/उत्पादन",Lumbini,Rukum East,Rukum East-1,18246,106650,Bachelor's Degree,28.6167,82.8333
2832,341576,Juddha Bahadura Budha Magar,Nepal Communist Party (Maoist),2526.0,191,M,False,दिल बहादुर बुढा मगर,SLC पास (O लेभल र A लेभल),दरबार हाईस्कुल काठमाडौं।,Rukum (Eastern part) Putha Uttarganga Rural Municipality Upallosera,चामि  बुढा मगर,"राष्ट्रिय भलिबल प्रशिक्षक
रेफ्री
समाज सेवा
राजनिति अनुभव",Lumbini,Rukum East,Rukum East-1,18246,106650,Secondary Education (Grade 9-10 / SLC / SEE),28.6167,82.8333
2833,340680,Roshana Shah,Rastriya Prajatantra Party,2604.0,82,M,False,दिल बहादुर शाह,प्लस टु,खलंगा बहुमुखी क्याम्पस रुकुम पश्चिम,Rukum (Eastern part) Baunthana of Sisne Rural Municipality,,,Lumbini,Rukum East,Rukum East-1,18246,106650,Higher Secondary / Intermediate (10+2 / PCL),28.6167,82.8333
2834,339907,Jyoti Roka Magar,Mongol National Organization,2511.0,55,F,False,नर बहादुर पुन,साधारण लेखपढ,,Dang Ghorahi Sub-Metropolis Siddharth Tol,बिष्णु  रोका मगर,,Lumbini,Rukum East,Rukum East-1,18246,106650,Literate / Non-Formal,28.6167,82.8333
2835,339876,Dharma Kumara Budha,National Republic Nepal,2504.0,51,M,False,चंख बहादुर बुढा,वि.एड.,"सिस्ने शिक्षा क्याम्पस, रुकुमकोट",Rukum (Eastern part) Bhume Rural Municipality Serabang,धर्म कुमारी बुढा,,Lumbini,Rukum East,Rukum East-1,18246,106650,Bachelor's Degree,28.6167,82.8333
2836,339837,Chandra Prasada Shahi,Rastriya Janamorcha,2522.0,32,M,False,देवे  शाही,८ कक्षा,रुक्मिणी मा.वि. रुकुमकोट,Rukum (Eastern part) Sisne Rural Municipality Ala,तिक कुमारी शाही,,Lumbini,Rukum East,Rukum East-1,18246,106650,Basic Education (Up to Grade 8),28.6167,82.8333
2837,340135,Sira Bahadura Budha,Janata Samajbadi Party (Ekal Chunab Chinha),2531.0,30,M,False,राम बहादुर वुढा,साक्षर,,Rukum (eastern part) to Putha Uttarganga Rural Municipality,,,Lumbini,Rukum East,Rukum East-1,18246,106650,Literate / Non-Formal,28.6167,82.8333
2838,339842,Barshman Pun,Nepali Communist Party,2557.0,27460,M,True,इर्खराम पुन,स्नातक,,Rolpa Rolpa Municipality Madichour,ओनसरी  घर्ती,,Lumbini,Rolpa,Rolpa-1,65632,149596,Bachelor's Degree,28.35,82.6333
2839,340258,Sudan Kumar Oli,Nepali Congress,2583.0,12008,M,False,Dal Bahadur Oli,विद्यावारीधी,युनिभोर्सिटी अफ इन्टरनेशनल विजनेश एण्ड इकोनोमिक्स,Rolpa,,"लुम्बिनी प्रदेश योजना आयोग सदस्य।
युवा तथा खेलकुद पन्त्रालयकाो निति विज्ञ।
आर्थिक निति तथा योजनाा विभाग सदस्य र विज्ञ सदस्य।
नेपाली कांग्रेस निति प्रशिक्षण तथा अनुसन्धान विभाग सदस्य।",Lumbini,Rolpa,Rolpa-1,65632,149596,Doctorate / PhD,28.35,82.6333
2840,340366,Balram Thapa,Rastriya Swatantra Party,2528.0,10894,M,False,Belbahadur Thapa,स्नातकोत्तर (राजनीतिक शास्त्र),त्रिभुवन विश्वविद्यालय,Rolpa,Shanta Thapa,,Lumbini,Rolpa,Rolpa-1,65632,149596,Master's Degree,28.35,82.6333
2841,340139,Gokul Prasad Gharti,Nepal Communist Party (Ekikrit Marxbadi Leninbadi),2598.0,9933,M,False,Hiramani Gharti,स्नातकोत्तर,"त्रिभुवन विश्वविद्यालय, केन्द्रिय क्याम्पस काठमाण्डौं",Rolpa,Chhalisara Padhe Gharti,"२०४६ सालमा अनुरास्वव्यु सदस्य, २०६३ महासचिव अनेरास्वव्यु, पार्टी 
पोलिटव्यूरो सदस्य नेकपा (एमाले)
संविधान सभा सदस्य २०७० नेपाल सरकार
उपाध्यक्ष आ.ज.उ.रा. प्रतिष्ठान
विभिन्न विषयमाा विभिन्न संस्थाहरूसंगकाो सहकार्यमा अध्ययन/अनुसन्धान।",Lumbini,Rolpa,Rolpa-1,65632,149596,Master's Degree,28.35,82.6333
2842,340542,Chudamani Oli,Nepal Communist Party (Maoist),2526.0,3714,M,False,Khal Bahadur Oli,आइकम (I.com),महेन्द्र बहुमुखी क्याम्पस नेपालगन्ज बाँके,Rolpa,Paranta K.C. (Woli),,Lumbini,Rolpa,Rolpa-1,65632,149596,Higher Secondary / Intermediate (10+2 / PCL),28.35,82.6333
2843,339371,Ammar Bahadur Thapa Chhetri,Rastriya Prajatantra Party,2604.0,846,M,False,Jasveer Thapa Chhetri,६ कक्षा पास,जन ज्योति मा.वि. गजुल रोल्पा,Rolpa,Ammisara Thapa,राजनैतिक अनुभव -- ४६ वर्ष,Lumbini,Rolpa,Rolpa-1,65632,149596,Basic Education (Up to Grade 8),28.35,82.6333
2844,339920,Mekh Bahadur Bista,Rastriya Janamorcha,2522.0,318,M,False,नैने  विष्,सात पास,श्री चन्द्रप्रभा मा.वि.,Rolpa Sunil Smriti Rural Municipality Daibang,यानु  विष्ट,राजनैतिक अनुभव ३३ वर्ष,Lumbini,Rolpa,Rolpa-1,65632,149596,Basic Education (Up to Grade 8),28.35,82.6333
2845,340633,Man Bahadur Ghartimagar,National Republic Nepal,2504.0,279,M,False,Dhanraj Gharti,+2,बालकल्याण उमावि लिवाङ रोल्पा,Rolpa,- - -,समाजसेवामा निरन्तर संघर्ष,Lumbini,Rolpa,Rolpa-1,65632,149596,Higher Secondary / Intermediate (10+2 / PCL),28.35,82.6333
2846,339728,Kumar Gharti Magar,Mongol National Organization,2511.0,118,M,False,Tirthaman Gharti,10,मा.वि. थवाङ रोल्पा,Rolpa,,"क) थवाङी समाज सेवा समिति घोराही दाङ्ग अध्यक्ष दुई कार्यकाल, सदस्य एक कार्यकाल, कोषाध्यक्ष  एक कार्यकाल।
ख) लखन पार्क व्यवस्थापन समिति घोराही दाङकाो सदस्य",Lumbini,Rolpa,Rolpa-1,65632,149596,Secondary Education (Grade 9-10 / SLC / SEE),28.35,82.6333
2847,341540,Dil Bahadur Kami,Aam Janata Party (Ekal Chunab Chinha),2581.0,62,M,False,Jage Kami,१०,सूर्योदय मा.वि. रुन्टीगढी,Rolpa,Keshari Vishwakarma,,Lumbini,Rolpa,Rolpa-1,65632,149596,Secondary Education (Grade 9-10 / SLC / SEE),28.35,82.6333
2848,340722,Sushant Vaidik,Rastriya Swatantra Party,2528.0,27469,M,True,Padam Prasad Vaidika,स्नातकोत्तर,,Pyuthan,,,Lumbini,Pyuthan,Pyuthan-1,81146,165395,Master's Degree,28.1,82.85
2849,340321,Dr. Govind Raj Pokharel,Nepali Congress,2583.0,18338,M,False,विष्णु प्रसाद पोखरेल,पि.एच.डी.,,Pyuthan Airavati Rural Municipality Ghuiwang,लोकमाया  पोखरेल,,Lumbini,Pyuthan,Pyuthan-1,81146,165395,Doctorate / PhD,28.1,82.85
2850,340629,Surya Bahadur Thapa Chhetri,Nepal Communist Party (Ekikrit Marxbadi Leninbadi),2598.0,16710,M,False,Khet Bahadur Thapa Chhetri,एम.फिल.पिएचडी (शोधार्थी),,Pyuthan,Suvarna Oli,प्रतिनिधि सभाको पुर्व सदस्य लगायत अन्य....,Lumbini,Pyuthan,Pyuthan-1,81146,165395,Doctorate / PhD,28.1,82.85
2851,341108,Krishna Dhwoj Khadka,Nepali Communist Party,2557.0,9074,M,False,Top Bahadur Khadka,स्नातक,शंकरदेव क्याम्पस,Pyuthan,Rekha Sharma,,Lumbini,Pyuthan,Pyuthan-1,81146,165395,Bachelor's Degree,28.1,82.85
2852,339673,Tilaka Bahadura Ji.si,Rastriya Janamorcha,2522.0,7654,M,False,चित्र बहादुर घर्ती,आई.एल.,महेन्द्र बहुमुखि क्याम्पस नेपालगंज,Pyuthan Zhimruk Rural Municipality Golkhada,हरि  जी.सी,गा.वि.स. अध्यक्ष,Lumbini,Pyuthan,Pyuthan-1,81146,165395,Higher Secondary / Intermediate (10+2 / PCL),28.1,82.85
2853,340455,Govind Giri,Shram Sanskriti Party,2501.0,594,M,False,लोकु गिरी,आई.ए.,,Pyuthan Zhimruk Rural Municipality Ratamata,,,Lumbini,Pyuthan,Pyuthan-1,81146,165395,Higher Secondary / Intermediate (10+2 / PCL),28.1,82.85
2854,341421,Sita Vi.ka.,Nepal Communist Party (Maoist),2526.0,501,F,False,धन बहादुर वि.क.,१२ पास,,Pyuthan Swargadwari Municipality Judapata,बाल कृष्ण शर्मा,,Lumbini,Pyuthan,Pyuthan-1,81146,165395,Higher Secondary / Intermediate (10+2 / PCL),28.1,82.85
2855,340097,Daneshwar Pandit,Rastriya Prajatantra Party,2604.0,415,M,False,फणाधर  पण्डित,आई.ए.,जनता मा.वि.बाग्दुला,Pyuthan Pyuthan Municipal Lake,,,Lumbini,Pyuthan,Pyuthan-1,81146,165395,Higher Secondary / Intermediate (10+2 / PCL),28.1,82.85
2856,340251,Tara Singh Thapa Magar,National Republic Nepal,2504.0,94,M,False,मेहर सिं थापा मगर,एस.एल.सी,,Pyuthan Gaumukhi Rural Municipality,लक्ष्मी  बुढा थापा मगर,,Lumbini,Pyuthan,Pyuthan-1,81146,165395,Secondary Education (Grade 9-10 / SLC / SEE),28.1,82.85
2857,341332,Harka Bahadur Pun,Mongol National Organization,2511.0,81,M,False,बिन बहादुर पुन,८ ,,Pyuthan Pyuthan Municipality Netadhara,खुमी  पुन,,Lumbini,Pyuthan,Pyuthan-1,81146,165395,Basic Education (Up to Grade 8),28.1,82.85
2858,339847,Bimal Prasad Pokharel,Nepali Janata Dal,2595.0,78,M,False,Yog Raj Pokhrel,स्नातकोत्तर,त्रि.बि.,Pyuthan,,पत्रकारिता/ वकालत लगायत अन्य,Lumbini,Pyuthan,Pyuthan-1,81146,165395,Master's Degree,28.1,82.85
2859,340174,Shyam Lal Gahatraj,Pragatishil Loktantrik Party,2516.0,50,M,False,Bhakt Bahadur Gahtaraj,स्नातक,,Pyuthan,,,Lumbini,Pyuthan,Pyuthan-1,81146,165395,Bachelor's Degree,28.1,82.85
2860,339950,Nabin Kumar Kakshapati,Nepal Communist Party (Sanyukta),2601.0,45,M,False,Raj Kumar Kakshapati,एस.एल.सी.,,Pyuthan,. . .,पुर्व कर्मचारी,Lumbini,Pyuthan,Pyuthan-1,81146,165395,Secondary Education (Grade 9-10 / SLC / SEE),28.1,82.85
2861,342040,Rom Bahadur Thapa Magar,Aam Janata Party (Ekal Chunab Chinha),2581.0,43,M,False,Bhiusune Thapa Magar,८ पास,,Pyuthan,Sushila Thapa,,Lumbini,Pyuthan,Pyuthan-1,81146,165395,Basic Education (Up to Grade 8),28.1,82.85
2862,340418,Ramesh Kumar Malla,Nepali Communist Party,2557.0,23189,M,True,Tilu Malla,स्‍नातकोत्तर,,Salyan,Anjana Malla,,Karnali,Salyan,Salyan-1,79709,162444,Master's Degree,28.3833,82.1833
2863,341381,Lalit Kumar Chanda,Rastriya Swatantra Party,2528.0,20904,M,False,टंक बहादुर चन्द,स्नातक,,Salyan Baghaur Municipality,शोभा कुमारी शाह,,Karnali,Salyan,Salyan-1,79709,162444,Bachelor's Degree,28.3833,82.1833
2864,340714,Kesh Bahadur Bista,Nepali Congress,2583.0,17558,M,False,धर्म बहादुर विष्ट,आई.एल.,,Salyan Chatreshwari Rural Municipality Darimjeula,नोखी कुमारी विष्ट,,Karnali,Salyan,Salyan-1,79709,162444,Higher Secondary / Intermediate (10+2 / PCL),28.3833,82.1833
2865,340058,Gulav Jung Shah,Nepal Communist Party (Ekikrit Marxbadi Leninbadi),2598.0,15373,M,False,रोमर्श बहादुर शाह,,,Salyan Bangad Kupinde Municipal Collector,सावित्री  शाह,,Karnali,Salyan,Salyan-1,79709,162444,,28.3833,82.1833
2866,339456,Chandra Bahadur Khadka,Nepal Communist Party (Maoist),2526.0,943,M,False,Madhu Khadka,एस.एल.सी.,,Salyan,Kalpana Khadka,,Karnali,Salyan,Salyan-1,79709,162444,Secondary Education (Grade 9-10 / SLC / SEE),28.3833,82.1833
2867,339548,Anisha Nepali,Rastriya Prajatantra Party,2604.0,902,F,False,Pale Sarki,स्नातक,,Salyan,,,Karnali,Salyan,Salyan-1,79709,162444,Bachelor's Degree,28.3833,82.1833
2868,339851,Dilli Bahadur Gharti,National Republic Nepal,2504.0,222,M,False,Jedu Gharti,+2,,Salyan,Indira Kumari Kawar,,Karnali,Salyan,Salyan-1,79709,162444,Higher Secondary / Intermediate (10+2 / PCL),28.3833,82.1833
2869,341825,Dhan Bahadur Budhamagar,Shram Sanskriti Party,2501.0,150,M,False,Dal Bahadur Budhamagar,,,Salyan,Gauri Budhamagar,,Karnali,Salyan,Salyan-1,79709,162444,,28.3833,82.1833
2870,340745,Dhruva Raj Oli,Swatantra,,120,M,False,Lok Man Oli,स्‍नातकोत्तर,,Salyan,,,Karnali,Salyan,Salyan-1,79709,162444,Master's Degree,28.3833,82.1833
2871,341136,Kamala Dangi,Rastriya Janamorcha,2522.0,119,F,False,Indra Bahadur Dagi,+2,,Salyan,,,Karnali,Salyan,Salyan-1,79709,162444,Higher Secondary / Intermediate (10+2 / PCL),28.3833,82.1833
2872,341071,Kalidasa Vi.ka.,Sanyukta Nagarik Party,2521.0,99,M,False,राम लाल कामी,,,Salyan Sarada Municipality Syalpani,खिमा  वि.क.,,Karnali,Salyan,Salyan-1,79709,162444,,28.3833,82.1833
2873,339423,Lal Bahadur Thapa Chhetri,Nepal Majdur Kisan Party,2578.0,66,M,False,Tap Bahadur Thapa,स्नातक तह,त्रि.वि.वि.,Surkhet,Pabitra Thapa,,Karnali,Salyan,Salyan-1,79709,162444,Bachelor's Degree,28.3833,82.1833
2874,341684,Bala Singh Gharti,Mongol National Organization,2511.0,52,M,False,Gopi Lal Gharti,,,Salyan,Devi Sara Gharti,,Karnali,Salyan,Salyan-1,79709,162444,,28.3833,82.1833
2875,340768,Juddha Bahadur Singh,Swatantra,,12,M,False,Vir Bahadur Singh,एस.एल.सि.,,Salyan,,,Karnali,Salyan,Salyan-1,79709,162444,Secondary Education (Grade 9-10 / SLC / SEE),28.3833,82.1833
2876,342029,Devaraj Pathak,Rastriya Swatantra Party,2528.0,42602,M,True,ठाकुर प्रसाद पाठक,एम.ए.,,Dang Garhwa Rural Municipality Pragatinagar,सावित्रा कुमारी पाठक,,Lumbini,Dang,Dang-1,76389,139981,Master's Degree,27.95,82.55
2877,340084,Yogendra Chaudhary,Nepali Congress,2583.0,15280,M,False,Rajendra Chaudhary,स्तानकोत्तर,,Dang,Basanti Chaudhary,,Lumbini,Dang,Dang-1,76389,139981,Master's Degree,27.95,82.55
2878,341371,Rewatiraman Sharma Ghimire,Nepal Communist Party (Ekikrit Marxbadi Leninbadi),2598.0,6825,M,False,एकराज  शर्मा,स्तानकोत्तर,,Dang Lamhi Municipality Khairi,अरुणादेवी  शर्मा,,Lumbini,Dang,Dang-1,76389,139981,Master's Degree,27.95,82.55
2879,340523,Metmani Chaudhary,Nepali Communist Party,2557.0,4965,M,False,Bhagawati Prasad Chaudhary,MA Economics MA Political Science,,Dang,Khuma Chaudhary,,Lumbini,Dang,Dang-1,76389,139981,Master's Degree,27.95,82.55
2880,339978,Prakash Shahi,Nepal Communist Party (Maoist),2526.0,1472,M,False,Devendra Bahadur Shahi,एम.फिल.,,Dang,Ranjana Sen Thakuri,,Lumbini,Dang,Dang-1,76389,139981,M.Phil,27.95,82.55
2881,340883,Kula Prasada Ke.si,Swatantra,,1384,M,False,टिका राम के.सी,आइ ए,,Rolpa Rolpa Municipality Jiuwang,तारा कुमारी घर्ती,,Lumbini,Dang,Dang-1,76389,139981,Higher Secondary / Intermediate (10+2 / PCL),27.95,82.55
2882,339934,Vinaya Vi.si.,Rastriya Prajatantra Party,2604.0,1292,M,False,प्रेम बहादुर बुढाथोकी,स्नातकोत्तर,,Dang Garhwa Rural Municipality Garhwa Bazar,बिन्दु अर्याल,,Lumbini,Dang,Dang-1,76389,139981,Master's Degree,27.95,82.55
2883,339538,Ganesh Prasad Acharya,Rastriya Janamorcha,2522.0,1077,M,False,Baliram Acharya,स्नातक,,Pyuthan,Satyadevi Regmi Acharya,,Lumbini,Dang,Dang-1,76389,139981,Bachelor's Degree,27.95,82.55
2884,340995,Malikram Yadav,Swatantra,,1008,M,False,Bhagauti Yadav,एस एल सि,,Dang,Kalpana Kumari Yadav,,Lumbini,Dang,Dang-1,76389,139981,Secondary Education (Grade 9-10 / SLC / SEE),27.95,82.55
2885,339688,Min Bahadur Thedi Magar,National Republic Nepal,2504.0,193,M,False,जुठ बहादुर ठेडी,10,,Dang Garhwa Rural Municipality,यमिसरा ठेडी मगर,,Lumbini,Dang,Dang-1,76389,139981,Secondary Education (Grade 9-10 / SLC / SEE),27.95,82.55
2886,339398,Khum Bahadur Gaha Magar,Mongol National Organization,2511.0,141,M,False,Tuk Bahadur Gaha Magar,+ 2,,Pyuthan,Shanta Gaha Magar,,Lumbini,Dang,Dang-1,76389,139981,Higher Secondary / Intermediate (10+2 / PCL),27.95,82.55
2887,342628,Bhartalal Chaudhary,"Janata Samajbadi Party, Nepal",2542.0,81,M,False,सन्तराम  चौधरी,एस.एल.सी.,,"Bangaon, Dang Lamhi Municipality",गीता कुमारी चौधरी,,Lumbini,Dang,Dang-1,76389,139981,Secondary Education (Grade 9-10 / SLC / SEE),27.95,82.55
2888,342558,Sitaram Yadav,Aam Janata Party (Ekal Chunab Chinha),2581.0,48,M,False,Hariram Ahir,साधारण,,Dang,Arju Yadav,,Lumbini,Dang,Dang-1,76389,139981,Literate / Non-Formal,27.95,82.55
2889,341668,Ranjit Chaudhary,Rastriya Paribartan Party,2568.0,21,M,False,Indra Prasad Chaudhary,+ 2,,Dang,Anjana Chaudhary,,Lumbini,Dang,Dang-1,76389,139981,Higher Secondary / Intermediate (10+2 / PCL),27.95,82.55
2890,340655,Bipin Kumar Acharya,Rastriya Swatantra Party,2528.0,43559,M,True,Shiv Kumar Sharma,Masters,,Dang,Suraksha Adhikari,,Lumbini,Dang,Dang-2,79440,140938,Master's Degree,28.0,82.4
2891,339760,Shankar Pokhrael,Nepal Communist Party (Ekikrit Marxbadi Leninbadi),2598.0,15287,M,False,केशवराज शर्मा,MBA,,Dang Tulsipur Sub-Metropolis Hadime,सुजिता  शाक्य,,Lumbini,Dang,Dang-2,79440,140938,Master's Degree,28.0,82.4
2892,340365,Kiran Kishor Ghimire,Nepali Congress,2583.0,11558,M,False,Rishiram Sharma Ghimire,MA,,Dang,Aarti Ghimire (Sharma),,Lumbini,Dang,Dang-2,79440,140938,Master's Degree,28.0,82.4
2893,340137,Nirmal Acharya,Nepali Communist Party,2557.0,7083,M,False,Lokraj Sharma Acharya,M.A.,,Dang,Pratiba Bogati Acharya,,Lumbini,Dang,Dang-2,79440,140938,Master's Degree,28.0,82.4
2894,341072,Rishi Kesh Pokhrel,Rastriya Prajatantra Party,2604.0,760,M,False,Dilli Raj Pokhrel,MBS,,Dang,Pushpa Pokhrel,,Lumbini,Dang,Dang-2,79440,140938,Master's Degree,28.0,82.4
2895,339631,Ammar Bahadur Budha,Mongol National Organization,2511.0,557,M,False,Tek Bahadur Budha,10,,Dang,Dhanichandra Buda Magar,,Lumbini,Dang,Dang-2,79440,140938,Secondary Education (Grade 9-10 / SLC / SEE),28.0,82.4
2896,339716,Maniram Khanal,Rastriya Janamorcha,2522.0,226,M,False,Thakur Prasad Khanal,SLC,,Arghakhanchi,Lakshmi Khanal,,Lumbini,Dang,Dang-2,79440,140938,Secondary Education (Grade 9-10 / SLC / SEE),28.0,82.4
2897,340223,Jitan Pun,National Republic Nepal,2504.0,92,M,False,Mahabir Pun,10,,Dang,,,Lumbini,Dang,Dang-2,79440,140938,Secondary Education (Grade 9-10 / SLC / SEE),28.0,82.4
2898,340976,Pratik Adhikari,Pragatishil Loktantrik Party,2516.0,74,M,False,Devraj Adhikari,स्नातक,,Dang,,,Lumbini,Dang,Dang-2,79440,140938,Bachelor's Degree,28.0,82.4
2899,340844,Ravindra Uccha Nepali,Rastriya Janamukti Party,2605.0,41,M,False,आशा राम नेपाली,SLC,,Dang Tulsipur Sub-Metropolitan City Waghausi,उर्मिला  नेपाली,,Lumbini,Dang,Dang-2,79440,140938,Secondary Education (Grade 9-10 / SLC / SEE),28.0,82.4
2900,339916,Padam Prasad Pandey,Swatantra,,32,M,False,Gomati Prasad Pandey,SLC,,Pyuthan,Goma Pandey,,Lumbini,Dang,Dang-2,79440,140938,Secondary Education (Grade 9-10 / SLC / SEE),28.0,82.4
2901,342481,Dhundiraj Thapa,"Janata Samajbadi Party, Nepal",2542.0,31,M,False,Khadak Bahadur Thapa,8,,Dang,Shila Pandey,,Lumbini,Dang,Dang-2,79440,140938,Basic Education (Up to Grade 8),28.0,82.4
2902,340703,Dharmaraj Sharma,Swatantra,,31,M,False,Yodhan Krishna Upadhyaya,12,,Salyan,Rita Subedi,,Lumbini,Dang,Dang-2,79440,140938,Higher Secondary / Intermediate (10+2 / PCL),28.0,82.4
2903,342529,Jharendra Bahadur Khatri,"Nagarik Unmukti Party, Nepal (Ekal Chunab Chinha)",2531.0,28,M,False,Nim Bahadur Khatri,SLC,,Dang,Purnima Khatri,,Lumbini,Dang,Dang-2,79440,140938,Secondary Education (Grade 9-10 / SLC / SEE),28.0,82.4
2904,339442,Naveen Kumar Shahi,Nepal Majdur Kisan Party,2578.0,21,M,False,गंगा  शाही,+2,,Dailekh Thantikandh Rural Municipality Chdathan,सपना  शाही,,Lumbini,Dang,Dang-2,79440,140938,Higher Secondary / Intermediate (10+2 / PCL),28.0,82.4
2905,339654,Bishnu Kumari Bhusal,Swatantra,,11,F,False,टेक बहादुर कामी,I.ED.,,Dang Ghorahi Sub-Metropolitan City,सुर्य बहादुर भुसाल,,Lumbini,Dang,Dang-2,79440,140938,Higher Secondary / Intermediate (10+2 / PCL),28.0,82.4
2906,341153,Rekh Bahadur Pun Magar,Miteri Party Nepal,2530.0,9,M,False,Til Bahadur Pun Magar,SLC,,Dang,,,Lumbini,Dang,Dang-2,79440,140938,Secondary Education (Grade 9-10 / SLC / SEE),28.0,82.4
2907,339686,Kalpana Lama,Swatantra,,9,F,False,Sher Bahadur Gurung,SLC,,Dang,Phurpa Lama,,Lumbini,Dang,Dang-2,79440,140938,Secondary Education (Grade 9-10 / SLC / SEE),28.0,82.4
2908,339577,Balaram Paudel,Swatantra,,9,M,False,Tara Prasad Paudel,SLC,,Dang,Gita Chaudhary,,Lumbini,Dang,Dang-2,79440,140938,Secondary Education (Grade 9-10 / SLC / SEE),28.0,82.4
2909,342055,Krishna Bahadur Sunar,Aam Janata Party (Ekal Chunab Chinha),2581.0,7,M,False,Jute Sunar,SLC,,Dang,Susila B.K.,,Lumbini,Dang,Dang-2,79440,140938,Secondary Education (Grade 9-10 / SLC / SEE),28.0,82.4
2910,342354,Lal Bahadur Khatri,Swatantra,,7,M,False,Bhim Bahadur Khatri,SLC,,Arghakhanchi,Shanta Khatri,,Lumbini,Dang,Dang-2,79440,140938,Secondary Education (Grade 9-10 / SLC / SEE),28.0,82.4
2911,341202,Bishnu Bikram Sen Oli,Swatantra,,4,M,False,Ram Bahadur Oli,+2,,Dang,Lila K.C.,,Lumbini,Dang,Dang-2,79440,140938,Higher Secondary / Intermediate (10+2 / PCL),28.0,82.4
2912,341518,Samira Vali,Swatantra,,4,M,False,हुकुम बहादुर वली,स्नातक,,Dang Ghorahi Sub-Metropolitan Letar,,,Lumbini,Dang,Dang-2,79440,140938,Bachelor's Degree,28.0,82.4
2913,339501,Kamal Subedi,Rastriya Swatantra Party,2528.0,44248,M,True,Krishna Prasad Upadhyaya,एम.ए. (राजनितिशास्त्र),त्रिभुवन विश्वविद्यालय,Bardia,,,Lumbini,Dang,Dang-3,84841,150708,Master's Degree,28.05,82.25
2914,341200,Dipaka Giri,Nepali Congress,2583.0,16453,M,False,लोकमणी  गिरी,एम.ए.,त्रिभुवन विश्वविद्यालय,Dang Dangi Sharan Rural Municipality Sukdev,इन्दु  रिजाल गिरी,,Lumbini,Dang,Dang-3,84841,150708,Master's Degree,28.05,82.25
2915,340401,Ghanshyam Pandey,Nepal Communist Party (Ekikrit Marxbadi Leninbadi),2598.0,12195,M,False,Tek Bahadur Pandey,"MA, LLB, BSC",त्रिभुवन बिश्वबिद्यालय,Dang,Vishnu K.C.,,Lumbini,Dang,Dang-3,84841,150708,Master's Degree,28.05,82.25
2916,340151,Dhan Bahadur Maski,Nepali Communist Party,2557.0,9328,M,False,Man Bahadur Maski,आई.ए.,"डि.ए.बि. कलेज, काठमाण्डौ",Sindhuli,Sushila Maskey,,Lumbini,Dang,Dang-3,84841,150708,Higher Secondary / Intermediate (10+2 / PCL),28.05,82.25
2917,340349,Damodar Bhandari,Rastriya Prajatantra Party,2604.0,1057,M,False,Setlal Bhandari,B.Com पास,महेन्द्र बहुमुखि क्यामपस नेपालगञ्ज बाँके,Dang,Sammi Bhatt Bhandari,,Lumbini,Dang,Dang-3,84841,150708,Bachelor's Degree,28.05,82.25
2918,339745,Bal Bahadur Oli,Nepal Communist Party (Maoist),2526.0,425,M,False,Manvir Oli,८ कक्षा पास,,Dang Shantinagar rural municipality,Naumati Oli,,Lumbini,Dang,Dang-3,84841,150708,Basic Education (Up to Grade 8),28.05,82.25
2919,339637,Top Bahadur Mahtara,Shram Sanskriti Party,2501.0,227,M,False,कुल बहादुर महतरा,,,Dang Tulsipur Sub Metropolitan Rajoura,गीता कुमारी विष्ट,,Lumbini,Dang,Dang-3,84841,150708,,28.05,82.25
2920,341037,Pritam Chaudhary,National Republic Nepal,2504.0,181,M,False,Mahaveer Chaudhary,१०,महेन्द्र मा.वि. तुलसीपुर दाङ,Dang,Krishna Kumari Tharuni,,Lumbini,Dang,Dang-3,84841,150708,Secondary Education (Grade 9-10 / SLC / SEE),28.05,82.25
2921,339534,Kamala Ji Si,Rastriya Janamorcha,2522.0,180,F,False,नुर्ज बहादुर के सी,कक्षा १० उत्तिर्ण,गंगा मा.वि. बाहाने प्यूठान,Dang Tulsipur Sub Metropolitan Ganeshpur,नारायण बहादुर जि सी,,Lumbini,Dang,Dang-3,84841,150708,Secondary Education (Grade 9-10 / SLC / SEE),28.05,82.25
2922,339395,Yam Bahadur Basnet,Swatantra,,155,M,False,Min Bahadur Basnet,IA पास,श्री राप्ती बबई क्याम्पस तुलसीपुर दाङ,Dang,,,Lumbini,Dang,Dang-3,84841,150708,Higher Secondary / Intermediate (10+2 / PCL),28.05,82.25
2923,339372,Ghana Shyam Chaudhary,Mongol National Organization,2511.0,144,M,False,मण्डु  चौधरी,‌‌+२ पास,बबई बहुमुखी क्याम्पस,Dang Tulsipur Sub-Metropolitan City,अम्बिता  चौधरी,,Lumbini,Dang,Dang-3,84841,150708,Higher Secondary / Intermediate (10+2 / PCL),28.05,82.25
2924,342668,Dalavira Kami,Sanyukta Nagarik Party,2521.0,94,M,False,रामलाल  कामी,प्रा.वि.,,"Barathan, Dang Shantinagar Rural Municipality",मेघी  कामी,,Lumbini,Dang,Dang-3,84841,150708,Basic Education (Up to Grade 8),28.05,82.25
2925,342568,Mahesh Chaudhary,"Nagarik Unmukti Party, Nepal (Ekal Chunab Chinha)",2531.0,55,M,False,Winglal Chaudhary,+२ पास,राप्ती बिद्या मन्दिर तुलसीपुर दाङ,Dang,,,Lumbini,Dang,Dang-3,84841,150708,Higher Secondary / Intermediate (10+2 / PCL),28.05,82.25
2926,342685,Shobha Dangi,"Janata Samajbadi Party, Nepal",2542.0,24,F,False,Deb Bahadur Dangi,१० पास,टेकुरा हाइ स्कुल,Dang,Padam Bahadur,,Lumbini,Dang,Dang-3,84841,150708,Secondary Education (Grade 9-10 / SLC / SEE),28.05,82.25
2927,342452,Saprik Kandel,Swatantra,,14,M,False,Ram Kumar Kandel,‌+२ पास,"श्री अमरज्योती माध्यमिक विद्यालय, नेवारे सुर्खेत",Dang,,,Lumbini,Dang,Dang-3,84841,150708,Higher Secondary / Intermediate (10+2 / PCL),28.05,82.25
2928,342147,Bhagiram Chaudhary,Swatantra,,11,M,False,Parshu Ram Chaudhary,SLC पास,मा.वि. हरिचौरी,Dang,,,Lumbini,Dang,Dang-3,84841,150708,Secondary Education (Grade 9-10 / SLC / SEE),28.05,82.25
2929,341897,Santosh Singh,Miteri Party Nepal,2530.0,10,M,False,Singhlal Singh,SLC,श्री त्रिभुवन जनता मा.वि. सल्यान,Salyan,Ishwari Singh,,Lumbini,Dang,Dang-3,84841,150708,Secondary Education (Grade 9-10 / SLC / SEE),28.05,82.25
2930,339968,Indra Bahadur Basnet,Swatantra,,10,M,False,Yajya Bahadur Basnet,९ कक्षा,,Dang,,,Lumbini,Dang,Dang-3,84841,150708,Secondary Education (Grade 9-10 / SLC / SEE),28.05,82.25
2931,342531,Pandavi Nepali,Aam Janata Party (Ekal Chunab Chinha),2581.0,8,F,False,Umlal Singh,,,Dang,Prem Bahadur Nepali,,Lumbini,Dang,Dang-3,84841,150708,,28.05,82.25
2932,340473,Mahesh Dangi,Swatantra,,8,M,False,Sher Bahadur Dangi,SLC,मा.वि. अस्वारा,Dang,,,Lumbini,Dang,Dang-3,84841,150708,Secondary Education (Grade 9-10 / SLC / SEE),28.05,82.25
2933,341728,Prema Vahadura Vali,Swatantra,,7,M,False,जय वहादुर वली,SLC,गुरु जजुर मा.वि. रक्षाचौर दाङ,Dang Tulsipur Sub-Metropolis Hariya Bas,दिल माया वली,,Lumbini,Dang,Dang-3,84841,150708,Secondary Education (Grade 9-10 / SLC / SEE),28.05,82.25
2934,339625,Bharat Pariyar,Swatantra,,6,M,False,Dharma Raj Pariyar,८ कक्षा उत्तिर्ण,श्रीगाउँ दाङ,Dang,Renu Pariyar,,Lumbini,Dang,Dang-3,84841,150708,Basic Education (Up to Grade 8),28.05,82.25
2935,339708,Suresh Nepali,Swatantra,,1,M,False,Tul Bahadur Nepali,SLC उत्तिर्ण,सेन्टर मा.वि. तुलसीपुर दाङ,Dang,,,Lumbini,Dang,Dang-3,84841,150708,Secondary Education (Grade 9-10 / SLC / SEE),28.05,82.25
2936,339703,Dhan Bahadur Budha,Nepali Communist Party,2557.0,6802,M,True,Lanku Budha,SLC,SLC,Dolpa,Himali Budha,"संविधान सभा सदस्य, समाज सेवा र व्यापार र प्रतिनिधि सभा सदस्य रहेको",Karnali,Dolpa,Dolpa-1,15506,24115,Secondary Education (Grade 9-10 / SLC / SEE),29.1,83.0
2937,339397,Lank Bahadur Rokaya,Nepal Communist Party (Ekikrit Marxbadi Leninbadi),2598.0,5396,M,False,जय बहादुर रोकाया,+2,"रेन्बो इन्टरनेशनल कलेज, काठमाण्डौ",Dolpa Mudkechula rural municipality vote,,नेकपा एमालेको विभिन्न पदमा रहेको,Karnali,Dolpa,Dolpa-1,15506,24115,Higher Secondary / Intermediate (10+2 / PCL),29.1,83.0
2938,340232,Karna Bahadur Budha,Nepali Congress,2583.0,2947,M,False,Lanku Budha,I.A Pass +2,HSEB,Dolpa,Sarita/Lajyam Budha,४० वर्ष देखि सामाजिक कार्यमा लागि रहेको।,Karnali,Dolpa,Dolpa-1,15506,24115,Higher Secondary / Intermediate (10+2 / PCL),29.1,83.0
2939,341680,Dev Singh Aidi,Rastriya Swatantra Party,2528.0,181,M,False,Jade Edi,इन्जिनियर,नेपाल इन्जिनियरिङ कलेज,Dolpa,,विगत १० वर्ष देखि सामाजिक कार्य गरेको,Karnali,Dolpa,Dolpa-1,15506,24115,Bachelor's Degree,29.1,83.0
2940,340672,Hari Prasad Dangi,Rastriya Prajatantra Party,2604.0,92,M,False,Panna Khar Dangi,8 पास,नेपाल बोर्ड,Dolpa,Sundari Dangi,सामाजिक कार्य,Karnali,Dolpa,Dolpa-1,15506,24115,Basic Education (Up to Grade 8),29.1,83.0
2941,339460,Omendra Bahadur K.C.,Swatantra,,54,M,False,पृथ्वी लाल के.सी.,+2,नेपाल बोर्ड,Dolpa Thuli Bheri Municipality Ghari Tol,पार्वती कुमारी न्यौपाने (के.सी.),समाजिक कार्यमा सहभागी र नेतृत्व गरेको,Karnali,Dolpa,Dolpa-1,15506,24115,Higher Secondary / Intermediate (10+2 / PCL),29.1,83.0
2942,340901,Bikash Budha,Pragatishil Loktantrik Party,2516.0,21,M,False,Harilal Budha,+2,आधारभूत उमावि डोल्पा,Dolpa,,सामाजिक कार्य,Karnali,Dolpa,Dolpa-1,15506,24115,Higher Secondary / Intermediate (10+2 / PCL),29.1,83.0
2943,340376,Dil Bahadur Bista,Ujyalo Nepal Party,2566.0,11,M,False,कुम्म बहादुर बिस्ट,SLC,SLC,Dolpa Tripurasundari Municipality Bisht,दिल माया बिस्ट,विगत ४० वर्ष देखि सामाजिक कार्य गरिरहेको।,Karnali,Dolpa,Dolpa-1,15506,24115,Secondary Education (Grade 9-10 / SLC / SEE),29.1,83.0
2944,340565,Junu Bhandari,Miteri Party Nepal,2530.0,2,F,False,Tularam Bhandari,+2,HSEB,Dolpa,Sundari Dangi,सामाजिक सेवा,Karnali,Dolpa,Dolpa-1,15506,24115,Higher Secondary / Intermediate (10+2 / PCL),29.1,83.0
2945,341556,Khadga Shahi,Nepali Congress,2583.0,7914,M,True,Brisha Bahadur Shahi,+2 pass,bishnu mavi kathmandu,Mugu,Palju Rokaya,राजनीति,Karnali,Mugu,Mugu-1,21225,36029,Higher Secondary / Intermediate (10+2 / PCL),29.5833,82.35
2946,340557,Purna Bahadur Rokaya,Nepal Communist Party (Ekikrit Marxbadi Leninbadi),2598.0,6718,M,False,Birkha Bahadur Rokaya,एम एड,त्रिभुवन विश्वबिद्यालय,Mugu,Parvati Kumari Neupane (K.C.),,Karnali,Mugu,Mugu-1,21225,36029,Master's Degree,29.5833,82.35
2947,341041,Chandra Bahadur Shahi,Nepali Communist Party,2557.0,5558,M,False,Man Bahadur Shahi,I L,nepal law campous,Mugu,Padam Kali Shahi,2048 साल देखि लामो समयसम्म कम्युय्ट आन्दोलनमा लागेको र जनताको सेवामा लागि काम गर्दै आएको ।,Karnali,Mugu,Mugu-1,21225,36029,Higher Secondary / Intermediate (10+2 / PCL),29.5833,82.35
2948,341393,Bhuwan Tamata,Rastriya Swatantra Party,2528.0,530,M,False,बाँच्या टमटा,+2,पुप्पलाल मेमोरीयल कलेज चावेल,Gadekhola of Mugu Khatyad Rural Municipality,,राजनीति/ समाजसेवी,Karnali,Mugu,Mugu-1,21225,36029,Higher Secondary / Intermediate (10+2 / PCL),29.5833,82.35
2949,341216,Rangavira Pariyar,Nepal Communist Party (Maoist),2526.0,280,M,False,वजित  परियार,tslc,kts jumla,Mugu Khatyad Rural Municipality Nakherji,मुना  परियार,,Karnali,Mugu,Mugu-1,21225,36029,Diploma / Certificate Level,29.5833,82.35
2950,340665,Bal Bahadur Malla,Rastriya Prajatantra Party,2604.0,203,M,False,Pathan Bahadur Malla,slc,mahakali mavi mugu,Mugu,,,Karnali,Mugu,Mugu-1,21225,36029,Secondary Education (Grade 9-10 / SLC / SEE),29.5833,82.35
2951,340833,Aiten Kumar Malla,Pragatishil Loktantrik Party,2516.0,22,M,False,चक्र बहादुर मल्‍ल,slc,mahakali mavi mugu,Mugu Chhaynath Rara Municipality Chhatyalwada,जीवन  शाही,अन्तराष्टिय स्तरको खेलक्षेत्रको अनुभव रहेको ,Karnali,Mugu,Mugu-1,21225,36029,Secondary Education (Grade 9-10 / SLC / SEE),29.5833,82.35
2952,341535,Gyan Bahadur Shahi,Rastriya Prajatantra Party,2604.0,14816,M,True,Hari Bahadur Shahi,,,Jumla,,,Karnali,Jumla,Jumla-1,39173,71631,,29.2833,82.1833
2953,339930,Naresh Bhandari,Nepali Communist Party,2557.0,11635,M,False,Hari Bahadur Bhandari,,,Jumla,Deukala Shahi,,Karnali,Jumla,Jumla-1,39173,71631,,29.2833,82.1833
2954,341715,Dip Bahadur Shahi,Nepali Congress,2583.0,7143,M,False,Ranvir Shahi,,,Jumla,Susila Mahat,,Karnali,Jumla,Jumla-1,39173,71631,,29.2833,82.1833
2955,341224,Shanti Lal Mahat,Nepal Communist Party (Ekikrit Marxbadi Leninbadi),2598.0,4518,M,False,Ravi Lal Mahat,,,Jumla,Muna Pariyar,,Karnali,Jumla,Jumla-1,39173,71631,,29.2833,82.1833
2956,340197,Binita Kathayat,Rastriya Swatantra Party,2528.0,421,F,False,Amrit Singh Kathayat,,,Jumla,Satya Devi Bhandari,,Karnali,Jumla,Jumla-1,39173,71631,,29.2833,82.1833
2957,339709,Birsa Bahadur Rawat,Nepal Majdur Kisan Party,2578.0,400,M,False,रत्‍न पति रावत,,,Acharya Lihi of Jumla Hima Rural Municipality,मुना  रावत,,Karnali,Jumla,Jumla-1,39173,71631,,29.2833,82.1833
2958,339757,Manrishi Dhital,Pragatishil Loktantrik Party,2516.0,112,M,False,Nainananda Dhital,,,Bardia,Sarita Dhakal,,Karnali,Jumla,Jumla-1,39173,71631,,29.2833,82.1833
2959,340149,Birkha Bahadur Shahi,Nepal Communist Party (Maoist),2526.0,71,M,False,Dadimal Shahi,,,Jumla,Revati Rawal,,Karnali,Jumla,Jumla-1,39173,71631,,29.2833,82.1833
2960,340017,Ranil Bikram Shahi,Nepal Janata Party,2507.0,43,M,False,Bir Bahadur Shahi,,,Jumla,Bhagabati Kumari Shahi,,Karnali,Jumla,Jumla-1,39173,71631,,29.2833,82.1833
2961,339827,Bhakt Bahadur Rawal,Swatantra,,14,M,False,परी लाल रावल,,,Jumla Tatopani Rural Municipality Litakot,रेवती  रावल,,Karnali,Jumla,Jumla-1,39173,71631,,29.2833,82.1833
2962,340992,Mahendra Bahadur Shahi,Nepali Communist Party,2557.0,11734,M,True,Lal Bahadur Shahi,एस.एल.सी,"श्री वडीमालिका मा.वि. रास्कोट, कालीकोट",Kalikot,Srijana Nepal,,Karnali,Kalikot,Kalikot-1,39377,84634,Secondary Education (Grade 9-10 / SLC / SEE),29.1833,81.75
2963,340619,Shree Nagindra Shahi,Nepal Communist Party (Ekikrit Marxbadi Leninbadi),2598.0,10647,M,False,धिरेन्द्र  शाही,स्‍नातक,त्रिचन्द्र कलेज काठमाडौ,Kalikot Raskot Municipality Vijaypur,टापिन्द्रा  सेन(शाही),,Karnali,Kalikot,Kalikot-1,39377,84634,Bachelor's Degree,29.1833,81.75
2964,341244,Harsh Bahadur Bam,Nepali Congress,2583.0,7450,M,False,धर्म राज बम,आइ.ए,,Kalikot Pachaljharna Rural Municipality Banjkot,लक्ष्मी  बम,,Karnali,Kalikot,Kalikot-1,39377,84634,Higher Secondary / Intermediate (10+2 / PCL),29.1833,81.75
2965,342479,Khadaga Vahadura Vishvakarma,Nepal Communist Party (Maoist),2526.0,4993,M,False,पहल बहादुर बिश्वकर्मा,आइ.एड,श्री शिक्षा क्याम्पस सुर्खेत,"Kalikot Narharinath Rural Municipality Sallarukh, Malkot",नन्दा  बिश्वकर्मा,,Karnali,Kalikot,Kalikot-1,39377,84634,Higher Secondary / Intermediate (10+2 / PCL),29.1833,81.75
2966,339582,Prakash Neupane,Rastriya Swatantra Party,2528.0,3101,M,False,Prabhulal Neupane,स्‍नातक,त्रिभुवन विश्व विद्यालय,Kalikot,Mitthu Kumari Shahi,,Karnali,Kalikot,Kalikot-1,39377,84634,Bachelor's Degree,29.1833,81.75
2967,340106,Surya Bahadur Shahi,Rastriya Prajatantra Party,2604.0,603,M,False,Kalu Bahadur Shahi,+2 पास,"श्री पंचदेव उच्च माध्यमिक विद्यालय, मान्म, कलीकोट",Kalikot,Amrita Shahi,,Karnali,Kalikot,Kalikot-1,39377,84634,Higher Secondary / Intermediate (10+2 / PCL),29.1833,81.75
2968,339715,Nanda Bahadur Shahi,Nepal Majdur Kisan Party,2578.0,597,M,False,Goichu Shahi,प्रवेशिका,चन्दननाथ मा.वि.(जुम्ला विस्तार क्याम्पस) जुम्ला,Kalikot,Ambika Giri,,Karnali,Kalikot,Kalikot-1,39377,84634,Secondary Education (Grade 9-10 / SLC / SEE),29.1833,81.75
2969,340039,Aj Bahadur Giri,Rastriya Janamorcha,2522.0,175,M,False,दिप राज गिरी,स्‍नातक,त्रिभुवन विश्‍वविद्यालय काठमाडौ,Kalikot Khandachakra Municipality Baratu,अम्विका  गिरी,,Karnali,Kalikot,Kalikot-1,39377,84634,Bachelor's Degree,29.1833,81.75
2970,342769,Asmin Kumar Bista,Swatantra,,70,M,False,नर बहदुर विष्ट,+2 ,HSEB,Kalikot Narharinath Rural Municipality,,,Karnali,Kalikot,Kalikot-1,39377,84634,,29.1833,81.75
2971,342702,Man Bahadur Tiruwa,Swatantra,,7,M,False,Jaisingh Tiruwa,प्रविणता प्रमाण पत्र,सामुदायिक विद्यालय,Kalikot,,,Karnali,Kalikot,Kalikot-1,39377,84634,Higher Secondary / Intermediate (10+2 / PCL),29.1833,81.75
2972,340564,Jaya Pati Rokaya,Nepali Congress,2583.0,8797,M,True,Tul Singh Rokaya,SLC,श्री मानसरोवर उ.मा.वि,Humla,Indra Rokaya,"नेपाल तरुणदल हुम्लाको अध्यक्ष 
नेपाली काँग्रेस हुम्लाको सभापति
नेपाली काँग्रेस कर्णाली प्रदेश सदस्य
 समाजसेवा",Karnali,Humla,Humla-1,21935,34372,Secondary Education (Grade 9-10 / SLC / SEE),29.9833,81.8333
2973,340087,Dipendra Rokaya,Nepali Communist Party,2557.0,7243,M,False,Sundar Rokaya,PHD,TU,Humla,Devaki Timalsina,"२०५३ देखि २०७५ सम्म पत्रकारीता गरेको 
२०७५ देखि २०७८ सम्म कर्णाली प्रदेश योजना आयोगको सदस्य
२०७९ देखि हाल सम्म नेपाली कमनिष्‍ट  जिल्ला संयोजक हुँदै केन्दिय सदस्य भइ कार्यारत",Karnali,Humla,Humla-1,21935,34372,Doctorate / PhD,29.9833,81.8333
2974,339931,Dala Phadera,Nepal Communist Party (Ekikrit Marxbadi Leninbadi),2598.0,4331,M,False,नरिवान  फडेरा,स्नातक  तह,त्रि.वि,Phadera village of Humla Adanchuli rural municipality,झगु  भण्डारी,,Karnali,Humla,Humla-1,21935,34372,Bachelor's Degree,29.9833,81.8333
2975,341114,Tasi Lhanjom,Rastriya Swatantra Party,2528.0,1064,F,False,लाक्पा छिरीङ तामाङ,स्नातक राजनितिक रास्त्र,"दिल्ली विश्वविद्यालय,भारत",Humla Namkha Rural Municipality,,सामाजिक अभियन्ता,Karnali,Humla,Humla-1,21935,34372,Bachelor's Degree,29.9833,81.8333
2976,340956,Jatil Karki,Pragatishil Loktantrik Party,2516.0,248,M,False,Prem Bahadur Karki,स्नातक,Eastern Univercity,Humla,,राष्टिय पुननिर्माण प्राधिकरण काठमाडौंमा ६ वर्ष काम गरेको,Karnali,Humla,Humla-1,21935,34372,Bachelor's Degree,29.9833,81.8333
2977,340476,Kumbha Budha,Nepal Communist Party (Maoist),2526.0,128,M,False,Aka Budha,SLC,ज्ञनोदय मा.वि,Humla,Asmita Budha,,Karnali,Humla,Humla-1,21935,34372,Secondary Education (Grade 9-10 / SLC / SEE),29.9833,81.8333
2978,339829,Chhakka Budha,Rastriya Prajatantra Party,2604.0,124,M,False,Ran Budha,प्रमानपत्र तह,मानसरोवर मा. वि,Humla,Nirmala Budha,,Karnali,Humla,Humla-1,21935,34372,Higher Secondary / Intermediate (10+2 / PCL),29.9833,81.8333
2979,342453,Khadak Bahadur Budha,Nepali Congress,2583.0,20142,M,True,Nar Bahadur Budha,MA,tu,Jajarkot,Krishna Thapa (Budha),,Karnali,Jajarkot,Jajarkot-1,57668,107074,Master's Degree,28.85,82.2
2980,341130,Shakti Bahadur Basnet,Nepali Communist Party,2557.0,17407,M,False,Dandaveer Basnet,med,tu,Jajarkot,Satya Pahadi,,Karnali,Jajarkot,Jajarkot-1,57668,107074,Master's Degree,28.85,82.2
2981,340356,Dambar Bahadur Singh,Nepal Communist Party (Ekikrit Marxbadi Leninbadi),2598.0,16883,M,False,Karna Bahadur Singh,med,tu,Jajarkot,Janaki Devi Singh,,Karnali,Jajarkot,Jajarkot-1,57668,107074,Master's Degree,28.85,82.2
2982,341256,Raghab Karki,Rastriya Swatantra Party,2528.0,2471,M,False,माधव​  कार्की,MA,tu,Jajarkot Bheri Municipality,नम्रता  खनाल​,,Karnali,Jajarkot,Jajarkot-1,57668,107074,Master's Degree,28.85,82.2
2983,340955,Krishna Bikram Shah,Rastriya Prajatantra Party,2604.0,359,M,False,Tej Bikram Shah,10+2 पास,HSEB,Jajarkot,Hema Shah,,Karnali,Jajarkot,Jajarkot-1,57668,107074,Higher Secondary / Intermediate (10+2 / PCL),28.85,82.2
2984,340682,Bal Bahadur Malla,Nepal Communist Party (Maoist),2526.0,212,M,False,Ganesh Bahadur Malla,10+2 pass,HSEB,Jajarkot,Pashupati Malla,,Karnali,Jajarkot,Jajarkot-1,57668,107074,Higher Secondary / Intermediate (10+2 / PCL),28.85,82.2
2985,340290,Karna Bahadur Nepali,Ujyalo Nepal Party,2566.0,67,M,False,Prime Wadi,bed pass,Tu,Jajarkot,Sharmila Wadi,,Karnali,Jajarkot,Jajarkot-1,57668,107074,Bachelor's Degree,28.85,82.2
2986,339599,Ratna Bahadur Khadka,Rastriya Janamorcha,2522.0,55,M,False,Jasvir Khadka,10 pass,जनप्रिय मा वि दशेरा,Jajarkot,Asha Khadka,,Karnali,Jajarkot,Jajarkot-1,57668,107074,Secondary Education (Grade 9-10 / SLC / SEE),28.85,82.2
2987,342130,Megh Bahadur Oli,Pragatishil Loktantrik Party,2516.0,38,M,False,Abir Oli,slc,Neb,Jajarkot,Bhagwati Khatri,,Karnali,Jajarkot,Jajarkot-1,57668,107074,Secondary Education (Grade 9-10 / SLC / SEE),28.85,82.2
2988,340815,Dhani Ram Jaisi,Nepal Majdur Kisan Party,2578.0,25,M,False,Uday Ram Jaisi,९ पास,सरस्वती मावि,Dailekh,Radhika Jaisi,,Karnali,Jajarkot,Jajarkot-1,57668,107074,Secondary Education (Grade 9-10 / SLC / SEE),28.85,82.2
2989,342610,Kaman Budha Magar,Mongol National Organization,2511.0,9,M,False,Purna Bahadur Budha,see,Neb,Jajarkot,,,Karnali,Jajarkot,Jajarkot-1,57668,107074,Secondary Education (Grade 9-10 / SLC / SEE),28.85,82.2
2990,341040,Basana Thapa,Nepali Congress,2583.0,12372,F,True,Hom Vikram Thapa,m. a pass ,,Kathmandu,Robinson Thapa,,Karnali,Dailekh,Dailekh-1,37846,79692,Master's Degree,28.85,81.75
2991,339621,Ravindra Raj Sharma,Nepal Communist Party (Ekikrit Marxbadi Leninbadi),2598.0,11796,M,False,देवी प्रसाद शर्मा,SLC,,Dailekh Narayan Municipality Rupakhet,जनक कुमारी शर्मा,,Karnali,Dailekh,Dailekh-1,37846,79692,Secondary Education (Grade 9-10 / SLC / SEE),28.85,81.75
2992,339758,Nanda Kishor Basnet,Rastriya Swatantra Party,2528.0,8151,M,False,Padam Bahadur Basnet,I.ed pass ,,Dang,Ek Maya Thapa Chhetri,,Karnali,Dailekh,Dailekh-1,37846,79692,Higher Secondary / Intermediate (10+2 / PCL),28.85,81.75
2993,339953,Ammar Bahadur Thapa,Nepali Communist Party,2557.0,4256,M,False,Pathe Thapa,test पास,,Dailekh,Pana Thapa,,Karnali,Dailekh,Dailekh-1,37846,79692,Secondary Education (Grade 9-10 / SLC / SEE),28.85,81.75
2994,340472,Rana Bahadur Singh,Rastriya Prajatantra Party,2604.0,598,M,False,प्रेम बहादुर सिंह,SLC,,Dailekh Naumule Rural Municipality Mazhgau,लक्ष्मी/सिता कुमारी सिंह,,Karnali,Dailekh,Dailekh-1,37846,79692,Secondary Education (Grade 9-10 / SLC / SEE),28.85,81.75
2995,339470,Jagat Bahadur Oli,Nepal Majdur Kisan Party,2578.0,302,M,False,Sher Bahadur Oli,स्नातक तह,,Dailekh,Raikosha Woli,,Karnali,Dailekh,Dailekh-1,37846,79692,Bachelor's Degree,28.85,81.75
2996,340228,Ramalala Bishvakarma,Nepal Communist Party (Maoist),2526.0,235,M,False,नन्दलाल  बिश्वकर्मा,B.ed pass ,,Dailekh Gurans Rural Municipality Petari,सबिता  सिह,,Karnali,Dailekh,Dailekh-1,37846,79692,Bachelor's Degree,28.85,81.75
2997,339335,Nar Bahadur Singh,Rastriya Janamorcha,2522.0,91,M,False,Mathavar Singh,I.ed pass ,,Dailekh,Kamala Singh,,Karnali,Dailekh,Dailekh-1,37846,79692,Higher Secondary / Intermediate (10+2 / PCL),28.85,81.75
2998,339841,Logh Bahadur Bogati,Swatantra,,29,M,False,गोरे  बोगटी,१० पास,,Dailekh Narayan Municipality Dashrathe,दुधकला  बोगटी,,Karnali,Dailekh,Dailekh-1,37846,79692,Secondary Education (Grade 9-10 / SLC / SEE),28.85,81.75
2999,341385,Menaka Shrestha,Aam Janata Party (Ekal Chunab Chinha),2581.0,16,F,False,मिन बहादुर रुचाल,12 pass ,,Dailekh Narayan Municipality,विष्णु कुमार श्रेष्ठ,,Karnali,Dailekh,Dailekh-1,37846,79692,Higher Secondary / Intermediate (10+2 / PCL),28.85,81.75
3000,340637,Laxmi Prasad Pokharel,Nepal Communist Party (Ekikrit Marxbadi Leninbadi),2598.0,13889,M,True,Nayaram Pokharel,आइए,त्रिभुवन विश्व विद्यालय,Dailekh,Pavitra Pokharel,२०४९ गाविस अध्यक्ष २०७० स‌विधान सभा सदस्य नेकपा एमाले पोलिटब्यूरो सदस्य ,Karnali,Dailekh,Dailekh-2,36513,81495,Higher Secondary / Intermediate (10+2 / PCL),28.8333,81.6
3001,341215,Dikpal Kumar Shahi,Nepali Congress,2583.0,9552,M,False,Raj Bahadur Shahi,प्रविणता प्रमाण पत्र तह,त्रिभुवन विश्वविद्यालय,Dailekh,Mohani Shahi,३ वर्ष शिक्षण पेशा २०४९ मा जिविस सदस्य निर्वाचित २०७९ सालमा प्रतिनिधि सभा सदस्य निर्वाचित,Karnali,Dailekh,Dailekh-2,36513,81495,Higher Secondary / Intermediate (10+2 / PCL),28.8333,81.6
3002,340344,Bakhat Bahadur Shahi,Rastriya Swatantra Party,2528.0,6797,M,False,Prem Bahadur Shahi,स्नातकोत्तर ,पोखरा विश्वविद्यालय ,Dailekh,Sumitra Kumari Shahi,सडक सि‌चाई खानेपानी जिविकोपार्जन लगायतका क्षेत्रमा कार्य गरेको भवन योजना विद्युत सोलार लगायतका कार्यहरुमा कार्य गरेको,Karnali,Dailekh,Dailekh-2,36513,81495,Master's Degree,28.8333,81.6
3003,340478,Yogendra Bahadur Shahi,Nepali Communist Party,2557.0,3851,M,False,Khagendra Bahadur Shahi,एमफिल,जवारलालनेहरु विश्वविद्यालय,Dailekh,,विश्व प्रजातान्त्रिक यूवा स‌घको भई युवाहरुको हितमा कार्य गरेको र कर्णाली प्रदेशको योजना आयोगको उपाध्यक्ष भई कार्य गरेको,Karnali,Dailekh,Dailekh-2,36513,81495,M.Phil,28.8333,81.6
3004,339809,Bakhat Bahadur Thapa,Nepal Majdur Kisan Party,2578.0,1512,M,False,Man Thapa,+2,चामुण्डा उच्च मावि ,Dailekh,Bhadra Thapa,देश र जनताको निस्वार्थ सेवामा लामो समय देखि कार्यरत रही आएको ,Karnali,Dailekh,Dailekh-2,36513,81495,Higher Secondary / Intermediate (10+2 / PCL),28.8333,81.6
3005,342569,Babita Kumari Shahi,Rastriya Prajatantra Party,2604.0,366,F,False,Gopendra Shahi,M.Ed.,T.U.,Kalikot,Lok Bahadur Bhat,समाज सेवा,Karnali,Dailekh,Dailekh-2,36513,81495,Master's Degree,28.8333,81.6
3006,340198,Kalam Singh,Nepal Communist Party (Maoist),2526.0,337,M,False,Ratna Kami,+2,कालिका मावि तिलेपाटा,Dailekh,Khintu B.K.,राष्ट्रियता र भ्रष्टचार विरुद्ध स‌घर्ष गरेको पार्टीको विभिन्न पदिय जिम्मेवारीमा रहि सेवा गरेकाे,Karnali,Dailekh,Dailekh-2,36513,81495,Higher Secondary / Intermediate (10+2 / PCL),28.8333,81.6
3007,339384,Kamal Bahadur Barai Magar,Rastriya Janamorcha,2522.0,101,M,False,Padam Bahadur Magar,SLC,आनन्द मावि चामुण्डा,Dailekh,Lalsara Pun Magar,समाज सेवा ,Karnali,Dailekh,Dailekh-2,36513,81495,Secondary Education (Grade 9-10 / SLC / SEE),28.8333,81.6
3008,342445,Him Bahadur Shahi,Swatantra,,43,M,False,Man Singh Shahi,+2,बहुमुखी क्याम्पस सुर्खेत,Dailekh,,समाज सेवा,Karnali,Dailekh,Dailekh-2,36513,81495,Higher Secondary / Intermediate (10+2 / PCL),28.8333,81.6
3009,342333,Tirtha Kumari Bashi Magar B.K.,Aam Janata Party (Ekal Chunab Chinha),2581.0,33,F,False,नन्दालाल  बशींमगर,SLC,पार्वति उमावि गोगनपानी,Dailekh Dullu Municipality,महेन्द्र बहादुर बि.क.,समाजसेवा,Karnali,Dailekh,Dailekh-2,36513,81495,Secondary Education (Grade 9-10 / SLC / SEE),28.8333,81.6
3010,340984,Lal Bahadur Kathayat,Swatantra,,32,M,False,Nar Bahadur Kathayat,+2,आठबिस शिक्षा क्याम्पस,Dailekh,,समाजसेवा,Karnali,Dailekh,Dailekh-2,36513,81495,Higher Secondary / Intermediate (10+2 / PCL),28.8333,81.6
3011,341140,Bishnu Bahadur Khadka,Nepali Congress,2583.0,26897,M,True,प्रेम बहादुर खड्का,S.L.C ,अम्मर ज्योती मा.वि.,Surkhet Birendranagar Municipality Itram,शारदा  खड्का,"नेपाली काँग्रेस जिल्ला उपसभापति, सुर्खेत।",Karnali,Surkhet,Surkhet-1,66227,122892,Secondary Education (Grade 9-10 / SLC / SEE),28.6,81.65
3012,340773,Dhruva Kumar Shahi,Nepal Communist Party (Ekikrit Marxbadi Leninbadi),2598.0,18890,M,False,Chakra Bahadur Shahi,B.Com,त्रिभुवन विश्वविध्यालय ,Surkhet,Kushma Shahi,पूर्व प्रतिनिधि सभा सदस्य,Karnali,Surkhet,Surkhet-1,66227,122892,Bachelor's Degree,28.6,81.65
3013,341749,Tek Bahadur Singh Thakuri,Rastriya Swatantra Party,2528.0,14729,M,False,Prem Singh,S.L.C,भानु मा.वि.,Surkhet,Sita Singh,,Karnali,Surkhet,Surkhet-1,66227,122892,Secondary Education (Grade 9-10 / SLC / SEE),28.6,81.65
3014,340540,Jit Bahadur Rana,Nepali Communist Party,2557.0,2828,M,False,Bhavane Rana,स्नातकोत्तर,मध्यपश्चिम विश्वविध्यालय सुर्खेत,Surkhet,Tulsari Gharti,"सुर्खेत उपत्यका नगर विकास समिति अध्यक्ष
अस्पताल विकास समिति अध्यक्ष
सहकारी संचालन समिति अध्यक्ष
राजनितिक कार्य समाजसेवा",Karnali,Surkhet,Surkhet-1,66227,122892,Master's Degree,28.6,81.65
3015,340059,Rabi Hamal Thakuri,Rastriya Prajatantra Party,2604.0,1049,M,False,Ratna Bahadur Hamal,स्नातकोत्तर,त्रिभुवन विश्वविधालय,Surkhet,,"कार्यकारी सम्पादक- कर्णाली टाइम्स मासिक
प्रकाशक हिमालयन म्यासेज त्रेैमासिक
लौंगिक विविधता तथा सामाजिक विविधता अन्तराष्ट्रिय कोर्स
जीवन दर्शन, नालन्दा विश्वविध्यालय",Karnali,Surkhet,Surkhet-1,66227,122892,Master's Degree,28.6,81.65
3016,340276,Bir Bahadur Rana,Shram Sanskriti Party,2501.0,641,M,False,Dil Bahadur Rana,S.L.C. pass,आनन्द माध्यामिक विद्यालय गुमी,Surkhet,Deuki Saru Rana,"२८ वर्ष सरकारी सेवा(नेपाल प्रहरी)
प्राकृतिक विपत्तिमा गाउँघरमा राहत संकलन गरि वितरण
अपाङ्ग, एकल महिला, वृद्ध बृदालाई तातो कपडा विवरण चर्च हरुमा भेटि उठाएर",Karnali,Surkhet,Surkhet-1,66227,122892,Secondary Education (Grade 9-10 / SLC / SEE),28.6,81.65
3017,341613,Dhana Singh Sarki,"Janata Samajbadi Party, Nepal",2542.0,354,M,False,बिर बहादुर सार्की,८ कक्षा,सुर्य ज्योति मा.वि.,Surkhet Bheriganga Municipality,रुपकला  सार्की,विभिन्न कृषि सम्बन्धी संस्थामा आवद्ध,Karnali,Surkhet,Surkhet-1,66227,122892,Basic Education (Up to Grade 8),28.6,81.65
3018,339873,Mohan Thapa,Rastriya Janamorcha,2522.0,321,M,False,Moti Prasad Thapa,स्नातक,मध्य पश्चिम विश्वविधालय सुर्खेत,Surkhet,Gaumati Thapa,"राष्ट्रिय जनमोर्चाको विभिन्न तहमा काम गरेको
स्थानीय शान्ती समितिमा संयोजक भएर करिव ८ वर्ष काम गरेको
आ.मा.वि. को व्य. समितिको अध्यक्षमा ६ वर्ष काम गरेको
अन्य विभिन्न क्षेत्रमा काम गरेको
चित्र बहादुर के.सी अध्ययन प्रतिस्थानको अध्यक्ष",Karnali,Surkhet,Surkhet-1,66227,122892,Bachelor's Degree,28.6,81.65
3019,342197,Thammar Bahadur Bista,Ujyalo Nepal Party,2566.0,251,M,False,बेगबहादुर  विष्ट,स्नातकत्तोर,त्रिभुबन विश्वविद्यालय,"Thignigaon, Surkhet Gurvakot Municipality",माघिसरा  विष्ट,पूर्व प्रदेश सभा सदस्य भई प्रमुख सचेतक तथा  ने.क.पा. एमालेको केन्द्रिय सदस्य भई काम गरेको,Karnali,Surkhet,Surkhet-1,66227,122892,Master's Degree,28.6,81.65
3020,341498,Ramesha Senchuri,Aam Janata Party (Ekal Chunab Chinha),2581.0,112,M,False,गंगाराम सुनार,८ कक्षा,,Dang Babai rural municipality Babarpur, नन्दकली सुनार,,Karnali,Surkhet,Surkhet-1,66227,122892,Basic Education (Up to Grade 8),28.6,81.65
3021,339695,Hiru Shahi,Nepal Communist Party (Maoist),2526.0,108,M,False,Man Bahadur Shahi,१० कक्षा पास,,Surkhet,Bal Kumari Shahi,,Karnali,Surkhet,Surkhet-1,66227,122892,Secondary Education (Grade 9-10 / SLC / SEE),28.6,81.65
3022,339506,Gaj Bahadur Khapatadi Magar,Nepal Majdur Kisan Party,2578.0,26,M,False,Lilaram Khapatadi Magar,३ कक्षा पास,,Surkhet,Sarda Devi Khaptadi Magar,,Karnali,Surkhet,Surkhet-1,66227,122892,Basic Education (Up to Grade 8),28.6,81.65
3023,342372,Prakash Budha Magar,Miteri Party Nepal,2530.0,21,M,False,Sashiram Budha Magar,१० कक्षा,सस्वती मा.वि.,Surkhet,Pramila Dhimal,,Karnali,Surkhet,Surkhet-1,66227,122892,Secondary Education (Grade 9-10 / SLC / SEE),28.6,81.65
3024,340194,Ramesh Kumar Sapkota,Rastriya Swatantra Party,2528.0,30826,M,True,Durga Prasad Sapkota,SLC,mahendra mavi dang,Surkhet,Sunita Sharma,"यातायात क्षेत्रलाई सिन्डिकेटमुक्त गराएको सुर्खेतमा
रोटरी क्लव अफ सुर्खेत मार्फत समाज सेवा योगदान गरेको
सहकारी अभियान सफल पार्न भुईमान्छे भई कार्य गरेको",Karnali,Surkhet,Surkhet-2,68766,126032,Secondary Education (Grade 9-10 / SLC / SEE),28.5833,81.45
3025,341438,Narayan Kumar Koirala,Nepali Congress,2583.0,16392,M,False,Ganesh Kumar Koirala,स्नातकोत्तर,मध्यपश्चिम विश्वविद्यालय,Surkhet,,"रेडियो पत्रकारिता/व्यवस्थापन
सुर्खेत उपत्यका नगर विकास समितिको अध्यक्षको जिम्मेवारी
अर्बुद रोग निवारण संस्थाको केन्द्रीय उपाध्यक्ष",Karnali,Surkhet,Surkhet-2,68766,126032,Master's Degree,28.5833,81.45
3026,339970,Kulmani Devkota,Nepal Communist Party (Ekikrit Marxbadi Leninbadi),2598.0,13155,M,False,Bhaktiram Devkota,आई एल अध्ययन,बीरेन्द्रनगर बहुमुखी क्याम्पस ,Surkhet,Jharna Devkota,"साबिक जर्बुटा गा.वि.स. वडा नं १ को वडाअध्यक्ष २०५४
नेकपा एमाले जिल्ला कमिटी सदस्य, उपाध्यक्ष हुँदै हाल जिल्ला कमिटी अध्यक्ष",Karnali,Surkhet,Surkhet-2,68766,126032,Higher Secondary / Intermediate (10+2 / PCL),28.5833,81.45
3027,339820,Jhak Bahadur Malla,Nepali Communist Party,2557.0,4587,M,False,Bajra Bahadur Malla,स्नातकोतर,त्रिभुवन विश्वविद्यालय,Surkhet,Manju Kumari Rokaya,"समन्वय  विज्ञ, कर्णाली प्रदेश सरकार
जेल ब्रेक पुस्तक प्रकाशन, कविता संग्रह प्रकाशन
पत्रपत्रिका तथा अनलाईनमा लेख रचना प्रकाशन
",Karnali,Surkhet,Surkhet-2,68766,126032,Master's Degree,28.5833,81.45
3028,341751,Rajendra Ramjali,Shram Sanskriti Party,2501.0,1646,M,False,Bhakt Bahadur Ramjali,१० पास,सिता जनसहयोग मावि दैलेख,Dailekh,Sita Kumari Rajmali,"भारतीय सेना निवृत्त
समाज सेवा सहकारी अभियन्ता
",Karnali,Surkhet,Surkhet-2,68766,126032,Secondary Education (Grade 9-10 / SLC / SEE),28.5833,81.45
3029,341667,Kabi Ram Puri,Rastriya Prajatantra Party,2604.0,1315,M,False,Khadga Deb Puri,आइ एल,त्रिभुवन विश्वविद्यालय सम्बन्धन प्राप्त कलेज,Surkhet,Mamata Kumari Puri,"नेपालमा हरेक भएमा निर्वाचनमा उम्मेद्वारी दिएको
हाल नेपालको विषम परिस्थिति अवस्थालाई अन्त्य गर्न उत्कृष्ट विचार राखी निरन्तर लागिरहँदा राष्ट्र फसेको अनुभव भएको",Karnali,Surkhet,Surkhet-2,68766,126032,Higher Secondary / Intermediate (10+2 / PCL),28.5833,81.45
3030,340419,Gambhir Singh Bhul,Ujyalo Nepal Party,2566.0,184,M,False,Dhan Bahadur Bhul,+2 pass,पन्चदेवल क्याम्पस बिनायक अछाम,Acham,Sunita Bhul,,Karnali,Surkhet,Surkhet-2,68766,126032,Higher Secondary / Intermediate (10+2 / PCL),28.5833,81.45
3031,341011,Tulchhi Khadaka,Nepal Majdur Kisan Party,2578.0,158,F,False,हर्क बहादुर खडका,१० कक्षा पास,श्री देवी मावि दैलेख,Dailekh Chamunda Bindrasaini Municipality,कमल बहादुर खडका,राजनैतिक समाजवादी अभियान,Karnali,Surkhet,Surkhet-2,68766,126032,Secondary Education (Grade 9-10 / SLC / SEE),28.5833,81.45
3032,339700,Dharmaraj Devkota,Nepal Communist Party (Maoist),2526.0,150,M,False,Loganath Devkota,+2,सुर्योदय उमावि मसिना रोल्पा,Surkhet,,"कम्प्युटर शिक्षक भएको
राजनीतिक आन्दोलनमा अग्र भूमिकामा रहेको",Karnali,Surkhet,Surkhet-2,68766,126032,Higher Secondary / Intermediate (10+2 / PCL),28.5833,81.45
3033,340801,Purna Bahadur Shahi,Rastriya Janamorcha,2522.0,130,M,False,Jagat Bahadur Shahi,‌आईएड पास,बडिमालिका उमावि रास्कोट,Kalikot,Gauri Shahi,"३५ वर्ष शिक्षक अनुभव
सामाजिक संघ संस्थाको अगुवाई
शिक्षकका पेशागत संगठनहरुको अगुवाई",Karnali,Surkhet,Surkhet-2,68766,126032,Higher Secondary / Intermediate (10+2 / PCL),28.5833,81.45
3034,341963,Prem Bahadur Tarami,Nepal Communist Party (Sanyukta),2601.0,63,M,False,Til Bahadur Tarami,साधारण लेखपढ,,Surkhet,Man Kumari Balami Magar,,Karnali,Surkhet,Surkhet-2,68766,126032,Literate / Non-Formal,28.5833,81.45
3035,342005,Deep Bahadur Nepali,"Janata Samajbadi Party, Nepal",2542.0,52,M,False,जहरे  दमाई,८ पास,गौरीशंकर विद्यालय चतुरे,Surkhet Panchapuri Municipality Chature,लछीना  नेपाली,राजनीति विश्लेषण,Karnali,Surkhet,Surkhet-2,68766,126032,Basic Education (Up to Grade 8),28.5833,81.45
3036,341113,Krishna Khatri,Swatantra,,38,M,False,Top Bahadur Khatri,१२ पास,उषा बाल बाटिका उमा वि,Surkhet,,नेपालको आइटी सेवामा दश वर्ष भन्दा धेरै काम गरेको अनुभव,Karnali,Surkhet,Surkhet-2,68766,126032,Higher Secondary / Intermediate (10+2 / PCL),28.5833,81.45
3037,341517,Pawan Thapa Magar,Gatishil Loktantrik Party,2571.0,34,M,False,Spouse,स्नातक,त्रिचन्द्र बहुमुखी क्याम्पस,Surkhet,,"पटकथा लेखन 
सिनेमाटो ग्राफर /फोटोग्राफर
भिडियो सम्पादन
सामाजिक /राजनीतिक अभियान
",Karnali,Surkhet,Surkhet-2,68766,126032,Bachelor's Degree,28.5833,81.45
3038,340604,Ramesh Pariyar,Swatantra,,23,M,False,Katak Bahadur Pariyar,‌‌+2 pass,विजय मेमोरियल डिल्लीबजार काठमाडौं,Surkhet,,"विद्यार्थी नेता
विव्यस अध्यक्ष
क्लव अध्यक्ष
समाजसेवी",Karnali,Surkhet,Surkhet-2,68766,126032,Higher Secondary / Intermediate (10+2 / PCL),28.5833,81.45
3039,342237,Hridayendra Adhikari,Nepal Janasewa Party,2599.0,7,M,False,Shankar Bahadur Adhikari,स्नातक,त्रिभुवन विश्वविद्यालय,Surkhet,,युवाको क्षेत्रमा विभिन्न काम गरेको,Karnali,Surkhet,Surkhet-2,68766,126032,Bachelor's Degree,28.5833,81.45
3040,341154,Udiram Chunara,Swatantra,,6,M,False,Bir Bahadur Chunara,कक्षा १०,सरस्वती मावि चिङ्गाड ६ पाम्का,Surkhet,,"आरन व्यवसाय
कृषि व्यवसाय
धार्मिक सेवा
समाज सेवा",Karnali,Surkhet,Surkhet-2,68766,126032,Secondary Education (Grade 9-10 / SLC / SEE),28.5833,81.45
3041,341907,Suresh Kumar Chaudhary,Rastriya Swatantra Party,2528.0,32792,M,True,Baru Lal Chaudhary,,,Banke,Devi Chaudhary,,Lumbini,Banke,Banke-1,70907,124718,,28.15,81.8
3042,340994,Narayan Prasad Goudel,Nepali Congress,2583.0,15301,M,False,चन्द्र दत्त गौडेल,,,Banke Kohalpur Municipality Madanchok,कुमारी सिता पोखरेल,,Lumbini,Banke,Banke-1,70907,124718,,28.15,81.8
3043,339720,Surya Prasad Dhakal,Nepal Communist Party (Ekikrit Marxbadi Leninbadi),2598.0,11095,M,False,Tulsi Ram Dahal,,,Banke,Tusali Dhakal,,Lumbini,Banke,Banke-1,70907,124718,,28.15,81.8
3044,340433,Narendra Prasad Pandey,Nepali Communist Party,2557.0,6033,M,False,रत्‍नाखर  पाण्डे,,,Banke Kohalpur Municipality Madan Chowk,ज्योती  पाण्डे,,Lumbini,Banke,Banke-1,70907,124718,,28.15,81.8
3045,340244,Pradipa Kumara Shah,Rastriya Prajatantra Party,2604.0,3234,M,False,इन्द्र  शाह,,,Banke Kohalpur Municipality Kirannala,उषा  शाह,,Lumbini,Banke,Banke-1,70907,124718,,28.15,81.8
3046,341346,Krishna Ke.si.,Pragatishil Loktantrik Party,2516.0,1240,F,False,चन्द्र बहादुर खत्री,,,Banke Raptisonari Rural Municipality Thakeri Udain,,,Lumbini,Banke,Banke-1,70907,124718,,28.15,81.8
3047,339539,Bharat Nidhi Tiwari,Shram Sanskriti Party,2501.0,463,M,False,Dambar Prasad Tiwari,,,Banke,,,Lumbini,Banke,Banke-1,70907,124718,,28.15,81.8
3048,341611,Dhan Bahadur Khadka,Ujyalo Nepal Party,2566.0,246,M,False,Rudra Bahadur Khadka,,,Banke,Har Devi Budhathoki,,Lumbini,Banke,Banke-1,70907,124718,,28.15,81.8
3049,340063,Dipaka Vudhathoki,Nepal Communist Party (Maoist),2526.0,186,M,False,विर बहादुर बुढाथोकी,,,Salyan Kumakh Rural Municipality Rumalgaon,,,Lumbini,Banke,Banke-1,70907,124718,,28.15,81.8
3050,339516,Tulsiram Sapkota,Rastriya Janamorcha,2522.0,126,M,False,Devpati Sapkota,,,Rupandehi,Yam Kala Sapkota,,Lumbini,Banke,Banke-1,70907,124718,,28.15,81.8
3051,342543,Rajendra Kumar Bishwakarma,"Janata Samajbadi Party, Nepal",2542.0,84,M,False,सन्त राम विश्वकर्मा,,,Banke Narainapur Rural Municipality Bhojpur,लक्ष्मी  शर्मा,,Lumbini,Banke,Banke-1,70907,124718,,28.15,81.8
3052,339471,Surja Thapa,Nepal Majdur Kisan Party,2578.0,56,F,False,Ran Bahadur Rokaya,,,Dailekh,Khadga Raj Thapa,,Lumbini,Banke,Banke-1,70907,124718,,28.15,81.8
3053,341420,Diwakar Sharma,Swatantra,,39,M,False,Chandra Prasad Jaisi,,,Surkhet,,,Lumbini,Banke,Banke-1,70907,124718,,28.15,81.8
3054,339966,Pherulala Chaudhari,Mongol National Organization,2511.0,12,M,False,फकिरु  चौधरी,,,Dang Rapti rural municipality,सिता कुमारी चौधरी,,Lumbini,Banke,Banke-1,70907,124718,,28.15,81.8
3055,340037,Mohammad Ishtiyak Rai,Nepal Communist Party (Ekikrit Marxbadi Leninbadi),2598.0,24628,M,True,मुहैयुद्दिन राई कवडिया,एम ए,लार्ड बुद्ध डिग्री कलेज भारत,Banke Nepalgunj Sub-Metropolitan City,तरन्नुम बानो राई,"संविधान सभा सदस्य 2064, प्रतिनिधि सभा सदस्य, 2074, श्रम तथा यातायात मन्त्री 2068 सहरी विकास मन्त्री 2075, भौतिक पुर्वाधार तथा यातायात मन्त्री 2079",Lumbini,Banke,Banke-2,66701,108286,Master's Degree,28.1167,81.7
3056,341812,Bivek Kumar Shrestha,Rastriya Swatantra Party,2528.0,18682,M,False,विनोद वहादुर श्रेष्ठ,स्नातक ,त्रि.वि.,Banke Nepalgunj Sub Metropolitan Dhamwoji,रिचा  ताम्राकार,ब्यवसाय र सामाजिक अभियान्त,Lumbini,Banke,Banke-2,66701,108286,Bachelor's Degree,28.1167,81.7
3057,340606,Sudhansu Koirala,Nepali Congress,2583.0,17596,M,False,अरुण  कोइराला,एम ए,नेपाल कमर्स क्याम्पस मिन भवन,Banke Nepalgunj Sub-Metropolitan City,दिपिका  कोइराला,"नेपाल तरुण दलको केन्द्रीय पार्षद, नेपाली काँग्रेस जिल्ला कार्य समित सदस्य र सचिव तथा वि.पि. अध्ययन प्रतिष्ठान बाँकेको अध्यक्ष ।",Lumbini,Banke,Banke-2,66701,108286,Master's Degree,28.1167,81.7
3058,339927,Rishi Raj Devkota,Rastriya Prajatantra Party,2604.0,1723,M,False,Hemraj Devkota,स्नातक तह,त्रि वि,Dang,,,Lumbini,Banke,Banke-2,66701,108286,Bachelor's Degree,28.1167,81.7
3059,341003,Dipendra Bista,Nepali Communist Party,2557.0,1456,M,False,मन सिंह बिष्‍ट,स्नातक तह उत्तीर्ण,त्रि.वि.,Banke Nepalgunj Sub-Metropolitan City,,"ब्यापार, रा.खे.प. सदस्य नि वर्तमान ।",Lumbini,Banke,Banke-2,66701,108286,Bachelor's Degree,28.1167,81.7
3060,341753,Kamaruddin Rai,"Janata Samajbadi Party, Nepal",2542.0,908,M,False,Gobare Kawadiya,,,Banke,Safikun Rai,,Lumbini,Banke,Banke-2,66701,108286,,28.1167,81.7
3061,342638,Iraphana Ahamada Shekh,Rastriya Janamat Party,2570.0,775,M,False,बेचन  शेष,स्नातकोत्तर ,भारत,Banke Duduwa Rural Municipality Hirsinia,,क्षेत्र नं. 2 बाँकेमा 2079 सालको चुनावमा भाग लिएको र विभिन्न सामाजिक कार्यमा सहभागी ।,Lumbini,Banke,Banke-2,66701,108286,Master's Degree,28.1167,81.7
3062,342691,Mo. Aajada Saee,Janamat Party,2585.0,210,M,False,अब्दुल  साई,10 पास,मंगल प्रसाद मा.वि. बाँके,Banke Nepalgunj Sub-Metropolitan City Kiranpurwa,समिरुन  साई,,Lumbini,Banke,Banke-2,66701,108286,Secondary Education (Grade 9-10 / SLC / SEE),28.1167,81.7
3063,342233,Ram Charan Chaudhary,Shram Sanskriti Party,2501.0,136,M,False,Ram Dulare Tharu,दश कक्षा अनुर्तिर्ण,नारायण मा.वि. नेपालगंज,Banke,,,Lumbini,Banke,Banke-2,66701,108286,Secondary Education (Grade 9-10 / SLC / SEE),28.1167,81.7
3064,340357,Mahendra Prakash Chanda,Nepal Communist Party (Maoist),2526.0,122,M,False,संग्राम  चन्द,अण्डर एस एल सी,श्री बालबोध निमावी कोटवाडा सल्यान,Salyan Bagchaur Municipality Rahneta,दुर्गा  चन्द,,Lumbini,Banke,Banke-2,66701,108286,Secondary Education (Grade 9-10 / SLC / SEE),28.1167,81.7
3065,342318,Sitaram Yadav,Rastriya Ekata Dal,2548.0,94,M,False,Udhauram Yadav,12 पास,महेन्द्र बहुमुखि क्याम्पस ,Banke,Binita Yadav,"होटल ब्यवसाय, समाज सेवा र राजनीति ।",Lumbini,Banke,Banke-2,66701,108286,Higher Secondary / Intermediate (10+2 / PCL),28.1167,81.7
3066,341151,Shailendra Kumar Karna,Ujyalo Nepal Party,2566.0,91,M,False,Anirudda Narayan Karna,आइ ए पास,,Sarlahi,Sita Kumari Karna,"साझेदारी सहयोगी संस्थाको अध्यक्ष, अवध कृषि सहकारी संस्थाको संस्थापक अध्यक्ष, सरकारी सेवा पेन्सनरत र उज्यालो नेपाल पार्टी बाँकेको अध्यक्ष ।",Lumbini,Banke,Banke-2,66701,108286,Higher Secondary / Intermediate (10+2 / PCL),28.1167,81.7
3067,342410,Abdul Umar Sai,Aam Janata Party (Ekal Chunab Chinha),2581.0,66,M,False,Gulam Rasul Sai,10,,Bardia,Hasratul Sai,,Lumbini,Banke,Banke-2,66701,108286,Secondary Education (Grade 9-10 / SLC / SEE),28.1167,81.7
3068,340209,Jagadish Dhakal,Rastriya Janamorcha,2522.0,54,M,False,मोहन लाल ढकाल,12 उत्तीर्ण,महेन्द्र मा.वि. नेपालगंज,Banke Nepalgunj Sub Metropolitan Shivnagar,लक्ष्‍मी  भुसाल,"अखिल नेपाल युवक संघमा 20 वर्ष कार्य गरेको, राष्ट्रिय जनमोर्चा जिल्ला समितिमा 2052 देखि हालसम्म कार्यरत रहेको ।",Lumbini,Banke,Banke-2,66701,108286,Higher Secondary / Intermediate (10+2 / PCL),28.1167,81.7
3069,340273,Saubhagya Jung Shah,Swatantra,,39,M,False,धर्मराज  शाह,12 उत्तीर्ण,कैमपियन कलेज काठमाण्डौ ।,Banke Nepalgunj Sub Metropolitan Ardshanagar,,"ब्यापार, जापनिज भाषा डिप्लोमा कोर्ष जापान/टोकियो ।",Lumbini,Banke,Banke-2,66701,108286,Higher Secondary / Intermediate (10+2 / PCL),28.1167,81.7
3070,339475,Prakash Sah,Nepal Majdur Kisan Party,2578.0,36,M,False,कर्ण बहादुर शाह,साक्षर,,Banke Nepalgunj Sub-Metropolitan City Bakegau,कुसुम  शाह,,Lumbini,Banke,Banke-2,66701,108286,Literate / Non-Formal,28.1167,81.7
3071,341879,Majid Ali Shesh,Pragatishil Loktantrik Party,2516.0,30,M,False,Bhustak Ali Shesh,,,Banke,Tarannun Bano Shesh,,Lumbini,Banke,Banke-2,66701,108286,,28.1167,81.7
3072,339428,Gopal Prasad Giri,Jaya Matribhumi Party,2510.0,27,M,False,Rudra Mani Giri,एस एल सी,श्री मालिका मा.वि. गुल्मी,Gulmi,Bishnu Thapa,"ब्यापार, समाजसेवा, होटल र शिक्षक",Lumbini,Banke,Banke-2,66701,108286,Secondary Education (Grade 9-10 / SLC / SEE),28.1167,81.7
3073,340809,Manoj Kumar Chaudhary,Swatantra,,16,M,False,Lok Nath Chaudhary,9 कक्षा उत्तिर्ण,,Banke,Aarti Chaudhary,"राजनीतिक यात्रा, अधिकांश चुनावमा सक्रिय भुमिका, राजनीतिक भु सामाजिक क्षेत्रमा अहोरात्र खटिएको ।",Lumbini,Banke,Banke-2,66701,108286,Secondary Education (Grade 9-10 / SLC / SEE),28.1167,81.7
3074,342654,Bipendra Lama Tamang,Swatantra,,12,M,False,रत्न  तामाङ्ग,एस एल सि,गौसिया मा.वि.,Banke Nepalgunj Sub-Metropolitan City Lagdhawa,रोसनी  सिंह,,Lumbini,Banke,Banke-2,66701,108286,Secondary Education (Grade 9-10 / SLC / SEE),28.1167,81.7
3075,339589,Khagendra Sunar,Rastriya Swatantra Party,2528.0,29551,M,True,Kaman Singh Sunar,PCL(+2),,Dailekh,Sarita Gurung,,Lumbini,Banke,Banke-3,70259,117350,Higher Secondary / Intermediate (10+2 / PCL),28.0833,81.6
3076,340035,Suman Malla,Nepal Communist Party (Ekikrit Marxbadi Leninbadi),2598.0,19615,M,False,Purna Bahadur Malla,SLC,SHUKRA MA BI BANKE,Banke,Karishma Malla,,Lumbini,Banke,Banke-3,70259,117350,Secondary Education (Grade 9-10 / SLC / SEE),28.0833,81.6
3077,342191,Amar Singh Pun,Nepali Congress,2583.0,13215,M,False,Bir Bahadur Pun,,,Kathmandu,Lil Maya Pun,,Lumbini,Banke,Banke-3,70259,117350,,28.0833,81.6
3078,342796,Deepak Kumar Gauri Magar,Nepali Communist Party,2557.0,4015,M,False,रण बहादुर गौरी मगर,,,Banke Baijnath Rural Municipality Jigau,हेमा  गौरी मगर,,Lumbini,Banke,Banke-3,70259,117350,,28.0833,81.6
3079,340869,Tarak Singh Tharu,Rastriya Prajatantra Party,2604.0,1912,M,False,Patteh Singh Tharu,BACHELOR,,Banke,Pushpa Chaudhary,,Lumbini,Banke,Banke-3,70259,117350,Bachelor's Degree,28.0833,81.6
3080,340261,Dhruva Raj Tharu,"Nagarik Unmukti Party, Nepal (Ekal Chunab Chinha)",2531.0,474,M,False,Laxmi Ram Tharu,,,Banke,Shushila Tharu,,Lumbini,Banke,Banke-3,70259,117350,,28.0833,81.6
3081,342605,Phiroja Khan,Janamat Party,2585.0,469,M,False,अब्बास  खाँ,10,,Banke Janki Rural Municipality Motipur,,,Lumbini,Banke,Banke-3,70259,117350,Secondary Education (Grade 9-10 / SLC / SEE),28.0833,81.6
3082,340182,Omkar Thapa Magar,Shram Sanskriti Party,2501.0,339,M,False,Nar Bahadur Thapa Magar,SLC,,Banke,,,Lumbini,Banke,Banke-3,70259,117350,Secondary Education (Grade 9-10 / SLC / SEE),28.0833,81.6
3083,342407,Man Bahadur Sunar,Rastriya Janamorcha,2522.0,114,M,False,Dhane Sunar,+2,,Banke,Dhan Sari Sunar,,Lumbini,Banke,Banke-3,70259,117350,Higher Secondary / Intermediate (10+2 / PCL),28.0833,81.6
3084,339961,Chandra Bir Kami,Nepal Communist Party Marxbadi (Pushpalal),2523.0,106,M,False,Gagan Bahadur Kami,,,Banke,,,Lumbini,Banke,Banke-3,70259,117350,,28.0833,81.6
3085,341523,Bidha Sharma,Aam Janata Party (Ekal Chunab Chinha),2581.0,95,F,False,Late Bhagauti Prasad Tamoli,BA,,Banke,Govinda Raj Sharma,,Lumbini,Banke,Banke-3,70259,117350,Bachelor's Degree,28.0833,81.6
3086,341369,Mubarak Ali Darji,Rastriya Janamat Party,2570.0,81,M,False,Savir Ali Darji,10,,Banke,,,Lumbini,Banke,Banke-3,70259,117350,Secondary Education (Grade 9-10 / SLC / SEE),28.0833,81.6
3087,342282,Surya Lal Yadav,"Janata Samajbadi Party, Nepal",2542.0,75,M,False,Tirath Ram Ahir,bachelor,,Banke,Mina Devi Yadav,,Lumbini,Banke,Banke-3,70259,117350,Bachelor's Degree,28.0833,81.6
3088,342488,Tej Prasad Bhandari,Pragatishil Loktantrik Party,2516.0,48,M,False,Kamala Kant Bhandari,+2,,Banke,Yog Maya Bhandari,,Lumbini,Banke,Banke-3,70259,117350,Higher Secondary / Intermediate (10+2 / PCL),28.0833,81.6
3089,339336,Bhumi Mahtara,Nepal Majdur Kisan Party,2578.0,42,F,False,विष्णु बहादुर खत्री,10 pass,Parbati Ma Bi Chupra Dailekh,Banke Khajura Rural Municipality Srijana Tol, ,,Lumbini,Banke,Banke-3,70259,117350,Secondary Education (Grade 9-10 / SLC / SEE),28.0833,81.6
3090,339365,Manoj Kumar Tharu,Mongol National Organization,2511.0,37,M,False,Kiru Lal Tharu,slc ,,Banke,,,Lumbini,Banke,Banke-3,70259,117350,Secondary Education (Grade 9-10 / SLC / SEE),28.0833,81.6
3091,340468,Rup Kumar Chanda,Miteri Party Nepal,2530.0,17,M,False,जगत बहादुर चन्द,+2,,Banke Khajura rural municipality E village,,,Lumbini,Banke,Banke-3,70259,117350,Higher Secondary / Intermediate (10+2 / PCL),28.0833,81.6
3092,342752,Surya Prasad Regmi,Swatantra,,16,M,False,Ram Prasad Regmi,SLC,,Jajarkot,Sunita Regmi,,Lumbini,Banke,Banke-3,70259,117350,Secondary Education (Grade 9-10 / SLC / SEE),28.0833,81.6
3093,342629,Bhagavati Shah,Swatantra,,12,F,False,चन्द्रजंङ्ग  शाह,10,,Banke Baijnath Rural Municipality Baniabhar,जय बहादुर शाह,,Lumbini,Banke,Banke-3,70259,117350,Secondary Education (Grade 9-10 / SLC / SEE),28.0833,81.6
3094,342438,Bhim Bahadur Sunar,Swatantra,,11,M,False,Matiram Sunar,,,Bardia,Padma Sunar,,Lumbini,Banke,Banke-3,70259,117350,,28.0833,81.6
3095,342236,Padam Bahadur Gharti Magar,Swatantra,,8,M,False,Man Bahadur Gharti Magar,,,Bardia,,,Lumbini,Banke,Banke-3,70259,117350,,28.0833,81.6
3096,342374,Chet Bahadur Oli,Swatantra,,7,M,False,Tej Bahadur Oli,,,Bardia,,,Lumbini,Banke,Banke-3,70259,117350,,28.0833,81.6
3097,340825,Thakur Singh Tharu,Rastriya Swatantra Party,2528.0,49631,M,True,Bhikhu Tharu,,,Bardia,Jagrani Chaudhary,,Lumbini,Bardiya,Bardiya-1,96609,168008,,28.35,81.45
3098,339707,Salik Ram Adhikari,Nepal Communist Party (Ekikrit Marxbadi Leninbadi),2598.0,14643,M,False,बुद्धि प्रसाद अधिकारी,B com,महेन्द्र बहुमुखि क्याम्पस,Bardia Bansgarhi Municipality Vijayanagar,नारायणी  वास्तोला,गाउँ विकास समिति सदस्य  नगर प्रमुख बाँसगढी न पा,Lumbini,Bardiya,Bardiya-1,96609,168008,Bachelor's Degree,28.35,81.45
3099,342655,Sanjay Kumar Gautam,Nepali Congress,2583.0,12722,M,False,Kishore Kumar Gautam,,,Bardia,Sabitri Gautam,,Lumbini,Bardiya,Bardiya-1,96609,168008,,28.35,81.45
3100,340010,Bishnu Prasad Chaudhary,Nepali Communist Party,2557.0,9285,M,False,केशव बहादुर थारु,स्नातक,बबई बहुमुखि क्याम्पस,Bardia Barbardia Municipality Dhowia,जयन्ती  चौधरी,"संविधान सभा सदस्य २०६४
बाणिज्य तथा आपुर्ति राज्य मन्त्री
थारु आयोग अध्यक्ष
समेत",Lumbini,Bardiya,Bardiya-1,96609,168008,Bachelor's Degree,28.35,81.45
3101,342415,Abdul Khan,"Nagarik Unmukti Party, Nepal (Ekal Chunab Chinha)",2531.0,5724,M,False,Imam Khan,,,Bardia,,,Lumbini,Bardiya,Bardiya-1,96609,168008,,28.35,81.45
3102,342057,Bir Bahadur Kami,Rastriya Prajatantra Party,2604.0,1344,M,False,Padame Kami,,,Bardia,Sirjana Dubi Sunar,,Lumbini,Bardiya,Bardiya-1,96609,168008,,28.35,81.45
3103,342141,Yamanath Ghimire,Janamat Party,2585.0,712,M,False,अम्विका प्रसाद घिमिरे,,,Bardia Gularia Municipality,भगवती  लामिछाने,,Lumbini,Bardiya,Bardiya-1,96609,168008,,28.35,81.45
3104,342778,Datta Tharu,Aam Janata Party (Ekal Chunab Chinha),2581.0,475,M,False,Triloki Nath Tharu,,,Bardia,Anita Tharu,,Lumbini,Bardiya,Bardiya-1,96609,168008,,28.35,81.45
3105,340623,Manoj Yadav,"Janata Samajbadi Party, Nepal",2542.0,394,M,False,Rangi Lal Ahir,,,Bardia,,,Lumbini,Bardiya,Bardiya-1,96609,168008,,28.35,81.45
3106,341860,Dhana Bahadura Vi.k,Shram Sanskriti Party,2501.0,336,M,False,सर बहादुर सुनार,,,Bardia Baghaiyatal Rural Municipality Sano Danfe,खगीसरा  वि.क,,Lumbini,Bardiya,Bardiya-1,96609,168008,,28.35,81.45
3107,341701,Lok Bahadur Rana Magar,Rastriya Janamorcha,2522.0,259,M,False,Moti Ram Rana Magar,,,Bardia,Gyanu Maya Rana Magar,,Lumbini,Bardiya,Bardiya-1,96609,168008,,28.35,81.45
3108,341597,Megh Bahadur Kami,Nepal Manabatabadi Party,2503.0,254,M,False,Ammar Singh Kami,,,Bardia,Mauti Kumari Kami,,Lumbini,Bardiya,Bardiya-1,96609,168008,,28.35,81.45
3109,341394,Timothy Chaudhary,Nepal Communist Party (Maoist),2526.0,228,M,False,जोधवा  थारु,,,Bardia Baghaiyatal rural municipality Jagatiya,,,Lumbini,Bardiya,Bardiya-1,96609,168008,,28.35,81.45
3110,342711,Shyam Prasad Tharu,Rastriya Paribartan Party,2568.0,146,M,False,Radha Krishna Tharu,,,Bardia,Chiniya Tharu,,Lumbini,Bardiya,Bardiya-1,96609,168008,,28.35,81.45
3111,339391,Indra Bahadur Rawal,Nepal Communist Party (Sanyukta),2601.0,129,M,False,Dhan Bahadur Rawal,,,Acham,Mansara Rawal,,Lumbini,Bardiya,Bardiya-1,96609,168008,,28.35,81.45
3112,342249,Mohan Paudel,Swatantra,,119,M,False,Krishna Prasad Paudel,,,Bardia,,,Lumbini,Bardiya,Bardiya-1,96609,168008,,28.35,81.45
3113,340522,Pabitra Shahi,Nepal Majdur Kisan Party,2578.0,61,F,False,पदम बहादुर शाही,,,Bardia Thakurbaba Municipality Dumreni,धन राज शाही,,Lumbini,Bardiya,Bardiya-1,96609,168008,,28.35,81.45
3114,342756,Ghanshyam Adhikari,Swatantra,,48,M,False,Durga Prasad Adhikari,Y,,Bardia,Sita Sharma,,Lumbini,Bardiya,Bardiya-1,96609,168008,Unspecified / Others,28.35,81.45
3115,340264,Chandra Kumari Rajguru,Nepal Janamukti Party,2529.0,44,F,False,Hari Bahadur Rajguru,,,Salyan,Bal Krishna Khanal,,Lumbini,Bardiya,Bardiya-1,96609,168008,,28.35,81.45
3116,341251,Nirmal Adhikari,Swatantra,,28,M,False,Narayan Prasad Adhikari,,,Bardia,,,Lumbini,Bardiya,Bardiya-1,96609,168008,,28.35,81.45
3117,342501,Jyoti Yonjan,Mongol National Organization,2511.0,27,F,False,Singh Raj Yonjan,Y,,Bardia, ,,Lumbini,Bardiya,Bardiya-1,96609,168008,Unspecified / Others,28.35,81.45
3118,342516,Shridhara Pokhrel,Rastriya Swatantra Party,2528.0,29678,M,True,लुमा कान्त पोख्रेल,,,Bardia Thakurbaba Municipality,किरण  शर्मा,,Lumbini,Bardiya,Bardiya-2,88130,155199,,28.3167,81.25
3119,341186,Kishor Singh Rathore,Nepali Congress,2583.0,20402,M,False,Mahendra Bahadur Singh,,,Salyan,,,Lumbini,Bardiya,Bardiya-2,88130,155199,,28.3167,81.25
3120,340015,Suresh Pantha,Nepali Communist Party,2557.0,19180,M,False,टिकाराम  पन्थ,,,Bardia Madhuvan Municipality Bandarbharia,हनि  पन्थ,,Lumbini,Bardiya,Bardiya-2,88130,155199,,28.3167,81.25
3121,339866,Bimala Vi.ka.,Nepal Communist Party (Ekikrit Marxbadi Leninbadi),2598.0,10772,F,False,मंगले  नेपाली,,,Bardia Madhuvan Municipality Srinagar,,,Lumbini,Bardiya,Bardiya-2,88130,155199,,28.3167,81.25
3122,342110,Dharm Bahadur Chaudhary,Ujyalo Nepal Party,2566.0,4472,M,False,खुशी राम थारु,,,Bardia Rajapur Municipality Badki Bhimmapur,विमला  गुरुङ/नेवार,,Lumbini,Bardiya,Bardiya-2,88130,155199,,28.3167,81.25
3123,341560,Khushiram Tharu,"Nagarik Unmukti Party, Nepal (Ekal Chunab Chinha)",2531.0,1255,M,False,Phulram Tharu,,,Bardia,Burki Kumari Tharuni,,Lumbini,Bardiya,Bardiya-2,88130,155199,,28.3167,81.25
3124,341333,Sushil Chaudhary,Rastriya Prajatantra Party,2604.0,1127,M,False,Ganga Ram Chaudhary,,,Bardia,,,Lumbini,Bardiya,Bardiya-2,88130,155199,,28.3167,81.25
3125,342006,Man Bahadur Baigar,Shram Sanskriti Party,2501.0,390,M,False,Hasta Bahadur Baiga,,,Surkhet,Lakshmi Devi Baigar,,Lumbini,Bardiya,Bardiya-2,88130,155199,,28.3167,81.25
3126,342295,Tikaram Chaudhary,Nepal Communist Party (Maoist),2526.0,231,M,False,Tarka Bahadur Chaudhary,,,Bardia,,,Lumbini,Bardiya,Bardiya-2,88130,155199,,28.3167,81.25
3127,341952,Shashi Kumar Yadav,Janamat Party,2585.0,228,M,False,Ram Lakhan Yadav,,,Dhanusha,,,Lumbini,Bardiya,Bardiya-2,88130,155199,,28.3167,81.25
3128,339387,Nita Sharma,Nepal Communist Party (Sanyukta),2601.0,124,F,False,Prajapati Jaisi,,,Bardia,,,Lumbini,Bardiya,Bardiya-2,88130,155199,,28.3167,81.25
3129,341408,Anirudh Arya,"Janata Samajbadi Party, Nepal",2542.0,91,M,False,मालिक राम वैश्‍य,,,Bardia Rajapur Municipal Market,दुर्गेश कुमारी वैश्य (गुप्‍ता),,Lumbini,Bardiya,Bardiya-2,88130,155199,,28.3167,81.25
3130,339952,Ratana Sin Ravat,Rastriya Janamorcha,2522.0,87,M,False,नरपती  रावत,,,Bardia Rajapur Municipality Tihuni,धनसरा  रावन,,Lumbini,Bardiya,Bardiya-2,88130,155199,,28.3167,81.25
3131,339482,Som Bahadur Tamang,Mongol National Organization,2511.0,50,M,False,Bantu Tamang,,,Bardia,Dipa Tamang,,Lumbini,Bardiya,Bardiya-2,88130,155199,,28.3167,81.25
3132,340989,Dharm Raj Jaisi Acharya,Nepal Majdur Kisan Party,2578.0,43,M,False,महानन्द  जैसी आचार्य,,,Bardia Thakurbaba Municipality Shivpur Hattisar,नामसरा  जैसी आचर्य,,Lumbini,Bardiya,Bardiya-2,88130,155199,,28.3167,81.25
3133,341303,Janak Raj Giri,Nepali Congress,2583.0,17173,M,True,Karu Giri,स्नातक,त्रिभुवन विश्वविद्यालय,Bajura,Amrit Kala Giri,,Sudurpashchim,Bajura,Bajura-1,43896,87861,Bachelor's Degree,29.5,81.55
3134,340567,Lal Bahadur Thapa,Nepal Communist Party (Ekikrit Marxbadi Leninbadi),2598.0,16633,M,False,Rang Thapa,स्नातक,त्रिभुवन विश्वविद्यालय,Bajura,Amrita Thapa,"कानून व्यवसायी, प्रतिनिधि सभा सदस्य 2074, जि.वि.स. सभापति, समाजसेवा",Sudurpashchim,Bajura,Bajura-1,43896,87861,Bachelor's Degree,29.5,81.55
3135,340150,Hemraj Thapa,Rastriya Swatantra Party,2528.0,6035,M,False,Bhim Bahadur Thapa,स्नातकोत्तर,त्रिभुव विश्वविद्यालय काठमाण्डौै,Bajura,,समाजसेवी,Sudurpashchim,Bajura,Bajura-1,43896,87861,Master's Degree,29.5,81.55
3136,340953,Prakash Bahadur Shah,Nepali Communist Party,2557.0,3301,M,False,Gagan Bahadur Shah,डिप्लोमा इन्जिनियरिङ्ग,फुल्चोक इन्जिनियरिङ्ग कलेज,Bajura,,"प्रदेश सभा सदस्य, संसदीय दलको नेता, प्रदेश आन्तरिक मामिला मन्त्री",Sudurpashchim,Bajura,Bajura-1,43896,87861,Diploma / Certificate Level,29.5,81.55
3137,340323,Keshar Bahadur Shahi,Rastriya Prajatantra Party,2604.0,352,M,False,Jay Bahadur Shahi,SLC,बडिमालिका मा.वि.,Banke,Jamuna Shahi,पूर्व कर्मचारी,Sudurpashchim,Bajura,Bajura-1,43896,87861,Secondary Education (Grade 9-10 / SLC / SEE),29.5,81.55
3138,341588,Bhupendra Lwar,Nepal Communist Party (Maoist),2526.0,233,M,False,Padam Lwar,SLC ,दिल्पेश्वर मा.वि. दिपायल,Bajura,Tulsi Dhami,"स्थानीय शान्ती समिति संयोजक, वि.व्य.स.अध्यक्ष",Sudurpashchim,Bajura,Bajura-1,43896,87861,Secondary Education (Grade 9-10 / SLC / SEE),29.5,81.55
3139,340752,Dipaka Kumara Di.si.,Pragatishil Loktantrik Party,2516.0,97,M,False,प्रकाश बहादुर धामी,स्नातकोत्तर,त्रिभुवन विश्वविद्यालय,Bajura Khaptad Chededah Rural Municipality Gudu,टिका  रावत,वडा अध्यक्ष / गा.पा. अध्यक्ष निर्वाचन प्रतिश्पर्धा गरेको,Sudurpashchim,Bajura,Bajura-1,43896,87861,Master's Degree,29.5,81.55
3140,339518,Upendra Shahi,Swatantra,,72,M,False,Madan Raj Shahi,स्नातक,त्रिचन्द्र क्याम्पस काठमाण्डौं,Bajura,,भ्रष्ट्रार विरुद्ध आन्दोलन,Sudurpashchim,Bajura,Bajura-1,43896,87861,Bachelor's Degree,29.5,81.55
3141,341661,Bharat Kumar Swar,Nepali Congress,2583.0,10759,M,True,Chakra Bahadur Swanr,IA,त्रिभुवन विश्वविद्यालय,Acham,Lakshmi Devi Swar,"जिल्ला विकास समिति अछामको सभापति
विगत ४५ बर्ष देखि समाजिक क्षेत्रको विविध सेवाहरु",Sudurpashchim,Achham,Achham-1,30348,82498,Higher Secondary / Intermediate (10+2 / PCL),29.0833,81.35
3142,341030,Bhim Bahadur Rawal,Nepali Communist Party,2557.0,10233,M,False,Moti Singh Rawal,"विद्यावारिधि, वि.एल.",त्रिभुवन विश्वविद्यालय,Acham,Sanjita Rawal,"पूर्व उपप्रधानमन्त्री, रक्षा र गृहमन्त्री
संविधानसभाको सदस्य
पूर्व केन्द्रिय उपाध्यक्ष, नेकपा(एमाले), ५० बर्षको राजनीति
परराष्ट्र नीति र शान्ति प्रक्रियाबारे काम एवं गतिविधिमा संलग्न।",Sudurpashchim,Achham,Achham-1,30348,82498,Doctorate / PhD,29.0833,81.35
3143,340695,Dipak Bahadur Saund,Nepal Communist Party (Ekikrit Marxbadi Leninbadi),2598.0,7389,M,False,मान बहादुर साउद,स्नातक,त्रिभुवन विश्वविद्यालय,Achham Ramaroshan Rural Municipality Toli/Patakani,मिना  शाही,"राजनीति
कृषि फर्म",Sudurpashchim,Achham,Achham-1,30348,82498,Bachelor's Degree,29.0833,81.35
3144,340514,Omaprakasha Raval,Rastriya Swatantra Party,2528.0,1739,M,False,नौले  रावल,स्नातक,जनसिखा क्याम्पस मेल्लेख अछाम,Achham Melekh Rural Municipality,,सामाजिक क्षेत्रमा काम गरेको,Sudurpashchim,Achham,Achham-1,30348,82498,Bachelor's Degree,29.0833,81.35
3145,341564,Lokendra Bahadur Shahi,Rastriya Prajatantra Party,2604.0,102,M,False,Kesh Bahadur Shahi,SLC पास,यशोदा माध्यामिक विद्यालय,Acham,Bhimsara Debi Shahi,रा प्र पा जिल्ला कार्य समिति सदस्य,Sudurpashchim,Achham,Achham-1,30348,82498,Secondary Education (Grade 9-10 / SLC / SEE),29.0833,81.35
3146,342782,Lokendra Bahadur Shahi,Nepal Communist Party (Maoist),2526.0,75,M,False,Kesh Bahadur Shahi,12,कालिका देवी माध्यामिक विद्यालय,Acham,Bhimsara Debi Shahi,विगत लामो समयदेखि न क पा माओवादीको संगठनभित्र रही सामाजिक न्याय र स्वतन्त्रताको लागी संघर्ष गरेको।,Sudurpashchim,Achham,Achham-1,30348,82498,Higher Secondary / Intermediate (10+2 / PCL),29.0833,81.35
3147,342315,Bhim Bahadur Kunwar,Swatantra,,41,M,False,Chandra Kunwar,SLC,बैधनाथ माध्यामिक विद्यालय,Acham,,सामाजिक सेवा गरेको,Sudurpashchim,Achham,Achham-1,30348,82498,Secondary Education (Grade 9-10 / SLC / SEE),29.0833,81.35
3148,340229,Surendra Shahi,Nepal Majdur Kisan Party,2578.0,10,M,False,Padam Bahadur Shahi,+2,कात्यायनि माध्यामिक विद्यालय,Acham,,"सामाजिक सेवा
कृषि पेशा
मजदुरी",Sudurpashchim,Achham,Achham-1,30348,82498,Higher Secondary / Intermediate (10+2 / PCL),29.0833,81.35
3149,340611,Yagya Bahadur Bogati,Nepal Communist Party (Ekikrit Marxbadi Leninbadi),2598.0,9518,M,True,Jahar Singh Bogati,Bachelor ,Achham Multiple Campus ,Acham,Laxmi Shah (Bogati),,Sudurpashchim,Achham,Achham-2,30569,82787,Bachelor's Degree,29.0667,81.2
3150,342150,Pushpa Bahadur Shah,Nepali Congress,2583.0,9046,M,False,Padma Dhoj Shah,B.L Pass ,Nepal Law Campus ,Acham,Netreshwari Shah,,Sudurpashchim,Achham,Achham-2,30569,82787,Bachelor's Degree,29.0667,81.2
3151,342067,Bal Bahadur Kunwar,Nepali Communist Party,2557.0,6493,M,False,Jogi Ram Kunwar,12 pass ,Kailali Multiple Campus Kailali ,Acham,Dhauli Kunwar,,Sudurpashchim,Achham,Achham-2,30569,82787,Higher Secondary / Intermediate (10+2 / PCL),29.0667,81.2
3152,340307,Bhup Dev Shah,Rastriya Swatantra Party,2528.0,4562,M,False,Nrip Bahadur Shah,master ,kathmandu Unversity,Acham,,,Sudurpashchim,Achham,Achham-2,30569,82787,Master's Degree,29.0667,81.2
3153,341837,Shera Bahadura Vi K,Nepal Communist Party (Maoist),2526.0,558,M,False,नैने  कामी,Bachelor pass ,Mahendra multiple Campus Nepaljung ,Achham Kamalbazar Municipality,दुरा कुमारी कामी,,Sudurpashchim,Achham,Achham-2,30569,82787,Bachelor's Degree,29.0667,81.2
3154,340744,Min Bahadur Shahi,Rastriya Prajatantra Party,2604.0,167,M,False,Jora Singh Shahi,12 pass ,shidhaeswori mavi Dhamali ,Acham,Devki Shahi,,Sudurpashchim,Achham,Achham-2,30569,82787,Higher Secondary / Intermediate (10+2 / PCL),29.0667,81.2
3155,341537,Pushpa Raj Neupane,Pragatishil Loktantrik Party,2516.0,113,M,False,Jakti Ram Upadhyaya,Bacherlor ,rr Campus ,Acham,Durga Paudyal,worked in radio  Nepal ,Sudurpashchim,Achham,Achham-2,30569,82787,Bachelor's Degree,29.0667,81.2
3156,339960,Jhankar Bahadur Shahi,Nepal Majdur Kisan Party,2578.0,60,M,False,Tek Bahadur Shahi,12 pass ,Binyak Campus,Acham,Suntali Shahi,,Sudurpashchim,Achham,Achham-2,30569,82787,Higher Secondary / Intermediate (10+2 / PCL),29.0667,81.2
3157,342534,Rajesha Raval,Ujyalo Nepal Party,2566.0,52,M,False,भ्वान सिंह रावल,12 pass ,Achham Multiple Campus Mangalsen ,Achham Mangalsen Municipality,,,Sudurpashchim,Achham,Achham-2,30569,82787,Higher Secondary / Intermediate (10+2 / PCL),29.0667,81.2
3158,340443,Ain Bahadur Mahar,Nepal Communist Party (Ekikrit Marxbadi Leninbadi),2598.0,18543,M,True,Ram Dhoj,स्नातकोत्तर,त्रिभुवन विश्वविद्यालय,Bajhang,Sanuja Mahar,"अनेरा स्ववियू केन्द्रीय कमिटी अध्यक्ष
०७९ सालको प्रतिनिधि सभा उम्मेदवार
नेकपा एमाले केन्द्रीय कमिटी सदस्य",Sudurpashchim,Bajhang,Bajhang-1,54833,126903,Master's Degree,29.65,81.2
3159,341565,Prakash Rasaili Snehi,Nepali Congress,2583.0,16304,M,False,Rudraveer Snehi,राजनिति शास्त्र एम ए,त्रिभुवन विश्वविद्यालय,Bajhang,Jhal Maya B.K. Snehi,,Sudurpashchim,Bajhang,Bajhang-1,54833,126903,Master's Degree,29.65,81.2
3160,339996,Mina Bahadura Kuvanr,Nepali Communist Party,2557.0,9757,M,False,विष्णु बहादुर कुवँर,आई ए,जयपृथ्वी बहुमुखी क्याम्पस,Bajhang Jai Prithvi Municipality Kheira,कमला  कुवँर,,Sudurpashchim,Bajhang,Bajhang-1,54833,126903,Higher Secondary / Intermediate (10+2 / PCL),29.65,81.2
3161,341236,Shailesh Kumar Singh,Rastriya Swatantra Party,2528.0,9263,M,False,Ran Bahadur Singh,एम वि एस,पोखरा विश्वविद्यालय,Bajhang,,"१० वर्ष बैंकमा काम गरेको
५ वर्ष कलेजमा अध्यापन",Sudurpashchim,Bajhang,Bajhang-1,54833,126903,Master's Degree,29.65,81.2
3162,341606,Bharat Malla,Nepal Communist Party (Maoist),2526.0,520,M,False,Dhan Bahadur Malla,‌+2,सत्यवादी मावि भोपुर,Bajhang,Ahilya Kumari Bamma Malla,,Sudurpashchim,Bajhang,Bajhang-1,54833,126903,Higher Secondary / Intermediate (10+2 / PCL),29.65,81.2
3163,339857,Bishwa Prakash Jethara,Rastriya Prajatantra Party,2604.0,405,M,False,Daman Bahadur Jethara,स्नताक,जयपृथ्वी क्याम्पस,Bajhang,Dipika Jethara,"नेपाल रेडक्रस सोसाईटी पूर्व सभापती
नेपाल बालसंगठ पूर्व सभापती
जिविस बझाङको पूर्व उपसभापती
राप्रपा नेपालको  संस्थापक सचिव तथा अध्यक्ष",Sudurpashchim,Bajhang,Bajhang-1,54833,126903,Bachelor's Degree,29.65,81.2
3164,339801,Dala Vahadura Vohara,Nepal Majdur Kisan Party,2578.0,41,M,False,मनि राम वोहरा,MA BL,त्रिभुवन विश्व विद्यालय,Kanchanpur Bhimdatta Municipality Aithpur,श्रीमति ज्योती देवी वोहरा,"शिक्षण पेशा
कानून व्यवसायी
राजनिती
समाज सेवा",Sudurpashchim,Bajhang,Bajhang-1,54833,126903,Master's Degree,29.65,81.2
3165,341208,Bharat Bahadur Khadka,Nepali Congress,2583.0,14897,M,True,Dirgha Singh Khadka,स्नातक तह,डोटी बहुमुखी क्यम्पस,Dottie,Ratna Devi Khadka,"डोटी जिल्ला सभापति र उपसभापतिको भुमिका निर्वाह गरिसकेको, प्रदेश सभा सांसद क्षेत्र क को भुमिका निर्वाह, सामाजिक अभियानकर्ता भई कार्य गरेको",Sudurpashchim,Doti,Doti-1,49168,128399,Bachelor's Degree,29.15,80.9833
3166,340117,Deepak Bahadur Dhami,Nepal Communist Party (Ekikrit Marxbadi Leninbadi),2598.0,14110,M,False,मान बहादुर धामी,स्नातक,"नेपाल स्वास्थ्य विज्ञान अध्ययन संस्थान, पिएन क्याम्पस, पोखरा",Doti Shikhar Municipality,जयन्ती  कार्की,,Sudurpashchim,Doti,Doti-1,49168,128399,Bachelor's Degree,29.15,80.9833
3167,340378,Narendra Bahadur Khadka,Rastriya Swatantra Party,2528.0,13270,M,False,Prem Singh Khadka,आईकम पास,राम मनोहर लोहिया नाइट जुनियर कलेज मुम्बई भारत,Dottie,Sarda Khadka,२०५३ देखि २०६१ सम्म अध्यापन गराएको र समाजसेवा समेत गरेको,Sudurpashchim,Doti,Doti-1,49168,128399,Higher Secondary / Intermediate (10+2 / PCL),29.15,80.9833
3168,339731,Trilochan Bhatta,Nepali Communist Party,2557.0,5413,M,False,Prasad Bhatta,,,Dottie,Durka Devi Bhatt,"२०४५ साल अखिल भारत नेपाली एकता समाज सदस्य, २०४६ साल नेपाल कम्युनिष्ट पार्टी एकता केन्द्र समेत",Sudurpashchim,Doti,Doti-1,49168,128399,,29.15,80.9833
3169,341050,Khadak Bahadur Agrawal,Rastriya Prajatantra Party,2604.0,594,M,False,Dal Bahadur Agrawal,I ED,,Dottie,,,Sudurpashchim,Doti,Doti-1,49168,128399,Higher Secondary / Intermediate (10+2 / PCL),29.15,80.9833
3170,339913,Maniraj Bhatt,Rastriya Janamorcha,2522.0,417,M,False,नन्दलाल  भट्ट,कानूनमा स्नातक,त्रिभुवन विश्‍वविद्यालय नेपाल,Doti K.I.Singh Rural Municipality Valawan,गीता  भट्ट (रिजाल),,Sudurpashchim,Doti,Doti-1,49168,128399,Bachelor's Degree,29.15,80.9833
3171,340860,Prakash Kathayat,Nepal Communist Party (Maoist),2526.0,392,M,False,Vir Bahadur Kathayat,12 पास,सरस्वती मा.वि. रानागाउ डोटी,Dottie,,,Sudurpashchim,Doti,Doti-1,49168,128399,Higher Secondary / Intermediate (10+2 / PCL),29.15,80.9833
3172,341343,Saraswati Kumari Pal (Malla),Miteri Party Nepal,2530.0,43,F,False,Vir Bahadur Pal,स्नातक,कैलाली बहुमुख क्याम्पस,Dottie,Madan Malla,,Sudurpashchim,Doti,Doti-1,49168,128399,Bachelor's Degree,29.15,80.9833
3173,339535,Khagendra Bahadur Shahi,Nepal Majdur Kisan Party,2578.0,32,M,False,Bhim Bahadur Shahi,स्नातक तह,सुर्खेत क्याम्पस शिक्षा,Dailekh,Tulaksha Kumari Shahi,नेपाल मजदुर किसान पार्टीको सदस्य भई जनताको सेवामा समर्पित,Sudurpashchim,Doti,Doti-1,49168,128399,Bachelor's Degree,29.15,80.9833
3174,342184,Komala Jnyavali,Rastriya Swatantra Party,2528.0,17826,F,True,जानकी विक्रम ज्ञवाली,स्नातक ,नेपाल कमर्स क्याम्पस ,Kailali Tikapur Municipality Kasturi,दिनेश  सुवेदी,,Sudurpashchim,Kailali,Kailali-1,54219,108489,Bachelor's Degree,28.75,81.15
3175,341307,Jankaraj Chaudhary,Nepali Congress,2583.0,12867,M,False,राम प्रसाद चौधरी,स्नात्तकोत्तर,त्रिभुवन विश्वविद्यालय ,Kailali Joshipur Rural Municipality Bankatta,किरण  चौधरी,संविधान सभा सदस्य २०७०,Sudurpashchim,Kailali,Kailali-1,54219,108489,Master's Degree,28.75,81.15
3176,340249,Ramlal Dagaura Tharu,Nepali Communist Party,2557.0,8392,M,False,Patilal Tharu,साक्षर ,श्री रा.मा.वि नारायणपुर बेलुवा,Kailali,Ranjana Chaudhary,वडा अध्यक्ष हुँदे नगरप्रमुख सम्मको राजनिति अनुभव ,Sudurpashchim,Kailali,Kailali-1,54219,108489,Literate / Non-Formal,28.75,81.15
3177,340572,Dharika Prasad Neupane,Nepal Communist Party (Ekikrit Marxbadi Leninbadi),2598.0,4493,M,False,शिव लाल न्यौपाने,स्नातकोत्तर,त्रिभुवन विश्वविद्यालय,Kailali Tikapur Municipality,जानुका  वस्याल,विभिन्न सामाजिक संघ संस्थामा नेतृत्वमा रही काम गरेको ,Sudurpashchim,Kailali,Kailali-1,54219,108489,Master's Degree,28.75,81.15
3178,341978,Fagu Ram Tharu,Swatantra,,3388,M,False,वीर वहादुर थारु,साक्षर,,Kailali Janki Rural Municipality Motinagar,आजा रानी थरुनी,,Sudurpashchim,Kailali,Kailali-1,54219,108489,Literate / Non-Formal,28.75,81.15
3179,340505,Lokendra Kunwar,Rastriya Prajatantra Party,2604.0,2937,M,False,Khamba Bahadur Kunwar,स्नात्तकोत्तर,त्रिभुवन विश्विवद्यालय ,Kailali,,रा.प्र.पा केन्द्रिय सदस्य,Sudurpashchim,Kailali,Kailali-1,54219,108489,Master's Degree,28.75,81.15
3180,339881,Pradeep Kumar Chaudhary,Ujyalo Nepal Party,2566.0,2357,M,False,रबी लाल चौधरी,SLC,जनता माध्यामिक विद्यालय कैलाली ,Kailali Janki Rural Municipality,ललित देवी चौधरी,,Sudurpashchim,Kailali,Kailali-1,54219,108489,Secondary Education (Grade 9-10 / SLC / SEE),28.75,81.15
3181,342251,Bimal Kumar Dagaura,Shram Sanskriti Party,2501.0,908,M,False,Sundar Prasad Dagaura,साक्षर ,,Kailali,Maya Devi Dagaura,,Sudurpashchim,Kailali,Kailali-1,54219,108489,Literate / Non-Formal,28.75,81.15
3182,342456,Rama Bahadura Vish‍vakarma,Nepal Communist Party (Maoist),2526.0,315,M,False,शेर बहादुर विश्‍वकर्मा,स्नातक तह ,महेन्द्र रत्न क्याम्पस ताहाचल काठमाण्डौँ ,Achham Turmakhand Rural Municipality Taloni,सरन वि.क.,,Sudurpashchim,Kailali,Kailali-1,54219,108489,Bachelor's Degree,28.75,81.15
3183,341838,Janak Raj Shah,Pragatishil Loktantrik Party,2516.0,216,M,False,Dhan Bahadur Shah,बिएल एमपिए एमबिए ,त्रिभुवन विश्वविद्यालय ,Kathmandu,Sunita Shah,प्रमुख कार्यकारी अधिकृत कृर्षि विकास बैंक ,Sudurpashchim,Kailali,Kailali-1,54219,108489,Master's Degree,28.75,81.15
3184,341398,Rajendra Bahadur Shahi,Swatantra,,140,M,False,Dil Bahadur Shahi,स्नातक तह ,महेन्द्र बहुमुखी क्याम्पस नेपालगंज ,Acham,,,Sudurpashchim,Kailali,Kailali-1,54219,108489,Bachelor's Degree,28.75,81.15
3185,342585,Bhagat Ram Dagaura Tharu,Janamat Party,2585.0,113,M,False,Suli Ram Da. Tharu,सामान्य लेखपण,,Kailali,Chhoti Devi Chaudhary,,Sudurpashchim,Kailali,Kailali-1,54219,108489,Literate / Non-Formal,28.75,81.15
3186,342070,Naresha Raval,Swatantra,,93,M,False,कम्‍ब  रावल,एसएलसी ,सरस्वतीउमावि,Kailali Tikapur Municipality Block No. ten,लक्ष्‍मी  रावल,,Sudurpashchim,Kailali,Kailali-1,54219,108489,Secondary Education (Grade 9-10 / SLC / SEE),28.75,81.15
3187,341482,Rupa Kumari Chaudhary,Aam Janata Party (Ekal Chunab Chinha),2581.0,60,F,False,Khushi Ram Dagaura,स्नातक तह ,त्रिभुवन विश्वविद्यालय ,Kailali,,,Sudurpashchim,Kailali,Kailali-1,54219,108489,Bachelor's Degree,28.75,81.15
3188,339945,Sunita Bhandara,Nepal Majdur Kisan Party,2578.0,41,F,False,Sarvadal Bhandari,१० कक्षा,दशरथ मा.वि साडेपानी कैलाली ,Dolakha,Hikmat Bhandari,,Sudurpashchim,Kailali,Kailali-1,54219,108489,Secondary Education (Grade 9-10 / SLC / SEE),28.75,81.15
3189,341922,Tapendra Shah,Swatantra,,27,M,False,Tek Bahadur Shah,स्नातक तह ,टिकापुर बहुमुखी क्यामपस कैलाली ,Kailali,,,Sudurpashchim,Kailali,Kailali-1,54219,108489,Bachelor's Degree,28.75,81.15
3190,342552,Arun Thakulla,Swatantra,,24,M,False,Nar Bahadur Thakulla,स्नातक तह ,टिकापुर बहुमुखुी क्याम्पस ,Kailali,,,Sudurpashchim,Kailali,Kailali-1,54219,108489,Bachelor's Degree,28.75,81.15
3191,340429,Satya Narayan Bhattarai,Swatantra,,22,M,False,जक्ती राम उपाध्याय,स्नातक तह,त्रिभुवन विश्वविद्यालय ,Kailali Tikapur Municipality Tikapur,,,Sudurpashchim,Kailali,Kailali-1,54219,108489,Bachelor's Degree,28.75,81.15
3192,339795,Ke Pi Khanal,Rastriya Swatantra Party,2528.0,19057,M,True,धनी प्रसाद जैशी,स्नातक,त्रिभुवन विश्वविद्यालय,Kailali Lamkichuha Municipality,,,Sudurpashchim,Kailali,Kailali-2,52637,107757,Bachelor's Degree,28.7333,81.0
3193,340250,Pati Ram Chaudhary,"Nagarik Unmukti Party, Nepal (Ekal Chunab Chinha)",2531.0,11949,M,False,Kalu Dagaura Tharu,प्रविणता प्रमाणपत्र तह,,Kailali,Sabita Devi Chaudhary,,Sudurpashchim,Kailali,Kailali-2,52637,107757,Higher Secondary / Intermediate (10+2 / PCL),28.7333,81.0
3194,340568,Surya Bahadur Thapa,Nepal Communist Party (Ekikrit Marxbadi Leninbadi),2598.0,7886,M,False,Garbhe Thapa,slc,,Kailali,Surja Devi Thapa,,Sudurpashchim,Kailali,Kailali-2,52637,107757,Secondary Education (Grade 9-10 / SLC / SEE),28.7333,81.0
3195,341235,Vijay Bahadur Swar,Nepali Congress,2583.0,7213,M,False,नैन बहादुर स्वाँर,BA,,Kailali Lamkichuha Municipality Jayanti Marg,प्रमिला  स्वाँर,,Sudurpashchim,Kailali,Kailali-2,52637,107757,Bachelor's Degree,28.7333,81.0
3196,340275,Nanda Bahadur Saud,Nepali Communist Party,2557.0,4369,M,False,हरिलाल  साँउद,प्रविणतापत्र तह,यशोदा मा वि नेटाकोट,Kailali Bardagoria rural municipality,लक्ष्मी  रिमाल,,Sudurpashchim,Kailali,Kailali-2,52637,107757,Higher Secondary / Intermediate (10+2 / PCL),28.7333,81.0
3197,340644,Bharata Sihan Vi.si.(budhakshetri),Rastriya Prajatantra Party,2604.0,744,M,False,परि मल वि.सि.,slc,,Kailali Lamkichuha Municipality Thapalipur,खीम सरा वि.सि.(बुढाक्षेत्री),,Sudurpashchim,Kailali,Kailali-2,52637,107757,Secondary Education (Grade 9-10 / SLC / SEE),28.7333,81.0
3198,339963,Karbire Kadara,Nepal Manabatabadi Party,2503.0,429,M,False,Harrame Kadara,सामान्य लेखपढ,,Bajura,Tulsi Devi Kadara,,Sudurpashchim,Kailali,Kailali-2,52637,107757,Literate / Non-Formal,28.7333,81.0
3199,340384,Rajesha Mayala Vi.ka.,Swatantra,,423,M,False,डवल सिंह मयाल वि.क.,प्रमाणपत्र तह,,Kailali Lamkichuha Municipality Tilkeni,लाली  मयाल वि.क.,,Sudurpashchim,Kailali,Kailali-2,52637,107757,Higher Secondary / Intermediate (10+2 / PCL),28.7333,81.0
3200,341188,Dil Bahadur Saud,Nepal Communist Party (Maoist),2526.0,270,M,False,खड्के  साउँद,slc,,Kailali Lamkichuha Municipality East Lamki,बिष्ना  साउँद,,Sudurpashchim,Kailali,Kailali-2,52637,107757,Secondary Education (Grade 9-10 / SLC / SEE),28.7333,81.0
3201,339694,Lakshmi Puna Magar,Nepal Majdur Kisan Party,2578.0,152,F,False,विर बहादुर चलाउने,सामान्य लेखपढ,,Kailali Lamkichuha Municipality Tilakpur,कुल बहादुर पुन मगर,,Sudurpashchim,Kailali,Kailali-2,52637,107757,Literate / Non-Formal,28.7333,81.0
3202,339572,Dal Bahadur Bucha Magar,National Republic Nepal,2504.0,76,M,False,सन्त बहादुर बुचामगर,सामान्य लेखपढ,,Bauniabazar of Kailali Bardagoria Rural Municipality,हिमा । कौशिला देवी बुचामगर,,Sudurpashchim,Kailali,Kailali-2,52637,107757,Literate / Non-Formal,28.7333,81.0
3203,339739,Damvara Bahadura Raval,Pragatishil Loktantrik Party,2516.0,37,M,False,धर्मराज  रावल,स्नातक तह,त्रिभुवन विश्वविद्यालय,Achham Panchdeval Vinayak Municipality Moreli,,,Sudurpashchim,Kailali,Kailali-2,52637,107757,Bachelor's Degree,28.7333,81.0
3204,340353,Dipaka Raval,Swatantra,,16,M,False,केश बहादुर रावल,प्रमाणपत्र तह,राष्ट्रिय मावि मोतीपुर,Kailali Lamkichuha Municipality Baghinia,दिपा देवी रावल,,Sudurpashchim,Kailali,Kailali-2,52637,107757,Higher Secondary / Intermediate (10+2 / PCL),28.7333,81.0
3205,341305,Khagendra Bahadur Rawat,Aam Janata Party (Ekal Chunab Chinha),2581.0,14,M,False,Dharma Singh Rawat,slc,,Acham,Amrita Rawat,,Sudurpashchim,Kailali,Kailali-2,52637,107757,Secondary Education (Grade 9-10 / SLC / SEE),28.7333,81.0
3206,341257,Samjhana Bista Thapa,Miteri Party Nepal,2530.0,2,F,False,गोकर्ण बहादुर विष्ट,BA,,Bajura Budhiganga Municipality,गणेश बहादुर थापा,,Sudurpashchim,Kailali,Kailali-2,52637,107757,Bachelor's Degree,28.7333,81.0
3207,342441,Jagat Prasad Joshi,Rastriya Swatantra Party,2528.0,20359,M,True,Laxmi Raj Joshi,MA,घोडाघोडी बहुमुखी क्याम्पस,Bajhang,Basanti Kumari Regmi,,Sudurpashchim,Kailali,Kailali-3,56443,109120,Master's Degree,28.7167,80.8833
3208,340175,Viramana Chaudhari,Nepali Communist Party,2557.0,11983,M,False,मंङ्गरु  डंगौरा,साक्षर,,Kailali Kailari rural municipality Falagpur,सरु  थारु,कृषि कार्यमा अनुभव,Sudurpashchim,Kailali,Kailali-3,56443,109120,Literate / Non-Formal,28.7167,80.8833
3209,339891,Bhima Baduval,Nepali Congress,2583.0,9706,M,False,माहारुप  बडुवाल,MA LLB,TU,Kailali Ghodaghodi Municipality Sukhd,भनिषा  बडुवाल,"१.राजनैतिक अनुभव ३२ वर्ष
२.विभिन्न संघ सस्थामा काम गरेको उज्यालो घोडाघोडीका अभियान्ता
",Sudurpashchim,Kailali,Kailali-3,56443,109120,Master's Degree,28.7167,80.8833
3210,340796,Vikrama Chaudhari,"Nagarik Unmukti Party, Nepal (Ekal Chunab Chinha)",2531.0,6747,M,False,रामकृष्ण  डगौरा,साक्षर,,Kailali Bhajani Municipal Padaria,सोनपती  चौधरी,,Sudurpashchim,Kailali,Kailali-3,56443,109120,Literate / Non-Formal,28.7167,80.8833
3211,340513,Gauri Shankar Chaudhary,Nepal Communist Party (Ekikrit Marxbadi Leninbadi),2598.0,4752,M,False,Asharam Chaudhary,माध्यामिक तह,दिपेन्द्र माध्यामिक विद्यालय,Kailali,Grishma Chaudhary,"1.कृषि
2.समाज सेवा
3.राजनितिक क्षेत्र",Sudurpashchim,Kailali,Kailali-3,56443,109120,Secondary Education (Grade 9-10 / SLC / SEE),28.7167,80.8833
3212,340642,Birendra Bahadur Bam,Rastriya Prajatantra Party,2604.0,2347,M,False,Hikmat Bahadur Bam,B.A,त्रिचन्द्र कलेज,Kailali,Asim Bam,,Sudurpashchim,Kailali,Kailali-3,56443,109120,Bachelor's Degree,28.7167,80.8833
3213,341424,Arjun Prasad Kathariya,Nepal Communist Party (Maoist),2526.0,256,M,False,Siya Ram Kathariya,"भेटनरी,जेटिए",पहलमानसिंह मेमोरियल प्राविधिक,Kailali,Pramila Devi Kathariya,,Sudurpashchim,Kailali,Kailali-3,56443,109120,Diploma / Certificate Level,28.7167,80.8833
3214,340045,Desh Raj Chaudhary,Rastriya Janamorcha,2522.0,133,M,False,Khushi Ram Chaudhary,स्नातक तह,घोडाघोडी बहुमुखी क्याम्पस,Kailali,Chandra Chaudhary,,Sudurpashchim,Kailali,Kailali-3,56443,109120,Bachelor's Degree,28.7167,80.8833
3215,341798,Lakshi Ram Chaudhary,Pragatishil Loktantrik Party,2516.0,102,M,False,धुरकु  डगौरा,+2,"मोहन्याल मा.वि.,भजनी",Kailali Bhajani Municipality,फुलरानी  चौधरी,समाजसेवी,Sudurpashchim,Kailali,Kailali-3,56443,109120,Higher Secondary / Intermediate (10+2 / PCL),28.7167,80.8833
3216,341157,Junu Mahtara Shahi,Nepal Majdur Kisan Party,2578.0,35,F,False,जसि राम महतारा,+2,राष्ट्रिय परिक्षा बोर्ड,Kailali Lamkichuha Municipality Lamki,प्रकाश बहादुर शाही,,Sudurpashchim,Kailali,Kailali-3,56443,109120,Higher Secondary / Intermediate (10+2 / PCL),28.7167,80.8833
3217,339679,Sushila Thapa (Magar),Miteri Party Nepal,2530.0,23,F,False,Dal Bahadur Thapa,,,Kailali,Mohan Kumar Magar,,Sudurpashchim,Kailali,Kailali-3,56443,109120,,28.7167,80.8833
3218,342757,Khem Raj Koirala,Rastriya Swatantra Party,2528.0,28556,M,True,Maha Nand Koirala,स्नातकोत्तर,,Kailali,Tika Koirala,,Sudurpashchim,Kailali,Kailali-4,58283,106600,Master's Degree,28.7,80.75
3219,341859,Gorakh Bahadur Bista,Nepali Congress,2583.0,11301,M,False,दान बहादुर विष्ट,स्नातक,TU,Doti Jorayal Rural Municipality Dhupari,संगिता  विष्ट,,Sudurpashchim,Kailali,Kailali-4,58283,106600,Bachelor's Degree,28.7,80.75
3220,340533,Lekh Raj Bhatta,Nepal Communist Party (Ekikrit Marxbadi Leninbadi),2598.0,9444,M,False,Dashrath Bhatta,स्नातक,,Kathmandu,Nirmala Devi Bhatt,,Sudurpashchim,Kailali,Kailali-4,58283,106600,Bachelor's Degree,28.7,80.75
3221,340226,Hari Ram Chaudhary,Nepali Communist Party,2557.0,5609,M,False,Asha Ram Chaudhary,प्रमाण पत्र तह,कैलाली बहुमुखी क्याम्पस,Kailali,Pratigya Chaudhary,,Sudurpashchim,Kailali,Kailali-4,58283,106600,Higher Secondary / Intermediate (10+2 / PCL),28.7,80.75
3222,340040,Kamala Rajavar,Rastriya Prajatantra Party,2604.0,1358,M,False,नर बहादुर रजवार,स्नातकोत्तर,अस्कल क्याम्पस,Kailali Chure rural municipality,,,Sudurpashchim,Kailali,Kailali-4,58283,106600,Master's Degree,28.7,80.75
3223,341043,Dhan Bahadur Sunar,"Nagarik Unmukti Party, Nepal (Ekal Chunab Chinha)",2531.0,675,M,False,Til Bahadur Sunar,स्नातक,TU,Kailali,Mina B.K.,,Sudurpashchim,Kailali,Kailali-4,58283,106600,Bachelor's Degree,28.7,80.75
3224,342563,Bhim Bahadur Thapa Magar,Shram Sanskriti Party,2501.0,379,M,False,Sher Bahadur Thapamagar,सामान्य,,Kailali,Dima/Dhani Devi Thapamagar,,Sudurpashchim,Kailali,Kailali-4,58283,106600,Literate / Non-Formal,28.7,80.75
3225,339344,Chhatra Bahadur Bhatt Khatri,Swatantra,,241,M,False,पद्म बहादुर भट्ट (खत्री),FY Bcom,DAV College,Kailali Godavari Municipality Malakheti,पदमा  भट्ट (खत्री),,Sudurpashchim,Kailali,Kailali-4,58283,106600,Bachelor's Degree,28.7,80.75
3226,340848,Bhakt Bahadur Shahi,Nepal Communist Party (Maoist),2526.0,172,M,False,जंग बहादुर शाही,SLC,,Bajura Jagannath Rural Municipality Baskena, ,,Sudurpashchim,Kailali,Kailali-4,58283,106600,Secondary Education (Grade 9-10 / SLC / SEE),28.7,80.75
3227,341412,Subhasa Kuvar,Ujyalo Nepal Party,2566.0,157,M,False,उजिर सिह कुवर,Bachelor,कैलाली बहुमुखी क्याम्पस,Kailali Gauriganga Municipality Banbehda,राज्य लक्ष्मि कुवर,,Sudurpashchim,Kailali,Kailali-4,58283,106600,Bachelor's Degree,28.7,80.75
3228,341643,Yagya Bahadur Tamota,Nepal Manabatabadi Party,2503.0,141,M,False,Ram Bahadur Tamata,८ पास,,Kailali,Shanti Devi Tamota,,Sudurpashchim,Kailali,Kailali-4,58283,106600,Basic Education (Up to Grade 8),28.7,80.75
3229,339919,Hem Raj Bhatta,Rastriya Janamorcha,2522.0,121,M,False,Hari Prasad Bhatta,स्नातक,T.U.,Dadeldhura,,,Sudurpashchim,Kailali,Kailali-4,58283,106600,Bachelor's Degree,28.7,80.75
3230,340094,Gopilal Chaudhary,National Republic Nepal,2504.0,48,M,False,Mainya Dagaura,साक्षर,,Kailali,,,Sudurpashchim,Kailali,Kailali-4,58283,106600,Literate / Non-Formal,28.7,80.75
3231,339434,Amrita Bhul,Nepal Majdur Kisan Party,2578.0,40,F,False,Kallane Bhul,साक्षर,,Kailali,Bal Bhul,,Sudurpashchim,Kailali,Kailali-4,58283,106600,Literate / Non-Formal,28.7,80.75
3232,339314,Mohan Dev Mishra,Nepal Communist Party (Sanyukta),2601.0,30,M,False,Nand Lal Mishra,M.A.,Kumau University,Darchula,Dipa Bhandari,,Sudurpashchim,Kailali,Kailali-4,58283,106600,Master's Degree,28.7,80.75
3233,339364,Dinesh Kumar Malla,Miteri Party Nepal,2530.0,11,M,False,Sobhan Singh Malla,एस.एल.सी.,Durgalaxmi Ma.Vi.,Kailali,Maya Malla,,Sudurpashchim,Kailali,Kailali-4,58283,106600,Secondary Education (Grade 9-10 / SLC / SEE),28.7,80.75
3234,339984,Ananda Bahadur Chanda,Rastriya Swatantra Party,2528.0,31953,M,True,दान सिंह चन्‍द,विद्यावारीधी,त्रिभुवन बिश्व विद्यालय,Baitadi Melauli Municipality Khaligad,स्‍नेहा  बम चन्‍द,,Sudurpashchim,Kailali,Kailali-5,62147,110538,Doctorate / PhD,28.6833,80.6
3235,340383,Nar Narayan Shah,Nepali Congress,2583.0,11958,M,False,Mohan Bahadur Shah,स्‍नातक,लखनउ बिश्वविद्यालय भारत,Kailali,Smriti Shah,,Sudurpashchim,Kailali,Kailali-5,62147,110538,Bachelor's Degree,28.6833,80.6
3236,340246,Prem Bahadur Ale,Nepali Communist Party,2557.0,7876,M,False,Tek Bahadur Ale,प्रविणता प्रमाणपत्र तह,,Dadeldhura,Khagi Devi Ale,,Sudurpashchim,Kailali,Kailali-5,62147,110538,Higher Secondary / Intermediate (10+2 / PCL),28.6833,80.6
3237,341203,Yagya Raj Dhungana Upadhyaya,Nepal Communist Party (Ekikrit Marxbadi Leninbadi),2598.0,5839,M,False,Radha Krishna Dhungana,स्‍नातक,कैलाली बहुमुखी क्याम्पस कैलाली,Kailali,Mina Kumari Ojha,,Sudurpashchim,Kailali,Kailali-5,62147,110538,Bachelor's Degree,28.6833,80.6
3238,339301,Pyare Lal Rana,Swatantra,,1755,M,False,Mandi Rana,IA,UP Board India,Kailali,Sahiba Devi Rana,"2049 सालमा उर्मा गा.वि.स.को निर्वाचित अध्यक्ष
2070 सालको संविधान सभामा समानुपातिक संविधान सभा सदस्य",Sudurpashchim,Kailali,Kailali-5,62147,110538,Higher Secondary / Intermediate (10+2 / PCL),28.6833,80.6
3239,340800,Roshan Shahi,Rastriya Prajatantra Party,2604.0,1592,M,False,Govind Shahi,+2 प्रमाणपत्र तह,कैलाली बहुमुखी क्याम्पस,Kailali,,"सामाजिक कार्य
व्यवसायीक अनुभव
",Sudurpashchim,Kailali,Kailali-5,62147,110538,Higher Secondary / Intermediate (10+2 / PCL),28.6833,80.6
3240,340168,Jagannath Chaudhary,"Nagarik Unmukti Party, Nepal (Ekal Chunab Chinha)",2531.0,406,M,False,Madhu Ram Tharu,B Com,,Kailali,Chandra Rani Chaudhary,,Sudurpashchim,Kailali,Kailali-5,62147,110538,Bachelor's Degree,28.6833,80.6
3241,341775,Babarjang Bahadur Singh,Nepal Communist Party (Maoist),2526.0,212,M,False,Karna Bahadur Singh,स्‍नातक,कैलाली बहुमुखी क्याम्पस कैलाली,Bajhang,,फुलबारी बहुमुखि क्याम्पसको संचालक समिति सदस्य,Sudurpashchim,Kailali,Kailali-5,62147,110538,Bachelor's Degree,28.6833,80.6
3242,342259,Dhan Bahadur Chaudhary,Janamat Party,2585.0,192,M,False,Rup Lal Chaudhary,प्रविणता प्रमाणपत्र तह,धनगढी मा.वि. धनगढी,Kailali,Ganga Khati (Chaudhary),,Sudurpashchim,Kailali,Kailali-5,62147,110538,Higher Secondary / Intermediate (10+2 / PCL),28.6833,80.6
3243,340688,Shobhamani Joshi,Rastriya Janamorcha,2522.0,167,F,False,Balram Joshi,BA,TU,Kailali,Vishnu Datta Bhatt,"सिनिय अ.न.मि
सामाजिक सेवा",Sudurpashchim,Kailali,Kailali-5,62147,110538,Bachelor's Degree,28.6833,80.6
3244,342165,Chandra Saud,Ujyalo Nepal Party,2566.0,135,M,False,गगने  साउँद,BA,TU,Kailali Dhangadhi Sub Metropolitan Jhalari,सुरेखा  कार्की,"समाजसेवा
उपभोक्ता अधिका
सिप मुलक तालिम",Sudurpashchim,Kailali,Kailali-5,62147,110538,Bachelor's Degree,28.6833,80.6
3245,340927,Ishvari Visht,Swatantra,,21,M,False,कमल सिंह विष्ट,SLC,दिल्पेश्वर मा.वि. दिपायल,Kailali Dhangadhi Sub Metropolitan Rajpur,किसना देवी विष्ट,"राजनितीक 
पत्रकारीताको अनुभव
कार्यपालिकाको अनुभव",Sudurpashchim,Kailali,Kailali-5,62147,110538,Secondary Education (Grade 9-10 / SLC / SEE),28.6833,80.6
3246,341155,Trishan Pun Magar,Nepal Majdur Kisan Party,2578.0,20,F,False,Dev Bahadur Pun Magar,स्‍नातक,,Kailali,,,Sudurpashchim,Kailali,Kailali-5,62147,110538,Bachelor's Degree,28.6833,80.6
3247,340129,Dev Singh Bista,Aam Janata Party (Ekal Chunab Chinha),2581.0,18,M,False,अजय सिंह बिष्ट,SLC,,Kailali Dhangadhi Sub-Metropolitan City,,,Sudurpashchim,Kailali,Kailali-5,62147,110538,Secondary Education (Grade 9-10 / SLC / SEE),28.6833,80.6
3248,339564,Radhika Kumari Karki,Miteri Party Nepal,2530.0,3,F,False,Chandra Bahadur Karki,१० कक्षा,फुबारी मा.वि. फुलबारी कैलाली,Kailali,Nirmal Kumar Magar,,Sudurpashchim,Kailali,Kailali-5,62147,110538,Secondary Education (Grade 9-10 / SLC / SEE),28.6833,80.6
3249,340502,Ganesh Singh Thagunna,Nepal Communist Party (Ekikrit Marxbadi Leninbadi),2598.0,18891,M,True,Prem Singh Thagunna,,,Darchula,Devki Devi Thagunna,,Sudurpashchim,Darchula,Darchula-1,47890,92946,,29.85,80.65
3250,341414,Dharmanand Joshi,Nepali Congress,2583.0,15836,M,False,विष्णुदत्त  जोशी,,,Kathmandu Tokha Municipality,सरुन  राजभण्डारी,,Sudurpashchim,Darchula,Darchula-1,47890,92946,,29.85,80.65
3251,339773,Rajesh Singh Samant (Saud),Rastriya Swatantra Party,2528.0,8936,M,False,चन्द्र सिंह सामन्त (साउद),,,Darchula Mahakali Municipality Thapla (Katai),कलावती  चैसिर (सामन्त),,Sudurpashchim,Darchula,Darchula-1,47890,92946,,29.85,80.65
3252,339588,Lakshman Datt Joshi,Nepali Communist Party,2557.0,3065,M,False,गोपाल दत्त जोशी,,,Darchula Mahakali Municipality Kimtadi,निर्मला  वडाल (जोशी),,Sudurpashchim,Darchula,Darchula-1,47890,92946,,29.85,80.65
3253,341285,Rajesh Chand,Rastriya Prajatantra Party,2604.0,666,M,False,Nar Bahadur Chand,,,Dolpa,Abhilasha Rajeshwari Thapa,,Sudurpashchim,Darchula,Darchula-1,47890,92946,,29.85,80.65
3254,341634,Nawa Raj Bhatt,Nepal Communist Party (Maoist),2526.0,298,M,False,नरेन्द्र दत्त भट्ट,,,Darchula Marma Rural Municipality Matela,,,Sudurpashchim,Darchula,Darchula-1,47890,92946,,29.85,80.65
3255,339523,Birkh Raj Panta,Rastriya Janamorcha,2522.0,86,M,False,प्रमानन्द  पन्त,,,Darchula Shailyashikhar Municipality Amtoli,,,Sudurpashchim,Darchula,Darchula-1,47890,92946,,29.85,80.65
3256,341016,Bidya Dev Joshi,Nepal Communist Party (Sanyukta),2601.0,41,M,False,चन्द्र देव जोशी,,,Kailali Dhangadhi Sub Metropolitan Surya Vikram Gyawali Marg,हेमा  जोशी,,Sudurpashchim,Darchula,Darchula-1,47890,92946,,29.85,80.65
3257,340868,Prem Singh Badal,Aam Janata Party (Ekal Chunab Chinha),2581.0,34,M,False,Ram Singh Badal,,,Darchula,Kalawati Badal,,Sudurpashchim,Darchula,Darchula-1,47890,92946,,29.85,80.65
3258,340385,Gagan Thagunna,Sanghiya Loktantrik Rastriya Manch,2550.0,19,M,False,Hare Thagunna,,,Darchula,Aita Thagunna,,Sudurpashchim,Darchula,Darchula-1,47890,92946,,29.85,80.65
3259,339392,Ramesh Kumar Rawal,Nepal Majdur Kisan Party,2578.0,18,M,False,Guman Singh Rawal,,,Kailali,Ratna Devi Rawal,,Sudurpashchim,Darchula,Darchula-1,47890,92946,,29.85,80.65
3260,340516,Hari Mohan Bhandari,Rastriya Swatantra Party,2528.0,22134,M,True,Laxman Singh Bhandari,,,Baitadi,Narvada Thapa (Bhandari),,Sudurpashchim,Baitadi,Baitadi-1,67730,156370,,29.5167,80.55
3261,339985,Chatur Bahadur Chanda,Nepali Congress,2583.0,18194,M,False,देव बहादुर चन्द,,,Baitadi Dashrathchand Municipality Baskot,अन्जु  चन्द,,Sudurpashchim,Baitadi,Baitadi-1,67730,156370,,29.5167,80.55
3262,339601,Damodar Bhandari,Nepal Communist Party (Ekikrit Marxbadi Leninbadi),2598.0,17091,M,False,Uday Singh Bhandari,,,Baitadi,Kabita Bhandari,,Sudurpashchim,Baitadi,Baitadi-1,67730,156370,,29.5167,80.55
3263,340415,Pramanand Bhatta,Nepali Communist Party,2557.0,6965,M,False,रतनदेव  भट्ट,,,Baitadi Surnaya Rural Municipality Meldungra,निर्मला  भट्ट,,Sudurpashchim,Baitadi,Baitadi-1,67730,156370,,29.5167,80.55
3264,339508,Bhupen Bahadur Chanda,Rastriya Prajatantra Party,2604.0,2681,M,False,लोकेन्द्र बहादुर चन्द,,,Baitadi Surnaya Rural Municipality Kurukutia, ,,Sudurpashchim,Baitadi,Baitadi-1,67730,156370,,29.5167,80.55
3265,339786,Ram Bahadur Kunwar,Nepal Communist Party (Maoist),2526.0,299,M,False,Daulat Singh Kunwar,,,Baitadi,Parvati Kunwar,,Sudurpashchim,Baitadi,Baitadi-1,67730,156370,,29.5167,80.55
3266,341686,Aan Singh Bhandari,"Janata Samajbadi Party, Nepal",2542.0,94,M,False,Chandra Singh Bhandari,,,Baitadi,Radha Bhandari,,Sudurpashchim,Baitadi,Baitadi-1,67730,156370,,29.5167,80.55
3267,339526,Navaraj Koirala,Nepal Majdur Kisan Party,2578.0,94,M,False,Jayarup Koirala,,,Kalikot,Gori Kala Devi Koirala,,Sudurpashchim,Baitadi,Baitadi-1,67730,156370,,29.5167,80.55
3268,340291,Visan Singh Bohara,Aam Janata Party (Ekal Chunab Chinha),2581.0,82,M,False,विरा  वोहरा,,,Baitadi Purchoudi Municipality Nwala,वाटुली  वोहरा,,Sudurpashchim,Baitadi,Baitadi-1,67730,156370,,29.5167,80.55
3269,339667,Gajendra Raj Pandey,Shram Sanskriti Party,2501.0,78,M,False,Jaidev Pandey,,,Kanchanpur,Pushpa Pandey,,Sudurpashchim,Baitadi,Baitadi-1,67730,156370,,29.5167,80.55
3270,340056,Jay Prakash Panta,Swatantra,,18,M,False,Keshav Raj Pant,,,Baitadi,Rajendri Pant,,Sudurpashchim,Baitadi,Baitadi-1,67730,156370,,29.5167,80.55
3271,340545,Tara Prasad Joshi,Rastriya Swatantra Party,2528.0,19131,M,True,Bhavani Dutt Joshi,विद्यावारिधि (PHD),जवाहरलाल नेहरु विश्वविद्यालय (JNU),Dadeldhura,Kumari Shanti Pant/Joshi,"राजनीतिक तथा सामाजिक आन्दोलनमा सक्रिय सहभागिता
संगठन निर्माण, नेतृत्व विकास र जनआधार विस्तारको अनुभव
स्थानीय मुद्दा पहिचान, नीति बहस र समाधान प्रक्रियामा संलग्नता
जनसम्पर्क, अभियान संचालन तथा संगठन व्यवस्थापनको अनुभव
",Sudurpashchim,Dadeldhura,Dadeldhura-1,43067,93399,Doctorate / PhD,29.2833,80.5833
3272,341455,Nain Singh Mahar,Nepali Congress,2583.0,12121,M,False,Tula Mahar,स्नातकोत्तर,त्रिभुवन विश्व विद्यालय,Dadeldhura,Sita Kumari Mahar (Saud),"नेपाली काँग्रेस केन्द्रिय सदस्य
नेपाल विद्यार्थी संघ केन्द्रिय अध्यक्ष
स्कूल अफ डेमोक्रेसी अध्यक्ष
नेपाल पत्रकार महासंघ, डडेल्धुराको संस्थापक अध्यक्ष
",Sudurpashchim,Dadeldhura,Dadeldhura-1,43067,93399,Master's Degree,29.2833,80.5833
3273,340669,Mana Siha Mal,Nepali Communist Party,2557.0,6834,M,False,दामोदर  माल,S.L.C.,भागेश्वर मा.वि. कटाल,Dadeldhura Parashuram Municipality Katal,गिता देवी माल,,Sudurpashchim,Dadeldhura,Dadeldhura-1,43067,93399,Secondary Education (Grade 9-10 / SLC / SEE),29.2833,80.5833
3274,341022,Chakra Prasad Snehi,Nepal Communist Party (Ekikrit Marxbadi Leninbadi),2598.0,2926,M,False,Bijuli Snehi,एस.एल.सि.,"सत्यवादी मा.वि. भोपुर, बझाङ्ग",Bajhang,Parvati Devi Snehi,राष्ट्रिय सभा सदस्य,Sudurpashchim,Dadeldhura,Dadeldhura-1,43067,93399,Secondary Education (Grade 9-10 / SLC / SEE),29.2833,80.5833
3275,340616,Govinda Khadayat,Rastriya Prajatantra Party,2604.0,882,M,False,तप्त बहादुर खडायत,MSC yoga and science.,"त्रिभुवन विश्व विद्यालय,अन्ना मल्ला विश्वविद्यालय, भारत",Dadeldhura Amargadhi Municipality Solpari,रक्षा  खडायत(खत्री),"२०७९ को प्रतिनिधि सभा उम्मेदवार
योग प्रशिक्षक
व्यवसायी
",Sudurpashchim,Dadeldhura,Dadeldhura-1,43067,93399,Master's Degree,29.2833,80.5833
3276,341796,Gorakh Bahadur Air,Swatantra,,453,M,False,Ishwar Bahadur Air,स्नातक ,त्रिभुवन विश्व विद्यालय,Dadeldhura,-  -,सामाजिक कार्यमा सक्रियता,Sudurpashchim,Dadeldhura,Dadeldhura-1,43067,93399,Bachelor's Degree,29.2833,80.5833
3277,341748,Mahendra Pun Magar,Shram Sanskriti Party,2501.0,260,M,False,Prem Bahadur Pun Magar,स्नातकोत्तर,त्रिभुवन विश्व विद्यालय,Dadeldhura,-  -,"मूर्तिकार्
खेलाडी
योग ध्यान
साहित्य",Sudurpashchim,Dadeldhura,Dadeldhura-1,43067,93399,Master's Degree,29.2833,80.5833
3278,341662,Laxmi Datt Bhatta,Jaya Matribhumi Party,2510.0,117,M,False,छवि राज भट्ट,स्नातकोत्तर,नेपाल कमर्स क्याम्पस मिनभवन,Dadeldhura Navadurga Rural Municipality Rantapala,,"१० वर्ष नेपाली विद्यार्थी संघको नेतृत्व
२५ वर्षदेखि राजनीतिमा सक्रिय
सामाजिक, सांस्कृतिक, धार्मिक, देशको विभिन्न भुगोल अवलोकन
समाजसेवा, कृषि, पर्यटन, व्यापार नोकरी उद्यमशिलता",Sudurpashchim,Dadeldhura,Dadeldhura-1,43067,93399,Master's Degree,29.2833,80.5833
3279,339347,Tirth Raj Upreti,Swatantra,,107,M,False,चन्द्र देव उप्रेती,आइ.ए.,"यु.पि. बोर्ड, भारत",Dadeldhura Amargadhi Municipality Tufandad,सरु देवी उप्रेती,"सरकारी (निजामति) सेवामा २५ वर्ष लेखा अधिकृत
रजिष्टर्ड लेखा परीक्षक",Sudurpashchim,Dadeldhura,Dadeldhura-1,43067,93399,Higher Secondary / Intermediate (10+2 / PCL),29.2833,80.5833
3280,339861,Chandra Deva Vi‍.ka.,Rastriya Janamorcha,2522.0,106,M,False,माने राम वि‍.क.,८ कक्षा पास,"श्री शिद्धेश्वर नि.मा.वि.,बैतडी",Dadeldhura Parashuram Municipality Parigaon,पार्वती देवी वि‍.क.,"भारतबाट १९८२ देखि पार्टी प्रवेश गरी सकृय रहेको
राजनैतिक क्षेत्रमा करिब ४२ वर्षको अनुभव
स्थानीय सामाजिक क्षेत्रमा सकृय सहभागी
समाज सेवामा सक्रियता",Sudurpashchim,Dadeldhura,Dadeldhura-1,43067,93399,Basic Education (Up to Grade 8),29.2833,80.5833
3281,340186,Surendra Raj Bhatta,Nepal Majdur Kisan Party,2578.0,70,M,False,Dev Raj Bhatt,प्रविणता प्रमाणपत्र तह,नेपाल ल क्याम्पस,Kanchanpur,Shanti Kumari Joshi,"कानून व्यवसायी
समाजसेवी",Sudurpashchim,Dadeldhura,Dadeldhura-1,43067,93399,Higher Secondary / Intermediate (10+2 / PCL),29.2833,80.5833
3282,341182,Surendra Rawal,Swatantra,,33,M,False,Karna Singh Rawal,स्नातक,त्रिभुवन विश्व विद्यालय,Dadeldhura,,विद्यार्थी आन्दोलन,Sudurpashchim,Dadeldhura,Dadeldhura-1,43067,93399,Bachelor's Degree,29.2833,80.5833
3283,339413,Khadak Bahadur Thakurathi,Aam Janata Party (Ekal Chunab Chinha),2581.0,27,M,False,Dhan Singh Thakuraathi,साक्षर,,Dadeldhura,Kalpana Thakurathi,मेकानिकल,Sudurpashchim,Dadeldhura,Dadeldhura-1,43067,93399,Literate / Non-Formal,29.2833,80.5833
3284,339943,Janak Singh Dhami,Rastriya Swatantra Party,2528.0,24332,M,True,Laxman Singh Dhami,,,Darchula,Khageshwari Dhami,,Sudurpashchim,Kanchanpur,Kanchanpur-1,57051,101724,,28.95,80.35
3285,340979,Bina Magar,Nepali Communist Party,2557.0,11110,F,False,Chandra Bahadur Rajan Magar,,,Kanchanpur,,,Sudurpashchim,Kanchanpur,Kanchanpur-1,57051,101724,,28.95,80.35
3286,341563,Gopi Prasad Upadhyaya,Nepali Congress,2583.0,8467,M,False,Prem Pati Upadhyaya,,,Kanchanpur,,,Sudurpashchim,Kanchanpur,Kanchanpur-1,57051,101724,,28.95,80.35
3287,340717,Tara Lama Tamang,Nepal Communist Party (Ekikrit Marxbadi Leninbadi),2598.0,8088,M,False,Mem Bahadur Tamang,,,Kanchanpur,Phul Maya Tamang,,Sudurpashchim,Kanchanpur,Kanchanpur-1,57051,101724,,28.95,80.35
3288,340465,Dilli Bahadur Shahi,Rastriya Prajatantra Party,2604.0,1560,M,False,Mohan Bahadur Shahi,,,Kanchanpur,Bhim Shahi,,Sudurpashchim,Kanchanpur,Kanchanpur-1,57051,101724,,28.95,80.35
3289,340546,Krishna Bahadur Chaudhary,"Nagarik Unmukti Party, Nepal (Ekal Chunab Chinha)",2531.0,967,M,False,Bechan Chaudhary,,,Kailali,Mangali Devi Chaudhary,,Sudurpashchim,Kanchanpur,Kanchanpur-1,57051,101724,,28.95,80.35
3290,340202,Maikala Tamang,Ujyalo Nepal Party,2566.0,759,M,False,राजु  तामाङ,,,Kanchanpur Rehabilitation Municipality Aranikovasti,,,Sudurpashchim,Kanchanpur,Kanchanpur-1,57051,101724,,28.95,80.35
3291,341692,Rupa Devi Bista,Swatantra,,608,F,False,धन सिंह खत्री,,,Kanchanpur Belauri Municipality Mataiya,धन बहादुर बिष्‍ट,,Sudurpashchim,Kanchanpur,Kanchanpur-1,57051,101724,,28.95,80.35
3292,340103,Raja Ram Dagaura Chaudhary,Rastriya Janamorcha,2522.0,397,M,False,Ram Prasad Chaudhary,,,Kanchanpur,Parvati Chaudhary,,Sudurpashchim,Kanchanpur,Kanchanpur-1,57051,101724,,28.95,80.35
3293,341181,Puran Rana Tharu,Nepal Communist Party (Maoist),2526.0,248,M,False,Kali Charan Rana Tharu,,,Kathmandu,Hira Kumari Rana,,Sudurpashchim,Kanchanpur,Kanchanpur-1,57051,101724,,28.95,80.35
3294,340278,Yadav Singh,Swatantra,,168,M,False,Gopal Singh,,,Kanchanpur,,,Sudurpashchim,Kanchanpur,Kanchanpur-1,57051,101724,,28.95,80.35
3295,341006,Sita Vi.ka.,Aam Janata Party (Ekal Chunab Chinha),2581.0,87,F,False,हस्त वहादुर कामी,,,Kanchanpur Rehabilitation Municipality N Village,सुरेन्द्र  वि.क.,,Sudurpashchim,Kanchanpur,Kanchanpur-1,57051,101724,,28.95,80.35
3296,340595,Anil Rana,Swatantra,,76,M,False,Ajab Singh Rana,,,Kanchanpur,,,Sudurpashchim,Kanchanpur,Kanchanpur-1,57051,101724,,28.95,80.35
3297,339727,Hum Bahadur Gurung,Mongol National Organization,2511.0,46,M,False,Jaman Bahadur Gurung,,,Rupandehi,Harimaya Gurung,,Sudurpashchim,Kanchanpur,Kanchanpur-1,57051,101724,,28.95,80.35
3298,339859,Dependra Bahadur Shahi,Pragatishil Loktantrik Party,2516.0,36,M,False,Mahanvir Bahadur Shahi,,,Kalikot,Kaushila Devi Shahi,,Sudurpashchim,Kanchanpur,Kanchanpur-1,57051,101724,,28.95,80.35
3299,341400,Daniyala Vi.क़.,Sanyukta Nagarik Party,2521.0,36,M,False,धनी  कामी,,,Kailali Godavari Municipality,,,Sudurpashchim,Kanchanpur,Kanchanpur-1,57051,101724,,28.95,80.35
3300,339308,Katak Bahadur Shahi,Nepal Majdur Kisan Party,2578.0,34,M,False,Jang Bahadur Shahi,,,Kanchanpur,Nainsara Shahi,,Sudurpashchim,Kanchanpur,Kanchanpur-1,57051,101724,,28.95,80.35
3301,341931,Manju Devi Sunar,Swatantra,,20,F,False,Purna Bahadur Sunar,,,Kanchanpur,Vikram Sunar,,Sudurpashchim,Kanchanpur,Kanchanpur-1,57051,101724,,28.95,80.35
3302,341833,Siyaram Rana,Miteri Party Nepal,2530.0,12,M,False,Narayan Rana,,,Kanchanpur,Sangita Rana,,Sudurpashchim,Kanchanpur,Kanchanpur-1,57051,101724,,28.95,80.35
3303,340896,Deepak Raj Bohara,Rastriya Swatantra Party,2528.0,33952,M,True,गोविन्द राज बोहरा,एस एल सी,घटाल मा.वि ,Dadeldhura Amargadhi Municipality Chumsal,रमा  बोहरा,"विस वर्ष पत्रकारिता, नेपाल वान टेलिभिजन नया दिल्ली, न्युज ट्वान्टी टेलिभिजन ११ वर्ष र ग्यालक्सी दुई वर्ष , नेपाल टेलिभिजन तिन वर्ष ",Sudurpashchim,Kanchanpur,Kanchanpur-2,61117,109572,Secondary Education (Grade 9-10 / SLC / SEE),28.9,80.2667
3304,341026,Narayan Prakash Saud,Nepali Congress,2583.0,10827,M,False,Khadak Singh Saud,स्नातक,त्रि.वि,Dadeldhura,Jyotsna Adhikari Saud,पटक पटक मन्त्री पदमा रही राज्य सञ्चालनमा सहभागिता  ,Sudurpashchim,Kanchanpur,Kanchanpur-2,61117,109572,Bachelor's Degree,28.9,80.2667
3305,341210,Bachan Bahadur Singh,Nepal Communist Party (Ekikrit Marxbadi Leninbadi),2598.0,6418,M,False,Man Bahadur Singh,स्नाकोत्तर ,कुमाउ विश्वविद्यालय,Bajura,Jayanti Pal (Singh),राष्ट्रिय युवा संघको केन्द्रीय अध्यक्ष भई काम गरेको ,Sudurpashchim,Kanchanpur,Kanchanpur-2,61117,109572,Master's Degree,28.9,80.2667
3306,341433,Madhav Prasad Panta,Nepali Communist Party,2557.0,6337,M,False,Dev Dutt Pant,एम फिल पि एच डि.,त्रि.वि,Kanchanpur,Durga Bhatt,"राष्ट्रिय अन्तराष्ट्रिय सम्मेलनमा सहभागी, विकास सु सुशानमा समाजिक न्याय, समानताको जानकारी, संविधान कानून राज्यको संवैधानिक वैदेशिक संघियता सम्बन्धी समाज रुपान्तरणमा योगदान ",Sudurpashchim,Kanchanpur,Kanchanpur-2,61117,109572,Doctorate / PhD,28.9,80.2667
3307,340044,Tirtha Raj Chhauthat,Rastriya Prajatantra Party,2604.0,1993,M,False,जगन्नाथ  चटौत,स्नातक,महेन्द्र रत्न राज्य क्यामपस,Kanchanpur Bhimdatta Municipality Main Road,गंगा देवी चटौत,समाजिक सेवा व्यवसाय,Sudurpashchim,Kanchanpur,Kanchanpur-2,61117,109572,Bachelor's Degree,28.9,80.2667
3308,339971,Premwati Rana,"Nagarik Unmukti Party, Nepal (Ekal Chunab Chinha)",2531.0,560,F,False,Chhuttan Rana,आठ कक्षा पास,भुवनेश्वरी उ.मा.वि,Kanchanpur,Ramesh Rana,,Sudurpashchim,Kanchanpur,Kanchanpur-2,61117,109572,Basic Education (Up to Grade 8),28.9,80.2667
3309,341080,Dharmanand Joshi,Pragatishil Loktantrik Party,2516.0,195,M,False,भानदेव  जोशी,स्नाकोत्तर,त्रि.वि,Baitadi Dogdakedar Rural Municipality Wadia,,विद्यालय राजनिति बाह्र वर्ष ,Sudurpashchim,Kanchanpur,Kanchanpur-2,61117,109572,Master's Degree,28.9,80.2667
3310,339771,Ram Bahadur Karki,Rastriya Janamorcha,2522.0,145,M,False,Khang Singh Karki,आई ए,सिद्वनाथ बहुमुखी क्याम्पस,Kanchanpur,Kopila Devi Karki,"समाजिक संस्थामा नेतृत्व गरेको, अध्ययन काल देखि विधार्थि सहभागी रहेर शैक्षिक सुधारमा संलग्न, स्थानिय स्तरका कल्व विद्यालयहरुको अध्यक्ष भई काम गरेको राष्ट्रिय जनमोर्चाको २०५८ सालदेखि नेतृत्व हन गरेको ",Sudurpashchim,Kanchanpur,Kanchanpur-2,61117,109572,Higher Secondary / Intermediate (10+2 / PCL),28.9,80.2667
3311,342069,Lokendra Bahadur B.K.,Nepal Communist Party (Maoist),2526.0,143,M,False,चैते  कामी,उच्च शिक्षा,सुर्योदय मा.वि बझाङ,Kanchanpur Shuklaphanta Municipality,गिता  वि क,,Sudurpashchim,Kanchanpur,Kanchanpur-2,61117,109572,Higher Secondary / Intermediate (10+2 / PCL),28.9,80.2667
3312,339509,Ram Chandra Bhatta,Janamat Party,2585.0,125,M,False,Dhani Ram Bhatt,स्नातोकोत्तर,त्रिभुवन विश्वविध्यालय,Dadeldhura,Shakuntala Devi Bhatt,सरकारी सेवमा ३९ वर्ष,Sudurpashchim,Kanchanpur,Kanchanpur-2,61117,109572,Master's Degree,28.9,80.2667
3313,340822,Yogendra B. Saud,Ujyalo Nepal Party,2566.0,93,M,False,गोपाल सिह साउद,उच्च शिक्षा,देव सिंह कलेज भारत,Kanchanpur Bedkot Municipality,पार्वती  साउद,,Sudurpashchim,Kanchanpur,Kanchanpur-2,61117,109572,Higher Secondary / Intermediate (10+2 / PCL),28.9,80.2667
3314,342246,Birendra Rana,Swatantra,,81,M,False,Chandar Rana,बी फारमेसी,जेहरलाल नेहरु चित्तुर भारत,Kanchanpur,,,Sudurpashchim,Kanchanpur,Kanchanpur-2,61117,109572,Bachelor's Degree,28.9,80.2667
3315,339419,Sitaram Rana,Nepal Majdur Kisan Party,2578.0,72,M,False,Dukhi Rana,कक्षा ५ ,श्री बैजनाथ मा.बि ,Kanchanpur,Sobar Rana,जनताको सेवा गरेको र ज्याला मजदुरी ,Sudurpashchim,Kanchanpur,Kanchanpur-2,61117,109572,Basic Education (Up to Grade 8),28.9,80.2667
3316,341995,Harish Bahadur Bhatta,Swatantra,,44,M,False,धन बहादुर भट्ट,स्ननातोकोत्तर,त्रि.वि,Kanchanpur Shuklaphanta Municipality Banshaha,,समाजसेवा,Sudurpashchim,Kanchanpur,Kanchanpur-2,61117,109572,Master's Degree,28.9,80.2667
3317,340201,Jaggu Chaudhary,Aam Janata Party (Ekal Chunab Chinha),2581.0,37,M,False,Deumani Chaudhary,उच्च शिक्षा,त्रिनगर मा.वि धनगढी,Kanchanpur,Hiramati Chaudhary,समाजसेवी र कृषि सम्बन्धी,Sudurpashchim,Kanchanpur,Kanchanpur-2,61117,109572,Higher Secondary / Intermediate (10+2 / PCL),28.9,80.2667
3318,339678,Khadak Tamrakar,Sanyukta Nagarik Party,2521.0,32,M,False,Ishwari Tamata,एस.एल.सी,उग्रतारा उ.मा.वि डडेल्धुरा,Kanchanpur,Manju Tamrakar,समाजसेवा,Sudurpashchim,Kanchanpur,Kanchanpur-2,61117,109572,Secondary Education (Grade 9-10 / SLC / SEE),28.9,80.2667
3319,339369,Bhanu Bhakta Bohara,Swatantra,,26,M,False,Nand Ram Bohara,उच्च शिक्षा,श्री घटाल मा.वि सुडा,Kanchanpur,,समाजिक कार्य किसान,Sudurpashchim,Kanchanpur,Kanchanpur-2,61117,109572,Higher Secondary / Intermediate (10+2 / PCL),28.9,80.2667
3320,342320,Siddhraj Joshi,Swatantra,,19,M,False,शंकर दत्त जोशी,उच्च शिक्षा ,थारु राजकिय ईन्टर कलेज खटिमा भारत ,Kanchanpur Shuklaphanta Municipality,कमला  वोकटी  जोशी,शिक्षण पेश पन्ध्र वर्ष ,Sudurpashchim,Kanchanpur,Kanchanpur-2,61117,109572,Higher Secondary / Intermediate (10+2 / PCL),28.9,80.2667
3321,339613,Teja Bahadura Vadaval,Miteri Party Nepal,2530.0,18,M,False,बल बहादुर वडवाल,स्नातक तह,कुमाउ विश्वविद्यालय,Kanchanpur Bhimdatta Municipality,सृजना  खडायत वडवाल,,Sudurpashchim,Kanchanpur,Kanchanpur-2,61117,109572,Bachelor's Degree,28.9,80.2667
3322,340127,Jnyanendra Sinha Mahata,Rastriya Swatantra Party,2528.0,27118,M,True,धन बहादुर महता,,,Kanchanpur Bhimdatta Municipality,बिमला  चन्द  महता,,Sudurpashchim,Kanchanpur,Kanchanpur-3,53546,103087,,28.85,80.1833
3323,342171,Hari Prasad Bohara,Nepali Congress,2583.0,9443,M,False,Jaya Nand Bohara,,,Kanchanpur,Lakshmi Devi Bohara,,Sudurpashchim,Kanchanpur,Kanchanpur-3,53546,103087,,28.85,80.1833
3324,340422,Deepak Prakash Bhatta,Nepal Communist Party (Ekikrit Marxbadi Leninbadi),2598.0,7575,M,False,Mahadev Bhatt,,,Kanchanpur,Manisha Bhattarai Bhatt,,Sudurpashchim,Kanchanpur,Kanchanpur-3,53546,103087,,28.85,80.1833
3325,341039,Man Bahadur Sunar,Nepali Communist Party,2557.0,4284,M,False,Udvir Sunar,,,Kanchanpur,Asha Devi Sunar,,Sudurpashchim,Kanchanpur,Kanchanpur-3,53546,103087,,28.85,80.1833
3326,339863,Purna Bahadur Chanda,Rastriya Prajatantra Party,2604.0,3902,M,False,जय बहादुर चन्द,,,Kanchanpur Bhimdatta Municipality Bhansi,मकला  चन्द,,Sudurpashchim,Kanchanpur,Kanchanpur-3,53546,103087,,28.85,80.1833
3327,341820,Bhim Bahadur Kumal,Ujyalo Nepal Party,2566.0,268,M,False,Nare Kumal,,,Kanchanpur,Gita Kumal Mijar,,Sudurpashchim,Kanchanpur,Kanchanpur-3,53546,103087,,28.85,80.1833
3328,341754,Ganga Datt Joshi,Shram Sanskriti Party,2501.0,224,M,False,चिन्तामणी जोशी,,,Kanchanpur Bhimdatta Municipality Katan,चन्द्रा (देवकी) जोशी,,Sudurpashchim,Kanchanpur,Kanchanpur-3,53546,103087,,28.85,80.1833
3329,341538,Hark Bahadur Air,Swatantra,,177,M,False,Dal Bahadur Air,,,Baitadi,Kamala Devi Air,,Sudurpashchim,Kanchanpur,Kanchanpur-3,53546,103087,,28.85,80.1833
3330,340736,Bishnu Prakash Upadhyay,Nepal Communist Party (Maoist),2526.0,116,M,False,प्रेम राज उपाध्याय,,,Bajhang Thalara Rural Municipality Khulam,नारायणी  जोशी उपाध्याय,,Sudurpashchim,Kanchanpur,Kanchanpur-3,53546,103087,,28.85,80.1833
3331,341967,Thaneshwar Lekhak,Swatantra,,95,M,False,सह देव लेखक,,,Kanchanpur Bhimdatta Municipality Aithpur,,,Sudurpashchim,Kanchanpur,Kanchanpur-3,53546,103087,,28.85,80.1833
3332,339498,Lal Bahadur Kunwar,Rastriya Janamorcha,2522.0,87,M,False,Dev Singh Kunwar,,,Kanchanpur,Sumitra Devi Kunwar,,Sudurpashchim,Kanchanpur,Kanchanpur-3,53546,103087,,28.85,80.1833
3333,339558,Karna Bahadur Chanda,Nepal Communist Party (Sanyukta),2601.0,86,M,False,घुरी  चन्द,,,Kanchanpur Bhimdatta Municipality Sukasal,जयन्ती देबी चन्द,,Sudurpashchim,Kanchanpur,Kanchanpur-3,53546,103087,,28.85,80.1833
3334,341277,Lok Raj Bhatta,Rastriya Mukti Party Nepal (Ekal Chunab Chinha),2531.0,71,M,False,Krishna Dutt Bhatt,,,Kanchanpur,,,Sudurpashchim,Kanchanpur,Kanchanpur-3,53546,103087,,28.85,80.1833
3335,339320,Minu Giri,Nepal Majdur Kisan Party,2578.0,42,M,False,विरु  गिरी,,,Kanchanpur Dodhara Chandni Municipality Syauli Bazar,जानकी देवी गिरी,,Sudurpashchim,Kanchanpur,Kanchanpur-3,53546,103087,,28.85,80.1833
3336,340335,Laxmi Kumari Bista Bhatta,Aam Janata Party (Ekal Chunab Chinha),2581.0,31,F,False,लाल सिंह विष्ट,,,Kanchanpur Bhimdatta Municipality,हरि दत्त भट्ट,,Sudurpashchim,Kanchanpur,Kanchanpur-3,53546,103087,,28.85,80.1833
3337,339464,Vira Sinha Kshetri,Swatantra,,21,M,False,दान सिंह क्षेत्री,,,Kanchanpur Bhimdatta Municipality,कमला  भण्डारी,,Sudurpashchim,Kanchanpur,Kanchanpur-3,53546,103087,,28.85,80.1833
3338,339972,Kiran Thapa,Miteri Party Nepal,2530.0,6,M,False,Dhan Bahadur Thapa,Y,,Kanchanpur, ,,Sudurpashchim,Kanchanpur,Kanchanpur-3,53546,103087,Unspecified / Others,28.85,80.1833
3339,340029,Vikrama Khanal,Rastriya Swatantra Party,2528.0,45241,M,True,गोकर्ण  खनाल,स्नातक,त्रिभुवन विश्वविद्यालय,Navalparasi (Bardghat Susta West) Bardghat Municipality Bhutaha,रमा  पोखरेल,,Lumbini,Parasi,Parasi-1,77089,123072,Bachelor's Degree,27.5333,83.75
3340,341163,Vinoda Kumara Chaudhari,Nepali Congress,2583.0,9502,M,False,लुनकरण दास चौधरी,स्नातक,सरस्वती क्याम्पस,Navalparasi (Bardghat Susta East) Devchuli Municipality Divyapuri,सारिका  चौधरी,,Lumbini,Parasi,Parasi-1,77089,123072,Bachelor's Degree,27.5333,83.75
3341,340622,Rama Prasada Pandey,Nepal Communist Party (Ekikrit Marxbadi Leninbadi),2598.0,7956,M,False,नारायण प्रसाद पाण्डेय,स्नातकोत्तर,त्रिभुवन विश्वविद्यालय,Navalparasi (Bardghat Susta West) Susta Rural Municipality Mahalbari,तिर्था कुमारी पाण्डेय,,Lumbini,Parasi,Parasi-1,77089,123072,Master's Degree,27.5333,83.75
3342,339333,Hridayesha Tripathi,"Janata Samajbadi Party, Nepal",2542.0,7832,M,False,हरिशंकर  त्रिपाठी,स्नातक,इन्सिट्युट अफ ओरिएन्टेसन साइन्सेस मोस्को,Nawalparasi (Bardghat Susta West) Pratappur Rural Municipality Kathawa,शोभा  त्रिपाठी,,Lumbini,Parasi,Parasi-1,77089,123072,Bachelor's Degree,27.5333,83.75
3343,340211,Navanita Kumara Mishr,Rastriya Prajatantra Party,2604.0,1593,M,False,देवेश कुमार मिश्र,‌+2,गिनिज इन्टरनेशनल कलेज गौशाला काठमाडौं,Nawalparasi (Bardghat Susta West) Sarawal Rural Municipality Bhujrahwa,,,Lumbini,Parasi,Parasi-1,77089,123072,Higher Secondary / Intermediate (10+2 / PCL),27.5333,83.75
3344,339616,Sin‍dhu Jalesa Budhathoki,Nepali Communist Party,2557.0,1056,F,False,प्रचन्‍ड बहादुर बुढाथोकी,विदया वारिणी,नेपाल संस्कृत विश्वविद्यालय,Navalparasi (Bardghat Susta West) Bardghat Municipality Chisapani,शेर बहादुर आर्चाय,,Lumbini,Parasi,Parasi-1,77089,123072,Doctorate / PhD,27.5333,83.75
3345,340282,Raju Prasada Harijan,Nepal Communist Party (Maoist),2526.0,751,M,False,दलसिंगार  चमार,८ कक्षा,नित्यानन्द रतन कुमारी मा.वि.,Navalparasi (Bardghat Susta West) Bardghat Municipality Lagunaha,शोभा देवी हरिजन,,Lumbini,Parasi,Parasi-1,77089,123072,Basic Education (Up to Grade 8),27.5333,83.75
3346,339639,Bhimasena Sutapraee Magar,Swatantra,,733,M,False,खिम बहादुर सुतप्राई मगर,९ कक्षा,सरस्वती मा.वि. कुन्जनपुर,Navalparasi (Bardghat Susta West) Bardghat Municipality Pavitravasti,कमला  सुतप्राई मगर,,Lumbini,Parasi,Parasi-1,77089,123072,Secondary Education (Grade 9-10 / SLC / SEE),27.5333,83.75
3347,341335,Ramachandra Chaudhari Tharu,Shram Sanskriti Party,2501.0,586,M,False,गोविन्द लाल थारु,SLC,पवन मा.वि.,Navalparasi (Bardghat Susta West) Ramgram Municipality,निलम  चौधरी,,Lumbini,Parasi,Parasi-1,77089,123072,Secondary Education (Grade 9-10 / SLC / SEE),27.5333,83.75
3348,341443,Ganesha Bahadura Chaudhari,Janamat Party,2585.0,500,M,False,किशुन चौधरी,BSc AG,रामपुर क्याम्पस चितवन,Navalparasi (Bardghat Susta West) Ramgram Municipality Phulwariya,ज्ञान्ती देवी चौधरी थारु,,Lumbini,Parasi,Parasi-1,77089,123072,Bachelor's Degree,27.5333,83.75
3349,339869,Bijaya Kandel,Ujyalo Nepal Party,2566.0,346,M,False,हरि भक्त कंडेल,PHD Scholar,नेपाल संस्कृत विश्वविद्यालय,Kathmandu Kathmandu Metropolitan City,सुमित्रा  महर्जन,,Lumbini,Parasi,Parasi-1,77089,123072,Doctorate / PhD,27.5333,83.75
3350,342138,Satrudhana Chaudhari,"Nagarik Unmukti Party, Nepal (Ekal Chunab Chinha)",2531.0,274,M,False,उदित बहादुर थारु,SLC,माध्यमिक शिक्षा परिषद उत्तर प्रदेश भारत,Navalparasi (Bardghat Susta West) Bardghat Municipality Dhruvatoll,टुरिष्‍टी  चौधरी,,Lumbini,Parasi,Parasi-1,77089,123072,Secondary Education (Grade 9-10 / SLC / SEE),27.5333,83.75
3351,340450,Chiranjivi Kharal,Swatantra,,212,M,False,कृष्ण लाल खराल,SLC,विद मा.वि. पाल्पा,Navalparasi (Bardghat Susta West) Bardghat Municipality,सावित्रा  खराल,,Lumbini,Parasi,Parasi-1,77089,123072,Secondary Education (Grade 9-10 / SLC / SEE),27.5333,83.75
3352,340728,Purna Bahadura Vishvakarma,Rastriya Janamukti Party,2605.0,122,M,False,लाल बहादुर विश्वकर्मा,साक्षर,,Nawalparasi (Bardghat Susta West) Bardghat municipality flood affected,कमला  विश्वकर्मा,,Lumbini,Parasi,Parasi-1,77089,123072,Literate / Non-Formal,27.5333,83.75
3353,340570,Homa Bahadura Sunar,Swatantra,,76,M,False,मोती  सुनार,+2,CBC बोर्ड भारत,Navalparasi (Bardghat Susta West) Bardghat Municipality,ममता  सुनार,,Lumbini,Parasi,Parasi-1,77089,123072,Higher Secondary / Intermediate (10+2 / PCL),27.5333,83.75
3354,342304,Vinoda Regmi,Pragatishil Loktantrik Party,2516.0,72,M,False,ओम प्रकाश रेग्मी,+2,एस एन एस कलेज भारत,Navalparasi (Bardghat Susta West) Bardghat Municipality,रेखा  अधिकारी,,Lumbini,Parasi,Parasi-1,77089,123072,Higher Secondary / Intermediate (10+2 / PCL),27.5333,83.75
3355,341258,Ritamana Kamu Magar,Swatantra,,53,M,False,पूर्ण बहादुर कामु मगर,SLC,उदबुद्ध मा.वि. पाल्पा,Navalparasi (Bardghat Susta West) Bardghat Municipality Dharmavasti,सिमा कामु मगर,,Lumbini,Parasi,Parasi-1,77089,123072,Secondary Education (Grade 9-10 / SLC / SEE),27.5333,83.75
3356,340509,Dhundi Raja Pokhrel,Rastriya Janamorcha,2522.0,51,M,False,नित्या नन्द पोख्रेल,साक्षर,,Navalparasi (Bardghat Susta West) Bardghat Municipality Telha,गिता देवी पोख्रेल,,Lumbini,Parasi,Parasi-1,77089,123072,Literate / Non-Formal,27.5333,83.75
3357,339317,Indra Kumara Gurungg,Mongol National Organization,2511.0,39,M,False,दुत बहादुर गुरुङ्ग,SLC,श्री सुर्य मा.वि. होश्राङ्गदी पर्वत,Nawalparasi (Bardghat Susta West) Sunwal Municipality Kirtipur,टक माया गुरुङ्ग,,Lumbini,Parasi,Parasi-1,77089,123072,Secondary Education (Grade 9-10 / SLC / SEE),27.5333,83.75
3358,340400,Oma Bahadura Chaudhari Tharu,Swatantra,,26,M,False,प्रेम बहादुर चौधरी,+2,दिव्यज्योती बहुमुखी क्याम्पस,Navalparasi (Bardghat Susta West) Bardghat Municipality Jahda,,,Lumbini,Parasi,Parasi-1,77089,123072,Higher Secondary / Intermediate (10+2 / PCL),27.5333,83.75
3359,339444,Bharata Loniya,Swatantra,,17,M,False,विक्रम  लोनिया,साक्षर,,Nawalparasi (Bardghat Susta West) Susta rural municipality Ratanganj,जडावती देवी लोनिया,,Lumbini,Parasi,Parasi-1,77089,123072,Literate / Non-Formal,27.5333,83.75
3360,339412,Aliyasa Miya,Swatantra,,16,M,False,रसुल  मिया,साक्षर,,Nawalparasi (Bardghat Susta West) Pratappur Rural Municipality Harshpura,खैरुल  निस्सा मिया,,Lumbini,Parasi,Parasi-1,77089,123072,Literate / Non-Formal,27.5333,83.75
3361,340786,Mina Prasada Dhakal,Swatantra,,11,M,False,प्रेममणी  ढकाल,SLC,श्री राजा महात्मा पूर्णभद्र मा.वि.,Navalparasi (Bardghat Susta West) Bardghat Municipality Bhanunagar,,,Lumbini,Parasi,Parasi-1,77089,123072,Secondary Education (Grade 9-10 / SLC / SEE),27.5333,83.75
3362,341075,Gopichandra Harijan,Swatantra,,10,M,False,शुरेश  चमार,SLC,जनता मा.वि. भुजहवा,Nawalparasi (Bardghat Susta West) Sarawal Rural Municipality Dhavgadwa,कमलवती  हरिजन,,Lumbini,Parasi,Parasi-1,77089,123072,Secondary Education (Grade 9-10 / SLC / SEE),27.5333,83.75
3363,342077,Ganga Devi Tharu Mahato,Swatantra,,7,F,False,कालिराम  महतो,साक्षर,,Navalparasi (Bardghat Susta West) Susta Rural Municipality Singhaha,विश्‍वनाथ  थारु,,Lumbini,Parasi,Parasi-1,77089,123072,Literate / Non-Formal,27.5333,83.75
3364,341598,Shailendra Sinha Sadasankar,Swatantra,,7,M,False,गणेश  बिश्वकर्मा,+2,दाउन्नेदेवी उच्च मा.वि.,Navalparasi (Bardghat Susta West) Bardghat Municipality,,,Lumbini,Parasi,Parasi-1,77089,123072,Higher Secondary / Intermediate (10+2 / PCL),27.5333,83.75
3365,340191,Narendra Kumara Gup‍ta,Rastriya Swatantra Party,2528.0,44138,M,True,गणेश प्रसाद गुप्‍ता,स्नातक,त्रिभुवन विश्वविद्यालय,Navalparasi (Bardghat Susta West) Ramgram Municipality Durgatol,सिमा  गुप्‍ता,पूर्व मेयर रामग्राम नगरपालिका,Lumbini,Parasi,Parasi-2,83456,131049,Bachelor's Degree,27.5167,83.65
3366,340076,Bhima Bahadura Thapa Kshetri,Nepali Congress,2583.0,15945,M,False,कृष्‍ण बहादुर थापा,S.L.C.,महाकवी देवकोटा मा वि,Nawalparasi (Bardghat Susta West) Sunwal Municipality Kavuknagar,सपना  अधिकारी,पूर्व नगर प्रमुख,Lumbini,Parasi,Parasi-2,83456,131049,Secondary Education (Grade 9-10 / SLC / SEE),27.5167,83.65
3367,340529,Deben‍dra Yadav,"Janata Samajbadi Party, Nepal",2542.0,7212,M,False,बलीराम  यादव,ISC,आर्दश इन्टरकलेज भारत,Navalparasi (Bardghat Susta West) Ramgram Municipality Tonwa,,शिक्षक पेशा,Lumbini,Parasi,Parasi-2,83456,131049,Higher Secondary / Intermediate (10+2 / PCL),27.5167,83.65
3368,339405,Dhubra Bahadura Pradhan,Rastriya Prajatantra Party,2604.0,4691,M,False,रुद्र बहादुर प्रधान,स्नाकोत्तर,त्रिभुवन विश्वविद्यालय,Navalparasi (Bardghat Susta West) Ramgram Municipality Swatikar,निर्मला  प्रधान,पूर्व कानून न्याय तथा संसदिय व्यवसायी मन्त्री,Lumbini,Parasi,Parasi-2,83456,131049,Master's Degree,27.5167,83.65
3369,340735,Lekhanatha Kharel,Nepal Communist Party (Ekikrit Marxbadi Leninbadi),2598.0,4311,M,False,कुस्माखर  खरेल,प्रविणता प्रमाण पत्र तह,त्रिभुवन विश्वविद्यालय,Nawalparasi (Bardghat Susta West) Sunwal Municipality Bhumhi,मिना  खरेल,विभन्न संघ सस्था तथा सहकारी,Lumbini,Parasi,Parasi-2,83456,131049,Higher Secondary / Intermediate (10+2 / PCL),27.5167,83.65
3370,341882,Govin‍da Prasada Chaudhari,Rastriya Mukti Party Nepal (Ekal Chunab Chinha),2531.0,2029,M,False,दुलारे  थारु,स्नातक,नेपाल ल क्याम्पस,Navalparasi (Bardghat Susta West) Ramgram Municipality,नथुनी  थारु,जि वि स सदस्य,Lumbini,Parasi,Parasi-2,83456,131049,Bachelor's Degree,27.5167,83.65
3371,341116,Devendra Paudel,Nepali Communist Party,2557.0,1838,M,False,पदम पानी उपाध्याय,स्नाकोत्तर,त्रिभुवन विश्वविद्यालय,Baglung Baglung Municipality Bardada (Dada),बलावती  शर्मा,राजनितिक,Lumbini,Parasi,Parasi-2,83456,131049,Master's Degree,27.5167,83.65
3372,339995,Jivana Mallah,Janamat Party,2585.0,1064,M,False,पिमला  मल्लाह,S.L.C.,पवन मा.वि.,Navalparasi (Bardghat Susta West) Susta Rural Municipality Paklihawa,लालमती  मल्लाह,समाजसेवा,Lumbini,Parasi,Parasi-2,83456,131049,Secondary Education (Grade 9-10 / SLC / SEE),27.5167,83.65
3373,341682,Rama Bahadura Kevat,Swatantra,,752,M,False,चेतमन  केवट,S.L.C.,मुन्दर प्रसाद इन्टरकलेज ,Navalparasi (Bardghat Susta West) Ramgram Municipality Pokharapali,एकमावती  केवट,समाजीक सेवा,Lumbini,Parasi,Parasi-2,83456,131049,Secondary Education (Grade 9-10 / SLC / SEE),27.5167,83.65
3374,340654,Sanjaya Kumara Harijan,Sanyukta Nagarik Party,2521.0,407,M,False,प्रभु प्रसाद हरिजन,स्नातक,पाल्ही बहुमुखी क्याम्पस,Navalparasi (Bardghat Susta West) Palhinandan Rural Municipality Badkisunari,उर्मिला देवी हरिजन,सामाजिक क्षेत्र,Lumbini,Parasi,Parasi-2,83456,131049,Bachelor's Degree,27.5167,83.65
3375,339493,Indra Bahadura Gurungg,Mongol National Organization,2511.0,305,M,False,चन्द्र बहादुर गुरुङ्ग,S.L.C.,नेपाल सरकार,Nawalparasi (Bardghat Susta West) Sunwal Municipality,श्री माया गुरुङ्ग,साधारण,Lumbini,Parasi,Parasi-2,83456,131049,Secondary Education (Grade 9-10 / SLC / SEE),27.5167,83.65
3376,339451,Parvata Paudyal,Rastriya Janamorcha,2522.0,193,F,False,तुल्सीराम  पौड्याल,डिप्लोमा (ओभरसियर्स),प्राविधिक शिक्षा तथा व्यवसायी तालिम परिषद् काठमाण्डौ ,Nawalparasi (Bardghat Susta West) Sunwal Municipality Kirtipur,तिलक प्रसाद पौड्याल,महाकवी देवकोटा मा.वि. प्रा.वि.शिक्षालयमा अध्ययन गरेको,Lumbini,Parasi,Parasi-2,83456,131049,Diploma / Certificate Level,27.5167,83.65
3377,341024,Chandrabhushana Pathak,Pragatishil Loktantrik Party,2516.0,137,M,False,गजेन्द्र प्रसाद पाठक,स्नातक,राज गान्धी महाविद्यालय भारत,Navalparasi (Bardghat Susta West) Ramgram Municipality Piprahiya,निलम देवी पाठक,राजनितिक क्षेत्र,Lumbini,Parasi,Parasi-2,83456,131049,Bachelor's Degree,27.5167,83.65
3378,339797,Prema Prasada Dhakal,Nepal Communist Party (Maoist),2526.0,121,M,False,दाता राम ढकाल,S.L.C.,मातृभूमि माध्यमिक विद्यालय,Nawalparasi (Bardghat Susta West) Sunwal Municipality Sundarvasti,सिता  ढकाल,शिक्षक,Lumbini,Parasi,Parasi-2,83456,131049,Secondary Education (Grade 9-10 / SLC / SEE),27.5167,83.65
3379,342451,Dhruva Prasada Kahar,Aam Janata Party (Ekal Chunab Chinha),2581.0,88,M,False,नन्‍दलाल  कहार,S.L.C,सिर्दार्थ मा वि,Navalparasi (Bardghat Susta West) Palhinandan Rural Municipality Palhi,फूल कुमारी गौड (कहार),लेखापढी कानून व्यववसायी,Lumbini,Parasi,Parasi-2,83456,131049,Secondary Education (Grade 9-10 / SLC / SEE),27.5167,83.65
3380,342322,Yu Bahadura Rana,Rastriya Janamukti Party,2605.0,46,M,False,जस बहादुर राना,१० पास,आदर्श मा  वि परासी,Nawalparasi (Bardghat Susta West) Sunwal Municipality Mangalnagar,निर्मला  राना,समाजसेवा,Lumbini,Parasi,Parasi-2,83456,131049,Secondary Education (Grade 9-10 / SLC / SEE),27.5167,83.65
3381,342127,Sanjaya Harijan,Bahujan Shakti Party,2536.0,30,M,False,हरिराम प्रसाद चमार,१० पास,पवन मा वि,Navalparasi (Bardghat Susta West) Ramgram Municipality,अंगीरा  हरिजन,चालक/समाजसेवक,Lumbini,Parasi,Parasi-2,83456,131049,Secondary Education (Grade 9-10 / SLC / SEE),27.5167,83.65
3382,342076,Ashoka Teli,Swatantra,,25,M,False,चिनक  तेली,१० पास,पवन मा वि परासी,Navalparasi (Bardghat Susta West) Palhinandan Rural Municipality,,समाजसेवा,Lumbini,Parasi,Parasi-2,83456,131049,Secondary Education (Grade 9-10 / SLC / SEE),27.5167,83.65
3383,339519,Ranjana Suwal,Nepal Majdur Kisan Party,2578.0,20,F,False,रत्‍न भक्त सुवाल,स्नातक,त्रिभुवन विश्वविद्यालय,Bhaktapur Bhaktapur municipality,बिश्व राम सुवाल,सामाजिक सेवा,Lumbini,Parasi,Parasi-2,83456,131049,Bachelor's Degree,27.5167,83.65
3384,342224,Uma Shankara Kharavind,Swatantra,,19,M,False,छैबर  खरविन्द,आठ पास,जनता देवी मनरी,Navalparasi (Bardghat Susta West) Ramgram Municipality Deurwan,विमला देवी खरविन्द,नेपाल पूर्व प्रहरी,Lumbini,Parasi,Parasi-2,83456,131049,Basic Education (Up to Grade 8),27.5167,83.65
3385,340856,Hari Narayana Harijan,Swatantra,,17,M,False,रामदरश  चमार,साधारण लेखपढ,पवन मा वि परासी,Navalparasi (Bardghat Susta West) Ramgram Municipality,मिना  हरिजन,समाज सेवा,Lumbini,Parasi,Parasi-2,83456,131049,Literate / Non-Formal,27.5167,83.65
3386,341813,Vish‍nu Prasada Dhakal,Swatantra,,14,M,False,धनश्‍याम  ढकाल (उपाध्‍याय),प्रविणाता प्रमाण पत्र तह,त्रिभुवन विश्वविद्यालय,Nawalparasi (Bardghat Susta West) Sunwal Municipality Atithi Chowk,कल्पना  न्‍यौपाने,विभिन्न संघ सस्था,Lumbini,Parasi,Parasi-2,83456,131049,Higher Secondary / Intermediate (10+2 / PCL),27.5167,83.65
3387,340929,Manoja Harijan,Swatantra,,11,M,False,राम अवध चमार,आठ पास,आर्दश मा वि परासी,Navalparasi (Bardghat Susta West) Ramgram Municipality,निर्मला देवी हरिजन,कृषि समाज सेवा,Lumbini,Parasi,Parasi-2,83456,131049,Basic Education (Up to Grade 8),27.5167,83.65
3388,342007,Rajendra Prasada Yadav,Swatantra,,10,M,False,होम नारायण यादव,१० पास,पवन मा वि परासी,Navalparasi (Bardghat Susta West) Ramgram Municipality,मिरा  यादव,समाजसेवा,Lumbini,Parasi,Parasi-2,83456,131049,Secondary Education (Grade 9-10 / SLC / SEE),27.5167,83.65
3389,341328,Suresha Teli,Swatantra,,10,M,False,विश्वनाथ  तेली,आइ ए,राधा इन्टरकलेज भारत,Navalparasi (Bardghat Susta West) Palhinandan rural municipality Velaspur,सिता देवी तेली,शिक्षक,Lumbini,Parasi,Parasi-2,83456,131049,Higher Secondary / Intermediate (10+2 / PCL),27.5167,83.65
3390,341604,Lala Bahadura Kuvar,Swatantra,,7,M,False,मान बहादुर कुवर,S.L.C,परिक्षा नियन्त्रण कार्यालय काठमाण्डौ।,Nawalparasi (Bardghat Susta West) Sunwal Municipality Bhumhi,जुन/यम कुमारी कुवर,समाज सेवा,Lumbini,Parasi,Parasi-2,83456,131049,Secondary Education (Grade 9-10 / SLC / SEE),27.5167,83.65
3391,341415,Damodara Barma Sunar,Swatantra,,6,M,False,गिरधारी  सुनार,साधारण लेखपढ,नखुलेको,Navalparasi (Bardghat Susta West) Palhinandan Rural Municipality Bishnupura,प्रतिमा देवी सुनार,नखुलेको,Lumbini,Parasi,Parasi-2,83456,131049,Literate / Non-Formal,27.5167,83.65
3392,342384,Vishnu Prasada Paudel,Swatantra,,6,M,False,रामचन्द्र  पौडेल,S.L.C.,आर्दश मा वि परासी,Nawalparasi (Bardghat Susta West) Sunwal Municipality Crossroads,डिल माया पौडेल,राजनितिक,Lumbini,Parasi,Parasi-2,83456,131049,Secondary Education (Grade 9-10 / SLC / SEE),27.5167,83.65
3393,341941,Haddisa Ali Miya,Swatantra,,4,M,False,सैयद अली मिया,साधारण लेखपढ,नखुलेको,Navalparasi (Bardghat Susta West) Ramgram Municipality,नुरजहा  अन्सारी,समाजसेवा,Lumbini,Parasi,Parasi-2,83456,131049,Literate / Non-Formal,27.5167,83.65
3394,340125,Gopala Sharma,Nepali Communist Party,2557.0,21609,M,True,नायक प्रमानन्द ढकाल,स्नातक,शितल क्याम्पस चौरजहारी,Rukum (West Part) Chaurjahari Municipality Laharesimal,अन्जु  शर्मा,कर्णाली प्रदेश सभा सदस्य,Karnali,Rukum West,Rukum West-1,59523,106650,Bachelor's Degree,28.65,82.45
3395,341362,Raju Ke.si.,Nepali Congress,2583.0,16661,M,False,तेज बहादुर खत्री,SLC,बालकुमारी मा.वि. किर्तिपुर काठमाण्डौ,Rukum (West Side) Musikot Municipality Khalanga,चण्डिका  के.सी.,"समाजसेवा, सहकारी संघसंस्थामा आबद्ध",Karnali,Rukum West,Rukum West-1,59523,106650,Secondary Education (Grade 9-10 / SLC / SEE),28.65,82.45
3396,340871,Janardana Sharma,Pragatishil Loktantrik Party,2516.0,14346,M,False,इस्कन्द  शर्मा,स्नातक,त्रिभुवन विश्वविद्यालय,Rukum (West Part) Musikot Municipality Serigaon,लक्ष्मी  पौडेल,"शान्ती तथा पुनरनिर्माण मन्त्री, उर्जा, गृह,अर्थ मन्त्री",Karnali,Rukum West,Rukum West-1,59523,106650,Bachelor's Degree,28.65,82.45
3397,341052,Mana Bahadura Shahi,Rastriya Swatantra Party,2528.0,4076,M,False,तिलक बहादुर शाही,मास्टर्स डिग्री,लुम्विनी विश्वविद्यालय,Rukum (West Part) Chaurjahari Municipality,सुमिता  ओली,ईन्जिनियरिङ्ग डिजाईन तथा सुपरभिजनमा लामो अनुभव,Karnali,Rukum West,Rukum West-1,59523,106650,Master's Degree,28.65,82.45
3398,340586,Nandarama Devakota,Nepal Communist Party (Ekikrit Marxbadi Leninbadi),2598.0,1869,M,False,प्रजु  जैसी,एम.ए. समाजशास्त्र,त्रिभुवन विश्वविद्यालय,Rukum (Western part) Banfikot Rural Municipality Kanda,रमा कुमारी देवकोटा,"गा.वि.स. अध्यक्ष, शिक्षक, पार्टी जिल्ला कमिटि अध्यक्ष",Karnali,Rukum West,Rukum West-1,59523,106650,Master's Degree,28.65,82.45
3399,341199,Chandra Vahadura Vudha,Nepal Communist Party (Maoist),2526.0,366,M,False,हरी प्रसाद वुढा,M.A. Civil sub engeneer,TU,Rukum (West Part) Athabiscot Municipality,,३ वर्ष शिक्षण तथा ईन्जिनियरिङ्ग,Karnali,Rukum West,Rukum West-1,59523,106650,Master's Degree,28.65,82.45
3400,340720,Gopala Khadaka,Rastriya Prajatantra Party,2604.0,228,M,False,डिल्ली रमण खड्का,आई ए,राप्ती बबई क्याम्पस तुल्सीपुर,Dang Tulsipur Sub-Metropolis Rakshachaur,रमा  गौतम खडका,,Karnali,Rukum West,Rukum West-1,59523,106650,Higher Secondary / Intermediate (10+2 / PCL),28.65,82.45
3401,339584,Sat‍yanarayana Shreshth,Rastriya Janamorcha,2522.0,170,M,False,चित्रबहादुर  श्रेष्ठ,आठ कक्षा उतिर्ण,श्री मा.वि. थवाङ्ग,Rukum (West Side) Musikot Municipality Khalanga,शीतली माया श्रेष्ठ,,Karnali,Rukum West,Rukum West-1,59523,106650,Basic Education (Up to Grade 8),28.65,82.45
3402,341508,Narendra Ke.si,Ujyalo Nepal Party,2566.0,84,M,False,पुस्प्रसिंह  के.सी,स्नातकोत्तर,त्रि.वि.वि./ खुला बिश्वविद्यालय भारत,Rukum (West Part) Athabiscot Municipality Farula,विणा  शर्मा,राष्ट्रिय अन्तर्राष्ट्रिय गैरसरकारी संस्थामा २१  वर्ष,Karnali,Rukum West,Rukum West-1,59523,106650,Master's Degree,28.65,82.45
3403,341627,Shera Bahadura Ke.si.,Nepal Communist Party (Sanyukta),2601.0,54,M,False,दिलबहादुर  के.सी.,प्रमाणपत्र तह,,Rukum (West Part) Chaurjahari Municipality Deuralatakura,"तुल्सीर पुष्पा,टेका  के.सी.",शिक्षा सास्त्र संस्थान नेपालगञ्ज,Karnali,Rukum West,Rukum West-1,59523,106650,Higher Secondary / Intermediate (10+2 / PCL),28.65,82.45
3404,341758,Prema Damaee Nepali,Aam Janata Party (Ekal Chunab Chinha),2581.0,45,F,False,धर्मे  दमाई,आधारभुत तह,जनजागृति मा.वि. साँख,Rukum (West Part) Musikot Municipality Salghari,दलवहादुर  नेपाली,10 वर्ष राजनितकअनुभव,Karnali,Rukum West,Rukum West-1,59523,106650,Basic Education (Up to Grade 8),28.65,82.45
3405,340480,Dhana Bahadura Vi.ka.,Nepal Majdur Kisan Party,2578.0,15,M,False,जसी  कामी,प्रमाणपत्र तह,त्रिभुवन विश्वविद्यालय,Surkhet Panchapuri Municipality Churikhet,जानकी  सुनार,ने.म.कि.पा.मा विगत २५ वर्षदेखि क्रियासिल,Karnali,Rukum West,Rukum West-1,59523,106650,Higher Secondary / Intermediate (10+2 / PCL),28.65,82.45
